,PRIMARY,GAIA,HD,HIP,GJ,TIC,KIC,CSTL,WDS,SPTP,OBTP,RA,DEC,ID,WDS_code,hip,Sptype,mv1,mv2,period,ecc,prlx,semi_arcsec,semi_AU,inc,Mdyn,Mph,Msp,M1,M2,origin,bibcode,Ms2,node,T0,omega,sep_arcsec,sep_last,vmag,plx,dist,Ms,Flux_ratio,WDS(code),Ms1,src
0,HD20430,Gaia DR3 10584899657116672,HD20430,HIP15304,-,TIC445925825,-,-,J03174+0739A,F8,PM*,49.3599,7.6558,1,03174+0739,,F9IV-V,7.44,12.0,,,,,,,,,,,,WDS_THE.csv,,0.41,,,,1.9,2.5,7.394,21.2723,47.009,1.175,1.5,03174+0739,,2
1,HD20430,Gaia DR3 10584899657116672,HD20430,HIP15304,-,TIC445925825,-,-,J03174+0739A,F8,PM*,49.3599,7.6558,1,03174+0739,,F9IV-V,7.44,12.0,,,,,,,,,,,,COMPOSITE,,0.41,,,,1.9,2.5,7.394,21.2723,47.009,1.175,1.5,03174+0739,,1
2,HD16160,Gaia DR3 19316224572460416,HD16160,HIP12114,GJ105A,TIC278962915,-,-,J02361+0653A,K3V,PM*,39.0204,6.8868,2,02361+0653,HIP12114,K3V           ,5.83,11.66,61.0,0.67,139.27,0.17,,,,,,,,Malkov+12,2012A&A...546A..69M,0.2,,,,,,5.826,138.34,7.229,0.76,0.47,02361+0653,,4
3,HD16160,Gaia DR3 19316224572460416,HD16160,HIP12114,GJ105A,TIC278962915,-,-,J02361+0653A,K3V,PM*,39.0204,6.8868,2,02361+0653,,,5.9,16.8,201.0,0.42,,5.3,,72.0,,,,,,StelleDoppie,ORB6,0.06,292.0,2005.0,36.0,,,5.826,138.34,7.229,0.76,0.0,02361+0653,,9
4,HD16160,Gaia DR3 19316224572460416,HD16160,HIP12114,GJ105A,TIC278962915,-,-,J02361+0653A,K3V,PM*,39.0204,6.8868,2,02361+0653,HIP12114,,5.83,,61.0,0.67,,,,49.0,,,,,,ORB6,Hei1994b,,13.0,1940.0,249.0,,,5.826,138.34,7.229,0.76,,02361+0653,,6
5,HD16160,Gaia DR3 19316224572460416,HD16160,HIP12114,GJ105A,TIC278962915,-,-,J02361+0653A,K3V,PM*,39.0204,6.8868,2,02361+0653,HIP12114,,5.93,16.77,76.0,0.65,,,,46.0,,,,,,ORB6,Ddr2025,0.06,126.7,2018.28,315.3,,,5.826,138.34,7.229,0.76,0.0,02361+0653,,7
6,HD16160,Gaia DR3 19316224572460416,HD16160,HIP12114,GJ105A,TIC278962915,-,-,J02361+0653A,K3V,PM*,39.0204,6.8868,2,02361+0653,HIP12114,,,,68.0,0.62,,,16.06,47.17,,,,0.8,0.1,Qier_An+25,2025ApJS..280...61A,,,,,2.1,,5.826,138.34,7.229,0.76,,02361+0653,,8
7,HD16160,Gaia DR3 19316224572460416,HD16160,HIP12114,GJ105A,TIC278962915,-,-,J02361+0653A,K3V,PM*,39.0204,6.8868,2,02361+0653,,K3V+M4.5V,5.93,16.77,,,,,,,,,,,,WDS_THE.csv,,0.06,,,,1.0,1.0,5.826,138.34,7.229,0.76,0.0,02361+0653,,10
8,HD16160,Gaia DR3 19316224572460416,HD16160,HIP12114,GJ105A,TIC278962915,-,-,J02361+0653A,K3V,PM*,39.0204,6.8868,2,02361+0653,,,5.79,,201.0,,,5.3,,,,,,,,Chulkov+22,2022MNRAS.517.2925C,,,,,,,5.826,138.34,7.229,0.76,,02361+0653,,2
9,HD16160,Gaia DR3 19316224572460416,HD16160,HIP12114,GJ105A,TIC278962915,-,-,J02361+0653A,K3V,PM*,39.0204,6.8868,2,02361+0653,,,5.79,,61.0,,,0.17,,,,,,,,Chulkov+22,2022MNRAS.517.2925C,,,,,,,5.826,138.34,7.229,0.76,,02361+0653,,3
10,HD16160,Gaia DR3 19316224572460416,HD16160,HIP12114,GJ105A,TIC278962915,-,-,J02361+0653A,K3V,PM*,39.0204,6.8868,2,02361+0653,HIP12114,K3V           ,5.83,16.77,64.5,0.635,139.27,0.26,16.06,48.085,,,,0.8,0.1,COMPOSITE,,0.06,126.7,2005.0,249.0,1.55,,5.826,138.34,7.229,0.76,0.47,02361+0653,,1
11,HD16160,Gaia DR3 19316224572460416,HD16160,HIP12114,GJ105A,TIC278962915,-,-,J02361+0653A,K3V,PM*,39.0204,6.8868,2,02361+0653,HIP12114,K3V           ,5.83,11.66,60.0,0.45,139.27,0.26,,,,,,,,Malkov+12,2012A&A...546A..69M,0.2,,,,,,5.826,138.34,7.229,0.76,0.47,02361+0653,,5
12,HD21962,Gaia DR3 42768532716776704,HD21962,HIP16538,-,TIC435290852,-,-,J03330+1636A,F5,PM*,53.2397,16.5984,7,03330+1636,,F5,7.0,10.5,,,,,,,,,,,,COMPOSITE,,0.57,,,,-1.0,-1.0,7.028,20.7443,48.206,1.265,3.98,03330+1636,,1
13,HD21962,Gaia DR3 42768532716776704,HD21962,HIP16538,-,TIC435290852,-,-,J03330+1636A,F5,PM*,53.2397,16.5984,7,03330+1636,,F5,7.0,10.5,,,,,,,,,,,,WDS_THE.csv,,0.57,,,,-1.0,-1.0,7.028,20.7443,48.206,1.265,3.98,03330+1636,,2
14,HD24496A,Gaia DR3 43499295632961152,HD24496A,HIP18267,GJ3255,TIC242942985,-,-,J03545+1637A,G7V,PM*,58.6168,16.6161,8,03545+1637,,G0,6.9,11.1,,,,,,,,,,,,WDS_THE.csv,,0.32,,,,2.6,3.6,6.812,48.849,20.471,0.845,2.09,03545+1637,,4
15,HD24496A,Gaia DR3 43499295632961152,HD24496A,HIP18267,GJ3255,TIC242942985,-,-,J03545+1637A,G7V,PM*,58.6168,16.6161,8,03545+1637,,,6.9,11.1,500.0,0.73,,,73.0,130.6,,,,1.0,0.54,COMPOSITE,,0.32,,,,2.755,,6.812,48.849,20.471,0.845,,03545+1637,,1
16,HD24496A,Gaia DR3 43499295632961152,HD24496A,HIP18267,GJ3255,TIC242942985,-,-,J03545+1637A,G7V,PM*,58.6168,16.6161,8,03545+1637,HIP18267,,,,500.0,0.73,,,73.0,130.6,,,,1.0,0.54,Qier_An+25,2025ApJS..280...61A,,,,,2.91,,6.812,48.849,20.471,0.845,,03545+1637,,2
17,HD24496A,Gaia DR3 43499295632961152,HD24496A,HIP18267,GJ3255,TIC242942985,-,-,J03545+1637A,G7V,PM*,58.6168,16.6161,8,03545+1637,,,,,,,,,,,,,,,,StelleDoppie,ORB6,,,,,,,6.812,48.849,20.471,0.845,,03545+1637,,3
18,HD27149,Gaia DR3 47620265212420096,HD27149,HIP20056,-,TIC17150156,-,-,-,G4V+G8V,RS*,64.5076,18.2568,10,,HIP20056,G4V+G8V,7.54,,75.7,0.23,,,,,,,,,,Pourbaix+04,1973PDAO...14..135B,,,,168.2,0.38,,7.528,21.5698,46.361,0.955,,-,,2
19,HD27149,Gaia DR3 47620265212420096,HD27149,HIP20056,-,TIC17150156,-,-,-,G4V+G8V,RS*,64.5076,18.2568,10,,HIP20056,G4V+G8V,7.54,,75.7,0.26,,,,,,,,,,Pourbaix+04,2003Obs...123....1T,,,,178.32,0.38,,7.528,21.5698,46.361,0.955,,-,,3
20,HD27149,Gaia DR3 47620265212420096,HD27149,HIP20056,-,TIC17150156,-,-,-,G4V+G8V,RS*,64.5076,18.2568,10,,HIP20056,G4V+G8V,7.54,,75.7,0.245,,,,,,,,,,COMPOSITE,,,,,173.26,0.38,,7.528,21.5698,46.361,0.955,,-,,1
21,39Tau,Gaia DR3 53112944270520832,HD25680,HIP19076,GJ160,TIC15736408,-,39Tau,"J04053+2201Aa,Ab",G5V,**,61.3344,22.0089,12,04053+2201,,,,,,,,,,,,,,,,StelleDoppie,ORB6,,,,,,,5.903,59.4728,16.814,1.04,,04053+2201,,2
22,39Tau,Gaia DR3 53112944270520832,HD25680,HIP19076,GJ160,TIC15736408,-,39Tau,"J04053+2201Aa,Ab",G5V,**,61.3344,22.0089,12,04053+2201,,G5V,5.97,,,,,,,,,,,,,WDS_THE.csv,,,,,,0.2,0.4,5.903,59.4728,16.814,1.04,,04053+2201,,3
23,39Tau,Gaia DR3 53112944270520832,HD25680,HIP19076,GJ160,TIC15736408,-,39Tau,"J04053+2201Aa,Ab",G5V,**,61.3344,22.0089,12,04053+2201,,,5.97,,,,,,,,,,,,,COMPOSITE,,,,,,0.2,,5.903,59.4728,16.814,1.04,,04053+2201,,1
24,HD20477,Gaia DR3 56092345901034880,HD20477,HIP15381,-,TIC427020093,-,-,J03183+1810AB,G0,**,49.5833,18.1716,13,03183+1810,,,8.3,8.3,,,,,,,,,,,,COMPOSITE,,1.06,,,,0.4,,7.52,21.1238,47.34,1.065,,03183+1810,,1
25,HD20477,Gaia DR3 56092345901034880,HD20477,HIP15381,-,TIC427020093,-,-,J03183+1810AB,G0,**,49.5833,18.1716,13,03183+1810,,G0,8.3,8.3,,,,,,,,,,,,WDS_THE.csv,,1.06,,,,0.4,0.4,7.52,21.1238,47.34,1.065,100.0,03183+1810,,3
26,HD20477,Gaia DR3 56092345901034880,HD20477,HIP15381,-,TIC427020093,-,-,J03183+1810AB,G0,**,49.5833,18.1716,13,03183+1810,,,,,,,,,,,,,,,,StelleDoppie,ORB6,,,,,,,7.52,21.1238,47.34,1.065,,03183+1810,,2
27,HD22403,Gaia DR3 69443337640657536,HD22403,HIP16879,-,TIC46674348,-,-,-,G4,PM*,54.296,25.9911,17,,HIP16879,G2V+,8.1,,2.0,0.04,,,,,,,,,,Pourbaix+04,1979A&A....74..113C,,,,266.0,0.04,,7.28,27.3205,36.603,0.975,,-,,2
28,HD22403,Gaia DR3 69443337640657536,HD22403,HIP16879,-,TIC46674348,-,-,-,G4,PM*,54.296,25.9911,17,,HIP16879,G2V+,8.1,,2.0,0.0,,,,,,,,,,Pourbaix+04,1992MNRAS.256..575S,,,,0.0,0.04,,7.28,27.3205,36.603,0.975,,-,,3
29,HD22403,Gaia DR3 69443337640657536,HD22403,HIP16879,-,TIC46674348,-,-,-,G4,PM*,54.296,25.9911,17,,HIP16879,G2V+,8.1,,2.0,0.0,,,,,,,,,,Pourbaix+04,2002AJ....124.1144L,,,,143.0,0.04,,7.28,27.3205,36.603,0.975,,-,,4
30,HD22403,Gaia DR3 69443337640657536,HD22403,HIP16879,-,TIC46674348,-,-,-,G4,PM*,54.296,25.9911,17,,HIP16879,G2V+,8.1,,2.0,0.013333333333333334,,,,,,,,,,COMPOSITE,,,,,136.33333333333334,0.04,,7.28,27.3205,36.603,0.975,,-,,1
31,29Ari,Gaia DR3 75349600571311744,HD15814,HIP11843,GJ3161,TIC408817657,-,29Ari,J02329+1502AB,F8V,SB*,38.2256,15.0345,19,,HIP11843,F7V+G5V,6.04,,19.4,0.39,,,,,,,,,,Pourbaix+04,1986PASP...98..468L,,,,184.2,0.26,,6.012,34.1525,29.28,1.135,,02329+1502,,2
32,29Ari,Gaia DR3 75349600571311744,HD15814,HIP11843,GJ3161,TIC408817657,-,29Ari,J02329+1502AB,F8V,SB*,38.2256,15.0345,19,,HIP11843,F7V+G5V,6.04,,19.5,0.41,,,,,,,,,,Pourbaix+04,2013AJ....145...41K,,,,179.09,0.26,,6.012,34.1525,29.28,1.135,,02329+1502,,3
33,29Ari,Gaia DR3 75349600571311744,HD15814,HIP11843,GJ3161,TIC408817657,-,29Ari,J02329+1502AB,F8V,SB*,38.2256,15.0345,19,02329+1502,,G0V,5.32,8.2,19.45,0.4,,,,,,,,,,COMPOSITE,,0.5,,,181.64499999999998,0.26,0.1,6.012,34.1525,29.28,1.135,,02329+1502,,1
34,29Ari,Gaia DR3 75349600571311744,HD15814,HIP11843,GJ3161,TIC408817657,-,29Ari,J02329+1502AB,F8V,SB*,38.2256,15.0345,19,02329+1502,,G0V,4.6,,,,,,,,,,,,,WDS_THE.csv,,,,,,0.1,0.1,6.012,34.1525,29.28,1.135,,02329+1502,,4
35,29Ari,Gaia DR3 75349600571311744,HD15814,HIP11843,GJ3161,TIC408817657,-,29Ari,J02329+1502AB,F8V,SB*,38.2256,15.0345,19,02329+1502,,G0V,4.6,8.2,,,,,,,,,,,,WDS_THE.csv,,0.5,,,,1.4,1.4,6.012,34.1525,29.28,1.135,3.63,02329+1502,,5
36,HD17332A,Gaia DR3 84625634714435968,HD17332A,-,-,TIC247405885,-,-,J02475+1922A,G1V,PM*,41.8643,19.3718,20,02475+1922,,G0V,7.52,8.25,,,,,,,,,,,,WDS_THE.csv,,0.76,,,,1.6,3.6,7.304,30.188,33.126,0.905,51.05,02475+1922,,6
37,HD17332A,Gaia DR3 84625634714435968,HD17332A,-,-,TIC247405885,-,-,J02475+1922A,G1V,PM*,41.8643,19.3718,20,02475+1922,,,6.9,,531.5,,,2.31,,,,,,,,Chulkov+22,2022MNRAS.517.2925C,,,,,,,7.304,30.188,33.126,0.905,,02475+1922,,2
38,HD17332A,Gaia DR3 84625634714435968,HD17332A,-,-,TIC247405885,-,-,J02475+1922A,G1V,PM*,41.8643,19.3718,20,02475+1922,,,7.5,8.3,531.0,0.61,,2.3,,111.0,,,,,,StelleDoppie,ORB6,0.75,133.0,1761.0,18.0,,,7.304,30.188,33.126,0.905,47.86,02475+1922,,5
39,HD17332A,Gaia DR3 84625634714435968,HD17332A,-,-,TIC247405885,-,-,J02475+1922A,G1V,PM*,41.8643,19.3718,20,02475+1922,HIP13027,,7.52,8.25,531.5,0.62,,,,111.1,,,,,,ORB6,Msn2014b,0.76,133.0,1761.81,18.4,,,7.304,30.188,33.126,0.905,51.05,02475+1922,,4
40,HD17332A,Gaia DR3 84625634714435968,HD17332A,-,-,TIC247405885,-,-,J02475+1922A,G1V,PM*,41.8643,19.3718,20,02475+1922,,G0V,7.52,8.25,531.5,0.62,,2.31,,111.05,,,,,,COMPOSITE,,0.76,133.0,1761.405,18.2,1.6,3.6,7.304,30.188,33.126,0.905,51.05,02475+1922,,1
41,HD17332A,Gaia DR3 84625634714435968,HD17332A,-,-,TIC247405885,-,-,J02475+1922A,G1V,PM*,41.8643,19.3718,20,02475+1922,HIP13027,G0V           ,7.52,8.25,720.0,0.77,29.8,2.91,,,,,,,,Malkov+12,2012A&A...546A..69M,0.76,,,,,,7.304,30.188,33.126,0.905,51.05,02475+1922,,3
42,HD10476,Gaia DR3 96331172942614528,HD10476,HIP7981,GJ68+GJ68.0,TIC113710966,-,2Ari+107Psc,J01425+2016A,K1V,PM*,25.624,20.2685,22,01425+2016,,,5.2,,0.6,0.0,,0.0,,89.01,,,,,,COMPOSITE,,,12.67,1990.88,0.0,,,5.252,130.8234,7.644,0.846,,01425+2016,,1
43,HD10476,Gaia DR3 96331172942614528,HD10476,HIP7981,GJ68+GJ68.0,TIC113710966,-,2Ari+107Psc,J01425+2016A,K1V,PM*,25.624,20.2685,22,01425+2016,HIP7981,,5.2,,0.6,0.0,,,,89.01,,,,,,ORB6,HIP1997d,,12.67,1990.88,0.0,,,5.252,130.8234,7.644,0.846,,01425+2016,,4
44,HD10476,Gaia DR3 96331172942614528,HD10476,HIP7981,GJ68+GJ68.0,TIC113710966,-,2Ari+107Psc,J01425+2016A,K1V,PM*,25.624,20.2685,22,01425+2016,,,5.24,,0.6,,,0.0,,,,,,,,Chulkov+22,2022MNRAS.517.2925C,,,,,,,5.252,130.8234,7.644,0.846,,01425+2016,,2
45,HD10476,Gaia DR3 96331172942614528,HD10476,HIP7981,GJ68+GJ68.0,TIC113710966,-,2Ari+107Psc,J01425+2016A,K1V,PM*,25.624,20.2685,22,01425+2016,,,,,,,,,,,,,,,,StelleDoppie,ORB6,,,,,,,5.252,130.8234,7.644,0.846,,01425+2016,,5
46,HD10476,Gaia DR3 96331172942614528,HD10476,HIP7981,GJ68+GJ68.0,TIC113710966,-,2Ari+107Psc,J01425+2016A,K1V,PM*,25.624,20.2685,22,01425+2016,HIP7981,K1V           ,5.2,,0.6,0.0,132.76,0.0,,,,,,,,Malkov+12,2012A&A...546A..69M,,,,,,,5.252,130.8234,7.644,0.846,,01425+2016,,3
47,30AriB,Gaia DR3 102082477749475200,HD16232,HIP12184,-,TIC22874788,-,30AriB,J02370+2439B,F6V,PM*,39.2406,24.6481,26,02370+2439,,F8V+M1V,7.02,11.0,,,,,,,,,,,,COMPOSITE,,0.49,,,,0.5,0.6,7.092,22.5107,44.423,1.235,2.56,02370+2439,,1
48,30AriB,Gaia DR3 102082477749475200,HD16232,HIP12184,-,TIC22874788,-,30AriB,J02370+2439B,F6V,PM*,39.2406,24.6481,26,02370+2439,,F8V+M1V,7.02,11.0,,,,,,,,,,,,WDS_THE.csv,,0.49,,,,0.5,0.6,7.092,22.5107,44.423,1.235,2.56,02370+2439,,2
49,HD18940,Gaia DR3 109931856900594432,HD18940,HIP14230,-,TIC61105191,-,-,J03035+2304AB,G0,**,45.8693,23.0613,31,03035+2304,,,7.09,,6.0,,,0.11,,,,,,,,Chulkov+22,2022MNRAS.517.2925C,,,,,,,7.056,25.5049,39.208,0.965,,03035+2304,,2
50,HD18940,Gaia DR3 109931856900594432,HD18940,HIP14230,-,TIC61105191,-,-,J03035+2304AB,G0,**,45.8693,23.0613,31,03035+2304,HIP14230,,7.38,9.1,6.0,0.88,,,,68.5,,,,,,ORB6,Bag2005,0.65,21.4,1999.31,144.1,,,7.056,25.5049,39.208,0.965,20.51,03035+2304,,4
51,HD18940,Gaia DR3 109931856900594432,HD18940,HIP14230,-,TIC61105191,-,-,J03035+2304AB,G0,**,45.8693,23.0613,31,03035+2304,,G0,5.5,10.71,,,,,,,,,,,,WDS_THE.csv,,0.29,,,,4.1,4.5,7.056,25.5049,39.208,0.965,0.82,03035+2304,,6
52,HD18940,Gaia DR3 109931856900594432,HD18940,HIP14230,-,TIC61105191,-,-,J03035+2304AB,G0,**,45.8693,23.0613,31,03035+2304,,G0,5.5,10.08,,,,,,,,,,,,WDS_THE.csv,,0.34,,,,4.3,4.3,7.056,25.5049,39.208,0.965,1.47,03035+2304,,7
53,HD18940,Gaia DR3 109931856900594432,HD18940,HIP14230,-,TIC61105191,-,-,J03035+2304AB,G0,**,45.8693,23.0613,31,03035+2304,,F8V+K0V,7.29,9.02,,,,,,,,,,,,WDS_THE.csv,,0.65,,,,0.0,0.0,7.056,25.5049,39.208,0.965,20.32,03035+2304,,8
54,HD18940,Gaia DR3 109931856900594432,HD18940,HIP14230,-,TIC61105191,-,-,J03035+2304AB,G0,**,45.8693,23.0613,31,03035+2304,,,7.3,9.0,6.0,0.88,,0.1,,69.0,,,,,,StelleDoppie,ORB6,0.65,21.0,1999.3,144.0,,,7.056,25.5049,39.208,0.965,20.89,03035+2304,,5
55,HD18940,Gaia DR3 109931856900594432,HD18940,HIP14230,-,TIC61105191,-,-,J03035+2304AB,G0,**,45.8693,23.0613,31,03035+2304,,,7.29,9.1,6.0,0.88,,0.11,,68.75,1.5,1.91,1.79,,,COMPOSITE,,0.65,21.2,1999.3049999999998,144.05,4.1,,7.056,25.5049,39.208,0.965,,03035+2304,,1
56,HD18940,Gaia DR3 109931856900594432,HD18940,HIP14230,-,TIC61105191,-,-,J03035+2304AB,G0,**,45.8693,23.0613,31,03035+2304,HIP14230,G2   K2       ,7.38,9.1,6.0,0.88,29.39,0.11,,,1.5,1.91,1.79,,,Malkov+12,2012A&A...546A..69M,0.65,,,,,,7.056,25.5049,39.208,0.965,20.51,03035+2304,,3
57,HD17382,Gaia DR3 114832620743735808,HD17382,HIP13081,GJ113A+GJ113B,TIC397368422,-,-,J02482+2704A,K2,BY*,42.0381,27.0686,32,02482+2704,HIP13081,,7.6,8.6,15.5,0.66,,0.04,6.32,89.825,,,,0.9,0.19,COMPOSITE,,0.43,54.0,1986.5,110.74,6.915,,7.612,43.5704,22.951,0.845,,02482+2704,,1
58,HD17382,Gaia DR3 114832620743735808,HD17382,HIP13081,GJ113A+GJ113B,TIC397368422,-,-,J02482+2704A,K2,BY*,42.0381,27.0686,32,02482+2704,,,,,,,,,,,,,,,,StelleDoppie,ORB6,,,,,,,7.612,43.5704,22.951,0.845,,02482+2704,,8
59,HD17382,Gaia DR3 114832620743735808,HD17382,HIP13081,GJ113A+GJ113B,TIC397368422,-,-,J02482+2704A,K2,BY*,42.0381,27.0686,32,02482+2704,HIP13081,K1V           ,7.6,,15.5,0.0,40.59,0.04,,,,,,,,Malkov+12,2012A&A...546A..69M,,,,,,,7.612,43.5704,22.951,0.845,,02482+2704,,3
60,HD17382,Gaia DR3 114832620743735808,HD17382,HIP13081,GJ113A+GJ113B,TIC397368422,-,-,J02482+2704A,K2,BY*,42.0381,27.0686,32,02482+2704,HIP13081,,,,15.2,0.66,,,6.32,95.65,,,,0.9,0.19,Qier_An+25,2025ApJS..280...61A,,,,,0.25,,7.612,43.5704,22.951,0.845,,02482+2704,,7
61,HD17382,Gaia DR3 114832620743735808,HD17382,HIP13081,GJ113A+GJ113B,TIC397368422,-,-,J02482+2704A,K2,BY*,42.0381,27.0686,32,,HIP13081,+,7.6,,5954.0,0.66,,,,,,,,,,Pourbaix+04,2018A&A...619A..81H,,,,110.74,13.53,,7.612,43.5704,22.951,0.845,,02482+2704,,5
62,HD17382,Gaia DR3 114832620743735808,HD17382,HIP13081,GJ113A+GJ113B,TIC397368422,-,-,J02482+2704A,K2,BY*,42.0381,27.0686,32,02482+2704,,,7.56,,15.5,,,0.04,,,,,,,,Chulkov+22,2022MNRAS.517.2925C,,,,,,,7.612,43.5704,22.951,0.845,,02482+2704,,2
63,HD17382,Gaia DR3 114832620743735808,HD17382,HIP13081,GJ113A+GJ113B,TIC397368422,-,-,J02482+2704A,K2,BY*,42.0381,27.0686,32,,HIP13081,+,7.6,,6127.0,0.69,,,,,,,,,,Pourbaix+04,2002AJ....124.1144L,,,,116.5,13.79,,7.612,43.5704,22.951,0.845,,02482+2704,,6
64,HD17382,Gaia DR3 114832620743735808,HD17382,HIP13081,GJ113A+GJ113B,TIC397368422,-,-,J02482+2704A,K2,BY*,42.0381,27.0686,32,02482+2704,,K1V,5.7,8.6,,,,,,,,,,,,WDS_THE.csv,,0.43,,,,0.3,0.3,7.612,43.5704,22.951,0.845,6.92,02482+2704,,9
65,HD17382,Gaia DR3 114832620743735808,HD17382,HIP13081,GJ113A+GJ113B,TIC397368422,-,-,J02482+2704A,K2,BY*,42.0381,27.0686,32,02482+2704,HIP13081,,7.6,,15.5,0.0,,,,84.0,,,,,,ORB6,Hei1990d,,54.0,1986.5,0.0,,,7.612,43.5704,22.951,0.845,,02482+2704,,4
66,HD18143A,Gaia DR3 116037204451525376,HD18143A,HIP13642,GJ118.2A+GJ9105A,TIC436933290+TIC436933294,-,-,J02556+2652A,K2IV,PM*,43.9127,26.8732,34,02556+2652,,K2IV+M0V,7.68,10.02,910.0,0.635,,,108.0,96.5,,,,0.92,0.62,COMPOSITE,,0.49,34.55,2248.0,308.2,4.27,4.6,7.518,44.4324,22.506,0.845,11.59,02556+2652,,1
67,HD18143A,Gaia DR3 116037204451525376,HD18143A,HIP13642,GJ118.2A+GJ9105A,TIC436933290+TIC436933294,-,-,J02556+2652A,K2IV,PM*,43.9127,26.8732,34,02556+2652,HIP13642,,,,910.0,0.27,,,108.0,111.5,,,,0.92,0.62,Qier_An+25,2025ApJS..280...61A,,,,,3.94,,7.518,44.4324,22.506,0.845,,02556+2652,,4
68,HD18143A,Gaia DR3 116037204451525376,HD18143A,HIP13642,GJ118.2A+GJ9105A,TIC436933290+TIC436933294,-,-,J02556+2652A,K2IV,PM*,43.9127,26.8732,34,02556+2652,HIP13642,,7.68,10.02,,1.0,,,,81.5,,,,,,ORB6,Hop1967,0.49,34.55,2248.0,308.2,,,7.518,44.4324,22.506,0.845,11.59,02556+2652,,3
69,HD18143A,Gaia DR3 116037204451525376,HD18143A,HIP13642,GJ118.2A+GJ9105A,TIC436933290+TIC436933294,-,-,J02556+2652A,K2IV,PM*,43.9127,26.8732,34,02556+2652,,,,,,,,,,,,,,,,StelleDoppie,ORB6,,,,,,,7.518,44.4324,22.506,0.845,,02556+2652,,5
70,HD18143A,Gaia DR3 116037204451525376,HD18143A,HIP13642,GJ118.2A+GJ9105A,TIC436933290+TIC436933294,-,-,J02556+2652A,K2IV,PM*,43.9127,26.8732,34,02556+2652,,,7.52,,,,,,,,,,,,,Chulkov+22,2022MNRAS.517.2925C,,,,,,,7.518,44.4324,22.506,0.845,,02556+2652,,2
71,HD18143A,Gaia DR3 116037204451525376,HD18143A,HIP13642,GJ118.2A+GJ9105A,TIC436933290+TIC436933294,-,-,J02556+2652A,K2IV,PM*,43.9127,26.8732,34,02556+2652,,K2IV+M0V,7.68,10.02,,,,,,,,,,,,WDS_THE.csv,,0.49,,,,4.6,4.6,7.518,44.4324,22.506,0.845,11.59,02556+2652,,6
72,HD19308,Gaia DR3 138972467251590656,HD19308,HIP14532,-,TIC186807955,-,-,J03077+3637A,G0,PM*,46.9142,36.6176,39,03077+3637,,,,,,,,,,,,,,,,StelleDoppie,ORB6,,,,,,,7.36,25.8035,38.754,1.025,,03077+3637,,2
73,HD19308,Gaia DR3 138972467251590656,HD19308,HIP14532,-,TIC186807955,-,-,J03077+3637A,G0,PM*,46.9142,36.6176,39,03077+3637,,,,,,,,,,,,,,,,COMPOSITE,,,,,,,,7.36,25.8035,38.754,1.025,,03077+3637,,1
74,HD28033,Gaia DR3 145293181643038336,HD28033,HIP20712,-,TIC17418956,-,-,-,F8V,SB*,66.5771,21.4704,43,,HIP20712,F8V+,7.38,,8.6,0.22,,,,,,,,,,Pourbaix+04,2006RoAJ...16....3I,,,,42.1,0.09,,7.38,21.0221,47.569,1.205,,-,,2
75,HD28033,Gaia DR3 145293181643038336,HD28033,HIP20712,-,TIC17418956,-,-,-,F8V,SB*,66.5771,21.4704,43,,HIP20712,F8V+,7.38,,8.6,0.23,,,,,,,,,,Pourbaix+04,1978AJ.....83.1114G,,,,38.0,0.09,,7.38,21.0221,47.569,1.205,,-,,3
76,HD28033,Gaia DR3 145293181643038336,HD28033,HIP20712,-,TIC17418956,-,-,-,F8V,SB*,66.5771,21.4704,43,,HIP20712,F8V+,7.38,,8.6,0.225,,,,,,,,,,COMPOSITE,,,,,40.05,0.09,,7.38,21.0221,47.569,1.205,,-,,1
77,HD25768,Gaia DR3 162480953568960256,HD25768,HIP19136,-,TIC348870795,-,-,-,F8,SB*,61.519,26.2118,47,,HIP19136,F8+,7.58,,1572.0,0.29,,,,,,,,,,COMPOSITE,,,,,248.4,2.58,,7.55,18.3367,54.535,1.125,,-,,1
78,HD25768,Gaia DR3 162480953568960256,HD25768,HIP19136,-,TIC348870795,-,-,-,F8,SB*,61.519,26.2118,47,,HIP19136,F8+,7.58,,1572.0,0.29,,,,,,,,,,Pourbaix+04,2011Obs...131..225G,,,,248.4,2.58,,7.55,18.3367,54.535,1.125,,-,,2
79,HD35681,Gaia DR3 182461725546788480,HD35681,HIP25580,-,TIC2944024,-,-,J05280+3346A,F7V,PM*,82.0039,33.7637,52,05280+3346,,F7V+M3.5,5.5,10.3,,,,,,,,,,,,COMPOSITE,,0.41,,,,9.9,10.1,6.41,29.1933,34.254,1.225,1.2,05280+3346,,1
80,HD35681,Gaia DR3 182461725546788480,HD35681,HIP25580,-,TIC2944024,-,-,J05280+3346A,F7V,PM*,82.0039,33.7637,52,05280+3346,,F7V+M3.5,5.5,10.3,,,,,,,,,,,,WDS_THE.csv,,0.41,,,,9.9,10.1,6.41,29.1933,34.254,1.225,1.2,05280+3346,,2
81,HD33632,Gaia DR3 187247281185703296,HD33632,HIP24332,-,TIC187679739,-,-,J05133+3720A,F8V,PM*,78.3227,37.3373,53,05133+3720,HIP24332,,6.49,11.0,107.0,0.34,,0.8,,59.9,,,,,,COMPOSITE,,0.38,23.95,2047.28,-0.5,0.7,,6.489,37.8953,26.388,1.07,1.58,05133+3720,,1
82,HD33632,Gaia DR3 187247281185703296,HD33632,HIP24332,-,TIC187679739,-,-,J05133+3720A,F8V,PM*,78.3227,37.3373,53,05133+3720,,F8V+L9.5,6.5,11.0,,,,,,,,,,,,WDS_THE.csv,,0.38,,,,0.7,0.7,6.489,37.8953,26.388,1.07,1.58,05133+3720,,5
83,HD33632,Gaia DR3 187247281185703296,HD33632,HIP24332,-,TIC187679739,-,-,J05133+3720A,F8V,PM*,78.3227,37.3373,53,05133+3720,HIP24332,,6.5,11.0,107.0,0.12,,,,45.2,,,,,,ORB6,Bdt2021b,0.38,39.3,2047.28,-0.0,,,6.489,37.8953,26.388,1.07,1.58,05133+3720,,3
84,HD33632,Gaia DR3 187247281185703296,HD33632,HIP24332,-,TIC187679739,-,-,J05133+3720A,F8V,PM*,78.3227,37.3373,53,05133+3720,HIP24332,,6.48,11.0,1124.0,0.56,,,,74.6,,,,,,ORB6,Bdt2021b,0.38,8.6,,-1.0,,,6.489,37.8953,26.388,1.07,1.56,05133+3720,,4
85,HD33632,Gaia DR3 187247281185703296,HD33632,HIP24332,-,TIC187679739,-,-,J05133+3720A,F8V,PM*,78.3227,37.3373,53,05133+3720,,,6.48,,91.0,,,0.8,,,,,,,,Chulkov+22,2022MNRAS.517.2925C,,,,,,,6.489,37.8953,26.388,1.07,,05133+3720,,2
86,HD34411,Gaia DR3 188771135583573504,HD34411,HIP24813,GJ197,TIC409104974,-,15Aur+lamAur,J05191+4006A,G1.5IV-VFe-1,PM*,79.7853,40.0991,54,05191+4006,,,,,,,,,,,,,,,,COMPOSITE,,,,,,,,4.701,79.6021,12.562,1.015,,05191+4006,,1
87,HD34411,Gaia DR3 188771135583573504,HD34411,HIP24813,GJ197,TIC409104974,-,15Aur+lamAur,J05191+4006A,G1.5IV-VFe-1,PM*,79.7853,40.0991,54,05191+4006,,,,,,,,,,,,,,,,StelleDoppie,ORB6,,,,,,,4.701,79.6021,12.562,1.015,,05191+4006,,2
88,HD36929A,Gaia DR3 194405990937384064,HD36929A,-,-,-,-,-,J05371+4150A,-,*,84.28,41.8283,55,05371+4150,,F8,7.45,8.57,,,,,,,,,,,,COMPOSITE,,0.84,,,,2.0,2.7,7.344,22.8408,43.781,1.085,35.65,05371+4150,,1
89,HD36929A,Gaia DR3 194405990937384064,HD36929A,-,-,-,-,-,J05371+4150A,-,*,84.28,41.8283,55,05371+4150,,F8,7.45,8.57,,,,,,,,,,,,WDS_THE.csv,,0.84,,,,2.0,2.7,7.344,22.8408,43.781,1.085,35.65,05371+4150,,2
90,HD31500A,Gaia DR3 199279271288398720,HD31500A,HIP23100,-,TIC121298627,-,-,J04582+4003A,F5,PM*,74.5541,40.0569,56,04582+4003,,F5,7.6,11.0,,,,,,,,,,,,WDS_THE.csv,,0.48,,,,1.6,1.8,7.21,20.6694,48.381,1.045,4.37,04582+4003,,2
91,HD31500A,Gaia DR3 199279271288398720,HD31500A,HIP23100,-,TIC121298627,-,-,J04582+4003A,F5,PM*,74.5541,40.0569,56,04582+4003,,F5,7.6,11.0,,,,,,,,,,,,COMPOSITE,,0.48,,,,1.6,1.8,7.21,20.6694,48.381,1.045,4.37,04582+4003,,1
92,HD29587,Gaia DR3 204358907633155840,HD29587,HIP21832,-,TIC391095065,-,-,-,G2V,SB*,70.4013,42.1184,57,,HIP21832,G2V+,7.29,,1481.0,0.33,,,,,,,,,,Pourbaix+04,1996ApJ...466..415M,,,,104.0,4.35,,7.294,36.647,27.287,0.765,,-,,2
93,HD29587,Gaia DR3 204358907633155840,HD29587,HIP21832,-,TIC391095065,-,-,-,G2V,SB*,70.4013,42.1184,57,,HIP21832,G2V+,7.29,,1481.0,0.33,,,,,,,,,,COMPOSITE,,,,,104.0,4.35,,7.294,36.647,27.287,0.765,,-,,1
94,HD22692A,Gaia DR3 218231518853187712,HD22692A,-,-,-,-,-,"J03401+3407Aa,Ab",-,**,55.03,34.1165,61,03401+3407,,,6.82,,947.0,,,2.93,,,,,,,,Chulkov+22,2022MNRAS.517.2925C,,,,,,,7.432,22.0746,45.301,1.075,,03401+3407,,2
95,HD22692A,Gaia DR3 218231518853187712,HD22692A,-,-,-,-,-,"J03401+3407Aa,Ab",-,**,55.03,34.1165,61,03401+3407,HIP17129,,7.52,7.6,947.0,0.41,,,,114.3,,,,,,ORB6,Kiy2018a,1.06,131.0,,246.0,,,7.432,22.0746,45.301,1.075,92.9,03401+3407,,4
96,HD22692A,Gaia DR3 218231518853187712,HD22692A,-,-,-,-,-,"J03401+3407Aa,Ab",-,**,55.03,34.1165,61,03401+3407,,F9V,7.52,7.6,,,,,,,,,,,,WDS_THE.csv,,1.06,,,,1.9,1.9,7.432,22.0746,45.301,1.075,92.9,03401+3407,,6
97,HD22692A,Gaia DR3 218231518853187712,HD22692A,-,-,-,-,-,"J03401+3407Aa,Ab",-,**,55.03,34.1165,61,03401+3407,,F9V,5.5,9.3,,,,,,,,,,,,WDS_THE.csv,,0.45,,,,0.5,0.5,7.432,22.0746,45.301,1.075,3.02,03401+3407,,7
98,HD22692A,Gaia DR3 218231518853187712,HD22692A,-,-,-,-,-,"J03401+3407Aa,Ab",-,**,55.03,34.1165,61,03401+3407,,,6.82,,106.5,,,0.18,,,,,,,,Chulkov+22,2022MNRAS.517.2925C,,,,,,,7.432,22.0746,45.301,1.075,,03401+3407,,3
99,HD22692A,Gaia DR3 218231518853187712,HD22692A,-,-,-,-,-,"J03401+3407Aa,Ab",-,**,55.03,34.1165,61,03401+3407,HIP17129,,7.52,,106.5,0.61,,,,106.8,,,,,,ORB6,GnR2015a,,65.5,1980.19,77.8,,,7.432,22.0746,45.301,1.075,,03401+3407,,5
100,HD22692A,Gaia DR3 218231518853187712,HD22692A,-,-,-,-,-,"J03401+3407Aa,Ab",-,**,55.03,34.1165,61,03401+3407,,,7.17,7.6,526.75,0.51,,1.5550000000000002,,110.55,,,,,,COMPOSITE,,1.06,98.25,1980.19,161.9,1.2,,7.432,22.0746,45.301,1.075,,03401+3407,,1
101,HD21847,Gaia DR3 221991882981235072,HD21847,HIP16517,-,TIC90665203,-,-,J03327+3540AB,F8,**,53.1663,35.6593,63,03327+3540,,F8,7.3,,,,,,,,,,,,,WDS_THE.csv,,,,,,0.2,0.2,7.29,19.3876,51.579,1.315,,03327+3540,,2
102,HD21847,Gaia DR3 221991882981235072,HD21847,HIP16517,-,TIC90665203,-,-,J03327+3540AB,F8,**,53.1663,35.6593,63,03327+3540,,F8,7.3,,,,,,,,,,,,,COMPOSITE,,,,,,0.2,0.2,7.29,19.3876,51.579,1.315,,03327+3540,,1
103,50Per,Gaia DR3 225668203191521280,HD25998,HIP19335,GJ161.1+GJ9145,TIC353257675,-,50Per,J04076+3804E,F8V,RS*,62.1526,38.0397,65,04076+3804,,,7.13,,590.0,,,3.87,,,,,,,,Chulkov+22,2022MNRAS.517.2925C,,,,,,,5.522,47.1878,21.192,1.255,,04076+3804,,2
104,50Per,Gaia DR3 225668203191521280,HD25998,HIP19335,GJ161.1+GJ9145,TIC353257675,-,50Per,J04076+3804E,F8V,RS*,62.1526,38.0397,65,04076+3804,HIP19255,,7.32,9.69,590.0,0.25,,3.87,,104.0,,,,,,COMPOSITE,,0.73,160.15,2070.0,195.0,1.55,,5.522,47.1878,21.192,1.255,11.27,04076+3804,,1
105,50Per,Gaia DR3 225668203191521280,HD25998,HIP19335,GJ161.1+GJ9145,TIC353257675,-,50Per,J04076+3804E,F8V,RS*,62.1526,38.0397,65,04076+3804,,,7.3,9.7,590.0,0.25,,3.8,,104.0,,,,,,StelleDoppie,ORB6,0.72,160.0,2070.0,195.0,,,5.522,47.1878,21.192,1.255,10.96,04076+3804,,5
106,50Per,Gaia DR3 225668203191521280,HD25998,HIP19335,GJ161.1+GJ9145,TIC353257675,-,50Per,J04076+3804E,F8V,RS*,62.1526,38.0397,65,04076+3804,,K1V,7.32,9.69,,,,,,,,,,,,WDS_THE.csv,,0.73,,,,2.9,2.9,5.522,47.1878,21.192,1.255,11.27,04076+3804,,6
107,50Per,Gaia DR3 225668203191521280,HD25998,HIP19335,GJ161.1+GJ9145,TIC353257675,-,50Per,J04076+3804E,F8V,RS*,62.1526,38.0397,65,04076+3804,,K1V,7.32,,,,,,,,,,,,,WDS_THE.csv,,,,,,0.2,0.2,5.522,47.1878,21.192,1.255,,04076+3804,,7
108,50Per,Gaia DR3 225668203191521280,HD25998,HIP19335,GJ161.1+GJ9145,TIC353257675,-,50Per,J04076+3804E,F8V,RS*,62.1526,38.0397,65,04076+3804,HIP19255,,7.32,9.69,590.0,0.25,,,,104.0,,,,,,ORB6,Hei1986b,0.73,160.3,,195.0,,,5.522,47.1878,21.192,1.255,11.27,04076+3804,,4
109,50Per,Gaia DR3 225668203191521280,HD25998,HIP19335,GJ161.1+GJ9145,TIC353257675,-,50Per,J04076+3804E,F8V,RS*,62.1526,38.0397,65,04076+3804,HIP19255,K1V           ,7.32,9.69,590.0,0.25,49.06,3.87,,,,,,,,Malkov+12,2012A&A...546A..69M,0.73,,,,,,5.522,47.1878,21.192,1.255,11.27,04076+3804,,3
110,HD25444A,Gaia DR3 226778843075710976,HD25444A,-,-,-,-,-,J04041+3931A,-,PM*,61.0296,39.5097,67,04041+3931,,,7.4,9.4,496.0,0.71,,2.48,,110.0,,,,,,StelleDoppie,ORB6,0.6,190.0,1909.0,321.0,,,7.306,29.4244,33.985,0.945,15.85,04041+3931,,5
111,HD25444A,Gaia DR3 226778843075710976,HD25444A,-,-,-,-,-,J04041+3931A,-,PM*,61.0296,39.5097,67,04041+3931,HIP18986,G5            ,7.38,9.35,495.7,0.71,30.9,2.48,,,,,,,,Malkov+12,2012A&A...546A..69M,0.6,,,,,,7.306,29.4244,33.985,0.945,16.29,04041+3931,,3
112,HD25444A,Gaia DR3 226778843075710976,HD25444A,-,-,-,-,-,J04041+3931A,-,PM*,61.0296,39.5097,67,04041+3931,HIP18986,,7.38,9.35,495.7,0.71,,,,110.8,,,,,,ORB6,USN2006b,0.6,190.2,1909.98,321.1,,,7.306,29.4244,33.985,0.945,16.29,04041+3931,,4
113,HD25444A,Gaia DR3 226778843075710976,HD25444A,-,-,-,-,-,J04041+3931A,-,PM*,61.0296,39.5097,67,04041+3931,,G5,7.38,9.35,,,,,,,,,,,,WDS_THE.csv,,0.6,,,,1.6,1.6,7.306,29.4244,33.985,0.945,16.29,04041+3931,,6
114,HD25444A,Gaia DR3 226778843075710976,HD25444A,-,-,-,-,-,J04041+3931A,-,PM*,61.0296,39.5097,67,04041+3931,HIP18986,,7.38,9.35,495.7,0.71,,2.48,,110.4,,,,,,COMPOSITE,,0.6,190.1,1909.49,321.05,1.6,,7.306,29.4244,33.985,0.945,16.29,04041+3931,,1
115,HD25444A,Gaia DR3 226778843075710976,HD25444A,-,-,-,-,-,J04041+3931A,-,PM*,61.0296,39.5097,67,04041+3931,,,7.13,,495.7,,,2.48,,,,,,,,Chulkov+22,2022MNRAS.517.2925C,,,,,,,7.306,29.4244,33.985,0.945,,04041+3931,,2
116,HD22521,Gaia DR3 237507744398899200,HD22521,HIP17022,-,TIC65577318,-,-,J03390+4232AB,G0,SB*,54.7383,42.5383,70,03390+4232,HIP17022,G0            ,6.74,14.2,3.0,0.63,24.78,0.01,,66.0,,,,,,COMPOSITE,,0.19,252.0,1992.21,233.0,1.995,,6.707,22.1954,45.054,1.075,,03390+4232,,1
117,HD22521,Gaia DR3 237507744398899200,HD22521,HIP17022,-,TIC65577318,-,-,J03390+4232AB,G0,SB*,54.7383,42.5383,70,03390+4232,HIP17022,G0            ,6.74,,3.0,0.49,24.78,0.01,,,,,,,,Malkov+12,2012A&A...546A..69M,,,,,,,6.707,22.1954,45.054,1.075,,03390+4232,,3
118,HD22521,Gaia DR3 237507744398899200,HD22521,HIP17022,-,TIC65577318,-,-,J03390+4232AB,G0,SB*,54.7383,42.5383,70,03390+4232,,G0,6.6,14.2,,,,,,,,,,,,WDS_THE.csv,,0.19,,,,1.7,1.7,6.707,22.1954,45.054,1.075,0.09,03390+4232,,9
119,HD22521,Gaia DR3 237507744398899200,HD22521,HIP17022,-,TIC65577318,-,-,J03390+4232AB,G0,SB*,54.7383,42.5383,70,,HIP17022,G0+,,,1009.4,0.66,,,,,,,,,,Pourbaix+04,2014Obs...134..245G,,,,326.0,2.29,,6.707,22.1954,45.054,1.075,,03390+4232,,7
120,HD22521,Gaia DR3 237507744398899200,HD22521,HIP17022,-,TIC65577318,-,-,J03390+4232AB,G0,SB*,54.7383,42.5383,70,03390+4232,HIP17022,,6.74,,3.0,0.49,,,,66.0,,,,,,ORB6,Gln2007,,252.0,1992.21,140.0,,,6.707,22.1954,45.054,1.075,,03390+4232,,6
121,HD22521,Gaia DR3 237507744398899200,HD22521,HIP17022,-,TIC65577318,-,-,J03390+4232AB,G0,SB*,54.7383,42.5383,70,03390+4232,,,,,,,,,,,,,,,,StelleDoppie,ORB6,,,,,,,6.707,22.1954,45.054,1.075,,03390+4232,,8
122,HD22521,Gaia DR3 237507744398899200,HD22521,HIP17022,-,TIC65577318,-,-,J03390+4232AB,G0,SB*,54.7383,42.5383,70,03390+4232,HIP17022,G0            ,6.74,,3.0,0.68,24.78,0.01,,,,,,,,Malkov+12,2012A&A...546A..69M,,,,,,,6.707,22.1954,45.054,1.075,,03390+4232,,4
123,HD22521,Gaia DR3 237507744398899200,HD22521,HIP17022,-,TIC65577318,-,-,J03390+4232AB,G0,SB*,54.7383,42.5383,70,03390+4232,,,6.73,,3.0,,,0.01,,,,,,,,Chulkov+22,2022MNRAS.517.2925C,,,,,,,6.707,22.1954,45.054,1.075,,03390+4232,,2
124,HD22521,Gaia DR3 237507744398899200,HD22521,HIP17022,-,TIC65577318,-,-,J03390+4232AB,G0,SB*,54.7383,42.5383,70,03390+4232,HIP17022,G0            ,6.74,,3.1,0.63,24.78,0.02,,,,,,,,Malkov+12,2012A&A...546A..69M,,,,,,,6.707,22.1954,45.054,1.075,,03390+4232,,5
125,HD23050,Gaia DR3 243285849800883456,HD23050,HIP17409,-,TIC431871650,-,-,J03438+4236A,G0VgG1mF9,PM*,55.9487,42.6034,72,03438+4236,,,,,,,,,,,,,,,,StelleDoppie,ORB6,,,,,,,7.481,21.9519,45.554,0.855,,03438+4236,,2
126,HD23050,Gaia DR3 243285849800883456,HD23050,HIP17409,-,TIC431871650,-,-,J03438+4236A,G0VgG1mF9,PM*,55.9487,42.6034,72,03438+4236,,,,,,,,,,,,,,,,COMPOSITE,,,,,,,,7.481,21.9519,45.554,0.855,,03438+4236,,1
127,HD23140,Gaia DR3 244808226728958848,HD23140,HIP17491,GJ150.2+GJ9123,TIC431898298,-,-,J03448+4602AB,K0V,SB*,56.2035,46.0358,73,03448+4602,,G9.5+K7,7.8,10.66,13.9,0.275,,0.26,,101.89500000000001,1.54,1.54,0.79,,,COMPOSITE,,0.45,100.84,2019.12,250.5,0.2,0.2,7.689,40.3275,24.797,0.855,7.87,03448+4602,,1
128,HD23140,Gaia DR3 244808226728958848,HD23140,HIP17491,GJ150.2+GJ9123,TIC431898298,-,-,J03448+4602AB,K0V,SB*,56.2035,46.0358,73,03448+4602,HIP17491,K2            ,7.8,10.5,13.9,0.28,38.63,0.26,,,1.54,1.54,0.79,,,Malkov+12,2012A&A...546A..69M,0.46,,,,,,7.689,40.3275,24.797,0.855,8.32,03448+4602,,3
129,HD23140,Gaia DR3 244808226728958848,HD23140,HIP17491,GJ150.2+GJ9123,TIC431898298,-,-,J03448+4602AB,K0V,SB*,56.2035,46.0358,73,03448+4602,HIP17491,,7.9,10.66,13.7,0.27,,,,101.79,,,,,,ORB6,MnA2019,0.45,100.68,2019.24,250.5,,,7.689,40.3275,24.797,0.855,7.87,03448+4602,,4
130,HD23140,Gaia DR3 244808226728958848,HD23140,HIP17491,GJ150.2+GJ9123,TIC431898298,-,-,J03448+4602AB,K0V,SB*,56.2035,46.0358,73,03448+4602,,K2,7.8,9.0,,,,,,,,,,,,WDS_THE.csv,,0.65,,,,0.0,0.0,7.689,40.3275,24.797,0.855,33.11,03448+4602,,7
131,HD23140,Gaia DR3 244808226728958848,HD23140,HIP17491,GJ150.2+GJ9123,TIC431898298,-,-,J03448+4602AB,K0V,SB*,56.2035,46.0358,73,03448+4602,,,7.9,10.7,13.6,0.27,,,,102.0,,,,,,StelleDoppie,ORB6,0.45,101.0,2019.0,251.0,,,7.689,40.3275,24.797,0.855,7.59,03448+4602,,6
132,HD23140,Gaia DR3 244808226728958848,HD23140,HIP17491,GJ150.2+GJ9123,TIC431898298,-,-,J03448+4602AB,K0V,SB*,56.2035,46.0358,73,,HIP17491,K0V+,7.71,,5121.0,0.28,,,,,,,,,,Pourbaix+04,2018A&A...619A..81H,,,,72.3,11.37,,7.689,40.3275,24.797,0.855,,03448+4602,,5
133,HD23140,Gaia DR3 244808226728958848,HD23140,HIP17491,GJ150.2+GJ9123,TIC431898298,-,-,J03448+4602AB,K0V,SB*,56.2035,46.0358,73,03448+4602,,G9.5+K7,7.9,10.66,,,,,,,,,,,,WDS_THE.csv,,0.45,,,,0.2,0.2,7.689,40.3275,24.797,0.855,7.87,03448+4602,,8
134,HD23140,Gaia DR3 244808226728958848,HD23140,HIP17491,GJ150.2+GJ9123,TIC431898298,-,-,J03448+4602AB,K0V,SB*,56.2035,46.0358,73,03448+4602,,,7.72,,13.9,,,0.26,,,,,,,,Chulkov+22,2022MNRAS.517.2925C,,,,,,,7.689,40.3275,24.797,0.855,,03448+4602,,2
135,HD30649,Gaia DR3 254503754623418240,HD30649,HIP22596,GJ9168,TIC21240825,-,-,J04517+4550A,F9VgG1mF7,PM*,72.9316,45.8341,75,04517+4550,,G1V-VI,5.44,17.6,,,,,,,,,,,,WDS_THE.csv,,0.05,,,,7.1,7.1,6.97,32.2304,31.027,0.825,0.0,04517+4550,,4
136,HD30649,Gaia DR3 254503754623418240,HD30649,HIP22596,GJ9168,TIC21240825,-,-,J04517+4550A,F9VgG1mF7,PM*,72.9316,45.8341,75,04517+4550,,G1V-VI,5.44,16.0,,,,,,,,,,,,WDS_THE.csv,,0.07,,,,5.0,5.0,6.97,32.2304,31.027,0.825,0.01,04517+4550,,5
137,HD30649,Gaia DR3 254503754623418240,HD30649,HIP22596,GJ9168,TIC21240825,-,-,J04517+4550A,F9VgG1mF7,PM*,72.9316,45.8341,75,04517+4550,HIP22596,,,,71.3,0.59,,,19.34,109.78,,,,1.16,0.27,Qier_An+25,2025ApJS..280...61A,,,,,0.52,,6.97,32.2304,31.027,0.825,,04517+4550,,2
138,HD30649,Gaia DR3 254503754623418240,HD30649,HIP22596,GJ9168,TIC21240825,-,-,J04517+4550A,F9VgG1mF7,PM*,72.9316,45.8341,75,04517+4550,,,,,,,,,,,,,,,,StelleDoppie,ORB6,,,,,,,6.97,32.2304,31.027,0.825,,04517+4550,,3
139,HD30649,Gaia DR3 254503754623418240,HD30649,HIP22596,GJ9168,TIC21240825,-,-,J04517+4550A,F9VgG1mF7,PM*,72.9316,45.8341,75,04517+4550,,G1V-VI,6.8,14.8,,,,,,,,,,,,WDS_THE.csv,,0.13,,,,5.6,5.8,6.97,32.2304,31.027,0.825,0.06,04517+4550,,6
140,HD30649,Gaia DR3 254503754623418240,HD30649,HIP22596,GJ9168,TIC21240825,-,-,J04517+4550A,F9VgG1mF7,PM*,72.9316,45.8341,75,04517+4550,,G1V-VI,5.44,16.0,71.3,0.59,,,19.34,109.78,,,,1.16,0.27,COMPOSITE,,0.07,,,,5.3,5.8,6.97,32.2304,31.027,0.825,0.06,04517+4550,,1
141,HD33580,Gaia DR3 262575540063728384,HD33580,HIP24397,-,TIC446109560,-,-,J05140+5126AB,F8,**,78.5072,51.4307,77,05140+5126,,,7.19,,141.0,,,0.65,,,,,,,,Chulkov+22,2022MNRAS.517.2925C,,,,,,,7.19,17.8075,56.156,1.065,,05140+5126,,2
142,HD33580,Gaia DR3 262575540063728384,HD33580,HIP24397,-,TIC446109560,-,-,J05140+5126AB,F8,**,78.5072,51.4307,77,05140+5126,HIP24397,,7.43,9.94,141.0,0.62,,0.63,,40.75,,,,,,COMPOSITE,,0.6,53.95,1971.13,312.95,0.8,,7.19,17.8075,56.156,1.065,9.91,05140+5126,,1
143,HD33580,Gaia DR3 262575540063728384,HD33580,HIP24397,-,TIC446109560,-,-,J05140+5126AB,F8,**,78.5072,51.4307,77,05140+5126,,F8,7.43,9.94,,,,,,,,,,,,WDS_THE.csv,,0.6,,,,0.8,0.8,7.19,17.8075,56.156,1.065,9.91,05140+5126,,6
144,HD33580,Gaia DR3 262575540063728384,HD33580,HIP24397,-,TIC446109560,-,-,J05140+5126AB,F8,**,78.5072,51.4307,77,05140+5126,,,7.5,9.9,141.0,0.62,,0.6,,41.0,,,,,,StelleDoppie,ORB6,0.61,54.0,1971.0,313.0,,,7.19,17.8075,56.156,1.065,10.96,05140+5126,,5
145,HD33580,Gaia DR3 262575540063728384,HD33580,HIP24397,-,TIC446109560,-,-,J05140+5126AB,F8,**,78.5072,51.4307,77,05140+5126,HIP24397,F8            ,7.43,9.94,131.0,0.51,17.46,0.63,,,,,,,,Malkov+12,2012A&A...546A..69M,0.6,,,,,,7.19,17.8075,56.156,1.065,9.91,05140+5126,,3
146,HD33580,Gaia DR3 262575540063728384,HD33580,HIP24397,-,TIC446109560,-,-,J05140+5126AB,F8,**,78.5072,51.4307,77,05140+5126,HIP24397,,7.43,9.94,141.0,0.62,,,,40.5,,,,,,ORB6,Doc2016c,0.6,53.9,1971.26,312.9,,,7.19,17.8075,56.156,1.065,9.91,05140+5126,,4
147,HD37394,Gaia DR3 263916708025623680,HD37394,HIP26779,GJ211,TIC311063391,-,-,J05413+5329A,K0V,BY*,85.3347,53.4811,78,05413+5329,,,,,,,,,,,,,,,,COMPOSITE,,,,,,,,6.222,81.4987,12.27,0.887,,05413+5329,,1
148,HD37394,Gaia DR3 263916708025623680,HD37394,HIP26779,GJ211,TIC311063391,-,-,J05413+5329A,K0V,BY*,85.3347,53.4811,78,05413+5329,,,,,,,,,,,,,,,,StelleDoppie,ORB6,,,,,,,6.222,81.4987,12.27,0.887,,05413+5329,,2
149,HD12051,Gaia DR3 304991163902854784,HD12051,HIP9269,GJ82.1,TIC284013790,-,-,J01591+3313A,G9V,PM*,29.7776,33.2097,86,01591+3313,,,,,,,,,,,,,,,,COMPOSITE,,,,,,,,7.138,40.4424,24.727,0.915,,01591+3313,,1
150,HD12051,Gaia DR3 304991163902854784,HD12051,HIP9269,GJ82.1,TIC284013790,-,-,J01591+3313A,G9V,PM*,29.7776,33.2097,86,01591+3313,,,,,,,,,,,,,,,,StelleDoppie,ORB6,,,,,,,7.138,40.4424,24.727,0.915,,01591+3313,,2
151,HD13974,Gaia DR3 326173044957518080,HD13974,HIP10644,GJ92,TIC63782132,-,8Tri+delTri,J02171+3413A,G0.5VFe-0.5,SB*,34.2635,34.2242,93,02171+3413,,,4.859999999999999,6.525,0.1,0.01,,0.01,,163.0,1.57,1.92,1.05,,,COMPOSITE,,0.625,37.0,1992.8049999999998,171.0,0.41,,4.872,91.6504,10.911,0.9,,02171+3413,,1
152,HD13974,Gaia DR3 326173044957518080,HD13974,HIP10644,GJ92,TIC63782132,-,8Tri+delTri,J02171+3413A,G0.5VFe-0.5,SB*,34.2635,34.2242,93,02171+3413,,,4.84,,0.1,,,0.01,,,,,,,,Chulkov+22,2022MNRAS.517.2925C,,,,,,,4.872,91.6504,10.911,0.9,,02171+3413,,2
153,HD13974,Gaia DR3 326173044957518080,HD13974,HIP10644,GJ92,TIC63782132,-,8Tri+delTri,J02171+3413A,G0.5VFe-0.5,SB*,34.2635,34.2242,93,02171+3413,,F9V,5.0,6.9,,,,,,,,,,,,WDS_THE.csv,,0.58,,,,0.0,0.0,4.872,91.6504,10.911,0.9,17.38,02171+3413,,9
154,HD13974,Gaia DR3 326173044957518080,HD13974,HIP10644,GJ92,TIC63782132,-,8Tri+delTri,J02171+3413A,G0.5VFe-0.5,SB*,34.2635,34.2242,93,02171+3413,HIP10644,,4.85,,0.1,0.01,,,,163.0,,,,,,ORB6,Pbx2000b,,37.0,1992.81,171.0,,,4.872,91.6504,10.911,0.9,,02171+3413,,5
155,HD13974,Gaia DR3 326173044957518080,HD13974,HIP10644,GJ92,TIC63782132,-,8Tri+delTri,J02171+3413A,G0.5VFe-0.5,SB*,34.2635,34.2242,93,,HIP10644,G0V+,4.87,,10.1,0.01,,,,,,,,,,Pourbaix+04,1976ApJS...30..273A,,,,61.0,0.41,,4.872,91.6504,10.911,0.9,,02171+3413,,6
156,HD13974,Gaia DR3 326173044957518080,HD13974,HIP10644,GJ92,TIC63782132,-,8Tri+delTri,J02171+3413A,G0.5VFe-0.5,SB*,34.2635,34.2242,93,02171+3413,HIP10644,G0            ,4.85,6.15,0.1,0.02,92.73,0.01,,,1.57,1.92,1.05,,,Malkov+12,2012A&A...546A..69M,0.67,,,,,,4.872,91.6504,10.911,0.9,30.2,02171+3413,,3
157,HD13974,Gaia DR3 326173044957518080,HD13974,HIP10644,GJ92,TIC63782132,-,8Tri+delTri,J02171+3413A,G0.5VFe-0.5,SB*,34.2635,34.2242,93,,HIP10644,G0V+,4.87,,10.1,0.01,,,,,,,,,,Pourbaix+04,2000A&AS..145..215P,,,,351.91,0.41,,4.872,91.6504,10.911,0.9,,02171+3413,,7
158,HD13974,Gaia DR3 326173044957518080,HD13974,HIP10644,GJ92,TIC63782132,-,8Tri+delTri,J02171+3413A,G0.5VFe-0.5,SB*,34.2635,34.2242,93,02171+3413,HIP10644,G0            ,4.85,6.15,0.1,0.02,92.73,0.01,,,1.57,1.92,1.05,,,Malkov+12,2012A&A...546A..69M,0.67,,,,,,4.872,91.6504,10.911,0.9,30.2,02171+3413,,4
159,HD13974,Gaia DR3 326173044957518080,HD13974,HIP10644,GJ92,TIC63782132,-,8Tri+delTri,J02171+3413A,G0.5VFe-0.5,SB*,34.2635,34.2242,93,02171+3413,,,5.0,6.9,0.1,0.01,,,,163.0,,,,,,StelleDoppie,ORB6,0.58,37.0,1992.8,171.0,,,4.872,91.6504,10.911,0.9,17.38,02171+3413,,8
160,HD13531A,Gaia DR3 333053037107550080,HD13531A,HIP10339,-,TIC184737443,-,-,J02132+4030A,G7V,BY*,33.3056,40.5076,94,02132+4030,,,5.6,9.4,21.0,0.38,,0.32,,160.2,,,,,,COMPOSITE,,0.39,245.135,2002.095,350.11,0.35,,7.35,38.3338,26.087,0.945,3.02,02132+4030,,1
161,HD13531A,Gaia DR3 333053037107550080,HD13531A,HIP10339,-,TIC184737443,-,-,J02132+4030A,G7V,BY*,33.3056,40.5076,94,02132+4030,,,7.19,,21.0,,,0.32,,,,,,,,Chulkov+22,2022MNRAS.517.2925C,,,,,,,7.35,38.3338,26.087,0.945,,02132+4030,,2
162,HD13531A,Gaia DR3 333053037107550080,HD13531A,HIP10339,-,TIC184737443,-,-,J02132+4030A,G7V,BY*,33.3056,40.5076,94,02132+4030,,,5.6,9.4,21.0,0.38,,0.32,,160.0,,,,,,StelleDoppie,ORB6,0.39,245.0,2002.0,350.0,,,7.35,38.3338,26.087,0.945,3.02,02132+4030,,4
163,HD13531A,Gaia DR3 333053037107550080,HD13531A,HIP10339,-,TIC184737443,-,-,J02132+4030A,G7V,BY*,33.3056,40.5076,94,02132+4030,HIP10321,,5.6,9.4,21.0,0.38,,,,160.4,,,,,,ORB6,Hel2016,0.39,245.27,2002.19,350.22,,,7.35,38.3338,26.087,0.945,3.02,02132+4030,,3
164,HD13531A,Gaia DR3 333053037107550080,HD13531A,HIP10339,-,TIC184737443,-,-,J02132+4030A,G7V,BY*,33.3056,40.5076,94,02132+4030,,G0V,5.68,9.88,,,,,,,,,,,,WDS_THE.csv,,0.36,,,,0.3,0.3,7.35,38.3338,26.087,0.945,2.09,02132+4030,,5
165,HD13531A,Gaia DR3 333053037107550080,HD13531A,HIP10339,-,TIC184737443,-,-,J02132+4030A,G7V,BY*,33.3056,40.5076,94,02132+4030,,G5V,5.6,9.4,,,,,,,,,,,,WDS_THE.csv,,0.39,,,,0.4,0.4,7.35,38.3338,26.087,0.945,3.02,02132+4030,,6
166,HD17922,Gaia DR3 336538454607430016,HD17922,HIP13528,-,TIC259386353,-,-,-,F5,SB*,43.5588,42.5888,96,,HIP13528,F5+,7.01,,314.8,0.31,,,,,,,,,,Pourbaix+04,2003ApJS..147..103G,,,,117.0,1.6,,6.898,33.5133,29.839,1.105,,-,,2
167,HD17922,Gaia DR3 336538454607430016,HD17922,HIP13528,-,TIC259386353,-,-,-,F5,SB*,43.5588,42.5888,96,,HIP13528,F5+,7.01,,319.0,0.34,,,,,,,,,,Pourbaix+04,2013Obs...133..322G,,,,109.0,1.62,,6.898,33.5133,29.839,1.105,,-,,3
168,HD17922,Gaia DR3 336538454607430016,HD17922,HIP13528,-,TIC259386353,-,-,-,F5,SB*,43.5588,42.5888,96,,HIP13528,F5+,7.01,,316.9,0.325,,,,,,,,,,COMPOSITE,,,,,113.0,1.61,,6.898,33.5133,29.839,1.105,,-,,1
169,HD11926,Gaia DR3 345765551891443968,HD11926,HIP9172,-,TIC67517644,-,-,J01581+4123A,G5,*,29.5191,41.386,100,01581+4123,,,,,,,,,,,,,,,,StelleDoppie,ORB6,,,,,,,7.57,30.6505,32.626,0.965,,01581+4123,,2
170,HD11926,Gaia DR3 345765551891443968,HD11926,HIP9172,-,TIC67517644,-,-,J01581+4123A,G5,*,29.5191,41.386,100,01581+4123,,,,,,,,,,,,,,,,COMPOSITE,,,,,,,,7.57,30.6505,32.626,0.965,,01581+4123,,1
171,HD10307,Gaia DR3 348515297330773120,HD10307,HIP7918,GJ67+GJ67A+GJ67B,TIC327507922,-,-,J01418+4237AB,G1V,SB*,25.4464,42.6134,102,01418+4237,HIP7918,,5.0,12.8,19.6,0.44,,,,100.36,,,,,,ORB6,Trr2022,0.16,32.25,2016.7,27.15,,,4.961,68.0244,14.701,0.985,0.08,01418+4237,,5
172,HD10307,Gaia DR3 348515297330773120,HD10307,HIP7918,GJ67+GJ67A+GJ67B,TIC327507922,-,-,J01418+4237AB,G1V,SB*,25.4464,42.6134,102,,HIP7918,,,,19.5,0.43,,0.58,,105.0,,,,,,Soederhjem+99,1999A&A...341..121S,,,,,,,4.961,68.0244,14.701,0.985,,01418+4237,,9
173,HD10307,Gaia DR3 348515297330773120,HD10307,HIP7918,GJ67+GJ67A+GJ67B,TIC327507922,-,-,J01418+4237AB,G1V,SB*,25.4464,42.6134,102,,HIP7918,G2V+,4.9,,7206.0,0.44,,,,,,,,,,Pourbaix+04,2018A&A...619A..81H,,,,203.71,25.25,,4.961,68.0244,14.701,0.985,,01418+4237,,6
174,HD10307,Gaia DR3 348515297330773120,HD10307,HIP7918,GJ67+GJ67A+GJ67B,TIC327507922,-,-,J01418+4237AB,G1V,SB*,25.4464,42.6134,102,01418+4237,HIP7918,G1.5V         ,4.95,11.0,19.5,0.43,78.5,0.58,,,,,,,,Malkov+12,2012A&A...546A..69M,0.24,,,,,,4.961,68.0244,14.701,0.985,0.38,01418+4237,,3
175,HD10307,Gaia DR3 348515297330773120,HD10307,HIP7918,GJ67+GJ67A+GJ67B,TIC327507922,-,-,J01418+4237AB,G1V,SB*,25.4464,42.6134,102,01418+4237,HIP7918,G1.5V         ,4.95,11.0,19.5,0.04,78.5,0.13,,,,,,,,Malkov+12,2012A&A...546A..69M,0.24,,,,,,4.961,68.0244,14.701,0.985,0.38,01418+4237,,4
176,HD10307,Gaia DR3 348515297330773120,HD10307,HIP7918,GJ67+GJ67A+GJ67B,TIC327507922,-,-,J01418+4237AB,G1V,SB*,25.4464,42.6134,102,01418+4237,,,4.95,12.8,19.5,0.43,,0.58,,100.36,,,,,,COMPOSITE,,0.16,118.625,2005.35,203.4,25.15,,4.961,68.0244,14.701,0.985,,01418+4237,,1
177,HD10307,Gaia DR3 348515297330773120,HD10307,HIP7918,GJ67+GJ67A+GJ67B,TIC327507922,-,-,J01418+4237AB,G1V,SB*,25.4464,42.6134,102,01418+4237,,G1.5V+MV,5.0,12.8,,,,,,,,,,,,WDS_THE.csv,,0.16,,,,0.4,0.4,4.961,68.0244,14.701,0.985,0.08,01418+4237,,11
178,HD10307,Gaia DR3 348515297330773120,HD10307,HIP7918,GJ67+GJ67A+GJ67B,TIC327507922,-,-,J01418+4237AB,G1V,SB*,25.4464,42.6134,102,01418+4237,,,5.0,12.8,18.1,0.43,,0.6,,99.0,,,,,,StelleDoppie,ORB6,0.16,205.0,1994.0,144.0,,,4.961,68.0244,14.701,0.985,0.08,01418+4237,,10
179,HD10307,Gaia DR3 348515297330773120,HD10307,HIP7918,GJ67+GJ67A+GJ67B,TIC327507922,-,-,J01418+4237AB,G1V,SB*,25.4464,42.6134,102,,HIP7918,G2V+,4.9,,7206.4,0.43,,,,,,,,,,Pourbaix+04,2015A&A...574A...6A,,,,203.4,25.25,,4.961,68.0244,14.701,0.985,,01418+4237,,7
180,HD10307,Gaia DR3 348515297330773120,HD10307,HIP7918,GJ67+GJ67A+GJ67B,TIC327507922,-,-,J01418+4237AB,G1V,SB*,25.4464,42.6134,102,01418+4237,,,4.96,,18.2,,,0.63,,,,,,,,Chulkov+22,2022MNRAS.517.2925C,,,,,,,4.961,68.0244,14.701,0.985,,01418+4237,,2
181,HD10307,Gaia DR3 348515297330773120,HD10307,HIP7918,GJ67+GJ67A+GJ67B,TIC327507922,-,-,J01418+4237AB,G1V,SB*,25.4464,42.6134,102,,HIP7918,G2V+,4.9,,7122.0,0.42,,,,,,,,,,Pourbaix+04,1991A&A...248..485D,,,,210.8,25.05,,4.961,68.0244,14.701,0.985,,01418+4237,,8
182,HD6611A,Gaia DR3 371518695489690496,HD6611A,HIP5276,-,TIC407339750,-,-,J01075+4116A,F5,SB*,16.8697,41.2589,108,01075+4116,,F5,7.27,14.0,,,,,,,,,,,,WDS_THE.csv,,0.24,,,,5.3,6.2,7.24,19.1833,52.129,1.115,0.2,01075+4116,,2
183,HD6611A,Gaia DR3 371518695489690496,HD6611A,HIP5276,-,TIC407339750,-,-,J01075+4116A,F5,SB*,16.8697,41.2589,108,01075+4116,,F5,7.27,14.0,,,,,,,,,,,,COMPOSITE,,0.24,,,,5.3,6.2,7.24,19.1833,52.129,1.115,0.2,01075+4116,,1
184,HD6963,Gaia DR3 373208954099200768,HD6963,HIP5521,-,TIC196692982,-,-,J01107+4256A,G7V,BY*,17.6746,42.9318,109,01107+4256,,,,,,,,,,,,,,,,StelleDoppie,ORB6,,,,,,,7.66,37.0946,26.958,0.865,,01107+4256,,2
185,HD6963,Gaia DR3 373208954099200768,HD6963,HIP5521,-,TIC196692982,-,-,J01107+4256A,G7V,BY*,17.6746,42.9318,109,01107+4256,,,,,,,,,,,,,,,,COMPOSITE,,,,,,,,7.66,37.0946,26.958,0.865,,01107+4256,,1
186,HD5129,Gaia DR3 375707319395404928,HD5129,HIP4205,-,TIC196234276,-,-,-,G0,SB*,13.4191,43.3634,112,,HIP4205,G0+,7.25,,373.3,0.68,,,,,,,,,,COMPOSITE,,,,,118.0,1.55,,7.19,30.2178,33.093,0.965,,-,,1
187,HD5129,Gaia DR3 375707319395404928,HD5129,HIP4205,-,TIC196234276,-,-,-,G0,SB*,13.4191,43.3634,112,,HIP4205,G0+,7.25,,373.3,0.68,,,,,,,,,,Pourbaix+04,2006RoAJ...16....3I,,,,118.0,1.55,,7.19,30.2178,33.093,0.965,,-,,2
188,HD1562,Gaia DR3 379582273249916416,HD1562,HIP1598,-,TIC194531699,-,-,J00200+3814A,G1V,PM*,5.0017,38.2274,113,00200+3814,,,,,,,,,,,,,,,,StelleDoppie,ORB6,,,,,,,6.99,40.4392,24.728,0.855,,00200+3814,,2
189,HD1562,Gaia DR3 379582273249916416,HD1562,HIP1598,-,TIC194531699,-,-,J00200+3814A,G1V,PM*,5.0017,38.2274,113,00200+3814,,,,,,,,,,,,,,,,COMPOSITE,,,,,,,,6.99,40.4392,24.728,0.855,,00200+3814,,1
190,HD3454,Gaia DR3 390077936372822912,HD3454,HIP2981,-,TIC191288300,-,-,-,F5,SB*,9.4875,47.4077,114,,HIP2981,F5+,7.53,,8.3,0.0,,,,,,,,,,Pourbaix+04,2014MNRAS.441.2316G,,,,0.0,0.09,,7.53,22.1226,45.203,0.875,,-,,2
191,HD3454,Gaia DR3 390077936372822912,HD3454,HIP2981,-,TIC191288300,-,-,-,F5,SB*,9.4875,47.4077,114,,HIP2981,F5+,7.53,,8.3,0.0,,,,,,,,,,Pourbaix+04,2018Obs...138..116G,,,,0.0,0.09,,7.53,22.1226,45.203,0.875,,-,,3
192,HD3454,Gaia DR3 390077936372822912,HD3454,HIP2981,-,TIC191288300,-,-,-,F5,SB*,9.4875,47.4077,114,,HIP2981,F5+,7.53,,8.3,0.0,,,,,,,,,,COMPOSITE,,,,,0.0,0.09,,7.53,22.1226,45.203,0.875,,-,,1
193,HD3079,Gaia DR3 390900439790625664,HD3079,HIP2712,GJ9016,TIC240644651,-,-,J00345+4755A,F8,PM*,8.6238,47.9155,115,00345+4755,,,8.2,13.3,,,,,,,,,,,,COMPOSITE,,0.32,,,,3.0,3.4,7.376,20.9732,47.68,1.025,0.91,00345+4755,,1
194,HD3079,Gaia DR3 390900439790625664,HD3079,HIP2712,GJ9016,TIC240644651,-,-,J00345+4755A,F8,PM*,8.6238,47.9155,115,00345+4755,,,8.2,13.3,,,,,,,,,,,,WDS_THE.csv,,0.32,,,,3.0,3.4,7.376,20.9732,47.68,1.025,0.91,00345+4755,,2
195,HD2057,Gaia DR3 392562179817077120,HD2057,HIP1987,-,TIC202438769,-,-,J00251+4803A,F8,SB*,6.2865,48.0474,116,00251+4803,HIP1987,,7.71,10.63,28.1,0.47,,0.23,,163.0,1.3,1.85,1.1,,,COMPOSITE,,0.57,104.0,2012.97,41.0,0.635,,7.52,20.6205,48.495,1.115,6.85,00251+4803,,1
196,HD2057,Gaia DR3 392562179817077120,HD2057,HIP1987,-,TIC202438769,-,-,J00251+4803A,F8,SB*,6.2865,48.0474,116,00251+4803,,,7.7,10.6,28.0,0.48,,0.23,,164.0,,,,,,StelleDoppie,ORB6,0.57,96.0,1999.0,358.0,,,7.52,20.6205,48.495,1.115,6.92,00251+4803,,6
197,HD2057,Gaia DR3 392562179817077120,HD2057,HIP1987,-,TIC202438769,-,-,J00251+4803A,F8,SB*,6.2865,48.0474,116,,HIP1987,+,7.52,,355.5,0.31,,,,,,,,,,Pourbaix+04,2002AJ....124.1144L,,,,41.0,1.07,,7.52,20.6205,48.495,1.115,,00251+4803,,5
198,HD2057,Gaia DR3 392562179817077120,HD2057,HIP1987,-,TIC202438769,-,-,J00251+4803A,F8,SB*,6.2865,48.0474,116,00251+4803,,F8,7.72,10.63,,,,,,,,,,,,WDS_THE.csv,,0.57,,,,0.2,0.2,7.52,20.6205,48.495,1.115,6.85,00251+4803,,7
199,HD2057,Gaia DR3 392562179817077120,HD2057,HIP1987,-,TIC202438769,-,-,J00251+4803A,F8,SB*,6.2865,48.0474,116,00251+4803,,,7.52,,28.1,,,0.23,,,,,,,,Chulkov+22,2022MNRAS.517.2925C,,,,,,,7.52,20.6205,48.495,1.115,,00251+4803,,2
200,HD2057,Gaia DR3 392562179817077120,HD2057,HIP1987,-,TIC202438769,-,-,J00251+4803A,F8,SB*,6.2865,48.0474,116,00251+4803,HIP1987,F8            ,7.72,10.63,28.1,0.48,22.82,0.23,,,1.3,1.85,1.1,,,Malkov+12,2012A&A...546A..69M,0.57,,,,,,7.52,20.6205,48.495,1.115,6.85,00251+4803,,3
201,HD2057,Gaia DR3 392562179817077120,HD2057,HIP1987,-,TIC202438769,-,-,J00251+4803A,F8,SB*,6.2865,48.0474,116,00251+4803,HIP1987,,7.72,10.63,27.8,0.46,,,,162.0,,,,,,ORB6,Mit2024,0.57,112.0,2026.94,14.0,,,7.52,20.6205,48.495,1.115,6.85,00251+4803,,4
202,HD8054,Gaia DR3 409909484005053440,HD8054,HIP6306,-,TIC241018215,-,-,-,F5,SB*,20.2646,51.9837,120,,HIP6306,+,7.62,,847.7,0.81,,,,,,,,,,COMPOSITE,,,,,328.5,1.92,,7.62,20.8317,48.004,1.085,,-,,1
203,HD8054,Gaia DR3 409909484005053440,HD8054,HIP6306,-,TIC241018215,-,-,-,F5,SB*,20.2646,51.9837,120,,HIP6306,+,7.62,,847.7,0.81,,,,,,,,,,Pourbaix+04,2002AJ....124.1144L,,,,328.5,1.92,,7.62,20.8317,48.004,1.085,,-,,2
204,HD6582,Gaia DR3 411413822074322432,HD6582,HIP5336,GJ53+GJ53A+GJ53B,TIC252191219,-,30Cas+mu.Cas,J01083+5455A,G5Vb,SB*,17.0679,54.9202,122,,HIP5336,G5VI+,5.3,10.7,21.700000000000003,0.59,,1.0,,110.83500000000001,0.01,1.22,0.95,,,COMPOSITE,,0.22,223.935,1997.1100000000001,178.0,46.75,,5.176,130.2881,7.675,0.755,,01083+5455,,1
205,HD6582,Gaia DR3 411413822074322432,HD6582,HIP5336,GJ53+GJ53A+GJ53B,TIC252191219,-,30Cas+mu.Cas,J01083+5455A,G5Vb,SB*,17.0679,54.9202,122,01083+5455,HIP5336,,5.3,10.7,21.6,0.59,,,,110.67,,,,,,ORB6,BdH2020,0.22,223.87,1997.22,330.37,,,5.176,130.2881,7.675,0.755,0.69,01083+5455,,5
206,HD6582,Gaia DR3 411413822074322432,HD6582,HIP5336,GJ53+GJ53A+GJ53B,TIC252191219,-,30Cas+mu.Cas,J01083+5455A,G5Vb,SB*,17.0679,54.9202,122,01083+5455,,,5.17,,21.6,,,1.0,,,,,,,,Chulkov+22,2022MNRAS.517.2925C,,,,,,,5.176,130.2881,7.675,0.755,,01083+5455,,2
207,HD6582,Gaia DR3 411413822074322432,HD6582,HIP5336,GJ53+GJ53A+GJ53B,TIC252191219,-,30Cas+mu.Cas,J01083+5455A,G5Vb,SB*,17.0679,54.9202,122,01083+5455,HIP5336,G5Vp          ,5.3,10.7,21.5,0.61,132.38,0.19,,,0.01,1.22,0.95,,,Malkov+12,2012A&A...546A..69M,0.22,,,,,,5.176,130.2881,7.675,0.755,0.69,01083+5455,,3
208,HD6582,Gaia DR3 411413822074322432,HD6582,HIP5336,GJ53+GJ53A+GJ53B,TIC252191219,-,30Cas+mu.Cas,J01083+5455A,G5Vb,SB*,17.0679,54.9202,122,01083+5455,,G5V+dM,5.3,10.7,,,,,,,,,,,,WDS_THE.csv,,0.22,,,,0.4,0.4,5.176,130.2881,7.675,0.755,0.69,01083+5455,,10
209,HD6582,Gaia DR3 411413822074322432,HD6582,HIP5336,GJ53+GJ53A+GJ53B,TIC252191219,-,30Cas+mu.Cas,J01083+5455A,G5Vb,SB*,17.0679,54.9202,122,,HIP5336,G5VI+,5.15,,8393.0,0.3,,,,,,,,,,Pourbaix+04,1977ApJ...217..134W,,,,178.0,49.0,,5.176,130.2881,7.675,0.755,,01083+5455,,6
210,HD6582,Gaia DR3 411413822074322432,HD6582,HIP5336,GJ53+GJ53A+GJ53B,TIC252191219,-,30Cas+mu.Cas,J01083+5455A,G5Vb,SB*,17.0679,54.9202,122,,HIP5336,G5VI+,5.15,,7816.4,0.53,,,,,,,,,,Pourbaix+04,2015A&A...574A...6A,,,,150.0,46.73,,5.176,130.2881,7.675,0.755,,01083+5455,,7
211,HD6582,Gaia DR3 411413822074322432,HD6582,HIP5336,GJ53+GJ53A+GJ53B,TIC252191219,-,30Cas+mu.Cas,J01083+5455A,G5Vb,SB*,17.0679,54.9202,122,,HIP5336,G5VI+,5.15,,7827.0,0.61,,,,,,,,,,Pourbaix+04,1991A&A...248..485D,,,,147.9,46.77,,5.176,130.2881,7.675,0.755,,01083+5455,,8
212,HD6582,Gaia DR3 411413822074322432,HD6582,HIP5336,GJ53+GJ53A+GJ53B,TIC252191219,-,30Cas+mu.Cas,J01083+5455A,G5Vb,SB*,17.0679,54.9202,122,01083+5455,HIP5336,G5Vp          ,5.3,10.7,21.8,0.56,132.38,1.01,,,0.01,1.22,0.95,,,Malkov+12,2012A&A...546A..69M,0.22,,,,,,5.176,130.2881,7.675,0.755,0.69,01083+5455,,4
213,HD6582,Gaia DR3 411413822074322432,HD6582,HIP5336,GJ53+GJ53A+GJ53B,TIC252191219,-,30Cas+mu.Cas,J01083+5455A,G5Vb,SB*,17.0679,54.9202,122,01083+5455,,,5.3,10.7,21.6,0.59,,1.0,,111.0,,,,,,StelleDoppie,ORB6,0.22,224.0,1997.0,330.0,,,5.176,130.2881,7.675,0.755,0.69,01083+5455,,9
214,HD5372,Gaia DR3 416736832741633792,HD5372,HIP4393,-,TIC306956595,-,-,-,G5,PM*,14.0724,52.4912,125,-,HIP4393,,,,1690.0,0.87,,,173.0,77.4,,,,1.16,0.68,COMPOSITE,,,,,,3.57,,7.53,24.3095,41.136,1.105,,-,,1
215,HD5372,Gaia DR3 416736832741633792,HD5372,HIP4393,-,TIC306956595,-,-,-,G5,PM*,14.0724,52.4912,125,-,HIP4393,,,,1690.0,0.87,,,173.0,77.4,,,,1.16,0.68,Qier_An+25,2025ApJS..280...61A,,,,,3.57,,7.53,24.3095,41.136,1.105,,-,,2
216,HD123B,Gaia DR3 423075173674854528,HD123B,HIP518B,GJ4.1B+GJ9001B,-,-,-,J00063+5826B,G8V,SB*,1.5655,58.4371,126,00063+5826,,,6.4,7.3,107.0,0.45,,1.4,,45.0,,,,,,StelleDoppie,ORB6,0.71,221.0,1943.0,277.0,,,7.156,47.0168,21.269,0.876,43.65,00063+5826,,6
217,HD123B,Gaia DR3 423075173674854528,HD123B,HIP518B,GJ4.1B+GJ9001B,-,-,-,J00063+5826B,G8V,SB*,1.5655,58.4371,126,00063+5826,,G3V+G8V,6.42,7.32,106.7,0.45,,1.435,,45.0,,,,,,COMPOSITE,,0.71,221.0,1943.05,277.0,1.3,1.5,7.156,47.0168,21.269,0.876,43.65,00063+5826,,1
218,HD123B,Gaia DR3 423075173674854528,HD123B,HIP518B,GJ4.1B+GJ9001B,-,-,-,J00063+5826B,G8V,SB*,1.5655,58.4371,126,00063+5826,,G3V+G8V,6.42,7.32,,,,,,,,,,,,WDS_THE.csv,,0.71,,,,1.3,1.5,7.156,47.0168,21.269,0.876,43.65,00063+5826,,7
219,HD123B,Gaia DR3 423075173674854528,HD123B,HIP518B,GJ4.1B+GJ9001B,-,-,-,J00063+5826B,G8V,SB*,1.5655,58.4371,126,00063+5826,HIP518,G3V           ,6.42,7.32,106.7,0.45,46.56,1.44,,,,,,,,Malkov+12,2012A&A...546A..69M,0.71,,,,,,7.156,47.0168,21.269,0.876,43.65,00063+5826,,3
220,HD123B,Gaia DR3 423075173674854528,HD123B,HIP518B,GJ4.1B+GJ9001B,-,-,-,J00063+5826B,G8V,SB*,1.5655,58.4371,126,00063+5826,HIP518,G3V           ,6.42,7.32,106.9,0.45,46.56,1.43,,,,,,,,Malkov+12,2012A&A...546A..69M,0.71,,,,,,7.156,47.0168,21.269,0.876,43.65,00063+5826,,4
221,HD123B,Gaia DR3 423075173674854528,HD123B,HIP518B,GJ4.1B+GJ9001B,-,-,-,J00063+5826B,G8V,SB*,1.5655,58.4371,126,00063+5826,HIP518,,6.42,7.32,106.7,0.45,,,,45.0,,,,,,ORB6,Sod1999,0.71,221.0,1943.1,277.0,,,7.156,47.0168,21.269,0.876,43.65,00063+5826,,5
222,HD123B,Gaia DR3 423075173674854528,HD123B,HIP518B,GJ4.1B+GJ9001B,-,-,-,J00063+5826B,G8V,SB*,1.5655,58.4371,126,00063+5826,,,5.98,,106.7,,,1.44,,,,,,,,Chulkov+22,2022MNRAS.517.2925C,,,,,,,7.156,47.0168,21.269,0.876,,00063+5826,,2
223,etaCasB,Gaia DR3 425040000962497792,HD4614B,-,GJ34B,TIC445258198,-,etaCasB,J00491+5749B,K7Ve,PM*,12.2716,57.8178,128,00491+5749,HIP3821,G0V  dM0      ,3.52,7.36,480.0,0.5,167.98,11.99,,,1.58,1.71,1.6,,,Malkov+12,2012A&A...546A..69M,0.24,,,,,,7.323,168.7186,5.927,0.588,2.91,00491+5749,,3
224,etaCasB,Gaia DR3 425040000962497792,HD4614B,-,GJ34B,TIC445258198,-,etaCasB,J00491+5749B,K7Ve,PM*,12.2716,57.8178,128,00491+5749,,,3.46,,479.3,,,12.04,,,,,,,,Chulkov+22,2022MNRAS.517.2925C,,,,,,,7.323,168.7186,5.927,0.588,,00491+5749,,2
225,etaCasB,Gaia DR3 425040000962497792,HD4614B,-,GJ34B,TIC445258198,-,etaCasB,J00491+5749B,K7Ve,PM*,12.2716,57.8178,128,00491+5749,HIP3821,G0V  dM0      ,3.52,7.36,480.0,0.5,167.98,11.99,,,1.58,1.71,1.6,,,Malkov+12,2012A&A...546A..69M,0.24,,,,,,7.323,168.7186,5.927,0.588,2.91,00491+5749,,4
226,etaCasB,Gaia DR3 425040000962497792,HD4614B,-,GJ34B,TIC445258198,-,etaCasB,J00491+5749B,K7Ve,PM*,12.2716,57.8178,128,00491+5749,,,6.54,6.67,479.0,0.5,,12.1,,35.6,,,,,,StelleDoppie,ORB6,0.57,278.0,1890.0,270.0,,,7.323,168.7186,5.927,0.588,88.72,00491+5749,,6
227,etaCasB,Gaia DR3 425040000962497792,HD4614B,-,GJ34B,TIC445258198,-,etaCasB,J00491+5749B,K7Ve,PM*,12.2716,57.8178,128,00491+5749,,G1V,3.52,,,,,,,,,,,,,WDS_THE.csv,,,,,,5.1,5.1,7.323,168.7186,5.927,0.588,,00491+5749,,7
228,etaCasB,Gaia DR3 425040000962497792,HD4614B,-,GJ34B,TIC445258198,-,etaCasB,J00491+5749B,K7Ve,PM*,12.2716,57.8178,128,00491+5749,HIP3821,,3.52,7.36,479.3,0.5,,,,35.6,,,,,,ORB6,Sca2015c,0.24,278.0,1889.93,269.8,,,7.323,168.7186,5.927,0.588,2.91,00491+5749,,5
229,etaCasB,Gaia DR3 425040000962497792,HD4614B,-,GJ34B,TIC445258198,-,etaCasB,J00491+5749B,K7Ve,PM*,12.2716,57.8178,128,00491+5749,,G1V,7.323,3.438,479.3,0.5,,12.015,64.2,35.6,1.58,1.71,1.6,0.588,0.926,COMPOSITE,,0.926,278.0,1889.9650000000001,269.9,6.935,5.1,7.323,168.7186,5.927,0.588,,00491+5749,0.588,1
230,HD4614A,Gaia DR3 425040000962559616,HD4614A,HIP3821,GJ34A,TIC445258206,-,24Cas+etaCas+etaCasA,J00491+5749A,F9V,PM*,12.2762,57.8152,129,00491+5749,HIP3821,,3.438,7.323,479.3,0.5,,12.015,64.2,35.6,1.58,1.71,1.6,0.926,0.588,COMPOSITE,,0.588,278.0,1889.9650000000001,89.89999999999998,6.935,,3.438,168.8322,5.923,0.926,,00491+5749,0.926,1
231,HD4614A,Gaia DR3 425040000962559616,HD4614A,HIP3821,GJ34A,TIC445258206,-,24Cas+etaCas+etaCasA,J00491+5749A,F9V,PM*,12.2762,57.8152,129,00491+5749,HIP3821,,,,389.0,0.5,,,64.2,36.4,,,,1.09,0.66,Qier_An+25,2025ApJS..280...61A,,,,,8.77,,3.438,168.8322,5.923,0.926,,00491+5749,,2
232,iotPer,Gaia DR3 436648129327098496,HD19373,HIP14632,GJ124,TIC116988032,-,iotPer,J03091+4937A,G0V,PM*,47.2667,49.6133,134,03091+4937,,,,,,,,,,,,,,,,COMPOSITE,,,,,,,,4.056,94.5412,10.577,1.115,,03091+4937,,1
233,iotPer,Gaia DR3 436648129327098496,HD19373,HIP14632,GJ124,TIC116988032,-,iotPer,J03091+4937A,G0V,PM*,47.2667,49.6133,134,03091+4937,,,,,,,,,,,,,,,,StelleDoppie,ORB6,,,,,,,4.056,94.5412,10.577,1.115,,03091+4937,,2
234,HD16895,Gaia DR3 438829629114680704,HD16895,HIP12777,GJ107A,TIC302158903,-,13Per+tetPer,J02442+4914A,F8V,PM*,41.0499,49.2284,135,02442+4914,,M1.5,5.87,17.7,,,,,,,,,,,,WDS_THE.csv,,0.08,,,,6.2,6.2,4.107,89.685,11.15,1.145,0.0,02442+4914,,5
235,HD16895,Gaia DR3 438829629114680704,HD16895,HIP12777,GJ107A,TIC302158903,-,13Per+tetPer,J02442+4914A,F8V,PM*,41.0499,49.2284,135,02442+4914,HIP12777,,4.16,13.975,2720.0,0.13,,22.29,,75.44,,,,,,COMPOSITE,,0.18000000000000002,128.0,,100.64,6.2,,4.107,89.685,11.15,1.145,,02442+4914,,1
236,HD16895,Gaia DR3 438829629114680704,HD16895,HIP12777,GJ107A,TIC302158903,-,13Per+tetPer,J02442+4914A,F8V,PM*,41.0499,49.2284,135,02442+4914,HIP12777,F8V           ,4.16,10.25,2720.0,0.13,89.87,22.29,,,,,,,,Malkov+12,2012A&A...546A..69M,0.28,,,,,,4.107,89.685,11.15,1.145,0.37,02442+4914,,3
237,HD16895,Gaia DR3 438829629114680704,HD16895,HIP12777,GJ107A,TIC302158903,-,13Per+tetPer,J02442+4914A,F8V,PM*,41.0499,49.2284,135,02442+4914,HIP12777,,4.16,,2720.0,0.13,,,,75.44,,,,,,ORB6,KSC2017,,128.0,,100.64,,,4.107,89.685,11.15,1.145,,02442+4914,,4
238,HD16895,Gaia DR3 438829629114680704,HD16895,HIP12777,GJ107A,TIC302158903,-,13Per+tetPer,J02442+4914A,F8V,PM*,41.0499,49.2284,135,02442+4914,,,4.1,,2720.0,,,22.29,,,,,,,,Chulkov+22,2022MNRAS.517.2925C,,,,,,,4.107,89.685,11.15,1.145,,02442+4914,,2
239,HD13403,Gaia DR3 458598367152568448,HD13403,HIP10322,-,TIC347583453,-,-,J02129+5712A,G3V,PM*,33.2336,57.2045,137,02129+5712,,,,,,,,,,,,,,,,COMPOSITE,,,,,,,,6.996,24.4009,40.982,0.895,,02129+5712,,1
240,HD13403,Gaia DR3 458598367152568448,HD13403,HIP10322,-,TIC347583453,-,-,J02129+5712A,G3V,PM*,33.2336,57.2045,137,02129+5712,,,,,,,,,,,,,,,,StelleDoppie,ORB6,,,,,,,6.996,24.4009,40.982,0.895,,02129+5712,,2
241,HD18757,Gaia DR3 466294295706341760,HD18757,HIP14286,GJ3194,TIC286636275,-,-,J03042+6142A,G1.5V,PM*,46.0401,61.7058,139,03042+6142,,G1.5V,5.0,12.8,,,,,,,,,,,,WDS_THE.csv,,0.14,,,,7.6,9.5,6.643,42.4587,23.552,0.835,0.08,03042+6142,,3
242,HD18757,Gaia DR3 466294295706341760,HD18757,HIP14286,GJ3194,TIC286636275,-,-,J03042+6142A,G1.5V,PM*,46.0401,61.7058,139,03042+6142,,G1.5V,5.0,,,,,,,,,,,,,WDS_THE.csv,,,,,,7.1,7.1,6.643,42.4587,23.552,0.835,,03042+6142,,4
243,HD18757,Gaia DR3 466294295706341760,HD18757,HIP14286,GJ3194,TIC286636275,-,-,J03042+6142A,G1.5V,PM*,46.0401,61.7058,139,03042+6142,,,5.0,12.8,,,,,,,,,,,,COMPOSITE,,0.14,,,,7.35,,6.643,42.4587,23.552,0.835,,03042+6142,,1
244,HD18757,Gaia DR3 466294295706341760,HD18757,HIP14286,GJ3194,TIC286636275,-,-,J03042+6142A,G1.5V,PM*,46.0401,61.7058,139,03042+6142,,,,,,,,,,,,,,,,StelleDoppie,ORB6,,,,,,,6.643,42.4587,23.552,0.835,,03042+6142,,2
245,HD24409,Gaia DR3 473347456640406016,HD24409,HIP18413,GJ3257,TIC72290819,-,-,J03562+5939AD,G3V,**,59.0482,59.642,141,03562+5939,HIP18413,,6.63,10.24,28.9,0.46,,,,51.2,,,,,,ORB6,Tok2019e,0.42,,2006.63,84.6,,,6.517,46.007,21.736,0.962,3.6,03562+5939,,2
246,HD24409,Gaia DR3 473347456640406016,HD24409,HIP18413,GJ3257,TIC72290819,-,-,J03562+5939AD,G3V,**,59.0482,59.642,141,03562+5939,,G0,6.63,12.9,,,,,,,,,,,,WDS_THE.csv,,0.23,,,,6.8,9.5,6.517,46.007,21.736,0.962,0.31,03562+5939,,4
247,HD24409,Gaia DR3 473347456640406016,HD24409,HIP18413,GJ3257,TIC72290819,-,-,J03562+5939AD,G3V,**,59.0482,59.642,141,03562+5939,,G0,6.63,10.24,,,,,,,,,,,,WDS_THE.csv,,0.42,,,,0.4,0.4,6.517,46.007,21.736,0.962,3.6,03562+5939,,5
248,HD24409,Gaia DR3 473347456640406016,HD24409,HIP18413,GJ3257,TIC72290819,-,-,J03562+5939AD,G3V,**,59.0482,59.642,141,03562+5939,,,,,,,,,,,,,,,,StelleDoppie,ORB6,,,,,,,6.517,46.007,21.736,0.962,,03562+5939,,3
249,HD24409,Gaia DR3 473347456640406016,HD24409,HIP18413,GJ3257,TIC72290819,-,-,J03562+5939AD,G3V,**,59.0482,59.642,141,03562+5939,HIP18413,,6.63,10.24,28.9,0.46,,,,51.2,,,,,,COMPOSITE,,0.42,,2006.63,84.6,3.6,,6.517,46.007,21.736,0.962,3.6,03562+5939,,1
250,HD31865,Gaia DR3 478240661338191360,HD31865,HIP23532,-,TIC416236614,-,-,J05036+6305A,G4V,PM*,75.8888,63.0859,142,05036+6305,,,,,,,,,,,,,,,,COMPOSITE,,,,,,,,7.93,31.1067,32.147,0.855,,05036+6305,,1
251,HD31865,Gaia DR3 478240661338191360,HD31865,HIP23532,-,TIC416236614,-,-,J05036+6305A,G4V,PM*,75.8888,63.0859,142,05036+6305,,,,,,,,,,,,,,,,StelleDoppie,ORB6,,,,,,,7.93,31.1067,32.147,0.855,,05036+6305,,2
252,HD34654,Gaia DR3 479668033588960768,HD34654,HIP25222,-,TIC416306574,-,-,-,F8,SB*,80.9161,64.1248,143,,HIP25222,F8+,7.3,,975.6,0.11,,,,,,,,,,Pourbaix+04,2019A&A...626A.128E,,,,326.0,2.76,,7.29,27.1433,36.842,1.105,,-,,2
253,HD34654,Gaia DR3 479668033588960768,HD34654,HIP25222,-,TIC416306574,-,-,-,F8,SB*,80.9161,64.1248,143,,HIP25222,F8+,7.3,,975.4,0.11,,,,,,,,,,Pourbaix+04,2018Obs...138...10G,,,,335.0,2.76,,7.29,27.1433,36.842,1.105,,-,,3
254,HD34654,Gaia DR3 479668033588960768,HD34654,HIP25222,-,TIC416306574,-,-,-,F8,SB*,80.9161,64.1248,143,,HIP25222,F8+,7.3,,975.5,0.11,,,,,,,,,,COMPOSITE,,,,,330.5,2.76,,7.29,27.1433,36.842,1.105,,-,,1
255,HD22399,Gaia DR3 488099359330834432,HD22399,HIP17118,-,TIC392311734,-,-,J03400+6352A,F5,PM*,54.9951,63.8704,145,03400+6352,HIP17126,,6.92,8.27,11.5,0.48,,,,70.0,,,,,,COMPOSITE,,0.82,,2000.6,337.8,,,6.884,23.3588,42.81,1.115,28.84,03400+6352,,1
256,HD22399,Gaia DR3 488099359330834432,HD22399,HIP17118,-,TIC392311734,-,-,J03400+6352A,F5,PM*,54.9951,63.8704,145,03400+6352,HIP17126,,6.92,8.27,11.5,0.48,,,,70.0,,,,,,ORB6,Tok2019e,0.82,,2000.6,337.8,,,6.884,23.3588,42.81,1.115,28.84,03400+6352,,2
257,HD37393,Gaia DR3 499849844393678336,HD37393,HIP27246,-,TIC313194754,-,-,-,G0,SB*,86.6244,74.61,147,,HIP27246,+,7.34,,4072.0,0.33,,,,,,,,,,COMPOSITE,,,,,318.5,6.63,,7.311,26.6903,37.467,0.925,,-,,1
258,HD37393,Gaia DR3 499849844393678336,HD37393,HIP27246,-,TIC313194754,-,-,-,G0,SB*,86.6244,74.61,147,,HIP27246,+,7.34,,4072.0,0.33,,,,,,,,,,Pourbaix+04,2002AJ....124.1144L,,,,318.5,6.63,,7.311,26.6903,37.467,0.925,,-,,2
259,HD10780,Gaia DR3 512167948043650816,HD10780,HIP8362,GJ75,TIC373694425,-,-,J01477+6351A,K0V,BY*,26.9368,63.8525,151,01477+6351,,,,,,,,,,,,,,,,COMPOSITE,,,,,,,,5.628,99.5902,10.041,0.906,,01477+6351,,1
260,HD10780,Gaia DR3 512167948043650816,HD10780,HIP8362,GJ75,TIC373694425,-,-,J01477+6351A,K0V,BY*,26.9368,63.8525,151,01477+6351,,,,,,,,,,,,,,,,StelleDoppie,ORB6,,,,,,,5.628,99.5902,10.041,0.906,,01477+6351,,2
261,HD13579,Gaia DR3 520377795206114688,HD13579,HIP10531,GJ90,TIC379603165,-,-,J02157+6740A,K2,BY*,33.9273,67.6723,154,02157+6740,,,,,,,,,,,,,,,,StelleDoppie,ORB6,,,,,,,7.215,53.8413,18.573,0.895,,02157+6740,,2
262,HD13579,Gaia DR3 520377795206114688,HD13579,HIP10531,GJ90,TIC379603165,-,-,J02157+6740A,K2,BY*,33.9273,67.6723,154,02157+6740,,,,,,,,,,,,,,,,COMPOSITE,,,,,,,,7.215,53.8413,18.573,0.895,,02157+6740,,1
263,38Cas,Gaia DR3 532462149551387776,HD9021,HIP7078,-,TIC353168694,-,38Cas,-,F6V,SB*,22.8073,70.2646,161,,HIP7078,F6V+,5.82,,134.1,0.31,,,,,,,,,,Pourbaix+04,1954PDAO....9..407W,,,,188.2,0.99,,5.837,36.2634,27.576,1.115,,-,,2
264,38Cas,Gaia DR3 532462149551387776,HD9021,HIP7078,-,TIC353168694,-,38Cas,-,F6V,SB*,22.8073,70.2646,161,,HIP7078,F6V+,5.82,,134.2,0.24,,,,,,,,,,Pourbaix+04,2011AJ....142...69F,,,,194.45,0.99,,5.837,36.2634,27.576,1.115,,-,,3
265,38Cas,Gaia DR3 532462149551387776,HD9021,HIP7078,-,TIC353168694,-,38Cas,-,F6V,SB*,22.8073,70.2646,161,,HIP7078,F6V+,5.82,,134.14999999999998,0.275,,,,,,,,,,COMPOSITE,,,,,191.325,0.99,,5.837,36.2634,27.576,1.115,,-,,1
266,HD75302,Gaia DR3 581100382135253760,HD75302,HIP43297,-,TIC262587669,-,-,J08492+0329A,G5V,PM*,132.3022,3.4848,163,08492+0329,,,,,,,,,,,,,,,,StelleDoppie,ORB6,,,,,,,7.45,32.9777,30.324,0.955,,08492+0329,,2
267,HD75302,Gaia DR3 581100382135253760,HD75302,HIP43297,-,TIC262587669,-,-,J08492+0329A,G5V,PM*,132.3022,3.4848,163,08492+0329,,,,,,,,,,,,,,,,COMPOSITE,,,,,,,,7.45,32.9777,30.324,0.955,,08492+0329,,1
268,epsHyaC,Gaia DR3 583151353574583424,-,HIP43109C,-,-,-,epsHyaC,J08468+0625C,F7V,SB*,131.6932,6.4192,165,,-,+G0,13.0,,3.6,0.04,,,,,,,,,,Pourbaix+04,2009ApJ...701..764F,,,,149.0,0.0,,6.717,26.4371,37.826,,,08468+0625,,16
269,epsHyaC,Gaia DR3 583151353574583424,-,HIP43109C,-,-,-,epsHyaC,J08468+0625C,F7V,SB*,131.6932,6.4192,165,,-,M5.5+,13.6,,820.3,0.0,,,,,,,,,,Pourbaix+04,2010AJ....139.1315F,,,,0.0,0.0,,6.717,26.4371,37.826,,,08468+0625,,247
270,epsHyaC,Gaia DR3 583151353574583424,-,HIP43109C,-,-,-,epsHyaC,J08468+0625C,F7V,SB*,131.6932,6.4192,165,,-,K5+M0,14.37,,8.5,0.0,,,,,,,,,,Pourbaix+04,2008ApJ...687.1253D,,,,0.0,0.0,,6.717,26.4371,37.826,,,08468+0625,,246
271,epsHyaC,Gaia DR3 583151353574583424,-,HIP43109C,-,-,-,epsHyaC,J08468+0625C,F7V,SB*,131.6932,6.4192,165,,-,+M0,,,0.5,0.0,,,,,,,,,,Pourbaix+04,2008ApJ...684..635B,,,,0.0,0.0,,6.717,26.4371,37.826,,,08468+0625,,245
272,epsHyaC,Gaia DR3 583151353574583424,-,HIP43109C,-,-,-,epsHyaC,J08468+0625C,F7V,SB*,131.6932,6.4192,165,,-,DA+M+,,,0.5,0.0,,,,,,,,,,Pourbaix+04,2011A&A...536A..43N,,,,0.0,0.0,,6.717,26.4371,37.826,,,08468+0625,,244
273,epsHyaC,Gaia DR3 583151353574583424,-,HIP43109C,-,-,-,epsHyaC,J08468+0625C,F7V,SB*,131.6932,6.4192,165,,-,M4.5+,13.8,,910.6,0.21,,,,,,,,,,Pourbaix+04,2007AJ....133...17F,,,,292.9,0.0,,6.717,26.4371,37.826,,,08468+0625,,243
274,epsHyaC,Gaia DR3 583151353574583424,-,HIP43109C,-,-,-,epsHyaC,J08468+0625C,F7V,SB*,131.6932,6.4192,165,,-,M8+G0,,,246.8,0.06,,,,,,,,,,Pourbaix+04,2008ApJ...678L.125B,,,,177.0,0.0,,6.717,26.4371,37.826,,,08468+0625,,242
275,epsHyaC,Gaia DR3 583151353574583424,-,HIP43109C,-,-,-,epsHyaC,J08468+0625C,F7V,SB*,131.6932,6.4192,165,,-,DA/K+,,,2.0,0.0,,,,,,,,,,Pourbaix+04,2011A&A...536A..43N,,,,0.0,0.0,,6.717,26.4371,37.826,,,08468+0625,,241
276,epsHyaC,Gaia DR3 583151353574583424,-,HIP43109C,-,-,-,epsHyaC,J08468+0625C,F7V,SB*,131.6932,6.4192,165,,-,DA+M3+,15.32,,0.4,0.0,,,,,,,,,,Pourbaix+04,2011A&A...536A..43N,,,,0.0,0.0,,6.717,26.4371,37.826,,,08468+0625,,240
277,epsHyaC,Gaia DR3 583151353574583424,-,HIP43109C,-,-,-,epsHyaC,J08468+0625C,F7V,SB*,131.6932,6.4192,165,,-,+,11.19,,3028.0,0.18,,,,,,,,,,Pourbaix+04,2002AJ....124.1144L,,,,55.0,0.0,,6.717,26.4371,37.826,,,08468+0625,,248
278,epsHyaC,Gaia DR3 583151353574583424,-,HIP43109C,-,-,-,epsHyaC,J08468+0625C,F7V,SB*,131.6932,6.4192,165,,-,+,17.9,,0.1,0.0,,,,,,,,,,Pourbaix+04,2012AJ....144...81T,,,,270.0,0.0,,6.717,26.4371,37.826,,,08468+0625,,239
279,epsHyaC,Gaia DR3 583151353574583424,-,HIP43109C,-,-,-,epsHyaC,J08468+0625C,F7V,SB*,131.6932,6.4192,165,,-,+,16.84,,0.4,0.0,,,,,,,,,,Pourbaix+04,2012AJ....144...81T,,,,270.0,0.0,,6.717,26.4371,37.826,,,08468+0625,,237
280,epsHyaC,Gaia DR3 583151353574583424,-,HIP43109C,-,-,-,epsHyaC,J08468+0625C,F7V,SB*,131.6932,6.4192,165,,-,M6+,13.52,,907.6,0.15,,,,,,,,,,Pourbaix+04,2008AJ....136..146F,,,,50.3,0.0,,6.717,26.4371,37.826,,,08468+0625,,236
281,epsHyaC,Gaia DR3 583151353574583424,-,HIP43109C,-,-,-,epsHyaC,J08468+0625C,F7V,SB*,131.6932,6.4192,165,,-,+,13.26,,152.9,0.03,,,,,,,,,,Pourbaix+04,2002AJ....124.1144L,,,,133.0,0.0,,6.717,26.4371,37.826,,,08468+0625,,235
282,epsHyaC,Gaia DR3 583151353574583424,-,HIP43109C,-,-,-,epsHyaC,J08468+0625C,F7V,SB*,131.6932,6.4192,165,,-,sdB+,,,0.6,0.0,,,,,,,,,,Pourbaix+04,2011MNRAS.415.1381C,,,,0.0,0.0,,6.717,26.4371,37.826,,,08468+0625,,234
283,epsHyaC,Gaia DR3 583151353574583424,-,HIP43109C,-,-,-,epsHyaC,J08468+0625C,F7V,SB*,131.6932,6.4192,165,,-,M5.5+,13.1,,671.2,0.0,,,,,,,,,,Pourbaix+04,2007AJ....133...17F,,,,0.0,0.0,,6.717,26.4371,37.826,,,08468+0625,,233
284,epsHyaC,Gaia DR3 583151353574583424,-,HIP43109C,-,-,-,epsHyaC,J08468+0625C,F7V,SB*,131.6932,6.4192,165,,-,+,17.9,,0.1,0.0,,,,,,,,,,Pourbaix+04,2012AJ....144...81T,,,,270.0,0.0,,6.717,26.4371,37.826,,,08468+0625,,232
285,epsHyaC,Gaia DR3 583151353574583424,-,HIP43109C,-,-,-,epsHyaC,J08468+0625C,F7V,SB*,131.6932,6.4192,165,,-,DC+M3+,15.34,,0.2,0.0,,,,,,,,,,Pourbaix+04,2011A&A...536A..43N,,,,0.0,0.0,,6.717,26.4371,37.826,,,08468+0625,,231
286,epsHyaC,Gaia DR3 583151353574583424,-,HIP43109C,-,-,-,epsHyaC,J08468+0625C,F7V,SB*,131.6932,6.4192,165,,-,DA+M+,14.99,,0.3,0.0,,,,,,,,,,Pourbaix+04,2011A&A...536A..43N,,,,0.0,0.0,,6.717,26.4371,37.826,,,08468+0625,,230
287,epsHyaC,Gaia DR3 583151353574583424,-,HIP43109C,-,-,-,epsHyaC,J08468+0625C,F7V,SB*,131.6932,6.4192,165,,-,+,12.1,,797.3,0.76,,,,,,,,,,Pourbaix+04,2002AJ....124.1144L,,,,188.8,0.0,,6.717,26.4371,37.826,,,08468+0625,,238
288,epsHyaC,Gaia DR3 583151353574583424,-,HIP43109C,-,-,-,epsHyaC,J08468+0625C,F7V,SB*,131.6932,6.4192,165,,-,+,14.05,,397.9,0.2,,,,,,,,,,Pourbaix+04,2002AJ....124.1144L,,,,336.5,0.0,,6.717,26.4371,37.826,,,08468+0625,,249
289,epsHyaC,Gaia DR3 583151353574583424,-,HIP43109C,-,-,-,epsHyaC,J08468+0625C,F7V,SB*,131.6932,6.4192,165,,-,+,12.64,,1815.0,0.32,,,,,,,,,,Pourbaix+04,2002AJ....124.1144L,,,,79.9,0.0,,6.717,26.4371,37.826,,,08468+0625,,250
290,epsHyaC,Gaia DR3 583151353574583424,-,HIP43109C,-,-,-,epsHyaC,J08468+0625C,F7V,SB*,131.6932,6.4192,165,,-,+,16.11,,247.4,0.05,,,,,,,,,,Pourbaix+04,2014AJ....148...38M,,,,326.0,0.0,,6.717,26.4371,37.826,,,08468+0625,,251
291,epsHyaC,Gaia DR3 583151353574583424,-,HIP43109C,-,-,-,epsHyaC,J08468+0625C,F7V,SB*,131.6932,6.4192,165,,-,+,16.35,,640.0,0.64,,,,,,,,,,Pourbaix+04,2014AJ....148...38M,,,,15.0,0.0,,6.717,26.4371,37.826,,,08468+0625,,270
292,epsHyaC,Gaia DR3 583151353574583424,-,HIP43109C,-,-,-,epsHyaC,J08468+0625C,F7V,SB*,131.6932,6.4192,165,,-,+,15.84,,279.0,0.38,,,,,,,,,,Pourbaix+04,2014AJ....148...38M,,,,305.0,0.0,,6.717,26.4371,37.826,,,08468+0625,,269
293,epsHyaC,Gaia DR3 583151353574583424,-,HIP43109C,-,-,-,epsHyaC,J08468+0625C,F7V,SB*,131.6932,6.4192,165,,-,+,15.19,,323.1,0.43,,,,,,,,,,Pourbaix+04,2014AJ....148...38M,,,,319.0,0.0,,6.717,26.4371,37.826,,,08468+0625,,268
294,epsHyaC,Gaia DR3 583151353574583424,-,HIP43109C,-,-,-,epsHyaC,J08468+0625C,F7V,SB*,131.6932,6.4192,165,,-,+,,,0.2,0.0,,,,,,,,,,Pourbaix+04,2002PASP..114...74T,,,,0.0,0.0,,6.717,26.4371,37.826,,,08468+0625,,267
295,epsHyaC,Gaia DR3 583151353574583424,-,HIP43109C,-,-,-,epsHyaC,J08468+0625C,F7V,SB*,131.6932,6.4192,165,,-,+,13.48,,22.7,0.29,,,,,,,,,,Pourbaix+04,2002AJ....124.1144L,,,,320.4,0.0,,6.717,26.4371,37.826,,,08468+0625,,266
296,epsHyaC,Gaia DR3 583151353574583424,-,HIP43109C,-,-,-,epsHyaC,J08468+0625C,F7V,SB*,131.6932,6.4192,165,,-,M3+,19.12,,32.8,0.36,,,,,,,,,,Pourbaix+04,2005A&A...444..643P,,,,14.8,0.0,,6.717,26.4371,37.826,,,08468+0625,,265
297,epsHyaC,Gaia DR3 583151353574583424,-,HIP43109C,-,-,-,epsHyaC,J08468+0625C,F7V,SB*,131.6932,6.4192,165,,-,DA/M+,,,0.5,0.0,,,,,,,,,,Pourbaix+04,2011A&A...536A..43N,,,,0.0,0.0,,6.717,26.4371,37.826,,,08468+0625,,264
298,epsHyaC,Gaia DR3 583151353574583424,-,HIP43109C,-,-,-,epsHyaC,J08468+0625C,F7V,SB*,131.6932,6.4192,165,,-,DA+M+,,,0.4,0.0,,,,,,,,,,Pourbaix+04,2011A&A...536A..43N,,,,0.0,0.0,,6.717,26.4371,37.826,,,08468+0625,,263
299,epsHyaC,Gaia DR3 583151353574583424,-,HIP43109C,-,-,-,epsHyaC,J08468+0625C,F7V,SB*,131.6932,6.4192,165,,-,DA+M+,,,0.2,0.0,,,,,,,,,,Pourbaix+04,2011A&A...536A..43N,,,,0.0,0.0,,6.717,26.4371,37.826,,,08468+0625,,262
300,epsHyaC,Gaia DR3 583151353574583424,-,HIP43109C,-,-,-,epsHyaC,J08468+0625C,F7V,SB*,131.6932,6.4192,165,,-,DA/M+,16.07,,2.5,0.0,,,,,,,,,,Pourbaix+04,2011A&A...536A..43N,,,,0.0,0.0,,6.717,26.4371,37.826,,,08468+0625,,261
301,epsHyaC,Gaia DR3 583151353574583424,-,HIP43109C,-,-,-,epsHyaC,J08468+0625C,F7V,SB*,131.6932,6.4192,165,,-,DA+M+,16.24,,0.4,0.0,,,,,,,,,,Pourbaix+04,2011A&A...536A..43N,,,,0.0,0.0,,6.717,26.4371,37.826,,,08468+0625,,260
302,epsHyaC,Gaia DR3 583151353574583424,-,HIP43109C,-,-,-,epsHyaC,J08468+0625C,F7V,SB*,131.6932,6.4192,165,,-,+,13.33,,2037.0,0.46,,,,,,,,,,Pourbaix+04,2002AJ....124.1144L,,,,355.5,0.0,,6.717,26.4371,37.826,,,08468+0625,,259
303,epsHyaC,Gaia DR3 583151353574583424,-,HIP43109C,-,-,-,epsHyaC,J08468+0625C,F7V,SB*,131.6932,6.4192,165,,-,+,15.23,,209.5,0.92,,,,,,,,,,Pourbaix+04,2014AJ....148...38M,,,,273.0,0.0,,6.717,26.4371,37.826,,,08468+0625,,258
304,epsHyaC,Gaia DR3 583151353574583424,-,HIP43109C,-,-,-,epsHyaC,J08468+0625C,F7V,SB*,131.6932,6.4192,165,,-,+,15.47,,458.4,0.54,,,,,,,,,,Pourbaix+04,2014AJ....148...38M,,,,249.0,0.0,,6.717,26.4371,37.826,,,08468+0625,,257
305,epsHyaC,Gaia DR3 583151353574583424,-,HIP43109C,-,-,-,epsHyaC,J08468+0625C,F7V,SB*,131.6932,6.4192,165,,-,+,15.11,,771.0,0.3,,,,,,,,,,Pourbaix+04,2014AJ....148...38M,,,,291.0,0.0,,6.717,26.4371,37.826,,,08468+0625,,256
306,epsHyaC,Gaia DR3 583151353574583424,-,HIP43109C,-,-,-,epsHyaC,J08468+0625C,F7V,SB*,131.6932,6.4192,165,,-,F4IV+,11.22,,1188.5,0.57,,,,,,,,,,Pourbaix+04,2003AJ....125..810S,,,,258.0,0.0,,6.717,26.4371,37.826,,,08468+0625,,255
307,epsHyaC,Gaia DR3 583151353574583424,-,HIP43109C,-,-,-,epsHyaC,J08468+0625C,F7V,SB*,131.6932,6.4192,165,,-,DA+M+,18.03,,0.2,0.0,,,,,,,,,,Pourbaix+04,2011A&A...536A..43N,,,,0.0,0.0,,6.717,26.4371,37.826,,,08468+0625,,254
308,epsHyaC,Gaia DR3 583151353574583424,-,HIP43109C,-,-,-,epsHyaC,J08468+0625C,F7V,SB*,131.6932,6.4192,165,,-,+,14.85,,762.0,0.13,,,,,,,,,,Pourbaix+04,2014AJ....148...38M,,,,193.0,0.0,,6.717,26.4371,37.826,,,08468+0625,,253
309,epsHyaC,Gaia DR3 583151353574583424,-,HIP43109C,-,-,-,epsHyaC,J08468+0625C,F7V,SB*,131.6932,6.4192,165,,-,+,12.18,,318.4,0.25,,,,,,,,,,Pourbaix+04,2002AJ....124.1144L,,,,262.0,0.0,,6.717,26.4371,37.826,,,08468+0625,,252
310,epsHyaC,Gaia DR3 583151353574583424,-,HIP43109C,-,-,-,epsHyaC,J08468+0625C,F7V,SB*,131.6932,6.4192,165,,-,+,14.4,,662.6,0.43,,,,,,,,,,Pourbaix+04,2002AJ....124.1144L,,,,336.0,0.0,,6.717,26.4371,37.826,,,08468+0625,,229
311,epsHyaC,Gaia DR3 583151353574583424,-,HIP43109C,-,-,-,epsHyaC,J08468+0625C,F7V,SB*,131.6932,6.4192,165,,-,+,13.49,,4.2,0.02,,,,,,,,,,Pourbaix+04,2002AJ....124.1144L,,,,158.0,0.0,,6.717,26.4371,37.826,,,08468+0625,,271
312,epsHyaC,Gaia DR3 583151353574583424,-,HIP43109C,-,-,-,epsHyaC,J08468+0625C,F7V,SB*,131.6932,6.4192,165,,-,M5.0V+,12.97,,95.7,0.39,,,,,,,,,,Pourbaix+04,2018A&A...619A..32B,,,,209.0,0.0,,6.717,26.4371,37.826,,,08468+0625,,228
313,epsHyaC,Gaia DR3 583151353574583424,-,HIP43109C,-,-,-,epsHyaC,J08468+0625C,F7V,SB*,131.6932,6.4192,165,,-,K4V+,11.47,,2.3,0.0,,,,,,,,,,Pourbaix+04,2019A&A...626A..31S,,,,0.0,0.0,,6.717,26.4371,37.826,,,08468+0625,,226
314,epsHyaC,Gaia DR3 583151353574583424,-,HIP43109C,-,-,-,epsHyaC,J08468+0625C,F7V,SB*,131.6932,6.4192,165,,-,+,14.54,,511.0,0.47,,,,,,,,,,Pourbaix+04,2014AJ....148...38M,,,,353.0,0.0,,6.717,26.4371,37.826,,,08468+0625,,202
315,epsHyaC,Gaia DR3 583151353574583424,-,HIP43109C,-,-,-,epsHyaC,J08468+0625C,F7V,SB*,131.6932,6.4192,165,,-,+,15.6,,370.5,0.16,,,,,,,,,,Pourbaix+04,2014AJ....148...38M,,,,332.0,0.0,,6.717,26.4371,37.826,,,08468+0625,,201
316,epsHyaC,Gaia DR3 583151353574583424,-,HIP43109C,-,-,-,epsHyaC,J08468+0625C,F7V,SB*,131.6932,6.4192,165,,-,+,14.5,,7810.0,0.67,,,,,,,,,,Pourbaix+04,2014AJ....148...38M,,,,172.0,0.0,,6.717,26.4371,37.826,,,08468+0625,,200
317,epsHyaC,Gaia DR3 583151353574583424,-,HIP43109C,-,-,-,epsHyaC,J08468+0625C,F7V,SB*,131.6932,6.4192,165,,-,+,13.45,,1240.0,0.35,,,,,,,,,,Pourbaix+04,2014AJ....148...38M,,,,99.0,0.0,,6.717,26.4371,37.826,,,08468+0625,,199
318,epsHyaC,Gaia DR3 583151353574583424,-,HIP43109C,-,-,-,epsHyaC,J08468+0625C,F7V,SB*,131.6932,6.4192,165,,-,+,13.01,,1584.0,0.39,,,,,,,,,,Pourbaix+04,2014AJ....148...38M,,,,74.0,0.0,,6.717,26.4371,37.826,,,08468+0625,,198
319,epsHyaC,Gaia DR3 583151353574583424,-,HIP43109C,-,-,-,epsHyaC,J08468+0625C,F7V,SB*,131.6932,6.4192,165,,-,M5.75+,20.1,,1895.0,0.59,,,,,,,,,,Pourbaix+04,2010A&A...521A..24J,,,,106.0,0.0,,6.717,26.4371,37.826,,,08468+0625,,197
320,epsHyaC,Gaia DR3 583151353574583424,-,HIP43109C,-,-,-,epsHyaC,J08468+0625C,F7V,SB*,131.6932,6.4192,165,,-,sdB+,13.4,,0.9,0.0,,,,,,,,,,Pourbaix+04,2011MNRAS.415.1381C,,,,0.0,0.0,,6.717,26.4371,37.826,,,08468+0625,,196
321,epsHyaC,Gaia DR3 583151353574583424,-,HIP43109C,-,-,-,epsHyaC,J08468+0625C,F7V,SB*,131.6932,6.4192,165,,-,+,12.97,,3631.0,0.21,,,,,,,,,,Pourbaix+04,2002AJ....124.1144L,,,,55.0,0.0,,6.717,26.4371,37.826,,,08468+0625,,195
322,epsHyaC,Gaia DR3 583151353574583424,-,HIP43109C,-,-,-,epsHyaC,J08468+0625C,F7V,SB*,131.6932,6.4192,165,,-,+,14.9,,620.5,0.71,,,,,,,,,,Pourbaix+04,2014AJ....148...38M,,,,211.9,0.0,,6.717,26.4371,37.826,,,08468+0625,,203
323,epsHyaC,Gaia DR3 583151353574583424,-,HIP43109C,-,-,-,epsHyaC,J08468+0625C,F7V,SB*,131.6932,6.4192,165,,-,+,15.63,,646.0,0.68,,,,,,,,,,Pourbaix+04,2014AJ....148...38M,,,,129.0,0.0,,6.717,26.4371,37.826,,,08468+0625,,194
324,epsHyaC,Gaia DR3 583151353574583424,-,HIP43109C,-,-,-,epsHyaC,J08468+0625C,F7V,SB*,131.6932,6.4192,165,,-,+,15.87,,4.3,0.05,,,,,,,,,,Pourbaix+04,2014AJ....148...38M,,,,205.0,0.0,,6.717,26.4371,37.826,,,08468+0625,,192
325,epsHyaC,Gaia DR3 583151353574583424,-,HIP43109C,-,-,-,epsHyaC,J08468+0625C,F7V,SB*,131.6932,6.4192,165,,-,+,14.32,,66.9,0.22,,,,,,,,,,Pourbaix+04,2014AJ....148...38M,,,,79.0,0.0,,6.717,26.4371,37.826,,,08468+0625,,191
326,epsHyaC,Gaia DR3 583151353574583424,-,HIP43109C,-,-,-,epsHyaC,J08468+0625C,F7V,SB*,131.6932,6.4192,165,,-,+,15.51,,93.2,0.46,,,,,,,,,,Pourbaix+04,2014AJ....148...38M,,,,297.0,0.0,,6.717,26.4371,37.826,,,08468+0625,,190
327,epsHyaC,Gaia DR3 583151353574583424,-,HIP43109C,-,-,-,epsHyaC,J08468+0625C,F7V,SB*,131.6932,6.4192,165,08468+0625,HIP43109,,3.5,5.6,15.1,0.65,,,,49.66,,,,,,ORB6,JAA2023,,288.57,1900.81,85.26,,,6.717,26.4371,37.826,,14.45,08468+0625,,9
328,epsHyaC,Gaia DR3 583151353574583424,-,HIP43109C,-,-,-,epsHyaC,J08468+0625C,F7V,SB*,131.6932,6.4192,165,,-,sdB+,12.74,,7.3,0.0,,,,,,,,,,Pourbaix+04,2011MNRAS.415.1381C,,,,0.0,0.0,,6.717,26.4371,37.826,,,08468+0625,,189
329,epsHyaC,Gaia DR3 583151353574583424,-,HIP43109C,-,-,-,epsHyaC,J08468+0625C,F7V,SB*,131.6932,6.4192,165,,-,+,13.31,,209.9,0.58,,,,,,,,,,Pourbaix+04,2014AJ....148...38M,,,,216.5,0.0,,6.717,26.4371,37.826,,,08468+0625,,188
330,epsHyaC,Gaia DR3 583151353574583424,-,HIP43109C,-,-,-,epsHyaC,J08468+0625C,F7V,SB*,131.6932,6.4192,165,,-,sdB+,13.05,,5.8,0.0,,,,,,,,,,Pourbaix+04,2011MNRAS.415.1381C,,,,0.0,0.0,,6.717,26.4371,37.826,,,08468+0625,,187
331,epsHyaC,Gaia DR3 583151353574583424,-,HIP43109C,-,-,-,epsHyaC,J08468+0625C,F7V,SB*,131.6932,6.4192,165,,-,sdB+,12.83,,1.0,0.0,,,,,,,,,,Pourbaix+04,2011MNRAS.415.1381C,,,,0.0,0.0,,6.717,26.4371,37.826,,,08468+0625,,186
332,epsHyaC,Gaia DR3 583151353574583424,-,HIP43109C,-,-,-,epsHyaC,J08468+0625C,F7V,SB*,131.6932,6.4192,165,,-,sdB+,13.26,,0.9,0.0,,,,,,,,,,Pourbaix+04,2011MNRAS.415.1381C,,,,0.0,0.0,,6.717,26.4371,37.826,,,08468+0625,,185
333,epsHyaC,Gaia DR3 583151353574583424,-,HIP43109C,-,-,-,epsHyaC,J08468+0625C,F7V,SB*,131.6932,6.4192,165,,-,sdB+,13.31,,1.1,0.0,,,,,,,,,,Pourbaix+04,2011MNRAS.415.1381C,,,,0.0,0.0,,6.717,26.4371,37.826,,,08468+0625,,193
334,epsHyaC,Gaia DR3 583151353574583424,-,HIP43109C,-,-,-,epsHyaC,J08468+0625C,F7V,SB*,131.6932,6.4192,165,,-,sdB+,13.56,,3.2,0.0,,,,,,,,,,Pourbaix+04,2011MNRAS.415.1381C,,,,0.0,0.0,,6.717,26.4371,37.826,,,08468+0625,,204
335,epsHyaC,Gaia DR3 583151353574583424,-,HIP43109C,-,-,-,epsHyaC,J08468+0625C,F7V,SB*,131.6932,6.4192,165,,-,sdB+,12.8,,4.1,0.0,,,,,,,,,,Pourbaix+04,2011MNRAS.415.1381C,,,,0.0,0.0,,6.717,26.4371,37.826,,,08468+0625,,205
336,epsHyaC,Gaia DR3 583151353574583424,-,HIP43109C,-,-,-,epsHyaC,J08468+0625C,F7V,SB*,131.6932,6.4192,165,,-,+,13.4,,0.2,0.0,,,,,,,,,,Pourbaix+04,2011MNRAS.415.1381C,,,,0.0,0.0,,6.717,26.4371,37.826,,,08468+0625,,206
337,epsHyaC,Gaia DR3 583151353574583424,-,HIP43109C,-,-,-,epsHyaC,J08468+0625C,F7V,SB*,131.6932,6.4192,165,,-,+,16.39,,4.7,0.01,,,,,,,,,,Pourbaix+04,2014AJ....148...38M,,,,12.0,0.0,,6.717,26.4371,37.826,,,08468+0625,,225
338,epsHyaC,Gaia DR3 583151353574583424,-,HIP43109C,-,-,-,epsHyaC,J08468+0625C,F7V,SB*,131.6932,6.4192,165,,-,+,14.98,,24.0,0.4,,,,,,,,,,Pourbaix+04,2014AJ....148...38M,,,,248.0,0.0,,6.717,26.4371,37.826,,,08468+0625,,224
339,epsHyaC,Gaia DR3 583151353574583424,-,HIP43109C,-,-,-,epsHyaC,J08468+0625C,F7V,SB*,131.6932,6.4192,165,,-,+,16.23,,1.7,0.02,,,,,,,,,,Pourbaix+04,2014AJ....148...38M,,,,240.0,0.0,,6.717,26.4371,37.826,,,08468+0625,,223
340,epsHyaC,Gaia DR3 583151353574583424,-,HIP43109C,-,-,-,epsHyaC,J08468+0625C,F7V,SB*,131.6932,6.4192,165,,-,+,12.94,,7369.0,0.61,,,,,,,,,,Pourbaix+04,2014AJ....148...38M,,,,345.0,0.0,,6.717,26.4371,37.826,,,08468+0625,,222
341,epsHyaC,Gaia DR3 583151353574583424,-,HIP43109C,-,-,-,epsHyaC,J08468+0625C,F7V,SB*,131.6932,6.4192,165,,-,+,12.69,,653.4,0.23,,,,,,,,,,Pourbaix+04,2014AJ....148...38M,,,,88.0,0.0,,6.717,26.4371,37.826,,,08468+0625,,221
342,epsHyaC,Gaia DR3 583151353574583424,-,HIP43109C,-,-,-,epsHyaC,J08468+0625C,F7V,SB*,131.6932,6.4192,165,,-,+,13.12,,2920.0,0.39,,,,,,,,,,Pourbaix+04,2014AJ....148...38M,,,,19.0,0.0,,6.717,26.4371,37.826,,,08468+0625,,220
343,epsHyaC,Gaia DR3 583151353574583424,-,HIP43109C,-,-,-,epsHyaC,J08468+0625C,F7V,SB*,131.6932,6.4192,165,,-,+,13.18,,10.8,0.0,,,,,,,,,,Pourbaix+04,1992AJ....104..774L,,,,117.0,0.0,,6.717,26.4371,37.826,,,08468+0625,,219
344,epsHyaC,Gaia DR3 583151353574583424,-,HIP43109C,-,-,-,epsHyaC,J08468+0625C,F7V,SB*,131.6932,6.4192,165,,-,+,13.18,,10.8,0.0,,,,,,,,,,Pourbaix+04,2002AJ....124.1132G,,,,188.0,0.0,,6.717,26.4371,37.826,,,08468+0625,,218
345,epsHyaC,Gaia DR3 583151353574583424,-,HIP43109C,-,-,-,epsHyaC,J08468+0625C,F7V,SB*,131.6932,6.4192,165,,-,DA/M+,,,0.1,0.0,,,,,,,,,,Pourbaix+04,2011A&A...536A..43N,,,,0.0,0.0,,6.717,26.4371,37.826,,,08468+0625,,217
346,epsHyaC,Gaia DR3 583151353574583424,-,HIP43109C,-,-,-,epsHyaC,J08468+0625C,F7V,SB*,131.6932,6.4192,165,,-,DA/M+,,,2.3,0.0,,,,,,,,,,Pourbaix+04,2011A&A...536A..43N,,,,0.0,0.0,,6.717,26.4371,37.826,,,08468+0625,,216
347,epsHyaC,Gaia DR3 583151353574583424,-,HIP43109C,-,-,-,epsHyaC,J08468+0625C,F7V,SB*,131.6932,6.4192,165,,-,+,15.5,,1340.0,0.77,,,,,,,,,,Pourbaix+04,2014AJ....148...38M,,,,83.0,0.0,,6.717,26.4371,37.826,,,08468+0625,,215
348,epsHyaC,Gaia DR3 583151353574583424,-,HIP43109C,-,-,-,epsHyaC,J08468+0625C,F7V,SB*,131.6932,6.4192,165,,-,+,15.23,,414.0,0.71,,,,,,,,,,Pourbaix+04,2014AJ....148...38M,,,,119.0,0.0,,6.717,26.4371,37.826,,,08468+0625,,214
349,epsHyaC,Gaia DR3 583151353574583424,-,HIP43109C,-,-,-,epsHyaC,J08468+0625C,F7V,SB*,131.6932,6.4192,165,,-,G:+,13.6,,95.5,0.45,,,,,,,,,,Pourbaix+04,2002AJ....124.1144L,,,,9.2,0.0,,6.717,26.4371,37.826,,,08468+0625,,213
350,epsHyaC,Gaia DR3 583151353574583424,-,HIP43109C,-,-,-,epsHyaC,J08468+0625C,F7V,SB*,131.6932,6.4192,165,,-,sdB+,14.1,,10.4,0.0,,,,,,,,,,Pourbaix+04,2011MNRAS.415.1381C,,,,0.0,0.0,,6.717,26.4371,37.826,,,08468+0625,,212
351,epsHyaC,Gaia DR3 583151353574583424,-,HIP43109C,-,-,-,epsHyaC,J08468+0625C,F7V,SB*,131.6932,6.4192,165,,-,+,14.81,,543.1,0.5,,,,,,,,,,Pourbaix+04,2014AJ....148...38M,,,,249.3,0.0,,6.717,26.4371,37.826,,,08468+0625,,211
352,epsHyaC,Gaia DR3 583151353574583424,-,HIP43109C,-,-,-,epsHyaC,J08468+0625C,F7V,SB*,131.6932,6.4192,165,,-,M1.5V+,9.92,,721.0,0.51,,,,,,,,,,Pourbaix+04,2018A&A...619A..32B,,,,109.0,0.0,,6.717,26.4371,37.826,,,08468+0625,,210
353,epsHyaC,Gaia DR3 583151353574583424,-,HIP43109C,-,-,-,epsHyaC,J08468+0625C,F7V,SB*,131.6932,6.4192,165,,-,DA/M+,,,0.5,0.0,,,,,,,,,,Pourbaix+04,2011A&A...536A..43N,,,,0.0,0.0,,6.717,26.4371,37.826,,,08468+0625,,209
354,epsHyaC,Gaia DR3 583151353574583424,-,HIP43109C,-,-,-,epsHyaC,J08468+0625C,F7V,SB*,131.6932,6.4192,165,,-,+,14.84,,142.3,0.32,,,,,,,,,,Pourbaix+04,2014AJ....148...38M,,,,304.0,0.0,,6.717,26.4371,37.826,,,08468+0625,,208
355,epsHyaC,Gaia DR3 583151353574583424,-,HIP43109C,-,-,-,epsHyaC,J08468+0625C,F7V,SB*,131.6932,6.4192,165,,-,+,14.73,,141.8,0.52,,,,,,,,,,Pourbaix+04,2014AJ....148...38M,,,,197.0,0.0,,6.717,26.4371,37.826,,,08468+0625,,207
356,epsHyaC,Gaia DR3 583151353574583424,-,HIP43109C,-,-,-,epsHyaC,J08468+0625C,F7V,SB*,131.6932,6.4192,165,,-,+,15.04,,3540.0,0.08,,,,,,,,,,Pourbaix+04,2014AJ....148...38M,,,,40.0,0.0,,6.717,26.4371,37.826,,,08468+0625,,227
357,epsHyaC,Gaia DR3 583151353574583424,-,HIP43109C,-,-,-,epsHyaC,J08468+0625C,F7V,SB*,131.6932,6.4192,165,,-,+,14.37,,113.7,0.16,,,,,,,,,,Pourbaix+04,2014AJ....148...38M,,,,166.0,0.0,,6.717,26.4371,37.826,,,08468+0625,,272
358,epsHyaC,Gaia DR3 583151353574583424,-,HIP43109C,-,-,-,epsHyaC,J08468+0625C,F7V,SB*,131.6932,6.4192,165,,-,sd:G0+,11.81,,108.3,0.27,,,,,,,,,,Pourbaix+04,2002AJ....124.1132G,,,,30.5,0.0,,6.717,26.4371,37.826,,,08468+0625,,273
359,epsHyaC,Gaia DR3 583151353574583424,-,HIP43109C,-,-,-,epsHyaC,J08468+0625C,F7V,SB*,131.6932,6.4192,165,,-,+,15.34,,583.0,0.26,,,,,,,,,,Pourbaix+04,2014AJ....148...38M,,,,268.0,0.0,,6.717,26.4371,37.826,,,08468+0625,,274
360,epsHyaC,Gaia DR3 583151353574583424,-,HIP43109C,-,-,-,epsHyaC,J08468+0625C,F7V,SB*,131.6932,6.4192,165,,-,DA/M+,,,0.5,0.0,,,,,,,,,,Pourbaix+04,2011A&A...536A..43N,,,,0.0,0.0,,6.717,26.4371,37.826,,,08468+0625,,337
361,epsHyaC,Gaia DR3 583151353574583424,-,HIP43109C,-,-,-,epsHyaC,J08468+0625C,F7V,SB*,131.6932,6.4192,165,,-,K4III+,14.075,6.66,10.600000000000001,0.01,,0.25,,49.66,,,,,,COMPOSITE,,,162.51,2085.92,74.0,0.0,,6.717,26.4371,37.826,,,08468+0625,,1
362,epsHyaC,Gaia DR3 583151353574583424,-,HIP43109C,-,-,-,epsHyaC,J08468+0625C,F7V,SB*,131.6932,6.4192,165,,-,G2+,11.74,,237.7,0.39,,,,,,,,,,Pourbaix+04,1992AJ....104..774L,,,,13.0,0.0,,6.717,26.4371,37.826,,,08468+0625,,336
363,epsHyaC,Gaia DR3 583151353574583424,-,HIP43109C,-,-,-,epsHyaC,J08468+0625C,F7V,SB*,131.6932,6.4192,165,,-,G+,12.75,,560.0,0.2,,,,,,,,,,Pourbaix+04,1992AJ....104..774L,,,,356.0,0.0,,6.717,26.4371,37.826,,,08468+0625,,335
364,epsHyaC,Gaia DR3 583151353574583424,-,HIP43109C,-,-,-,epsHyaC,J08468+0625C,F7V,SB*,131.6932,6.4192,165,,-,sd:G0+,11.81,,108.5,0.26,,,,,,,,,,Pourbaix+04,1992AJ....104..774L,,,,15.7,0.0,,6.717,26.4371,37.826,,,08468+0625,,334
365,epsHyaC,Gaia DR3 583151353574583424,-,HIP43109C,-,-,-,epsHyaC,J08468+0625C,F7V,SB*,131.6932,6.4192,165,,-,DA+M4+,17.0,,0.3,0.0,,,,,,,,,,Pourbaix+04,2011A&A...536A..43N,,,,0.0,0.0,,6.717,26.4371,37.826,,,08468+0625,,333
366,epsHyaC,Gaia DR3 583151353574583424,-,HIP43109C,-,-,-,epsHyaC,J08468+0625C,F7V,SB*,131.6932,6.4192,165,,-,G+,12.75,,558.3,0.22,,,,,,,,,,Pourbaix+04,2002AJ....124.1144L,,,,2.3,0.0,,6.717,26.4371,37.826,,,08468+0625,,332
367,epsHyaC,Gaia DR3 583151353574583424,-,HIP43109C,-,-,-,epsHyaC,J08468+0625C,F7V,SB*,131.6932,6.4192,165,,-,em+,17.3,,0.2,0.0,,,,,,,,,,Pourbaix+04,1986ApJ...306..599C,,,,0.0,0.0,,6.717,26.4371,37.826,,,08468+0625,,331
368,epsHyaC,Gaia DR3 583151353574583424,-,HIP43109C,-,-,-,epsHyaC,J08468+0625C,F7V,SB*,131.6932,6.4192,165,,-,+,11.99,,19.4,0.52,,,,,,,,,,Pourbaix+04,1992AJ....104..774L,,,,319.3,0.0,,6.717,26.4371,37.826,,,08468+0625,,330
369,epsHyaC,Gaia DR3 583151353574583424,-,HIP43109C,-,-,-,epsHyaC,J08468+0625C,F7V,SB*,131.6932,6.4192,165,,-,DA/M+,,,0.7,0.0,,,,,,,,,,Pourbaix+04,2011A&A...536A..43N,,,,0.0,0.0,,6.717,26.4371,37.826,,,08468+0625,,338
370,epsHyaC,Gaia DR3 583151353574583424,-,HIP43109C,-,-,-,epsHyaC,J08468+0625C,F7V,SB*,131.6932,6.4192,165,,-,+,15.0,,20.9,0.06,,,,,,,,,,Pourbaix+04,2014AJ....148...38M,,,,351.0,0.0,,6.717,26.4371,37.826,,,08468+0625,,329
371,epsHyaC,Gaia DR3 583151353574583424,-,HIP43109C,-,-,-,epsHyaC,J08468+0625C,F7V,SB*,131.6932,6.4192,165,,-,+,13.74,,193.8,0.61,,,,,,,,,,Pourbaix+04,2002AJ....124.1144L,,,,13.7,0.0,,6.717,26.4371,37.826,,,08468+0625,,327
372,epsHyaC,Gaia DR3 583151353574583424,-,HIP43109C,-,-,-,epsHyaC,J08468+0625C,F7V,SB*,131.6932,6.4192,165,,-,DA/M+,,,1.5,0.0,,,,,,,,,,Pourbaix+04,2011A&A...536A..43N,,,,0.0,0.0,,6.717,26.4371,37.826,,,08468+0625,,326
373,epsHyaC,Gaia DR3 583151353574583424,-,HIP43109C,-,-,-,epsHyaC,J08468+0625C,F7V,SB*,131.6932,6.4192,165,,-,DA/M+,,,0.4,0.0,,,,,,,,,,Pourbaix+04,2011A&A...536A..43N,,,,0.0,0.0,,6.717,26.4371,37.826,,,08468+0625,,325
374,epsHyaC,Gaia DR3 583151353574583424,-,HIP43109C,-,-,-,epsHyaC,J08468+0625C,F7V,SB*,131.6932,6.4192,165,,-,DA/M+,,,0.1,0.0,,,,,,,,,,Pourbaix+04,2011A&A...536A..43N,,,,0.0,0.0,,6.717,26.4371,37.826,,,08468+0625,,324
375,epsHyaC,Gaia DR3 583151353574583424,-,HIP43109C,-,-,-,epsHyaC,J08468+0625C,F7V,SB*,131.6932,6.4192,165,,-,+,15.14,,2230.0,0.16,,,,,,,,,,Pourbaix+04,2014AJ....148...38M,,,,97.0,0.0,,6.717,26.4371,37.826,,,08468+0625,,323
376,epsHyaC,Gaia DR3 583151353574583424,-,HIP43109C,-,-,-,epsHyaC,J08468+0625C,F7V,SB*,131.6932,6.4192,165,,-,G:+,13.6,,95.5,0.46,,,,,,,,,,Pourbaix+04,1992AJ....104..774L,,,,11.8,0.0,,6.717,26.4371,37.826,,,08468+0625,,322
377,epsHyaC,Gaia DR3 583151353574583424,-,HIP43109C,-,-,-,epsHyaC,J08468+0625C,F7V,SB*,131.6932,6.4192,165,,-,+,15.11,,51.0,0.53,,,,,,,,,,Pourbaix+04,2014AJ....148...38M,,,,135.0,0.0,,6.717,26.4371,37.826,,,08468+0625,,321
378,epsHyaC,Gaia DR3 583151353574583424,-,HIP43109C,-,-,-,epsHyaC,J08468+0625C,F7V,SB*,131.6932,6.4192,165,,-,+,11.99,,19.4,0.52,,,,,,,,,,Pourbaix+04,2002AJ....124.1144L,,,,318.2,0.0,,6.717,26.4371,37.826,,,08468+0625,,320
379,epsHyaC,Gaia DR3 583151353574583424,-,HIP43109C,-,-,-,epsHyaC,J08468+0625C,F7V,SB*,131.6932,6.4192,165,,-,G2+,11.74,,238.3,0.38,,,,,,,,,,Pourbaix+04,2002AJ....124.1144L,,,,5.1,0.0,,6.717,26.4371,37.826,,,08468+0625,,340
380,epsHyaC,Gaia DR3 583151353574583424,-,HIP43109C,-,-,-,epsHyaC,J08468+0625C,F7V,SB*,131.6932,6.4192,165,,-,+,,,0.2,0.0,,,,,,,,,,Pourbaix+04,2002PASP..114...74T,,,,0.0,0.0,,6.717,26.4371,37.826,,,08468+0625,,339
381,epsHyaC,Gaia DR3 583151353574583424,-,HIP43109C,-,-,-,epsHyaC,J08468+0625C,F7V,SB*,131.6932,6.4192,165,,-,+,,,0.2,0.0,,,,,,,,,,Pourbaix+04,2002PASP..114...74T,,,,0.0,0.0,,6.717,26.4371,37.826,,,08468+0625,,349
382,epsHyaC,Gaia DR3 583151353574583424,-,HIP43109C,-,-,-,epsHyaC,J08468+0625C,F7V,SB*,131.6932,6.4192,165,,-,+,15.7,,0.2,0.0,,,,,,,,,,Pourbaix+04,2000A&A...358..600T,,,,0.0,0.0,,6.717,26.4371,37.826,,,08468+0625,,341
383,epsHyaC,Gaia DR3 583151353574583424,-,HIP43109C,-,-,-,epsHyaC,J08468+0625C,F7V,SB*,131.6932,6.4192,165,,-,K+,14.42,,1.5,0.0,,,,,,,,,,Pourbaix+04,2004ApJ...609L..37K,,,,0.0,0.0,,6.717,26.4371,37.826,,,08468+0625,,359
384,epsHyaC,Gaia DR3 583151353574583424,-,HIP43109C,-,-,-,epsHyaC,J08468+0625C,F7V,SB*,131.6932,6.4192,165,08468+0625,HIP43109,,3.49,6.66,371.9,0.47,,,,46.88,,,,,,ORB6,Izm2019,,162.51,2085.92,256.87,,,6.717,26.4371,37.826,,5.4,08468+0625,,8
385,epsHyaC,Gaia DR3 583151353574583424,-,HIP43109C,-,-,-,epsHyaC,J08468+0625C,F7V,SB*,131.6932,6.4192,165,,-,WN7+,12.65,,3.2,0.0,,,,,,,,,,Pourbaix+04,2000A&A...362..973N,,,,270.0,0.0,,6.717,26.4371,37.826,,,08468+0625,,358
386,epsHyaC,Gaia DR3 583151353574583424,-,HIP43109C,-,-,-,epsHyaC,J08468+0625C,F7V,SB*,131.6932,6.4192,165,,-,WN3+,13.42,,34.0,0.41,,,,,,,,,,Pourbaix+04,1991IAUS..143..201N,,,,41.0,0.0,,6.717,26.4371,37.826,,,08468+0625,,357
387,epsHyaC,Gaia DR3 583151353574583424,-,HIP43109C,-,-,-,epsHyaC,J08468+0625C,F7V,SB*,131.6932,6.4192,165,,-,+,17.7,,0.1,0.0,,,,,,,,,,Pourbaix+04,2012AJ....144...81T,,,,270.0,0.0,,6.717,26.4371,37.826,,,08468+0625,,356
388,epsHyaC,Gaia DR3 583151353574583424,-,HIP43109C,-,-,-,epsHyaC,J08468+0625C,F7V,SB*,131.6932,6.4192,165,,-,DA/M+,,,0.1,0.0,,,,,,,,,,Pourbaix+04,2011A&A...536A..43N,,,,0.0,0.0,,6.717,26.4371,37.826,,,08468+0625,,355
389,epsHyaC,Gaia DR3 583151353574583424,-,HIP43109C,-,-,-,epsHyaC,J08468+0625C,F7V,SB*,131.6932,6.4192,165,,-,+,18.7,,0.3,0.0,,,,,,,,,,Pourbaix+04,2012AJ....144...81T,,,,270.0,0.0,,6.717,26.4371,37.826,,,08468+0625,,354
390,epsHyaC,Gaia DR3 583151353574583424,-,HIP43109C,-,-,-,epsHyaC,J08468+0625C,F7V,SB*,131.6932,6.4192,165,,-,+,18.7,,0.3,0.0,,,,,,,,,,Pourbaix+04,2012AJ....144...81T,,,,270.0,0.0,,6.717,26.4371,37.826,,,08468+0625,,353
391,epsHyaC,Gaia DR3 583151353574583424,-,HIP43109C,-,-,-,epsHyaC,J08468+0625C,F7V,SB*,131.6932,6.4192,165,,-,+,13.0,,809.8,0.78,,,,,,,,,,Pourbaix+04,2002AJ....124.1144L,,,,39.1,0.0,,6.717,26.4371,37.826,,,08468+0625,,352
392,epsHyaC,Gaia DR3 583151353574583424,-,HIP43109C,-,-,-,epsHyaC,J08468+0625C,F7V,SB*,131.6932,6.4192,165,,-,+,12.83,,1524.0,0.24,,,,,,,,,,Pourbaix+04,2014AJ....148...38M,,,,131.0,0.0,,6.717,26.4371,37.826,,,08468+0625,,360
393,epsHyaC,Gaia DR3 583151353574583424,-,HIP43109C,-,-,-,epsHyaC,J08468+0625C,F7V,SB*,131.6932,6.4192,165,,-,+,12.82,,1144.0,0.55,,,,,,,,,,Pourbaix+04,2014AJ....148...38M,,,,107.0,0.0,,6.717,26.4371,37.826,,,08468+0625,,350
394,epsHyaC,Gaia DR3 583151353574583424,-,HIP43109C,-,-,-,epsHyaC,J08468+0625C,F7V,SB*,131.6932,6.4192,165,,-,+,11.69,,2379.0,0.24,,,,,,,,,,Pourbaix+04,2014AJ....148...38M,,,,143.0,0.0,,6.717,26.4371,37.826,,,08468+0625,,351
395,epsHyaC,Gaia DR3 583151353574583424,-,HIP43109C,-,-,-,epsHyaC,J08468+0625C,F7V,SB*,131.6932,6.4192,165,,-,+,,,0.2,0.0,,,,,,,,,,Pourbaix+04,2002PASP..114...74T,,,,0.0,0.0,,6.717,26.4371,37.826,,,08468+0625,,348
396,epsHyaC,Gaia DR3 583151353574583424,-,HIP43109C,-,-,-,epsHyaC,J08468+0625C,F7V,SB*,131.6932,6.4192,165,,-,+,12.73,,17.7,0.02,,,,,,,,,,Pourbaix+04,2014AJ....148...38M,,,,130.0,0.0,,6.717,26.4371,37.826,,,08468+0625,,347
397,epsHyaC,Gaia DR3 583151353574583424,-,HIP43109C,-,-,-,epsHyaC,J08468+0625C,F7V,SB*,131.6932,6.4192,165,,-,+,,,0.2,0.0,,,,,,,,,,Pourbaix+04,2002PASP..114...74T,,,,0.0,0.0,,6.717,26.4371,37.826,,,08468+0625,,346
398,epsHyaC,Gaia DR3 583151353574583424,-,HIP43109C,-,-,-,epsHyaC,J08468+0625C,F7V,SB*,131.6932,6.4192,165,,-,+,12.29,,1.4,0.0,,,,,,,,,,Pourbaix+04,2003AJ....125..825T,,,,0.0,0.0,,6.717,26.4371,37.826,,,08468+0625,,345
399,epsHyaC,Gaia DR3 583151353574583424,-,HIP43109C,-,-,-,epsHyaC,J08468+0625C,F7V,SB*,131.6932,6.4192,165,,-,+,,,1710.0,0.0,,,,,,,,,,Pourbaix+04,1980ApJ...236L..25M,,,,0.0,0.0,,6.717,26.4371,37.826,,,08468+0625,,344
400,epsHyaC,Gaia DR3 583151353574583424,-,HIP43109C,-,-,-,epsHyaC,J08468+0625C,F7V,SB*,131.6932,6.4192,165,,-,DA/M+,,,2.6,0.0,,,,,,,,,,Pourbaix+04,2011A&A...536A..43N,,,,0.0,0.0,,6.717,26.4371,37.826,,,08468+0625,,343
401,epsHyaC,Gaia DR3 583151353574583424,-,HIP43109C,-,-,-,epsHyaC,J08468+0625C,F7V,SB*,131.6932,6.4192,165,,-,DC/M+,,,0.2,0.0,,,,,,,,,,Pourbaix+04,2011A&A...536A..43N,,,,0.0,0.0,,6.717,26.4371,37.826,,,08468+0625,,342
402,epsHyaC,Gaia DR3 583151353574583424,-,HIP43109C,-,-,-,epsHyaC,J08468+0625C,F7V,SB*,131.6932,6.4192,165,,-,+,13.28,,1405.0,0.25,,,,,,,,,,Pourbaix+04,1994A&AS..105....1I,,,,355.82,0.0,,6.717,26.4371,37.826,,,08468+0625,,319
403,epsHyaC,Gaia DR3 583151353574583424,-,HIP43109C,-,-,-,epsHyaC,J08468+0625C,F7V,SB*,131.6932,6.4192,165,,-,DA/M+,,,0.3,0.0,,,,,,,,,,Pourbaix+04,2011A&A...536A..43N,,,,0.0,0.0,,6.717,26.4371,37.826,,,08468+0625,,318
404,epsHyaC,Gaia DR3 583151353574583424,-,HIP43109C,-,-,-,epsHyaC,J08468+0625C,F7V,SB*,131.6932,6.4192,165,,-,+,16.26,,2600.0,0.23,,,,,,,,,,Pourbaix+04,2014AJ....148...38M,,,,90.0,0.0,,6.717,26.4371,37.826,,,08468+0625,,317
405,epsHyaC,Gaia DR3 583151353574583424,-,HIP43109C,-,-,-,epsHyaC,J08468+0625C,F7V,SB*,131.6932,6.4192,165,,-,+,15.11,,3.6,0.01,,,,,,,,,,Pourbaix+04,2014AJ....148...38M,,,,326.0,0.0,,6.717,26.4371,37.826,,,08468+0625,,316
406,epsHyaC,Gaia DR3 583151353574583424,-,HIP43109C,-,-,-,epsHyaC,J08468+0625C,F7V,SB*,131.6932,6.4192,165,,-,+,16.29,,42.6,0.39,,,,,,,,,,Pourbaix+04,2014AJ....148...38M,,,,77.0,0.0,,6.717,26.4371,37.826,,,08468+0625,,292
407,epsHyaC,Gaia DR3 583151353574583424,-,HIP43109C,-,-,-,epsHyaC,J08468+0625C,F7V,SB*,131.6932,6.4192,165,,-,+,15.9,,73.1,0.55,,,,,,,,,,Pourbaix+04,2014AJ....148...38M,,,,41.3,0.0,,6.717,26.4371,37.826,,,08468+0625,,291
408,epsHyaC,Gaia DR3 583151353574583424,-,HIP43109C,-,-,-,epsHyaC,J08468+0625C,F7V,SB*,131.6932,6.4192,165,,-,K+,14.42,,1.5,0.0,,,,,,,,,,Pourbaix+04,2004A&A...421L..13B,,,,0.0,0.0,,6.717,26.4371,37.826,,,08468+0625,,290
409,epsHyaC,Gaia DR3 583151353574583424,-,HIP43109C,-,-,-,epsHyaC,J08468+0625C,F7V,SB*,131.6932,6.4192,165,,-,DA+dMe+,15.26,,2.1,0.0,,,,,,,,,,Pourbaix+04,2011A&A...536A..43N,,,,0.0,0.0,,6.717,26.4371,37.826,,,08468+0625,,289
410,epsHyaC,Gaia DR3 583151353574583424,-,HIP43109C,-,-,-,epsHyaC,J08468+0625C,F7V,SB*,131.6932,6.4192,165,,-,+,13.84,,5200.0,0.1,,,,,,,,,,Pourbaix+04,2014AJ....148...38M,,,,344.0,0.0,,6.717,26.4371,37.826,,,08468+0625,,288
411,epsHyaC,Gaia DR3 583151353574583424,-,HIP43109C,-,-,-,epsHyaC,J08468+0625C,F7V,SB*,131.6932,6.4192,165,,-,+,13.31,,1449.0,0.06,,,,,,,,,,Pourbaix+04,2014AJ....148...38M,,,,180.0,0.0,,6.717,26.4371,37.826,,,08468+0625,,287
412,epsHyaC,Gaia DR3 583151353574583424,-,HIP43109C,-,-,-,epsHyaC,J08468+0625C,F7V,SB*,131.6932,6.4192,165,,-,+,15.08,,1.8,0.02,,,,,,,,,,Pourbaix+04,2014AJ....148...38M,,,,300.0,0.0,,6.717,26.4371,37.826,,,08468+0625,,286
413,epsHyaC,Gaia DR3 583151353574583424,-,HIP43109C,-,-,-,epsHyaC,J08468+0625C,F7V,SB*,131.6932,6.4192,165,,-,+,12.95,,3360.0,0.72,,,,,,,,,,Pourbaix+04,2014AJ....148...38M,,,,113.0,0.0,,6.717,26.4371,37.826,,,08468+0625,,285
414,epsHyaC,Gaia DR3 583151353574583424,-,HIP43109C,-,-,-,epsHyaC,J08468+0625C,F7V,SB*,131.6932,6.4192,165,,-,WN7+,12.65,,3.2,0.0,,,,,,,,,,Pourbaix+04,2000A&A...362..973N,,,,270.0,0.0,,6.717,26.4371,37.826,,,08468+0625,,293
415,epsHyaC,Gaia DR3 583151353574583424,-,HIP43109C,-,-,-,epsHyaC,J08468+0625C,F7V,SB*,131.6932,6.4192,165,,-,+,14.52,,40.8,0.59,,,,,,,,,,Pourbaix+04,2014AJ....148...38M,,,,213.9,0.0,,6.717,26.4371,37.826,,,08468+0625,,284
416,epsHyaC,Gaia DR3 583151353574583424,-,HIP43109C,-,-,-,epsHyaC,J08468+0625C,F7V,SB*,131.6932,6.4192,165,,-,sdB+,14.0,,1.8,0.0,,,,,,,,,,Pourbaix+04,2011MNRAS.415.1381C,,,,0.0,0.0,,6.717,26.4371,37.826,,,08468+0625,,282
417,epsHyaC,Gaia DR3 583151353574583424,-,HIP43109C,-,-,-,epsHyaC,J08468+0625C,F7V,SB*,131.6932,6.4192,165,,-,+,11.74,,353.9,0.38,,,,,,,,,,Pourbaix+04,1990AJ....100.1859M,,,,82.0,0.0,,6.717,26.4371,37.826,,,08468+0625,,281
418,epsHyaC,Gaia DR3 583151353574583424,-,HIP43109C,-,-,-,epsHyaC,J08468+0625C,F7V,SB*,131.6932,6.4192,165,,-,+,11.96,,1581.1,0.56,,,,,,,,,,Pourbaix+04,1997A&A...319..481M,,,,95.2,0.0,,6.717,26.4371,37.826,,,08468+0625,,280
419,epsHyaC,Gaia DR3 583151353574583424,-,HIP43109C,-,-,-,epsHyaC,J08468+0625C,F7V,SB*,131.6932,6.4192,165,,-,DA/M+,,,0.4,0.0,,,,,,,,,,Pourbaix+04,2011A&A...536A..43N,,,,0.0,0.0,,6.717,26.4371,37.826,,,08468+0625,,279
420,epsHyaC,Gaia DR3 583151353574583424,-,HIP43109C,-,-,-,epsHyaC,J08468+0625C,F7V,SB*,131.6932,6.4192,165,,-,K0+,12.6,,2.2,0.0,,,,,,,,,,Pourbaix+04,2002AJ....123.1701T,,,,0.0,0.0,,6.717,26.4371,37.826,,,08468+0625,,278
421,epsHyaC,Gaia DR3 583151353574583424,-,HIP43109C,-,-,-,epsHyaC,J08468+0625C,F7V,SB*,131.6932,6.4192,165,,-,dM3e+,14.5,,11.8,0.0,,,,,,,,,,Pourbaix+04,2002AJ....123.1701T,,,,0.0,0.0,,6.717,26.4371,37.826,,,08468+0625,,277
422,epsHyaC,Gaia DR3 583151353574583424,-,HIP43109C,-,-,-,epsHyaC,J08468+0625C,F7V,SB*,131.6932,6.4192,165,,-,G7+,12.62,,2.4,0.0,,,,,,,,,,Pourbaix+04,2002AJ....123.1701T,,,,0.0,0.0,,6.717,26.4371,37.826,,,08468+0625,,276
423,epsHyaC,Gaia DR3 583151353574583424,-,HIP43109C,-,-,-,epsHyaC,J08468+0625C,F7V,SB*,131.6932,6.4192,165,,-,F5+,15.95,,21.8,0.0,,,,,,,,,,Pourbaix+04,2005A&A...444..643P,,,,0.0,0.0,,6.717,26.4371,37.826,,,08468+0625,,275
424,epsHyaC,Gaia DR3 583151353574583424,-,HIP43109C,-,-,-,epsHyaC,J08468+0625C,F7V,SB*,131.6932,6.4192,165,,-,G2+,16.35,,117.3,0.45,,,,,,,,,,Pourbaix+04,2005A&A...444..643P,,,,276.0,0.0,,6.717,26.4371,37.826,,,08468+0625,,283
425,epsHyaC,Gaia DR3 583151353574583424,-,HIP43109C,-,-,-,epsHyaC,J08468+0625C,F7V,SB*,131.6932,6.4192,165,,-,F2+,17.51,,3.6,0.18,,,,,,,,,,Pourbaix+04,2005A&A...444..643P,,,,222.0,0.0,,6.717,26.4371,37.826,,,08468+0625,,294
426,epsHyaC,Gaia DR3 583151353574583424,-,HIP43109C,-,-,-,epsHyaC,J08468+0625C,F7V,SB*,131.6932,6.4192,165,,-,F9+,15.99,,8.9,0.23,,,,,,,,,,Pourbaix+04,2005A&A...444..643P,,,,275.0,0.0,,6.717,26.4371,37.826,,,08468+0625,,295
427,epsHyaC,Gaia DR3 583151353574583424,-,HIP43109C,-,-,-,epsHyaC,J08468+0625C,F7V,SB*,131.6932,6.4192,165,,-,F2+,16.99,,15.9,0.0,,,,,,,,,,Pourbaix+04,2005A&A...444..643P,,,,0.0,0.0,,6.717,26.4371,37.826,,,08468+0625,,296
428,epsHyaC,Gaia DR3 583151353574583424,-,HIP43109C,-,-,-,epsHyaC,J08468+0625C,F7V,SB*,131.6932,6.4192,165,,-,F9+,16.07,,6.0,0.34,,,,,,,,,,Pourbaix+04,2005A&A...444..643P,,,,71.0,0.0,,6.717,26.4371,37.826,,,08468+0625,,315
429,epsHyaC,Gaia DR3 583151353574583424,-,HIP43109C,-,-,-,epsHyaC,J08468+0625C,F7V,SB*,131.6932,6.4192,165,,-,DA+dMe+,14.91,,0.9,0.0,,,,,,,,,,Pourbaix+04,2011A&A...536A..43N,,,,0.0,0.0,,6.717,26.4371,37.826,,,08468+0625,,314
430,epsHyaC,Gaia DR3 583151353574583424,-,HIP43109C,-,-,-,epsHyaC,J08468+0625C,F7V,SB*,131.6932,6.4192,165,,-,K4III+,12.78,,533.0,0.18,,,,,,,,,,Pourbaix+04,2015AJ....150...48F,,,,65.9,0.0,,6.717,26.4371,37.826,,,08468+0625,,313
431,epsHyaC,Gaia DR3 583151353574583424,-,HIP43109C,-,-,-,epsHyaC,J08468+0625C,F7V,SB*,131.6932,6.4192,165,,-,+,12.2,,2799.0,0.22,,,,,,,,,,Pourbaix+04,2002AJ....124.1144L,,,,298.0,0.0,,6.717,26.4371,37.826,,,08468+0625,,312
432,epsHyaC,Gaia DR3 583151353574583424,-,HIP43109C,-,-,-,epsHyaC,J08468+0625C,F7V,SB*,131.6932,6.4192,165,,-,DA+,14.84,,1.7,0.0,,,,,,,,,,Pourbaix+04,2002MNRAS.332..745M,,,,0.0,0.0,,6.717,26.4371,37.826,,,08468+0625,,311
433,epsHyaC,Gaia DR3 583151353574583424,-,HIP43109C,-,-,-,epsHyaC,J08468+0625C,F7V,SB*,131.6932,6.4192,165,,-,G3+,12.21,,4.7,0.0,,,,,,,,,,Pourbaix+04,2002AJ....123.1701T,,,,0.0,0.0,,6.717,26.4371,37.826,,,08468+0625,,310
434,epsHyaC,Gaia DR3 583151353574583424,-,HIP43109C,-,-,-,epsHyaC,J08468+0625C,F7V,SB*,131.6932,6.4192,165,,-,+,,,30.6,0.0,,,,,,,,,,Pourbaix+04,1983ApJ...274..765K,,,,0.0,0.0,,6.717,26.4371,37.826,,,08468+0625,,309
435,epsHyaC,Gaia DR3 583151353574583424,-,HIP43109C,-,-,-,epsHyaC,J08468+0625C,F7V,SB*,131.6932,6.4192,165,,-,K3+G2V-M0V,11.35,,33.8,0.12,,,,,,,,,,Pourbaix+04,1988AJ.....96.1956M,,,,131.3,0.0,,6.717,26.4371,37.826,,,08468+0625,,308
436,epsHyaC,Gaia DR3 583151353574583424,-,HIP43109C,-,-,-,epsHyaC,J08468+0625C,F7V,SB*,131.6932,6.4192,165,,-,A0+,13.3,,4.2,0.0,,,,,,,,,,Pourbaix+04,2005A&A...442.1023E,,,,0.0,0.0,,6.717,26.4371,37.826,,,08468+0625,,307
437,epsHyaC,Gaia DR3 583151353574583424,-,HIP43109C,-,-,-,epsHyaC,J08468+0625C,F7V,SB*,131.6932,6.4192,165,,-,DA/M+,,,1.0,0.0,,,,,,,,,,Pourbaix+04,2011A&A...536A..43N,,,,0.0,0.0,,6.717,26.4371,37.826,,,08468+0625,,306
438,epsHyaC,Gaia DR3 583151353574583424,-,HIP43109C,-,-,-,epsHyaC,J08468+0625C,F7V,SB*,131.6932,6.4192,165,,-,+,12.8,,0.6,0.0,,,,,,,,,,Pourbaix+04,2005A&A...442.1023E,,,,0.0,0.0,,6.717,26.4371,37.826,,,08468+0625,,305
439,epsHyaC,Gaia DR3 583151353574583424,-,HIP43109C,-,-,-,epsHyaC,J08468+0625C,F7V,SB*,131.6932,6.4192,165,,-,sdB+,13.78,,0.5,0.0,,,,,,,,,,Pourbaix+04,2005A&A...442.1023E,,,,0.0,0.0,,6.717,26.4371,37.826,,,08468+0625,,304
440,epsHyaC,Gaia DR3 583151353574583424,-,HIP43109C,-,-,-,epsHyaC,J08468+0625C,F7V,SB*,131.6932,6.4192,165,,-,+,,,12.4,0.66,,,,,,,,,,Pourbaix+04,1985ApJ...294L..21S,,,,35.0,0.0,,6.717,26.4371,37.826,,,08468+0625,,303
441,epsHyaC,Gaia DR3 583151353574583424,-,HIP43109C,-,-,-,epsHyaC,J08468+0625C,F7V,SB*,131.6932,6.4192,165,,-,+,9.91,,977.9,0.73,,,,,,,,,,Pourbaix+04,1997A&A...319..481M,,,,220.93,0.0,,6.717,26.4371,37.826,,,08468+0625,,302
442,epsHyaC,Gaia DR3 583151353574583424,-,HIP43109C,-,-,-,epsHyaC,J08468+0625C,F7V,SB*,131.6932,6.4192,165,,-,+,12.09,,0.5,0.0,,,,,,,,,,Pourbaix+04,2005A&A...442.1023E,,,,0.0,0.0,,6.717,26.4371,37.826,,,08468+0625,,301
443,epsHyaC,Gaia DR3 583151353574583424,-,HIP43109C,-,-,-,epsHyaC,J08468+0625C,F7V,SB*,131.6932,6.4192,165,,-,+,17.5,,0.3,0.0,,,,,,,,,,Pourbaix+04,2012AJ....144...81T,,,,270.0,0.0,,6.717,26.4371,37.826,,,08468+0625,,300
444,epsHyaC,Gaia DR3 583151353574583424,-,HIP43109C,-,-,-,epsHyaC,J08468+0625C,F7V,SB*,131.6932,6.4192,165,,-,DA+,14.45,,0.2,0.0,,,,,,,,,,Pourbaix+04,2000MNRAS.314..334M,,,,0.0,0.0,,6.717,26.4371,37.826,,,08468+0625,,299
445,epsHyaC,Gaia DR3 583151353574583424,-,HIP43109C,-,-,-,epsHyaC,J08468+0625C,F7V,SB*,131.6932,6.4192,165,,-,DA/M+,,,0.6,0.0,,,,,,,,,,Pourbaix+04,2011A&A...536A..43N,,,,0.0,0.0,,6.717,26.4371,37.826,,,08468+0625,,298
446,epsHyaC,Gaia DR3 583151353574583424,-,HIP43109C,-,-,-,epsHyaC,J08468+0625C,F7V,SB*,131.6932,6.4192,165,,-,dK2e+,12.76,,0.7,0.0,,,,,,,,,,Pourbaix+04,2002AJ....123.1701T,,,,0.0,0.0,,6.717,26.4371,37.826,,,08468+0625,,297
447,epsHyaC,Gaia DR3 583151353574583424,-,HIP43109C,-,-,-,epsHyaC,J08468+0625C,F7V,SB*,131.6932,6.4192,165,08468+0625,,,,,589.0,0.0,,,,107.0,,,,,,Drummond+14,2014AJ....147...65D,,35.0,2159.0,0.0,,,6.717,26.4371,37.826,,,08468+0625,,4
448,epsHyaC,Gaia DR3 583151353574583424,-,HIP43109C,-,-,-,epsHyaC,J08468+0625C,F7V,SB*,131.6932,6.4192,165,,-,+,,,15.6,0.17,,,,,,,,,,Pourbaix+04,2017A&A...608A..95M,,,,265.7,0.0,,6.717,26.4371,37.826,,,08468+0625,,184
449,epsHyaC,Gaia DR3 583151353574583424,-,HIP43109C,-,-,-,epsHyaC,J08468+0625C,F7V,SB*,131.6932,6.4192,165,,-,dK2e+,13.05,,2.4,0.2,,,,,,,,,,Pourbaix+04,2002AJ....123.1701T,,,,173.8,0.0,,6.717,26.4371,37.826,,,08468+0625,,183
450,epsHyaC,Gaia DR3 583151353574583424,-,HIP43109C,-,-,-,epsHyaC,J08468+0625C,F7V,SB*,131.6932,6.4192,165,,-,K5+,13.67,,2.0,0.0,,,,,,,,,,Pourbaix+04,2002AJ....123.1701T,,,,0.0,0.0,,6.717,26.4371,37.826,,,08468+0625,,182
451,epsHyaC,Gaia DR3 583151353574583424,-,HIP43109C,-,-,-,epsHyaC,J08468+0625C,F7V,SB*,131.6932,6.4192,165,,-,K7-M0+,12.86,,462.8,0.91,,,,,,,,,,Pourbaix+04,2002AJ....123.1701T,,,,104.0,0.0,,6.717,26.4371,37.826,,,08468+0625,,93
452,epsHyaC,Gaia DR3 583151353574583424,-,HIP43109C,-,-,-,epsHyaC,J08468+0625C,F7V,SB*,131.6932,6.4192,165,,-,DA+M+,,,0.4,0.0,,,,,,,,,,Pourbaix+04,2011A&A...536A..43N,,,,0.0,0.0,,6.717,26.4371,37.826,,,08468+0625,,67
453,epsHyaC,Gaia DR3 583151353574583424,-,HIP43109C,-,-,-,epsHyaC,J08468+0625C,F7V,SB*,131.6932,6.4192,165,,-,+,12.69,,2002.0,0.0,,,,,,,,,,Pourbaix+04,1994A&AS..105....1I,,,,0.0,0.0,,6.717,26.4371,37.826,,,08468+0625,,66
454,epsHyaC,Gaia DR3 583151353574583424,-,HIP43109C,-,-,-,epsHyaC,J08468+0625C,F7V,SB*,131.6932,6.4192,165,,-,DA/M+,,,0.3,0.0,,,,,,,,,,Pourbaix+04,2011A&A...536A..43N,,,,0.0,0.0,,6.717,26.4371,37.826,,,08468+0625,,65
455,epsHyaC,Gaia DR3 583151353574583424,-,HIP43109C,-,-,-,epsHyaC,J08468+0625C,F7V,SB*,131.6932,6.4192,165,,-,K3+,12.65,,7.7,0.03,,,,,,,,,,Pourbaix+04,2002AJ....123.1701T,,,,260.0,0.0,,6.717,26.4371,37.826,,,08468+0625,,64
456,epsHyaC,Gaia DR3 583151353574583424,-,HIP43109C,-,-,-,epsHyaC,J08468+0625C,F7V,SB*,131.6932,6.4192,165,,-,+,13.25,,1511.3,0.68,,,,,,,,,,Pourbaix+04,2002AJ....124.1144L,,,,135.2,0.0,,6.717,26.4371,37.826,,,08468+0625,,63
457,epsHyaC,Gaia DR3 583151353574583424,-,HIP43109C,-,-,-,epsHyaC,J08468+0625C,F7V,SB*,131.6932,6.4192,165,,-,+,12.05,,1018.6,0.72,,,,,,,,,,Pourbaix+04,2002AJ....124.1132G,,,,357.7,0.0,,6.717,26.4371,37.826,,,08468+0625,,62
458,epsHyaC,Gaia DR3 583151353574583424,-,HIP43109C,-,-,-,epsHyaC,J08468+0625C,F7V,SB*,131.6932,6.4192,165,,-,+,13.23,,229.5,0.89,,,,,,,,,,Pourbaix+04,2002AJ....124.1144L,,,,85.4,0.0,,6.717,26.4371,37.826,,,08468+0625,,61
459,epsHyaC,Gaia DR3 583151353574583424,-,HIP43109C,-,-,-,epsHyaC,J08468+0625C,F7V,SB*,131.6932,6.4192,165,,-,+,,,65.5,0.0,,,,,,,,,,Pourbaix+04,1989A&AS...79...11M,,,,0.0,0.0,,6.717,26.4371,37.826,,,08468+0625,,60
460,epsHyaC,Gaia DR3 583151353574583424,-,HIP43109C,-,-,-,epsHyaC,J08468+0625C,F7V,SB*,131.6932,6.4192,165,,-,F8+,8.67,,0.5,0.0,,,,,,,,,,Pourbaix+04,2006AJ....132..769P,,,,0.0,0.0,,6.717,26.4371,37.826,,,08468+0625,,68
461,epsHyaC,Gaia DR3 583151353574583424,-,HIP43109C,-,-,-,epsHyaC,J08468+0625C,F7V,SB*,131.6932,6.4192,165,,-,DA+M4+,15.21,,0.6,0.0,,,,,,,,,,Pourbaix+04,2011A&A...536A..43N,,,,0.0,0.0,,6.717,26.4371,37.826,,,08468+0625,,59
462,epsHyaC,Gaia DR3 583151353574583424,-,HIP43109C,-,-,-,epsHyaC,J08468+0625C,F7V,SB*,131.6932,6.4192,165,,-,G5+,10.0,,9.3,0.18,,,,,,,,,,Pourbaix+04,2012MNRAS.422...14H,,,,337.11,0.0,,6.717,26.4371,37.826,,,08468+0625,,57
463,epsHyaC,Gaia DR3 583151353574583424,-,HIP43109C,-,-,-,epsHyaC,J08468+0625C,F7V,SB*,131.6932,6.4192,165,,-,M6III+,14.3,,660.5,0.0,,,,,,,,,,Pourbaix+04,2017AJ....153...35F,,,,0.0,0.0,,6.717,26.4371,37.826,,,08468+0625,,56
464,epsHyaC,Gaia DR3 583151353574583424,-,HIP43109C,-,-,-,epsHyaC,J08468+0625C,F7V,SB*,131.6932,6.4192,165,,-,M3V+,,,0.5,0.0,,,,,,,,,,Pourbaix+04,2011A&A...536A..43N,,,,0.0,0.0,,6.717,26.4371,37.826,,,08468+0625,,55
465,epsHyaC,Gaia DR3 583151353574583424,-,HIP43109C,-,-,-,epsHyaC,J08468+0625C,F7V,SB*,131.6932,6.4192,165,,-,O3f*+,11.95,,19.3,0.0,,,,,,,,,,Pourbaix+04,2001A&A...369..544N,,,,90.0,0.0,,6.717,26.4371,37.826,,,08468+0625,,54
466,epsHyaC,Gaia DR3 583151353574583424,-,HIP43109C,-,-,-,epsHyaC,J08468+0625C,F7V,SB*,131.6932,6.4192,165,08468+0625,,,3.38,,371.9,,,3.1,,,,,,,,Chulkov+22,2022MNRAS.517.2925C,,,,,,,6.717,26.4371,37.826,,,08468+0625,,3
467,epsHyaC,Gaia DR3 583151353574583424,-,HIP43109C,-,-,-,epsHyaC,J08468+0625C,F7V,SB*,131.6932,6.4192,165,,-,+,12.79,,402.7,0.57,,,,,,,,,,Pourbaix+04,2002AJ....124.1144L,,,,38.2,0.0,,6.717,26.4371,37.826,,,08468+0625,,53
468,epsHyaC,Gaia DR3 583151353574583424,-,HIP43109C,-,-,-,epsHyaC,J08468+0625C,F7V,SB*,131.6932,6.4192,165,,-,DA+,13.69,,8.4,0.0,,,,,,,,,,Pourbaix+04,2000MNRAS.311..877M,,,,0.0,0.0,,6.717,26.4371,37.826,,,08468+0625,,52
469,epsHyaC,Gaia DR3 583151353574583424,-,HIP43109C,-,-,-,epsHyaC,J08468+0625C,F7V,SB*,131.6932,6.4192,165,,-,M7III+,12.26,,2271.0,0.4,,,,,,,,,,Pourbaix+04,2017AJ....153...35F,,,,281.7,0.0,,6.717,26.4371,37.826,,,08468+0625,,51
470,epsHyaC,Gaia DR3 583151353574583424,-,HIP43109C,-,-,-,epsHyaC,J08468+0625C,F7V,SB*,131.6932,6.4192,165,,-,K7+,12.23,,36.0,0.48,,,,,,,,,,Pourbaix+04,1989AJ.....98..987M,,,,56.0,0.0,,6.717,26.4371,37.826,,,08468+0625,,50
471,epsHyaC,Gaia DR3 583151353574583424,-,HIP43109C,-,-,-,epsHyaC,J08468+0625C,F7V,SB*,131.6932,6.4192,165,,-,+,10.74,,1.3,0.0,,,,,,,,,,Pourbaix+04,2005A&A...442.1023E,,,,0.0,0.0,,6.717,26.4371,37.826,,,08468+0625,,58
472,epsHyaC,Gaia DR3 583151353574583424,-,HIP43109C,-,-,-,epsHyaC,J08468+0625C,F7V,SB*,131.6932,6.4192,165,,-,WN7+,12.65,,3.2,0.0,,,,,,,,,,Pourbaix+04,2000A&A...362..973N,,,,270.0,0.0,,6.717,26.4371,37.826,,,08468+0625,,70
473,epsHyaC,Gaia DR3 583151353574583424,-,HIP43109C,-,-,-,epsHyaC,J08468+0625C,F7V,SB*,131.6932,6.4192,165,,-,+,16.48,,1560.0,0.48,,,,,,,,,,Pourbaix+04,2014AJ....148...38M,,,,298.0,0.0,,6.717,26.4371,37.826,,,08468+0625,,80
474,epsHyaC,Gaia DR3 583151353574583424,-,HIP43109C,-,-,-,epsHyaC,J08468+0625C,F7V,SB*,131.6932,6.4192,165,,-,+,15.93,,9.2,0.12,,,,,,,,,,Pourbaix+04,2014AJ....148...38M,,,,59.3,0.0,,6.717,26.4371,37.826,,,08468+0625,,71
475,epsHyaC,Gaia DR3 583151353574583424,-,HIP43109C,-,-,-,epsHyaC,J08468+0625C,F7V,SB*,131.6932,6.4192,165,,-,+,16.4,,21.4,0.28,,,,,,,,,,Pourbaix+04,2014AJ....148...38M,,,,187.1,0.0,,6.717,26.4371,37.826,,,08468+0625,,89
476,epsHyaC,Gaia DR3 583151353574583424,-,HIP43109C,-,-,-,epsHyaC,J08468+0625C,F7V,SB*,131.6932,6.4192,165,,-,+,16.11,,7.9,0.02,,,,,,,,,,Pourbaix+04,2014AJ....148...38M,,,,319.0,0.0,,6.717,26.4371,37.826,,,08468+0625,,88
477,epsHyaC,Gaia DR3 583151353574583424,-,HIP43109C,-,-,-,epsHyaC,J08468+0625C,F7V,SB*,131.6932,6.4192,165,,-,+,16.39,,1332.0,0.7,,,,,,,,,,Pourbaix+04,2014AJ....148...38M,,,,338.0,0.0,,6.717,26.4371,37.826,,,08468+0625,,87
478,epsHyaC,Gaia DR3 583151353574583424,-,HIP43109C,-,-,-,epsHyaC,J08468+0625C,F7V,SB*,131.6932,6.4192,165,,-,+,16.1,,2.3,0.02,,,,,,,,,,Pourbaix+04,2014AJ....148...38M,,,,150.0,0.0,,6.717,26.4371,37.826,,,08468+0625,,86
479,epsHyaC,Gaia DR3 583151353574583424,-,HIP43109C,-,-,-,epsHyaC,J08468+0625C,F7V,SB*,131.6932,6.4192,165,,-,+,16.42,,59.4,0.19,,,,,,,,,,Pourbaix+04,2014AJ....148...38M,,,,329.0,0.0,,6.717,26.4371,37.826,,,08468+0625,,85
480,epsHyaC,Gaia DR3 583151353574583424,-,HIP43109C,-,-,-,epsHyaC,J08468+0625C,F7V,SB*,131.6932,6.4192,165,,-,+,15.65,,3.2,0.0,,,,,,,,,,Pourbaix+04,2014AJ....148...38M,,,,90.0,0.0,,6.717,26.4371,37.826,,,08468+0625,,84
481,epsHyaC,Gaia DR3 583151353574583424,-,HIP43109C,-,-,-,epsHyaC,J08468+0625C,F7V,SB*,131.6932,6.4192,165,,-,+,15.25,,18.8,0.4,,,,,,,,,,Pourbaix+04,2014AJ....148...38M,,,,305.8,0.0,,6.717,26.4371,37.826,,,08468+0625,,83
482,epsHyaC,Gaia DR3 583151353574583424,-,HIP43109C,-,-,-,epsHyaC,J08468+0625C,F7V,SB*,131.6932,6.4192,165,,-,+,12.56,,1114.4,0.22,,,,,,,,,,Pourbaix+04,1989A&AS...79...11M,,,,74.0,0.0,,6.717,26.4371,37.826,,,08468+0625,,82
483,epsHyaC,Gaia DR3 583151353574583424,-,HIP43109C,-,-,-,epsHyaC,J08468+0625C,F7V,SB*,131.6932,6.4192,165,,-,sdB+,,,10.4,0.0,,,,,,,,,,Pourbaix+04,2011MNRAS.415.1381C,,,,0.0,0.0,,6.717,26.4371,37.826,,,08468+0625,,90
484,epsHyaC,Gaia DR3 583151353574583424,-,HIP43109C,-,-,-,epsHyaC,J08468+0625C,F7V,SB*,131.6932,6.4192,165,,-,WN7+,12.65,,3.2,0.0,,,,,,,,,,Pourbaix+04,2000A&A...362..973N,,,,270.0,0.0,,6.717,26.4371,37.826,,,08468+0625,,81
485,epsHyaC,Gaia DR3 583151353574583424,-,HIP43109C,-,-,-,epsHyaC,J08468+0625C,F7V,SB*,131.6932,6.4192,165,,-,DA+M+,18.45,,0.4,0.0,,,,,,,,,,Pourbaix+04,2011A&A...536A..43N,,,,0.0,0.0,,6.717,26.4371,37.826,,,08468+0625,,79
486,epsHyaC,Gaia DR3 583151353574583424,-,HIP43109C,-,-,-,epsHyaC,J08468+0625C,F7V,SB*,131.6932,6.4192,165,,-,sdB+,13.71,,0.9,0.0,,,,,,,,,,Pourbaix+04,2011MNRAS.415.1381C,,,,0.0,0.0,,6.717,26.4371,37.826,,,08468+0625,,78
487,epsHyaC,Gaia DR3 583151353574583424,-,HIP43109C,-,-,-,epsHyaC,J08468+0625C,F7V,SB*,131.6932,6.4192,165,,-,sdB+,14.45,,1.5,0.0,,,,,,,,,,Pourbaix+04,2011MNRAS.415.1381C,,,,0.0,0.0,,6.717,26.4371,37.826,,,08468+0625,,77
488,epsHyaC,Gaia DR3 583151353574583424,-,HIP43109C,-,-,-,epsHyaC,J08468+0625C,F7V,SB*,131.6932,6.4192,165,,-,sdB+,,,4.6,0.0,,,,,,,,,,Pourbaix+04,2011MNRAS.415.1381C,,,,0.0,0.0,,6.717,26.4371,37.826,,,08468+0625,,76
489,epsHyaC,Gaia DR3 583151353574583424,-,HIP43109C,-,-,-,epsHyaC,J08468+0625C,F7V,SB*,131.6932,6.4192,165,,-,K4+,12.94,,16.1,0.22,,,,,,,,,,Pourbaix+04,2002AJ....123.1701T,,,,288.1,0.0,,6.717,26.4371,37.826,,,08468+0625,,75
490,epsHyaC,Gaia DR3 583151353574583424,-,HIP43109C,-,-,-,epsHyaC,J08468+0625C,F7V,SB*,131.6932,6.4192,165,,-,+,15.18,,3.7,0.0,,,,,,,,,,Pourbaix+04,2014AJ....148...38M,,,,69.0,0.0,,6.717,26.4371,37.826,,,08468+0625,,74
491,epsHyaC,Gaia DR3 583151353574583424,-,HIP43109C,-,-,-,epsHyaC,J08468+0625C,F7V,SB*,131.6932,6.4192,165,,-,+,15.46,,167.2,0.41,,,,,,,,,,Pourbaix+04,2014AJ....148...38M,,,,17.0,0.0,,6.717,26.4371,37.826,,,08468+0625,,73
492,epsHyaC,Gaia DR3 583151353574583424,-,HIP43109C,-,-,-,epsHyaC,J08468+0625C,F7V,SB*,131.6932,6.4192,165,,-,+,12.36,,2.3,0.0,,,,,,,,,,Pourbaix+04,2003AJ....125..825T,,,,0.0,0.0,,6.717,26.4371,37.826,,,08468+0625,,72
493,epsHyaC,Gaia DR3 583151353574583424,-,HIP43109C,-,-,-,epsHyaC,J08468+0625C,F7V,SB*,131.6932,6.4192,165,,-,DA+M+,,,0.3,0.0,,,,,,,,,,Pourbaix+04,2011A&A...536A..43N,,,,0.0,0.0,,6.717,26.4371,37.826,,,08468+0625,,49
494,epsHyaC,Gaia DR3 583151353574583424,-,HIP43109C,-,-,-,epsHyaC,J08468+0625C,F7V,SB*,131.6932,6.4192,165,,-,F9+,17.26,,14.2,0.22,,,,,,,,,,Pourbaix+04,2005A&A...444..643P,,,,271.0,0.0,,6.717,26.4371,37.826,,,08468+0625,,48
495,epsHyaC,Gaia DR3 583151353574583424,-,HIP43109C,-,-,-,epsHyaC,J08468+0625C,F7V,SB*,131.6932,6.4192,165,,-,+,15.69,,145.4,0.54,,,,,,,,,,Pourbaix+04,2014AJ....148...38M,,,,170.8,0.0,,6.717,26.4371,37.826,,,08468+0625,,69
496,epsHyaC,Gaia DR3 583151353574583424,-,HIP43109C,-,-,-,epsHyaC,J08468+0625C,F7V,SB*,131.6932,6.4192,165,,-,+,13.71,,121.4,0.45,,,,,,,,,,Pourbaix+04,2002AJ....124.1144L,,,,251.9,0.0,,6.717,26.4371,37.826,,,08468+0625,,47
497,epsHyaC,Gaia DR3 583151353574583424,-,HIP43109C,-,-,-,epsHyaC,J08468+0625C,F7V,SB*,131.6932,6.4192,165,,-,G0+,16.56,,1.3,0.0,,,,,,,,,,Pourbaix+04,2004ApJ...609.1071T,,,,0.0,0.0,,6.717,26.4371,37.826,,,08468+0625,,25
498,epsHyaC,Gaia DR3 583151353574583424,-,HIP43109C,-,-,-,epsHyaC,J08468+0625C,F7V,SB*,131.6932,6.4192,165,,-,sdB+,14.95,,1.3,0.0,,,,,,,,,,Pourbaix+04,2011MNRAS.415.1381C,,,,0.0,0.0,,6.717,26.4371,37.826,,,08468+0625,,24
499,epsHyaC,Gaia DR3 583151353574583424,-,HIP43109C,-,-,-,epsHyaC,J08468+0625C,F7V,SB*,131.6932,6.4192,165,,-,DA+M+,14.74,,0.5,0.0,,,,,,,,,,Pourbaix+04,2011A&A...536A..43N,,,,0.0,0.0,,6.717,26.4371,37.826,,,08468+0625,,23
500,epsHyaC,Gaia DR3 583151353574583424,-,HIP43109C,-,-,-,epsHyaC,J08468+0625C,F7V,SB*,131.6932,6.4192,165,,-,+,12.91,,2523.0,0.13,,,,,,,,,,Pourbaix+04,2002AJ....124.1144L,,,,104.0,0.0,,6.717,26.4371,37.826,,,08468+0625,,22
501,epsHyaC,Gaia DR3 583151353574583424,-,HIP43109C,-,-,-,epsHyaC,J08468+0625C,F7V,SB*,131.6932,6.4192,165,,-,DA+M+,16.37,,1.1,0.0,,,,,,,,,,Pourbaix+04,2011A&A...536A..43N,,,,0.0,0.0,,6.717,26.4371,37.826,,,08468+0625,,21
502,epsHyaC,Gaia DR3 583151353574583424,-,HIP43109C,-,-,-,epsHyaC,J08468+0625C,F7V,SB*,131.6932,6.4192,165,,-,+,17.8,,0.4,0.0,,,,,,,,,,Pourbaix+04,2010PASP..122.1285T,,,,0.0,0.0,,6.717,26.4371,37.826,,,08468+0625,,20
503,epsHyaC,Gaia DR3 583151353574583424,-,HIP43109C,-,-,-,epsHyaC,J08468+0625C,F7V,SB*,131.6932,6.4192,165,,-,+,17.8,,0.4,0.0,,,,,,,,,,Pourbaix+04,2010PASP..122.1285T,,,,0.0,0.0,,6.717,26.4371,37.826,,,08468+0625,,19
504,epsHyaC,Gaia DR3 583151353574583424,-,HIP43109C,-,-,-,epsHyaC,J08468+0625C,F7V,SB*,131.6932,6.4192,165,,-,sdB+,12.88,,0.2,0.0,,,,,,,,,,Pourbaix+04,2005A&A...442.1023E,,,,0.0,0.0,,6.717,26.4371,37.826,,,08468+0625,,27
505,epsHyaC,Gaia DR3 583151353574583424,-,HIP43109C,-,-,-,epsHyaC,J08468+0625C,F7V,SB*,131.6932,6.4192,165,,-,sdB+,13.27,,0.4,0.0,,,,,,,,,,Pourbaix+04,2005A&A...442.1023E,,,,0.0,0.0,,6.717,26.4371,37.826,,,08468+0625,,17
506,epsHyaC,Gaia DR3 583151353574583424,-,HIP43109C,-,-,-,epsHyaC,J08468+0625C,F7V,SB*,131.6932,6.4192,165,,-,M2-4+DA,14.8,,0.2,0.0,,,,,,,,,,Pourbaix+04,2002AJ....124.2853K,,,,180.0,0.0,,6.717,26.4371,37.826,,,08468+0625,,26
507,epsHyaC,Gaia DR3 583151353574583424,-,HIP43109C,-,-,-,epsHyaC,J08468+0625C,F7V,SB*,131.6932,6.4192,165,,-,M2.5V+DA,13.49,,0.3,0.0,,,,,,,,,,Pourbaix+04,2002AJ....124.2853K,,,,180.0,0.0,,6.717,26.4371,37.826,,,08468+0625,,15
508,epsHyaC,Gaia DR3 583151353574583424,-,HIP43109C,-,-,-,epsHyaC,J08468+0625C,F7V,SB*,131.6932,6.4192,165,,-,DA:+dMe,14.1,,0.8,0.0,,,,,,,,,,Pourbaix+04,1999ApJ...523..386V,,,,0.0,0.0,,6.717,26.4371,37.826,,,08468+0625,,14
509,epsHyaC,Gaia DR3 583151353574583424,-,HIP43109C,-,-,-,epsHyaC,J08468+0625C,F7V,SB*,131.6932,6.4192,165,,-,dMe+DA,13.09,,0.4,0.0,,,,,,,,,,Pourbaix+04,2002AJ....124.2853K,,,,180.0,0.0,,6.717,26.4371,37.826,,,08468+0625,,13
510,epsHyaC,Gaia DR3 583151353574583424,-,HIP43109C,-,-,-,epsHyaC,J08468+0625C,F7V,SB*,131.6932,6.4192,165,,-,F4IV+,11.22,,1.1,0.0,,,,,,,,,,Pourbaix+04,2001A&A...375..375V,,,,90.0,0.0,,6.717,26.4371,37.826,,,08468+0625,,12
511,epsHyaC,Gaia DR3 583151353574583424,-,HIP43109C,-,-,-,epsHyaC,J08468+0625C,F7V,SB*,131.6932,6.4192,165,,-,K2-K3+K3,12.57,,46.9,0.47,,,,,,,,,,Pourbaix+04,2001A&A...375..130C,,,,55.11,0.0,,6.717,26.4371,37.826,,,08468+0625,,11
512,epsHyaC,Gaia DR3 583151353574583424,-,HIP43109C,-,-,-,epsHyaC,J08468+0625C,F7V,SB*,131.6932,6.4192,165,,-,+M2-M4,13.03,19.7,0.2,0.0,,,,,,,,,,Pourbaix+04,2001MNRAS.326.1235T,,,,180.0,0.0,,6.717,26.4371,37.826,,0.21,08468+0625,,10
513,epsHyaC,Gaia DR3 583151353574583424,-,HIP43109C,-,-,-,epsHyaC,J08468+0625C,F7V,SB*,131.6932,6.4192,165,,-,+,13.05,,1362.6,0.2,,,,,,,,,,Pourbaix+04,2002AJ....124.1132G,,,,254.4,0.0,,6.717,26.4371,37.826,,,08468+0625,,18
514,epsHyaC,Gaia DR3 583151353574583424,-,HIP43109C,-,-,-,epsHyaC,J08468+0625C,F7V,SB*,131.6932,6.4192,165,,-,+,12.82,,26.8,0.24,,,,,,,,,,Pourbaix+04,2002AJ....124.1132G,,,,238.9,0.0,,6.717,26.4371,37.826,,,08468+0625,,37
515,epsHyaC,Gaia DR3 583151353574583424,-,HIP43109C,-,-,-,epsHyaC,J08468+0625C,F7V,SB*,131.6932,6.4192,165,,-,DA+,14.85,,1.5,0.0,,,,,,,,,,Pourbaix+04,2002MNRAS.332..745M,,,,0.0,0.0,,6.717,26.4371,37.826,,,08468+0625,,29
516,epsHyaC,Gaia DR3 583151353574583424,-,HIP43109C,-,-,-,epsHyaC,J08468+0625C,F7V,SB*,131.6932,6.4192,165,,-,K1-K2+K7-M0,12.56,,3.1,0.0,,,,,,,,,,Pourbaix+04,2001A&A...375..130C,,,,0.0,0.0,,6.717,26.4371,37.826,,,08468+0625,,28
517,epsHyaC,Gaia DR3 583151353574583424,-,HIP43109C,-,-,-,epsHyaC,J08468+0625C,F7V,SB*,131.6932,6.4192,165,,-,DA+M+,15.33,,1.4,0.0,,,,,,,,,,Pourbaix+04,2011A&A...536A..43N,,,,0.0,0.0,,6.717,26.4371,37.826,,,08468+0625,,45
518,epsHyaC,Gaia DR3 583151353574583424,-,HIP43109C,-,-,-,epsHyaC,J08468+0625C,F7V,SB*,131.6932,6.4192,165,,-,M4e+,,,4770.0,0.0,,,,,,,,,,Pourbaix+04,2012A&A...537A..13J,,,,180.0,0.0,,6.717,26.4371,37.826,,,08468+0625,,44
519,epsHyaC,Gaia DR3 583151353574583424,-,HIP43109C,-,-,-,epsHyaC,J08468+0625C,F7V,SB*,131.6932,6.4192,165,,-,sdB+,,,9.0,0.0,,,,,,,,,,Pourbaix+04,2011MNRAS.415.1381C,,,,0.0,0.0,,6.717,26.4371,37.826,,,08468+0625,,43
520,epsHyaC,Gaia DR3 583151353574583424,-,HIP43109C,-,-,-,epsHyaC,J08468+0625C,F7V,SB*,131.6932,6.4192,165,,-,sdB+,,,0.8,0.0,,,,,,,,,,Pourbaix+04,2011MNRAS.415.1381C,,,,0.0,0.0,,6.717,26.4371,37.826,,,08468+0625,,42
521,epsHyaC,Gaia DR3 583151353574583424,-,HIP43109C,-,-,-,epsHyaC,J08468+0625C,F7V,SB*,131.6932,6.4192,165,,-,WN7+,12.65,,3.2,0.0,,,,,,,,,,Pourbaix+04,2000A&A...362..973N,,,,270.0,0.0,,6.717,26.4371,37.826,,,08468+0625,,41
522,epsHyaC,Gaia DR3 583151353574583424,-,HIP43109C,-,-,-,epsHyaC,J08468+0625C,F7V,SB*,131.6932,6.4192,165,,-,+,15.93,,13.8,0.26,,,,,,,,,,Pourbaix+04,2014AJ....148...38M,,,,160.0,0.0,,6.717,26.4371,37.826,,,08468+0625,,40
523,epsHyaC,Gaia DR3 583151353574583424,-,HIP43109C,-,-,-,epsHyaC,J08468+0625C,F7V,SB*,131.6932,6.4192,165,,-,+,22.5,,0.4,0.62,,,,,,,,,,Pourbaix+04,1975ApJ...195L..51H,,,,179.0,0.0,,6.717,26.4371,37.826,,,08468+0625,,39
524,epsHyaC,Gaia DR3 583151353574583424,-,HIP43109C,-,-,-,epsHyaC,J08468+0625C,F7V,SB*,131.6932,6.4192,165,,-,+,15.69,,5.5,0.0,,,,,,,,,,Pourbaix+04,2014AJ....148...38M,,,,190.0,0.0,,6.717,26.4371,37.826,,,08468+0625,,46
525,epsHyaC,Gaia DR3 583151353574583424,-,HIP43109C,-,-,-,epsHyaC,J08468+0625C,F7V,SB*,131.6932,6.4192,165,,-,DA+M+,18.7,,0.3,0.0,,,,,,,,,,Pourbaix+04,2011A&A...536A..43N,,,,0.0,0.0,,6.717,26.4371,37.826,,,08468+0625,,38
526,epsHyaC,Gaia DR3 583151353574583424,-,HIP43109C,-,-,-,epsHyaC,J08468+0625C,F7V,SB*,131.6932,6.4192,165,,-,DA/M+,,,0.7,0.0,,,,,,,,,,Pourbaix+04,2011A&A...536A..43N,,,,0.0,0.0,,6.717,26.4371,37.826,,,08468+0625,,36
527,epsHyaC,Gaia DR3 583151353574583424,-,HIP43109C,-,-,-,epsHyaC,J08468+0625C,F7V,SB*,131.6932,6.4192,165,,-,+,15.28,,370.3,0.11,,,,,,,,,,Pourbaix+04,2014AJ....148...38M,,,,118.0,0.0,,6.717,26.4371,37.826,,,08468+0625,,35
528,epsHyaC,Gaia DR3 583151353574583424,-,HIP43109C,-,-,-,epsHyaC,J08468+0625C,F7V,SB*,131.6932,6.4192,165,,-,+,9.2,,105.7,0.52,,,,,,,,,,Pourbaix+04,2002AJ....124.1144L,,,,159.2,0.0,,6.717,26.4371,37.826,,,08468+0625,,34
529,epsHyaC,Gaia DR3 583151353574583424,-,HIP43109C,-,-,-,epsHyaC,J08468+0625C,F7V,SB*,131.6932,6.4192,165,08468+0625,HIP43109,F8V           ,3.49,5.0,15.1,0.66,25.23,0.25,,,,,,,,Malkov+12,2012A&A...546A..69M,,,,,,,6.717,26.4371,37.826,,24.89,08468+0625,,7
530,epsHyaC,Gaia DR3 583151353574583424,-,HIP43109C,-,-,-,epsHyaC,J08468+0625C,F7V,SB*,131.6932,6.4192,165,08468+0625,HIP43109,F8V           ,3.49,5.0,15.1,0.66,25.23,0.25,,,,,,,,Malkov+12,2012A&A...546A..69M,,,,,,,6.717,26.4371,37.826,,24.89,08468+0625,,6
531,epsHyaC,Gaia DR3 583151353574583424,-,HIP43109C,-,-,-,epsHyaC,J08468+0625C,F7V,SB*,131.6932,6.4192,165,08468+0625,HIP43109,F8V           ,3.49,6.66,990.0,0.3,25.23,4.66,,,,,,,,Malkov+12,2012A&A...546A..69M,,,,,,,6.717,26.4371,37.826,,5.4,08468+0625,,5
532,epsHyaC,Gaia DR3 583151353574583424,-,HIP43109C,-,-,-,epsHyaC,J08468+0625C,F7V,SB*,131.6932,6.4192,165,08468+0625,,G1III+A8V,3.5,5.6,,,,,,,,,,,,WDS_THE.csv,,,,,,0.2,0.2,6.717,26.4371,37.826,,14.45,08468+0625,,362
533,epsHyaC,Gaia DR3 583151353574583424,-,HIP43109C,-,-,-,epsHyaC,J08468+0625C,F7V,SB*,131.6932,6.4192,165,08468+0625,,+F7V,3.49,6.66,,,,,,,,,,,,WDS_THE.csv,,,,,,2.7,2.7,6.717,26.4371,37.826,,5.4,08468+0625,,363
534,epsHyaC,Gaia DR3 583151353574583424,-,HIP43109C,-,-,-,epsHyaC,J08468+0625C,F7V,SB*,131.6932,6.4192,165,,-,DA/M+,,,1.6,0.0,,,,,,,,,,Pourbaix+04,2011A&A...536A..43N,,,,0.0,0.0,,6.717,26.4371,37.826,,,08468+0625,,33
535,epsHyaC,Gaia DR3 583151353574583424,-,HIP43109C,-,-,-,epsHyaC,J08468+0625C,F7V,SB*,131.6932,6.4192,165,,-,DA/M+,,,1.0,0.0,,,,,,,,,,Pourbaix+04,2011A&A...536A..43N,,,,0.0,0.0,,6.717,26.4371,37.826,,,08468+0625,,32
536,epsHyaC,Gaia DR3 583151353574583424,-,HIP43109C,-,-,-,epsHyaC,J08468+0625C,F7V,SB*,131.6932,6.4192,165,,-,DA/M+,,,0.3,0.0,,,,,,,,,,Pourbaix+04,2011A&A...536A..43N,,,,0.0,0.0,,6.717,26.4371,37.826,,,08468+0625,,31
537,epsHyaC,Gaia DR3 583151353574583424,-,HIP43109C,-,-,-,epsHyaC,J08468+0625C,F7V,SB*,131.6932,6.4192,165,,-,+,15.95,,14.3,0.53,,,,,,,,,,Pourbaix+04,2014AJ....148...38M,,,,256.0,0.0,,6.717,26.4371,37.826,,,08468+0625,,30
538,epsHyaC,Gaia DR3 583151353574583424,-,HIP43109C,-,-,-,epsHyaC,J08468+0625C,F7V,SB*,131.6932,6.4192,165,,-,+,15.21,,46.7,0.28,,,,,,,,,,Pourbaix+04,2014AJ....148...38M,,,,297.0,0.0,,6.717,26.4371,37.826,,,08468+0625,,91
539,epsHyaC,Gaia DR3 583151353574583424,-,HIP43109C,-,-,-,epsHyaC,J08468+0625C,F7V,SB*,131.6932,6.4192,165,,-,+,15.45,,1.6,0.01,,,,,,,,,,Pourbaix+04,2014AJ....148...38M,,,,140.0,0.0,,6.717,26.4371,37.826,,,08468+0625,,159
540,epsHyaC,Gaia DR3 583151353574583424,-,HIP43109C,-,-,-,epsHyaC,J08468+0625C,F7V,SB*,131.6932,6.4192,165,,-,+,15.18,,21.3,0.42,,,,,,,,,,Pourbaix+04,2014AJ....148...38M,,,,297.4,0.0,,6.717,26.4371,37.826,,,08468+0625,,92
541,epsHyaC,Gaia DR3 583151353574583424,-,HIP43109C,-,-,-,epsHyaC,J08468+0625C,F7V,SB*,131.6932,6.4192,165,,-,+,14.95,,91.2,0.32,,,,,,,,,,Pourbaix+04,2014AJ....148...38M,,,,14.0,0.0,,6.717,26.4371,37.826,,,08468+0625,,157
542,epsHyaC,Gaia DR3 583151353574583424,-,HIP43109C,-,-,-,epsHyaC,J08468+0625C,F7V,SB*,131.6932,6.4192,165,,-,+,15.28,,25.6,0.0,,,,,,,,,,Pourbaix+04,2014AJ....148...38M,,,,120.0,0.0,,6.717,26.4371,37.826,,,08468+0625,,156
543,epsHyaC,Gaia DR3 583151353574583424,-,HIP43109C,-,-,-,epsHyaC,J08468+0625C,F7V,SB*,131.6932,6.4192,165,,-,+,15.15,,83.4,0.5,,,,,,,,,,Pourbaix+04,2014AJ....148...38M,,,,172.0,0.0,,6.717,26.4371,37.826,,,08468+0625,,155
544,epsHyaC,Gaia DR3 583151353574583424,-,HIP43109C,-,-,-,epsHyaC,J08468+0625C,F7V,SB*,131.6932,6.4192,165,,-,DC/M+,,,0.5,0.0,,,,,,,,,,Pourbaix+04,2011A&A...536A..43N,,,,0.0,0.0,,6.717,26.4371,37.826,,,08468+0625,,154
545,epsHyaC,Gaia DR3 583151353574583424,-,HIP43109C,-,-,-,epsHyaC,J08468+0625C,F7V,SB*,131.6932,6.4192,165,,-,+,11.74,,16.0,0.38,,,,,,,,,,Pourbaix+04,1994AstL...20..314T,,,,103.7,0.0,,6.717,26.4371,37.826,,,08468+0625,,153
546,epsHyaC,Gaia DR3 583151353574583424,-,HIP43109C,-,-,-,epsHyaC,J08468+0625C,F7V,SB*,131.6932,6.4192,165,,-,+,11.94,,2240.0,0.51,,,,,,,,,,Pourbaix+04,2002AJ....124.1144L,,,,82.5,0.0,,6.717,26.4371,37.826,,,08468+0625,,152
547,epsHyaC,Gaia DR3 583151353574583424,-,HIP43109C,-,-,-,epsHyaC,J08468+0625C,F7V,SB*,131.6932,6.4192,165,,-,DA/M+,,,0.2,0.0,,,,,,,,,,Pourbaix+04,2011A&A...536A..43N,,,,0.0,0.0,,6.717,26.4371,37.826,,,08468+0625,,151
548,epsHyaC,Gaia DR3 583151353574583424,-,HIP43109C,-,-,-,epsHyaC,J08468+0625C,F7V,SB*,131.6932,6.4192,165,,-,+,15.31,,22.9,0.39,,,,,,,,,,Pourbaix+04,2014AJ....148...38M,,,,307.0,0.0,,6.717,26.4371,37.826,,,08468+0625,,150
549,epsHyaC,Gaia DR3 583151353574583424,-,HIP43109C,-,-,-,epsHyaC,J08468+0625C,F7V,SB*,131.6932,6.4192,165,,-,+,15.33,,288.5,0.31,,,,,,,,,,Pourbaix+04,2014AJ....148...38M,,,,250.0,0.0,,6.717,26.4371,37.826,,,08468+0625,,149
550,epsHyaC,Gaia DR3 583151353574583424,-,HIP43109C,-,-,-,epsHyaC,J08468+0625C,F7V,SB*,131.6932,6.4192,165,,-,+,11.9,,248.1,0.43,,,,,,,,,,Pourbaix+04,2002AJ....124.1144L,,,,286.8,0.0,,6.717,26.4371,37.826,,,08468+0625,,148
551,epsHyaC,Gaia DR3 583151353574583424,-,HIP43109C,-,-,-,epsHyaC,J08468+0625C,F7V,SB*,131.6932,6.4192,165,,-,+,13.53,,40.3,0.17,,,,,,,,,,Pourbaix+04,2002AJ....124.1132G,,,,142.7,0.0,,6.717,26.4371,37.826,,,08468+0625,,147
552,epsHyaC,Gaia DR3 583151353574583424,-,HIP43109C,-,-,-,epsHyaC,J08468+0625C,F7V,SB*,131.6932,6.4192,165,,-,+,12.59,,14.0,0.29,,,,,,,,,,Pourbaix+04,2002AJ....124.1144L,,,,119.9,0.0,,6.717,26.4371,37.826,,,08468+0625,,146
553,epsHyaC,Gaia DR3 583151353574583424,-,HIP43109C,-,-,-,epsHyaC,J08468+0625C,F7V,SB*,131.6932,6.4192,165,,-,DA:/M+,,,0.6,0.0,,,,,,,,,,Pourbaix+04,2011A&A...536A..43N,,,,0.0,0.0,,6.717,26.4371,37.826,,,08468+0625,,145
554,epsHyaC,Gaia DR3 583151353574583424,-,HIP43109C,-,-,-,epsHyaC,J08468+0625C,F7V,SB*,131.6932,6.4192,165,,-,DA/M+,,,0.7,0.0,,,,,,,,,,Pourbaix+04,2011A&A...536A..43N,,,,0.0,0.0,,6.717,26.4371,37.826,,,08468+0625,,144
555,epsHyaC,Gaia DR3 583151353574583424,-,HIP43109C,-,-,-,epsHyaC,J08468+0625C,F7V,SB*,131.6932,6.4192,165,,-,DA/M+,,,0.3,0.0,,,,,,,,,,Pourbaix+04,2011A&A...536A..43N,,,,0.0,0.0,,6.717,26.4371,37.826,,,08468+0625,,143
556,epsHyaC,Gaia DR3 583151353574583424,-,HIP43109C,-,-,-,epsHyaC,J08468+0625C,F7V,SB*,131.6932,6.4192,165,,-,DA+M+,14.66,,0.1,0.0,,,,,,,,,,Pourbaix+04,2011A&A...536A..43N,,,,0.0,0.0,,6.717,26.4371,37.826,,,08468+0625,,142
557,epsHyaC,Gaia DR3 583151353574583424,-,HIP43109C,-,-,-,epsHyaC,J08468+0625C,F7V,SB*,131.6932,6.4192,165,,-,+,14.68,,29.8,0.31,,,,,,,,,,Pourbaix+04,2014AJ....148...38M,,,,171.9,0.0,,6.717,26.4371,37.826,,,08468+0625,,141
558,epsHyaC,Gaia DR3 583151353574583424,-,HIP43109C,-,-,-,epsHyaC,J08468+0625C,F7V,SB*,131.6932,6.4192,165,,-,G5V+,9.7,,4.7,0.0,,,,,,,,,,Pourbaix+04,1999A&AS..136..373T,,,,0.0,0.0,,6.717,26.4371,37.826,,,08468+0625,,140
559,epsHyaC,Gaia DR3 583151353574583424,-,HIP43109C,-,-,-,epsHyaC,J08468+0625C,F7V,SB*,131.6932,6.4192,165,,-,DA/M+,,,0.3,0.0,,,,,,,,,,Pourbaix+04,2011A&A...536A..43N,,,,0.0,0.0,,6.717,26.4371,37.826,,,08468+0625,,139
560,epsHyaC,Gaia DR3 583151353574583424,-,HIP43109C,-,-,-,epsHyaC,J08468+0625C,F7V,SB*,131.6932,6.4192,165,,-,+,15.2,,2540.0,0.37,,,,,,,,,,Pourbaix+04,2014AJ....148...38M,,,,283.0,0.0,,6.717,26.4371,37.826,,,08468+0625,,158
561,epsHyaC,Gaia DR3 583151353574583424,-,HIP43109C,-,-,-,epsHyaC,J08468+0625C,F7V,SB*,131.6932,6.4192,165,,-,+,14.52,,135.0,0.28,,,,,,,,,,Pourbaix+04,2014AJ....148...38M,,,,300.0,0.0,,6.717,26.4371,37.826,,,08468+0625,,160
562,epsHyaC,Gaia DR3 583151353574583424,-,HIP43109C,-,-,-,epsHyaC,J08468+0625C,F7V,SB*,131.6932,6.4192,165,,-,+,14.79,,121.6,0.45,,,,,,,,,,Pourbaix+04,2014AJ....148...38M,,,,255.0,0.0,,6.717,26.4371,37.826,,,08468+0625,,181
563,epsHyaC,Gaia DR3 583151353574583424,-,HIP43109C,-,-,-,epsHyaC,J08468+0625C,F7V,SB*,131.6932,6.4192,165,,-,+,12.65,,464.7,0.16,,,,,,,,,,Pourbaix+04,2002AJ....124.1132G,,,,70.0,0.0,,6.717,26.4371,37.826,,,08468+0625,,161
564,epsHyaC,Gaia DR3 583151353574583424,-,HIP43109C,-,-,-,epsHyaC,J08468+0625C,F7V,SB*,131.6932,6.4192,165,,-,+,13.76,,2837.0,0.53,,,,,,,,,,Pourbaix+04,2002AJ....124.1144L,,,,248.4,0.0,,6.717,26.4371,37.826,,,08468+0625,,180
565,epsHyaC,Gaia DR3 583151353574583424,-,HIP43109C,-,-,-,epsHyaC,J08468+0625C,F7V,SB*,131.6932,6.4192,165,,-,+,14.34,,1732.0,0.45,,,,,,,,,,Pourbaix+04,2002AJ....124.1144L,,,,112.0,0.0,,6.717,26.4371,37.826,,,08468+0625,,179
566,epsHyaC,Gaia DR3 583151353574583424,-,HIP43109C,-,-,-,epsHyaC,J08468+0625C,F7V,SB*,131.6932,6.4192,165,,-,DA...+,14.6,,0.1,0.0,,,,,,,,,,Pourbaix+04,2002MNRAS.332..745M,,,,0.0,0.0,,6.717,26.4371,37.826,,,08468+0625,,178
567,epsHyaC,Gaia DR3 583151353574583424,-,HIP43109C,-,-,-,epsHyaC,J08468+0625C,F7V,SB*,131.6932,6.4192,165,,-,+,19.14,,0.1,0.0,,,,,,,,,,Pourbaix+04,2012AJ....144...81T,,,,270.0,0.0,,6.717,26.4371,37.826,,,08468+0625,,177
568,epsHyaC,Gaia DR3 583151353574583424,-,HIP43109C,-,-,-,epsHyaC,J08468+0625C,F7V,SB*,131.6932,6.4192,165,,-,+,15.6,,0.2,0.0,,,,,,,,,,Pourbaix+04,2001MNRAS.326.1235T,,,,180.0,0.0,,6.717,26.4371,37.826,,,08468+0625,,176
569,epsHyaC,Gaia DR3 583151353574583424,-,HIP43109C,-,-,-,epsHyaC,J08468+0625C,F7V,SB*,131.6932,6.4192,165,,-,DA/M+,,,0.6,0.0,,,,,,,,,,Pourbaix+04,2011A&A...536A..43N,,,,0.0,0.0,,6.717,26.4371,37.826,,,08468+0625,,175
570,epsHyaC,Gaia DR3 583151353574583424,-,HIP43109C,-,-,-,epsHyaC,J08468+0625C,F7V,SB*,131.6932,6.4192,165,,-,+,12.16,,1127.0,0.28,,,,,,,,,,Pourbaix+04,2002AJ....124.1144L,,,,49.0,0.0,,6.717,26.4371,37.826,,,08468+0625,,174
571,epsHyaC,Gaia DR3 583151353574583424,-,HIP43109C,-,-,-,epsHyaC,J08468+0625C,F7V,SB*,131.6932,6.4192,165,,-,+,14.84,,33.3,0.37,,,,,,,,,,Pourbaix+04,2014AJ....148...38M,,,,286.5,0.0,,6.717,26.4371,37.826,,,08468+0625,,173
572,epsHyaC,Gaia DR3 583151353574583424,-,HIP43109C,-,-,-,epsHyaC,J08468+0625C,F7V,SB*,131.6932,6.4192,165,,-,+,15.31,,11.0,0.02,,,,,,,,,,Pourbaix+04,2014AJ....148...38M,,,,10.0,0.0,,6.717,26.4371,37.826,,,08468+0625,,172
573,epsHyaC,Gaia DR3 583151353574583424,-,HIP43109C,-,-,-,epsHyaC,J08468+0625C,F7V,SB*,131.6932,6.4192,165,,-,+,15.44,,60.5,0.24,,,,,,,,,,Pourbaix+04,2014AJ....148...38M,,,,226.0,0.0,,6.717,26.4371,37.826,,,08468+0625,,171
574,epsHyaC,Gaia DR3 583151353574583424,-,HIP43109C,-,-,-,epsHyaC,J08468+0625C,F7V,SB*,131.6932,6.4192,165,,-,+,15.8,,24.8,0.36,,,,,,,,,,Pourbaix+04,2014AJ....148...38M,,,,136.0,0.0,,6.717,26.4371,37.826,,,08468+0625,,170
575,epsHyaC,Gaia DR3 583151353574583424,-,HIP43109C,-,-,-,epsHyaC,J08468+0625C,F7V,SB*,131.6932,6.4192,165,,-,+,15.38,,4.7,0.21,,,,,,,,,,Pourbaix+04,2014AJ....148...38M,,,,117.2,0.0,,6.717,26.4371,37.826,,,08468+0625,,169
576,epsHyaC,Gaia DR3 583151353574583424,-,HIP43109C,-,-,-,epsHyaC,J08468+0625C,F7V,SB*,131.6932,6.4192,165,,-,+,15.28,,1.9,0.05,,,,,,,,,,Pourbaix+04,2014AJ....148...38M,,,,330.0,0.0,,6.717,26.4371,37.826,,,08468+0625,,168
577,epsHyaC,Gaia DR3 583151353574583424,-,HIP43109C,-,-,-,epsHyaC,J08468+0625C,F7V,SB*,131.6932,6.4192,165,,-,+,15.36,,71.7,0.09,,,,,,,,,,Pourbaix+04,2014AJ....148...38M,,,,348.0,0.0,,6.717,26.4371,37.826,,,08468+0625,,167
578,epsHyaC,Gaia DR3 583151353574583424,-,HIP43109C,-,-,-,epsHyaC,J08468+0625C,F7V,SB*,131.6932,6.4192,165,,-,+,15.07,,2390.0,0.59,,,,,,,,,,Pourbaix+04,2014AJ....148...38M,,,,311.0,0.0,,6.717,26.4371,37.826,,,08468+0625,,166
579,epsHyaC,Gaia DR3 583151353574583424,-,HIP43109C,-,-,-,epsHyaC,J08468+0625C,F7V,SB*,131.6932,6.4192,165,,-,+,15.62,,36.8,0.06,,,,,,,,,,Pourbaix+04,2014AJ....148...38M,,,,240.0,0.0,,6.717,26.4371,37.826,,,08468+0625,,165
580,epsHyaC,Gaia DR3 583151353574583424,-,HIP43109C,-,-,-,epsHyaC,J08468+0625C,F7V,SB*,131.6932,6.4192,165,,-,+,15.51,,2070.0,0.38,,,,,,,,,,Pourbaix+04,2014AJ....148...38M,,,,111.0,0.0,,6.717,26.4371,37.826,,,08468+0625,,164
581,epsHyaC,Gaia DR3 583151353574583424,-,HIP43109C,-,-,-,epsHyaC,J08468+0625C,F7V,SB*,131.6932,6.4192,165,,-,+,15.13,,81.7,0.14,,,,,,,,,,Pourbaix+04,2014AJ....148...38M,,,,352.0,0.0,,6.717,26.4371,37.826,,,08468+0625,,163
582,epsHyaC,Gaia DR3 583151353574583424,-,HIP43109C,-,-,-,epsHyaC,J08468+0625C,F7V,SB*,131.6932,6.4192,165,,-,DA/M+,,,0.3,0.0,,,,,,,,,,Pourbaix+04,2011A&A...536A..43N,,,,0.0,0.0,,6.717,26.4371,37.826,,,08468+0625,,162
583,epsHyaC,Gaia DR3 583151353574583424,-,HIP43109C,-,-,-,epsHyaC,J08468+0625C,F7V,SB*,131.6932,6.4192,165,,-,+,14.81,,174.5,0.69,,,,,,,,,,Pourbaix+04,2014AJ....148...38M,,,,84.0,0.0,,6.717,26.4371,37.826,,,08468+0625,,138
584,epsHyaC,Gaia DR3 583151353574583424,-,HIP43109C,-,-,-,epsHyaC,J08468+0625C,F7V,SB*,131.6932,6.4192,165,,-,DA/M+,,,0.9,0.0,,,,,,,,,,Pourbaix+04,2011A&A...536A..43N,,,,0.0,0.0,,6.717,26.4371,37.826,,,08468+0625,,137
585,epsHyaC,Gaia DR3 583151353574583424,-,HIP43109C,-,-,-,epsHyaC,J08468+0625C,F7V,SB*,131.6932,6.4192,165,,-,+,15.8,,176.4,0.65,,,,,,,,,,Pourbaix+04,2014AJ....148...38M,,,,299.0,0.0,,6.717,26.4371,37.826,,,08468+0625,,136
586,epsHyaC,Gaia DR3 583151353574583424,-,HIP43109C,-,-,-,epsHyaC,J08468+0625C,F7V,SB*,131.6932,6.4192,165,,-,DA2.2+,16.09,,4.4,0.0,,,,,,,,,,Pourbaix+04,2011A&A...536A..43N,,,,0.0,0.0,,6.717,26.4371,37.826,,,08468+0625,,135
587,epsHyaC,Gaia DR3 583151353574583424,-,HIP43109C,-,-,-,epsHyaC,J08468+0625C,F7V,SB*,131.6932,6.4192,165,,-,WD/M+,,,0.9,0.0,,,,,,,,,,Pourbaix+04,2011A&A...536A..43N,,,,0.0,0.0,,6.717,26.4371,37.826,,,08468+0625,,111
588,epsHyaC,Gaia DR3 583151353574583424,-,HIP43109C,-,-,-,epsHyaC,J08468+0625C,F7V,SB*,131.6932,6.4192,165,,-,sd:B+,14.37,,0.3,0.0,,,,,,,,,,Pourbaix+04,1999MNRAS.304..535M,,,,0.0,0.0,,6.717,26.4371,37.826,,,08468+0625,,110
589,epsHyaC,Gaia DR3 583151353574583424,-,HIP43109C,-,-,-,epsHyaC,J08468+0625C,F7V,SB*,131.6932,6.4192,165,,-,DA+M3+,15.69,,0.6,0.0,,,,,,,,,,Pourbaix+04,2011A&A...536A..43N,,,,0.0,0.0,,6.717,26.4371,37.826,,,08468+0625,,109
590,epsHyaC,Gaia DR3 583151353574583424,-,HIP43109C,-,-,-,epsHyaC,J08468+0625C,F7V,SB*,131.6932,6.4192,165,,-,sdB+,14.14,,0.4,0.0,,,,,,,,,,Pourbaix+04,2011MNRAS.415.1381C,,,,0.0,0.0,,6.717,26.4371,37.826,,,08468+0625,,108
591,epsHyaC,Gaia DR3 583151353574583424,-,HIP43109C,-,-,-,epsHyaC,J08468+0625C,F7V,SB*,131.6932,6.4192,165,,-,+,15.51,,839.0,0.26,,,,,,,,,,Pourbaix+04,2014AJ....148...38M,,,,165.0,0.0,,6.717,26.4371,37.826,,,08468+0625,,107
592,epsHyaC,Gaia DR3 583151353574583424,-,HIP43109C,-,-,-,epsHyaC,J08468+0625C,F7V,SB*,131.6932,6.4192,165,,-,sdB+,14.05,,0.7,0.0,,,,,,,,,,Pourbaix+04,2011MNRAS.415.1381C,,,,0.0,0.0,,6.717,26.4371,37.826,,,08468+0625,,106
593,epsHyaC,Gaia DR3 583151353574583424,-,HIP43109C,-,-,-,epsHyaC,J08468+0625C,F7V,SB*,131.6932,6.4192,165,,-,DA+,12.32,,0.7,0.0,,,,,,,,,,Pourbaix+04,2000MNRAS.311..877M,,,,0.0,0.0,,6.717,26.4371,37.826,,,08468+0625,,105
594,epsHyaC,Gaia DR3 583151353574583424,-,HIP43109C,-,-,-,epsHyaC,J08468+0625C,F7V,SB*,131.6932,6.4192,165,,-,+,16.84,,0.4,0.0,,,,,,,,,,Pourbaix+04,2012AJ....144...81T,,,,270.0,0.0,,6.717,26.4371,37.826,,,08468+0625,,104
595,epsHyaC,Gaia DR3 583151353574583424,-,HIP43109C,-,-,-,epsHyaC,J08468+0625C,F7V,SB*,131.6932,6.4192,165,,-,M3.0V+,11.0,,1.2,0.01,,,,,,,,,,Pourbaix+04,2018A&A...619A..32B,,,,352.0,0.0,,6.717,26.4371,37.826,,,08468+0625,,112
596,epsHyaC,Gaia DR3 583151353574583424,-,HIP43109C,-,-,-,epsHyaC,J08468+0625C,F7V,SB*,131.6932,6.4192,165,,-,M3.5V+,10.71,,119.5,0.07,,,,,,,,,,Pourbaix+04,2018A&A...619A..32B,,,,326.0,0.0,,6.717,26.4371,37.826,,,08468+0625,,103
597,epsHyaC,Gaia DR3 583151353574583424,-,HIP43109C,-,-,-,epsHyaC,J08468+0625C,F7V,SB*,131.6932,6.4192,165,,-,sd:B+,13.63,,0.3,0.0,,,,,,,,,,Pourbaix+04,1999MNRAS.304..535M,,,,0.0,0.0,,6.717,26.4371,37.826,,,08468+0625,,101
598,epsHyaC,Gaia DR3 583151353574583424,-,HIP43109C,-,-,-,epsHyaC,J08468+0625C,F7V,SB*,131.6932,6.4192,165,,-,M4.5V+,12.33,,6.0,0.01,,,,,,,,,,Pourbaix+04,2018A&A...619A..32B,,,,289.0,0.0,,6.717,26.4371,37.826,,,08468+0625,,100
599,epsHyaC,Gaia DR3 583151353574583424,-,HIP43109C,-,-,-,epsHyaC,J08468+0625C,F7V,SB*,131.6932,6.4192,165,,-,dK5e+,12.1,,3.2,0.0,,,,,,,,,,Pourbaix+04,2002AJ....123.1701T,,,,0.0,0.0,,6.717,26.4371,37.826,,,08468+0625,,99
600,epsHyaC,Gaia DR3 583151353574583424,-,HIP43109C,-,-,-,epsHyaC,J08468+0625C,F7V,SB*,131.6932,6.4192,165,,-,dK5e+,12.47,,0.6,0.0,,,,,,,,,,Pourbaix+04,2002AJ....123.1701T,,,,0.0,0.0,,6.717,26.4371,37.826,,,08468+0625,,98
601,epsHyaC,Gaia DR3 583151353574583424,-,HIP43109C,-,-,-,epsHyaC,J08468+0625C,F7V,SB*,131.6932,6.4192,165,,-,K7-M0e+,14.0,,3.8,0.0,,,,,,,,,,Pourbaix+04,2002AJ....123.1701T,,,,0.0,0.0,,6.717,26.4371,37.826,,,08468+0625,,97
602,epsHyaC,Gaia DR3 583151353574583424,-,HIP43109C,-,-,-,epsHyaC,J08468+0625C,F7V,SB*,131.6932,6.4192,165,,-,DA:+dMe,14.1,,0.8,0.0,,,,,,,,,,Pourbaix+04,1999ApJ...523..386V,,,,0.0,0.0,,6.717,26.4371,37.826,,,08468+0625,,96
603,epsHyaC,Gaia DR3 583151353574583424,-,HIP43109C,-,-,-,epsHyaC,J08468+0625C,F7V,SB*,131.6932,6.4192,165,,-,+,13.98,,297.2,0.23,,,,,,,,,,Pourbaix+04,2014AJ....148...38M,,,,89.0,0.0,,6.717,26.4371,37.826,,,08468+0625,,95
604,epsHyaC,Gaia DR3 583151353574583424,-,HIP43109C,-,-,-,epsHyaC,J08468+0625C,F7V,SB*,131.6932,6.4192,165,,-,dK4e+,13.0,,0.9,0.02,,,,,,,,,,Pourbaix+04,2002AJ....123.1701T,,,,60.0,0.0,,6.717,26.4371,37.826,,,08468+0625,,94
605,epsHyaC,Gaia DR3 583151353574583424,-,HIP43109C,-,-,-,epsHyaC,J08468+0625C,F7V,SB*,131.6932,6.4192,165,,-,+,12.17,,150.9,0.26,,,,,,,,,,Pourbaix+04,2002AJ....124.1144L,,,,155.0,0.0,,6.717,26.4371,37.826,,,08468+0625,,102
606,epsHyaC,Gaia DR3 583151353574583424,-,HIP43109C,-,-,-,epsHyaC,J08468+0625C,F7V,SB*,131.6932,6.4192,165,,-,em+,18.7,,0.2,0.0,,,,,,,,,,Pourbaix+04,1984ApJ...282..763S,,,,0.0,0.0,,6.717,26.4371,37.826,,,08468+0625,,113
607,epsHyaC,Gaia DR3 583151353574583424,-,HIP43109C,-,-,-,epsHyaC,J08468+0625C,F7V,SB*,131.6932,6.4192,165,,-,CEMP-s+,12.51,,404.6,0.03,,,,,,,,,,Pourbaix+04,2015A&A...MMM..NNNJ,,,,242.0,0.0,,6.717,26.4371,37.826,,,08468+0625,,114
608,epsHyaC,Gaia DR3 583151353574583424,-,HIP43109C,-,-,-,epsHyaC,J08468+0625C,F7V,SB*,131.6932,6.4192,165,,-,WO3+,15.85,,16.7,0.0,,,,,,,,,,Pourbaix+04,2001MNRAS.324...33B,,,,180.0,0.0,,6.717,26.4371,37.826,,,08468+0625,,115
609,epsHyaC,Gaia DR3 583151353574583424,-,HIP43109C,-,-,-,epsHyaC,J08468+0625C,F7V,SB*,131.6932,6.4192,165,,-,CEMP-s+,12.5,,402.8,0.02,,,,,,,,,,Pourbaix+04,2015A&A...MMM..NNNJ,,,,271.0,0.0,,6.717,26.4371,37.826,,,08468+0625,,134
610,epsHyaC,Gaia DR3 583151353574583424,-,HIP43109C,-,-,-,epsHyaC,J08468+0625C,F7V,SB*,131.6932,6.4192,165,,-,O7:+:,14.5,,4.3,0.0,,,,,,,,,,Pourbaix+04,1987AJ.....94..340H,,,,0.0,0.0,,6.717,26.4371,37.826,,,08468+0625,,133
611,epsHyaC,Gaia DR3 583151353574583424,-,HIP43109C,-,-,-,epsHyaC,J08468+0625C,F7V,SB*,131.6932,6.4192,165,,-,B3V+,16.9,,1.8,0.0,,,,,,,,,,Pourbaix+04,1983ApJ...272..118C,,,,0.0,0.0,,6.717,26.4371,37.826,,,08468+0625,,132
612,epsHyaC,Gaia DR3 583151353574583424,-,HIP43109C,-,-,-,epsHyaC,J08468+0625C,F7V,SB*,131.6932,6.4192,165,,-,+,15.8,,0.3,0.0,,,,,,,,,,Pourbaix+04,2010PASP..122.1285T,,,,0.0,0.0,,6.717,26.4371,37.826,,,08468+0625,,131
613,epsHyaC,Gaia DR3 583151353574583424,-,HIP43109C,-,-,-,epsHyaC,J08468+0625C,F7V,SB*,131.6932,6.4192,165,,-,B+,15.7,,16.7,0.82,,,,,,,,,,Pourbaix+04,1985PASP...97..418H,,,,222.0,0.0,,6.717,26.4371,37.826,,,08468+0625,,130
614,epsHyaC,Gaia DR3 583151353574583424,-,HIP43109C,-,-,-,epsHyaC,J08468+0625C,F7V,SB*,131.6932,6.4192,165,,-,+,17.4,,0.1,0.0,,,,,,,,,,Pourbaix+04,2012AJ....144...81T,,,,270.0,0.0,,6.717,26.4371,37.826,,,08468+0625,,129
615,epsHyaC,Gaia DR3 583151353574583424,-,HIP43109C,-,-,-,epsHyaC,J08468+0625C,F7V,SB*,131.6932,6.4192,165,,-,+,18.66,,0.1,0.0,,,,,,,,,,Pourbaix+04,2012AJ....144...81T,,,,270.0,0.0,,6.717,26.4371,37.826,,,08468+0625,,128
616,epsHyaC,Gaia DR3 583151353574583424,-,HIP43109C,-,-,-,epsHyaC,J08468+0625C,F7V,SB*,131.6932,6.4192,165,,-,WD+M+,,,1.0,0.0,,,,,,,,,,Pourbaix+04,2011A&A...536A..43N,,,,0.0,0.0,,6.717,26.4371,37.826,,,08468+0625,,127
617,epsHyaC,Gaia DR3 583151353574583424,-,HIP43109C,-,-,-,epsHyaC,J08468+0625C,F7V,SB*,131.6932,6.4192,165,,-,dK3e+,12.5,,0.7,0.0,,,,,,,,,,Pourbaix+04,2002AJ....123.1701T,,,,0.0,0.0,,6.717,26.4371,37.826,,,08468+0625,,126
618,epsHyaC,Gaia DR3 583151353574583424,-,HIP43109C,-,-,-,epsHyaC,J08468+0625C,F7V,SB*,131.6932,6.4192,165,,-,G2V+,10.28,,0.4,0.0,,,,,,,,,,Pourbaix+04,1999AJ....118..515L,,,,0.0,0.0,,6.717,26.4371,37.826,,,08468+0625,,125
619,epsHyaC,Gaia DR3 583151353574583424,-,HIP43109C,-,-,-,epsHyaC,J08468+0625C,F7V,SB*,131.6932,6.4192,165,,-,+,12.85,,616.8,0.68,,,,,,,,,,Pourbaix+04,2002AJ....124.1144L,,,,140.2,0.0,,6.717,26.4371,37.826,,,08468+0625,,124
620,epsHyaC,Gaia DR3 583151353574583424,-,HIP43109C,-,-,-,epsHyaC,J08468+0625C,F7V,SB*,131.6932,6.4192,165,,-,M2III+,15.24,,828.2,0.26,,,,,,,,,,Pourbaix+04,2015AJ....150...48F,,,,180.6,0.0,,6.717,26.4371,37.826,,,08468+0625,,123
621,epsHyaC,Gaia DR3 583151353574583424,-,HIP43109C,-,-,-,epsHyaC,J08468+0625C,F7V,SB*,131.6932,6.4192,165,,-,+,14.83,,91.4,0.45,,,,,,,,,,Pourbaix+04,2014AJ....148...38M,,,,115.6,0.0,,6.717,26.4371,37.826,,,08468+0625,,122
622,epsHyaC,Gaia DR3 583151353574583424,-,HIP43109C,-,-,-,epsHyaC,J08468+0625C,F7V,SB*,131.6932,6.4192,165,,-,K1V+,13.7,,18.4,0.21,,,,,,,,,,Pourbaix+04,2003AJ....125..246M,,,,95.0,0.0,,6.717,26.4371,37.826,,,08468+0625,,121
623,epsHyaC,Gaia DR3 583151353574583424,-,HIP43109C,-,-,-,epsHyaC,J08468+0625C,F7V,SB*,131.6932,6.4192,165,,-,WO3+,15.85,,16.7,0.03,,,,,,,,,,Pourbaix+04,2001MNRAS.324...33B,,,,197.0,0.0,,6.717,26.4371,37.826,,,08468+0625,,120
624,epsHyaC,Gaia DR3 583151353574583424,-,HIP43109C,-,-,-,epsHyaC,J08468+0625C,F7V,SB*,131.6932,6.4192,165,,-,M5.0V+,12.67,,154.2,0.54,,,,,,,,,,Pourbaix+04,2018A&A...619A..32B,,,,275.8,0.0,,6.717,26.4371,37.826,,,08468+0625,,119
625,epsHyaC,Gaia DR3 583151353574583424,-,HIP43109C,-,-,-,epsHyaC,J08468+0625C,F7V,SB*,131.6932,6.4192,165,08468+0625,,,3.38,,15.1,,,0.25,,,,,,,,Chulkov+22,2022MNRAS.517.2925C,,,,,,,6.717,26.4371,37.826,,,08468+0625,,2
626,epsHyaC,Gaia DR3 583151353574583424,-,HIP43109C,-,-,-,epsHyaC,J08468+0625C,F7V,SB*,131.6932,6.4192,165,,-,O4V+WO4,12.7,,16.7,0.0,,,,,,,,,,Pourbaix+04,1985ApJ...292..511M,,,,0.0,0.0,,6.717,26.4371,37.826,,,08468+0625,,118
627,epsHyaC,Gaia DR3 583151353574583424,-,HIP43109C,-,-,-,epsHyaC,J08468+0625C,F7V,SB*,131.6932,6.4192,165,,-,B0I+,13.15,13.35,3.9,0.0,,,,,,,,,,Pourbaix+04,1977ApJ...217..543P,,,,0.0,0.0,,6.717,26.4371,37.826,,83.18,08468+0625,,117
628,epsHyaC,Gaia DR3 583151353574583424,-,HIP43109C,-,-,-,epsHyaC,J08468+0625C,F7V,SB*,131.6932,6.4192,165,,-,O7+,13.9,,1.5,0.0,,,,,,,,,,Pourbaix+04,1978ApJ...225..548H,,,,0.0,0.0,,6.717,26.4371,37.826,,,08468+0625,,116
629,epsHyaC,Gaia DR3 583151353574583424,-,HIP43109C,-,-,-,epsHyaC,J08468+0625C,F7V,SB*,131.6932,6.4192,165,,-,DA+dM:e+,15.7,,1.6,0.0,,,,,,,,,,Pourbaix+04,2011A&A...536A..43N,,,,0.0,0.0,,6.717,26.4371,37.826,,,08468+0625,,328
630,epsHyaC,Gaia DR3 583151353574583424,-,HIP43109C,-,-,-,epsHyaC,J08468+0625C,F7V,SB*,131.6932,6.4192,165,,-,M4.0V+,11.05,,812.0,0.4,,,,,,,,,,Pourbaix+04,2018A&A...619A..32B,,,,239.0,0.0,,6.717,26.4371,37.826,,,08468+0625,,361
631,HD81212B,Gaia DR3 585739741384499072,HD81212B,-,-,-,-,-,J09245+0621B,-,PM*,141.1187,6.3505,166,09245+0621,,,14.64,15.63,4734.3,0.82,,,,100.01,,,,,,ORB6,Grv2021c,0.96,148.32,1800.23,117.49,,,7.464,16.1711,61.839,1.21,40.18,09245+0621,,5
632,HD81212B,Gaia DR3 585739741384499072,HD81212B,-,-,-,-,-,J09245+0621B,-,PM*,141.1187,6.3505,166,09245+0621,,,,,568.4,,,1.84,,,,,,,,Chulkov+22,2022MNRAS.517.2925C,,,,,,,7.464,16.1711,61.839,1.21,,09245+0621,,2
633,HD81212B,Gaia DR3 585739741384499072,HD81212B,-,-,-,-,-,J09245+0621B,-,PM*,141.1187,6.3505,166,09245+0621,,F7V,7.45,7.57,,,,,,,,,,,,WDS_THE.csv,,1.18,,,,1.1,1.9,7.464,16.1711,61.839,1.21,89.54,09245+0621,,9
634,HD81212B,Gaia DR3 585739741384499072,HD81212B,-,-,-,-,-,J09245+0621B,-,PM*,141.1187,6.3505,166,09245+0621,,,,,4734.3,,,6.26,,,,,,,,Chulkov+22,2022MNRAS.517.2925C,,,,,,,7.464,16.1711,61.839,1.21,,09245+0621,,3
635,HD81212B,Gaia DR3 585739741384499072,HD81212B,-,-,-,-,-,J09245+0621B,-,PM*,141.1187,6.3505,166,09245+0621,,,14.64,15.63,8612.9,0.83,,,,98.61,,,,,,ORB6,Grv2021c,0.96,35.97,1839.8,317.36,,,7.464,16.1711,61.839,1.21,40.18,09245+0621,,6
636,HD81212B,Gaia DR3 585739741384499072,HD81212B,-,-,-,-,-,J09245+0621B,-,PM*,141.1187,6.3505,166,09245+0621,,,14.64,15.63,568.4,0.89,,,,106.86,,,,,,ORB6,Grv2021c,0.96,159.21,1800.0,63.73,,,7.464,16.1711,61.839,1.21,40.18,09245+0621,,7
637,HD81212B,Gaia DR3 585739741384499072,HD81212B,-,-,-,-,-,J09245+0621B,-,PM*,141.1187,6.3505,166,09245+0621,,,7.5,7.6,4734.0,0.82,,6.3,,100.0,,,,,,StelleDoppie,ORB6,1.18,148.0,1800.0,118.0,,,7.464,16.1711,61.839,1.21,91.2,09245+0621,,8
638,HD81212B,Gaia DR3 585739741384499072,HD81212B,-,-,-,-,-,J09245+0621B,-,PM*,141.1187,6.3505,166,09245+0621,,,,,8612.9,,,9.33,,,,,,,,Chulkov+22,2022MNRAS.517.2925C,,,,,,,7.464,16.1711,61.839,1.21,,09245+0621,,4
639,HD81212B,Gaia DR3 585739741384499072,HD81212B,-,-,-,-,-,J09245+0621B,-,PM*,141.1187,6.3505,166,09245+0621,,,14.64,15.63,4734.3,0.825,,6.279999999999999,,100.005,,,,,,COMPOSITE,,0.96,148.16,1800.115,117.745,1.1,,7.464,16.1711,61.839,1.21,40.18,09245+0621,,1
640,HD81670A,Gaia DR3 586050112901137920,HD81670A,-,-,-,-,-,J09273+0614A,-,PM*,141.8196,6.2328,167,09273+0614,,,7.71,7.76,1073.8,0.755,,2.5300000000000002,,60.16,,,,,,COMPOSITE,,1.03,23.83,2082.53,93.88,1.7,,7.574,18.7669,53.285,1.045,,09273+0614,,1
641,HD81670A,Gaia DR3 586050112901137920,HD81670A,-,-,-,-,-,J09273+0614A,-,PM*,141.8196,6.2328,167,09273+0614,,F7V,7.71,7.76,,,,,,,,,,,,WDS_THE.csv,,1.03,,,,1.7,1.7,7.574,18.7669,53.285,1.045,95.5,09273+0614,,5
642,HD81670A,Gaia DR3 586050112901137920,HD81670A,-,-,-,-,-,J09273+0614A,-,PM*,141.8196,6.2328,167,09273+0614,HIP46367,F7V           ,7.71,7.76,591.0,0.62,18.41,1.73,,,,,,,,Malkov+12,2012A&A...546A..69M,1.03,,,,,,7.574,18.7669,53.285,1.045,95.5,09273+0614,,3
643,HD81670A,Gaia DR3 586050112901137920,HD81670A,-,-,-,-,-,J09273+0614A,-,PM*,141.8196,6.2328,167,09273+0614,HIP46367,,7.71,7.76,1073.8,0.89,,,,60.16,,,,,,ORB6,Izm2019,1.03,23.83,2082.53,93.88,,,7.574,18.7669,53.285,1.045,95.5,09273+0614,,4
644,HD81670A,Gaia DR3 586050112901137920,HD81670A,-,-,-,-,-,J09273+0614A,-,PM*,141.8196,6.2328,167,09273+0614,,,6.9,,1073.8,,,3.33,,,,,,,,Chulkov+22,2022MNRAS.517.2925C,,,,,,,7.574,18.7669,53.285,1.045,,09273+0614,,2
645,HD73668A,Gaia DR3 594641009565720192,HD73668A,HIP42488,-,TIC393124350,-,-,"J08397+0546Aa,Ab",G1V,PM*,129.9325,5.7642,169,08397+0546,,,,,,,,,,,,,,,,StelleDoppie,ORB6,,,,,,,7.258,28.2281,35.426,1.005,,08397+0546,,2
646,HD73668A,Gaia DR3 594641009565720192,HD73668A,HIP42488,-,TIC393124350,-,-,"J08397+0546Aa,Ab",G1V,PM*,129.9325,5.7642,169,08397+0546,,,,,,,,,,,,,,,,COMPOSITE,,,,,,,,7.258,28.2281,35.426,1.005,,08397+0546,,1
647,HD72945,Gaia DR3 594989348593414016,HD72945,HIP42172,GJ310.1A+GJ9271A,TIC468986279,-,-,J08358+0637A,F8V,SB*,128.9624,6.6202,170,08358+0637,,G8V+L5.0,7.16,,,,,,,,,,,,,WDS_THE.csv,,,,,,0.2,0.2,5.618,38.4212,26.027,1.155,,08358+0637,,7
648,HD72945,Gaia DR3 594989348593414016,HD72945,HIP42172,GJ310.1A+GJ9271A,TIC468986279,-,-,J08358+0637A,F8V,SB*,128.9624,6.6202,170,08358+0637,HIP42172,,5.98,7.16,1959.0,0.44,,,,95.5,,,,,,ORB6,Bdt2021b,0.88,27.0,3052.41,68.9,,,5.618,38.4212,26.027,1.155,33.73,08358+0637,,2
649,HD72945,Gaia DR3 594989348593414016,HD72945,HIP42172,GJ310.1A+GJ9271A,TIC468986279,-,-,J08358+0637A,F8V,SB*,128.9624,6.6202,170,,HIP42172,F5+,5.99,,14.3,0.28,,,,,,,,,,Pourbaix+04,1919ApJ....50..391J,,,,220.8,0.24,,5.618,38.4212,26.027,1.155,,08358+0637,,4
650,HD72945,Gaia DR3 594989348593414016,HD72945,HIP42172,GJ310.1A+GJ9271A,TIC468986279,-,-,J08358+0637A,F8V,SB*,128.9624,6.6202,170,,HIP42172,F5+,5.99,,14.3,0.33,,,,,,,,,,Pourbaix+04,1991A&A...248..485D,,,,227.1,0.24,,5.618,38.4212,26.027,1.155,,08358+0637,,5
651,HD72945,Gaia DR3 594989348593414016,HD72945,HIP42172,GJ310.1A+GJ9271A,TIC468986279,-,-,J08358+0637A,F8V,SB*,128.9624,6.6202,170,08358+0637,,,5.995,7.18,16.0,0.44,,7.8,,95.5,,,,,,COMPOSITE,,0.88,27.0,3052.0,220.8,0.24,,5.618,38.4212,26.027,1.155,33.11,08358+0637,,1
652,HD72945,Gaia DR3 594989348593414016,HD72945,HIP42172,GJ310.1A+GJ9271A,TIC468986279,-,-,J08358+0637A,F8V,SB*,128.9624,6.6202,170,08358+0637,HIP42173,,7.16,,16.0,0.5,,,,63.14,,,,,,ORB6,VI_2023,,354.6,2028.15,248.84,,,5.618,38.4212,26.027,1.155,,08358+0637,,3
653,HD72945,Gaia DR3 594989348593414016,HD72945,HIP42172,GJ310.1A+GJ9271A,TIC468986279,-,-,J08358+0637A,F8V,SB*,128.9624,6.6202,170,08358+0637,,,6.0,7.2,1960.0,0.44,,7.8,,96.0,,,,,,StelleDoppie,ORB6,0.88,27.0,3052.0,69.0,,,5.618,38.4212,26.027,1.155,33.11,08358+0637,,6
654,HD75767,Gaia DR3 596878550087942528,HD75767,HIP43557,-,TIC459056725,-,-,J08523+0804A,G1.5V,SB*,133.0683,8.0629,172,,HIP43557,dG1+,6.57,9.8,10.3,0.05,,,,,,,,,,COMPOSITE,,0.31,,,157.0,0.2,,6.583,43.5436,22.965,0.925,,08523+0804,,1
655,HD75767,Gaia DR3 596878550087942528,HD75767,HIP43557,-,TIC459056725,-,-,J08523+0804A,G1.5V,SB*,133.0683,8.0629,172,,HIP43557,dG1+,6.57,,10.3,0.1,,,,,,,,,,Pourbaix+04,1931ApJ....74..201S,,,,314.0,0.2,,6.583,43.5436,22.965,0.925,,08523+0804,,2
656,HD75767,Gaia DR3 596878550087942528,HD75767,HIP43557,-,TIC459056725,-,-,J08523+0804A,G1.5V,SB*,133.0683,8.0629,172,,HIP43557,dG1+,6.57,,10.3,0.0,,,,,,,,,,Pourbaix+04,1991BASI...19..183G,,,,0.0,0.2,,6.583,43.5436,22.965,0.925,,08523+0804,,3
657,HD75767,Gaia DR3 596878550087942528,HD75767,HIP43557,-,TIC459056725,-,-,J08523+0804A,G1.5V,SB*,133.0683,8.0629,172,08523+0804,,G0V,5.0,9.8,,,,,,,,,,,,WDS_THE.csv,,0.31,,,,3.2,3.2,6.583,43.5436,22.965,0.925,1.2,08523+0804,,5
658,HD75767,Gaia DR3 596878550087942528,HD75767,HIP43557,-,TIC459056725,-,-,J08523+0804A,G1.5V,SB*,133.0683,8.0629,172,08523+0804,,,,,,,,,,,,,,,,StelleDoppie,ORB6,,,,,,,6.583,43.5436,22.965,0.925,,08523+0804,,4
659,HD73667,Gaia DR3 602079652404802688,HD73667,HIP42499,GJ315+GJ315.0,TIC443965212,-,-,J08398+1131A,K2V,PM*,129.9616,11.5227,174,08398+1131,,,,,,,,,,,,,,,,StelleDoppie,ORB6,,,,,,,7.627,54.2513,18.433,0.675,,08398+1131,,2
660,HD73667,Gaia DR3 602079652404802688,HD73667,HIP42499,GJ315+GJ315.0,TIC443965212,-,-,J08398+1131A,K2V,PM*,129.9616,11.5227,174,08398+1131,,,,,,,,,,,,,,,,COMPOSITE,,,,,,,,7.627,54.2513,18.433,0.675,,08398+1131,,1
661,HD85091,Gaia DR3 613075249718020736,HD85091,HIP48215,-,TIC377041106,-,-,-,F8,RS*,147.4521,11.1064,175,,HIP48215,dG0+,7.62,,3.4,0.0,,,,,,,,,,Pourbaix+04,1983A&AS...54..187C,,,,0.0,0.05,,7.628,22.6729,44.106,0.855,,-,,2
662,HD85091,Gaia DR3 613075249718020736,HD85091,HIP48215,-,TIC377041106,-,-,-,F8,RS*,147.4521,11.1064,175,,HIP48215,dG0+,7.62,,3.4,0.01,,,,,,,,,,Pourbaix+04,2002AJ....124.1144L,,,,321.0,0.05,,7.628,22.6729,44.106,0.855,,-,,3
663,HD85091,Gaia DR3 613075249718020736,HD85091,HIP48215,-,TIC377041106,-,-,-,F8,RS*,147.4521,11.1064,175,,HIP48215,dG0+,7.62,,3.4,0.005,,,,,,,,,,COMPOSITE,,,,,160.5,0.05,,7.628,22.6729,44.106,0.855,,-,,1
664,HD86133,Gaia DR3 627699888238838272,HD86133,HIP48785,-,TIC239205079,-,-,J09570+1946A,G0,PM*,149.2592,19.7624,177,09570+1946,,,,,,,,,,,,,,,,COMPOSITE,,,,,,,,7.6,24.5016,40.814,0.895,,09570+1946,,1
665,HD86133,Gaia DR3 627699888238838272,HD86133,HIP48785,-,TIC239205079,-,-,J09570+1946A,G0,PM*,149.2592,19.7624,177,09570+1946,,,,,,,,,,,,,,,,StelleDoppie,ORB6,,,,,,,7.6,24.5016,40.814,0.895,,09570+1946,,2
666,HD82443,Gaia DR3 646255212109355136,HD82443,HIP46843,GJ354.1+GJ354.1A+GJ9301A,TIC172533278,-,-,J09327+2659A,G9V(k),BY*,143.1823,26.9885,179,09327+2659,,G9V,5.1,16.9,,,,,,,,,,,,WDS_THE.csv,,0.06,,,,4.9,4.9,7.001,55.3291,18.074,0.855,0.0,09327+2659,,3
667,HD82443,Gaia DR3 646255212109355136,HD82443,HIP46843,GJ354.1+GJ354.1A+GJ9301A,TIC172533278,-,-,J09327+2659A,G9V(k),BY*,143.1823,26.9885,179,09327+2659,,G9V,5.1,17.7,,,,,,,,,,,,WDS_THE.csv,,0.05,,,,8.2,9.8,7.001,55.3291,18.074,0.855,0.0,09327+2659,,4
668,HD82443,Gaia DR3 646255212109355136,HD82443,HIP46843,GJ354.1+GJ354.1A+GJ9301A,TIC172533278,-,-,J09327+2659A,G9V(k),BY*,143.1823,26.9885,179,09327+2659,,G9V,5.1,19.0,,,,,,,,,,,,WDS_THE.csv,,0.03,,,,5.4,5.4,7.001,55.3291,18.074,0.855,0.0,09327+2659,,5
669,HD82443,Gaia DR3 646255212109355136,HD82443,HIP46843,GJ354.1+GJ354.1A+GJ9301A,TIC172533278,-,-,J09327+2659A,G9V(k),BY*,143.1823,26.9885,179,09327+2659,,,,,,,,,,,,,,,,StelleDoppie,ORB6,,,,,,,7.001,55.3291,18.074,0.855,,09327+2659,,2
670,HD82443,Gaia DR3 646255212109355136,HD82443,HIP46843,GJ354.1+GJ354.1A+GJ9301A,TIC172533278,-,-,J09327+2659A,G9V(k),BY*,143.1823,26.9885,179,09327+2659,,G9V,5.1,18.35,,,,,,,,,,,,COMPOSITE,,0.04,,,,6.25,4.9,7.001,55.3291,18.074,0.855,0.0,09327+2659,,1
671,HD82443,Gaia DR3 646255212109355136,HD82443,HIP46843,GJ354.1+GJ354.1A+GJ9301A,TIC172533278,-,-,J09327+2659A,G9V(k),BY*,143.1823,26.9885,179,09327+2659,,G9V,5.1,19.0,,,,,,,,,,,,WDS_THE.csv,,0.03,,,,7.1,7.1,7.001,55.3291,18.074,0.855,0.0,09327+2659,,6
672,HD66348,Gaia DR3 653027276027556224,HD66348,HIP39418,-,TIC358089005,-,-,J08035+1211A,F8V,PM*,120.8697,12.1813,180,08035+1211,,F9V,6.79,10.8,,,,,,,,,,,,WDS_THE.csv,,0.51,,,,4.2,7.6,6.753,22.4416,44.56,1.295,2.49,08035+1211,,2
673,HD66348,Gaia DR3 653027276027556224,HD66348,HIP39418,-,TIC358089005,-,-,J08035+1211A,F8V,PM*,120.8697,12.1813,180,08035+1211,,F9V,6.79,10.8,,,,,,,,,,,,COMPOSITE,,0.51,,,,4.2,7.6,6.753,22.4416,44.56,1.295,2.49,08035+1211,,1
674,HD67789,Gaia DR3 653820298787662464,HD67789,HIP39999,-,TIC27510756,-,-,J08101+1430A,F5,PM*,122.5273,14.508,181,08101+1430,,F5,7.6,14.26,,,,,,,,,,,,WDS_THE.csv,,0.23,,,,6.6,7.0,7.59,18.7023,53.469,1.075,0.22,08101+1430,,2
675,HD67789,Gaia DR3 653820298787662464,HD67789,HIP39999,-,TIC27510756,-,-,J08101+1430A,F5,PM*,122.5273,14.508,181,08101+1430,,F5,8.4,8.4,,,,,,,,,,,,WDS_THE.csv,,1.08,,,,0.0,0.0,7.59,18.7023,53.469,1.075,100.0,08101+1430,,3
676,HD67789,Gaia DR3 653820298787662464,HD67789,HIP39999,-,TIC27510756,-,-,J08101+1430A,F5,PM*,122.5273,14.508,181,08101+1430,,F5,8.0,11.33,,,,,,,,,,,,COMPOSITE,,0.655,,,,3.3,7.0,7.59,18.7023,53.469,1.075,0.22,08101+1430,,1
677,HD68256,Gaia DR3 657244521593508992,HD68256,HIP40167C,GJ9257C,-,-,16CncC+zetCncC+zet02Cnc,J08122+1739C,G0IV-V,SB*,123.055,17.6485,185,08122+1739,HIP40167,F8V           ,4.92,6.25,1115.0,0.24,39.87,7.7,,,,,,,,Malkov+12,2012A&A...546A..69M,0.81,,,,,,6.042,41.1543,24.299,1.095,29.38,08122+1739,,5
678,HD68256,Gaia DR3 657244521593508992,HD68256,HIP40167C,GJ9257C,-,-,16CncC+zetCncC+zet02Cnc,J08122+1739C,G0IV-V,SB*,123.055,17.6485,185,08122+1739,,,,,17.3,,,0.36,,,,,,,,Chulkov+22,2022MNRAS.517.2925C,,,,,,,6.042,41.1543,24.299,1.095,,08122+1739,,2
679,HD68256,Gaia DR3 657244521593508992,HD68256,HIP40167C,GJ9257C,-,-,16CncC+zetCncC+zet02Cnc,J08122+1739C,G0IV-V,SB*,123.055,17.6485,185,,HIP40167,G5V+,6.2,,6302.0,0.12,,,,,,,,,,Pourbaix+04,2000Obs...120....1G,,,,307.0,14.47,,6.042,41.1543,24.299,1.095,,08122+1739,,13
680,HD68256,Gaia DR3 657244521593508992,HD68256,HIP40167C,GJ9257C,-,-,16CncC+zetCncC+zet02Cnc,J08122+1739C,G0IV-V,SB*,123.055,17.6485,185,08122+1739,HIP40167,M1            ,6.2,7.1,17.4,0.08,39.87,0.18,,,,,,,,Malkov+12,2012A&A...546A..69M,0.89,,,,,,6.042,41.1543,24.299,1.095,43.65,08122+1739,,6
681,HD68256,Gaia DR3 657244521593508992,HD68256,HIP40167C,GJ9257C,-,-,16CncC+zetCncC+zet02Cnc,J08122+1739C,G0IV-V,SB*,123.055,17.6485,185,08122+1739,HIP40167,F8V           ,4.92,6.25,1150.0,0.26,39.87,7.96,,,,,,,,Malkov+12,2012A&A...546A..69M,0.81,,,,,,6.042,41.1543,24.299,1.095,29.38,08122+1739,,7
682,HD68256,Gaia DR3 657244521593508992,HD68256,HIP40167C,GJ9257C,-,-,16CncC+zetCncC+zet02Cnc,J08122+1739C,G0IV-V,SB*,123.055,17.6485,185,08122+1739,HIP40167,,6.2,7.1,17.2,0.1,,,,144.1,,,,,,ORB6,JAA2023,0.89,68.62,1983.16,342.73,,,6.042,41.1543,24.299,1.095,43.65,08122+1739,,10
683,HD68256,Gaia DR3 657244521593508992,HD68256,HIP40167C,GJ9257C,-,-,16CncC+zetCncC+zet02Cnc,J08122+1739C,G0IV-V,SB*,123.055,17.6485,185,08122+1739,,,4.67,,59.5,,,0.85,,,,,,,,Chulkov+22,2022MNRAS.517.2925C,,,,,,,6.042,41.1543,24.299,1.095,,08122+1739,,3
684,HD68256,Gaia DR3 657244521593508992,HD68256,HIP40167C,GJ9257C,-,-,16CncC+zetCncC+zet02Cnc,J08122+1739C,G0IV-V,SB*,123.055,17.6485,185,08122+1739,HIP40167,F8V           ,5.3,6.25,59.5,0.32,39.87,0.88,,,,,,,,Malkov+12,2012A&A...546A..69M,0.88,,,,,,6.042,41.1543,24.299,1.095,41.69,08122+1739,,8
685,HD68256,Gaia DR3 657244521593508992,HD68256,HIP40167C,GJ9257C,-,-,16CncC+zetCncC+zet02Cnc,J08122+1739C,G0IV-V,SB*,123.055,17.6485,185,08122+1739,,M1,6.2,7.1,,,,,,,,,,,,WDS_THE.csv,,0.89,,,,0.3,0.3,6.042,41.1543,24.299,1.095,43.65,08122+1739,,17
686,HD68256,Gaia DR3 657244521593508992,HD68256,HIP40167C,GJ9257C,-,-,16CncC+zetCncC+zet02Cnc,J08122+1739C,G0IV-V,SB*,123.055,17.6485,185,08122+1739,,F8V,5.3,5.85,,,,,,,,,,,,WDS_THE.csv,,0.96,,,,3.3,6.2,6.042,41.1543,24.299,1.095,60.26,08122+1739,,15
687,HD68256,Gaia DR3 657244521593508992,HD68256,HIP40167C,GJ9257C,-,-,16CncC+zetCncC+zet02Cnc,J08122+1739C,G0IV-V,SB*,123.055,17.6485,185,08122+1739,,F8V,5.3,6.25,,,,,,,,,,,,WDS_THE.csv,,0.88,,,,1.1,1.1,6.042,41.1543,24.299,1.095,41.69,08122+1739,,16
688,HD68256,Gaia DR3 657244521593508992,HD68256,HIP40167C,GJ9257C,-,-,16CncC+zetCncC+zet02Cnc,J08122+1739C,G0IV-V,SB*,123.055,17.6485,185,08122+1739,,F8V,6.25,5.85,,,,,,,,,,,,WDS_THE.csv,,1.2,,,,5.5,5.5,6.042,41.1543,24.299,1.095,144.54,08122+1739,,18
689,HD68256,Gaia DR3 657244521593508992,HD68256,HIP40167C,GJ9257C,-,-,16CncC+zetCncC+zet02Cnc,J08122+1739C,G0IV-V,SB*,123.055,17.6485,185,08122+1739,HIP40167,,4.92,5.85,735.2,0.62,,,,119.58,,,,,,ORB6,Izm2019,0.88,157.66,1800.61,295.25,,,6.042,41.1543,24.299,1.095,42.46,08122+1739,,12
690,HD68256,Gaia DR3 657244521593508992,HD68256,HIP40167C,GJ9257C,-,-,16CncC+zetCncC+zet02Cnc,J08122+1739C,G0IV-V,SB*,123.055,17.6485,185,08122+1739,,,4.67,,735.2,,,8.9,,,,,,,,Chulkov+22,2022MNRAS.517.2925C,,,,,,,6.042,41.1543,24.299,1.095,,08122+1739,,4
691,HD68256,Gaia DR3 657244521593508992,HD68256,HIP40167C,GJ9257C,-,-,16CncC+zetCncC+zet02Cnc,J08122+1739C,G0IV-V,SB*,123.055,17.6485,185,08122+1739,HIP40167,F8V           ,5.3,6.25,59.6,0.32,39.87,0.86,,,,,,,,Malkov+12,2012A&A...546A..69M,0.88,,,,,,6.042,41.1543,24.299,1.095,41.69,08122+1739,,9
692,HD68256,Gaia DR3 657244521593508992,HD68256,HIP40167C,GJ9257C,-,-,16CncC+zetCncC+zet02Cnc,J08122+1739C,G0IV-V,SB*,123.055,17.6485,185,08122+1739,HIP40167,,5.3,6.25,59.8,0.32,,,,170.9,,,,,,ORB6,USN2021a,0.88,189.8,1989.92,0.8,,,6.042,41.1543,24.299,1.095,41.69,08122+1739,,11
693,HD68256,Gaia DR3 657244521593508992,HD68256,HIP40167C,GJ9257C,-,-,16CncC+zetCncC+zet02Cnc,J08122+1739C,G0IV-V,SB*,123.055,17.6485,185,08122+1739,,M1,5.2,7.0,,,,,,,,,,,,WDS_THE.csv,,0.72,,,,0.1,0.1,6.042,41.1543,24.299,1.095,19.05,08122+1739,,14
694,HD68256,Gaia DR3 657244521593508992,HD68256,HIP40167C,GJ9257C,-,-,16CncC+zetCncC+zet02Cnc,J08122+1739C,G0IV-V,SB*,123.055,17.6485,185,08122+1739,,M1,5.3,6.25,59.7,0.26,,0.87,,144.1,,,,,,COMPOSITE,,0.88,157.66,1983.16,301.125,3.3,0.1,6.042,41.1543,24.299,1.095,19.05,08122+1739,,1
695,HD68256,Gaia DR3 657244521593508992,HD68256,HIP40167C,GJ9257C,-,-,16CncC+zetCncC+zet02Cnc,J08122+1739C,G0IV-V,SB*,123.055,17.6485,185,08122+1739,,F8V,4.92,5.85,,,,,,,,,,,,WDS_THE.csv,,0.88,,,,6.3,6.3,6.042,41.1543,24.299,1.095,42.46,08122+1739,,19
696,HD74655,Gaia DR3 661183762517030784,HD74655,HIP43004,-,TIC184916538,-,-,-,F8,SB*,131.4586,20.0223,187,,HIP43004,F8+,7.59,,70.7,0.1,,,,,,,,,,COMPOSITE,,,,,325.1,0.28,,7.58,15.4465,64.74,1.195,,-,,1
697,HD74655,Gaia DR3 661183762517030784,HD74655,HIP43004,-,TIC184916538,-,-,-,F8,SB*,131.4586,20.0223,187,,HIP43004,F8+,7.59,,70.7,0.1,,,,,,,,,,Pourbaix+04,2018MNRAS.475.1375G,,,,325.1,0.28,,7.58,15.4465,64.74,1.195,,-,,2
698,HD64468,Gaia DR3 670216834655936128,HD64468,HIP38657,GJ292.1,TIC293253336,-,-,J07549+1914A,K2.5V,SB*,118.7253,19.2363,189,,HIP38657,K2.5V+,7.73,,161.2,0.27,,,,,,,,,,Pourbaix+04,2018A&A...619A..81H,,,,323.98,1.36,,7.76,49.2443,20.307,0.805,,07549+1914,,2
699,HD64468,Gaia DR3 670216834655936128,HD64468,HIP38657,GJ292.1,TIC293253336,-,-,J07549+1914A,K2.5V,SB*,118.7253,19.2363,189,07549+1914,,,,,,,,,,,,,,,,StelleDoppie,ORB6,,,,,,,7.76,49.2443,20.307,0.805,,07549+1914,,3
700,HD64468,Gaia DR3 670216834655936128,HD64468,HIP38657,GJ292.1,TIC293253336,-,-,J07549+1914A,K2.5V,SB*,118.7253,19.2363,189,07549+1914,,K2,5.5,11.0,,,,,,,,,,,,WDS_THE.csv,,0.23,,,,4.7,4.7,7.76,49.2443,20.307,0.805,0.63,07549+1914,,4
701,HD64468,Gaia DR3 670216834655936128,HD64468,HIP38657,GJ292.1,TIC293253336,-,-,J07549+1914A,K2.5V,SB*,118.7253,19.2363,189,,HIP38657,K2.5V+,6.615,11.0,161.2,0.27,,,,,,,,,,COMPOSITE,,0.23,,,323.98,3.0300000000000002,,7.76,49.2443,20.307,0.805,,07549+1914,,1
702,HD65430,Gaia DR3 670853314448533888,HD65430,HIP39064,GJ3471,TIC54234694,-,-,-,K0V,SB*,119.8914,20.8439,190,-,HIP39064,,7.7,,3138.0,0.38,,,4.55,57.2,,,,0.9,0.12,COMPOSITE,,,,,81.5,8.28,,7.647,41.687,23.988,0.795,,-,,1
703,HD65430,Gaia DR3 670853314448533888,HD65430,HIP39064,GJ3471,TIC54234694,-,-,-,K0V,SB*,119.8914,20.8439,190,-,HIP39064,,,,9.6,0.38,,,4.55,57.2,,,,0.9,0.12,Qier_An+25,2025ApJS..280...61A,,,,,0.17,,7.647,41.687,23.988,0.795,,-,,4
704,HD65430,Gaia DR3 670853314448533888,HD65430,HIP39064,GJ3471,TIC54234694,-,-,-,K0V,SB*,119.8914,20.8439,190,,HIP39064,K0V+,7.7,,3495.0,0.38,,,,,,,,,,Pourbaix+04,2002AJ....124.1144L,,,,86.0,8.89,,7.647,41.687,23.988,0.795,,-,,2
705,HD65430,Gaia DR3 670853314448533888,HD65430,HIP39064,GJ3471,TIC54234694,-,-,-,K0V,SB*,119.8914,20.8439,190,,HIP39064,K0V+,7.7,,3138.0,0.32,,,,,,,,,,Pourbaix+04,2002ApJS..141..503N,,,,77.0,8.28,,7.647,41.687,23.988,0.795,,-,,3
706,HD76780,Gaia DR3 685042030968334592,HD76780,HIP44097,-,TIC203219063,-,-,J08589+2110A,G5,PM*,134.7322,21.1663,193,08589+2110,,,8.4,13.9,,,,,,,,,,,,COMPOSITE,,0.29,,,,4.1,4.5,7.63,26.6067,37.585,1.025,0.63,08589+2110,,1
707,HD76780,Gaia DR3 685042030968334592,HD76780,HIP44097,-,TIC203219063,-,-,J08589+2110A,G5,PM*,134.7322,21.1663,193,08589+2110,,,8.4,13.9,,,,,,,,,,,,WDS_THE.csv,,0.29,,,,4.1,4.5,7.63,26.6067,37.585,1.025,0.63,08589+2110,,3
708,HD76780,Gaia DR3 685042030968334592,HD76780,HIP44097,-,TIC203219063,-,-,J08589+2110A,G5,PM*,134.7322,21.1663,193,08589+2110,,,,,,,,,,,,,,,,StelleDoppie,ORB6,,,,,,,7.63,26.6067,37.585,1.025,,08589+2110,,2
709,HD75732,Gaia DR3 704967037090946688,HD75732,HIP43587,GJ324A,TIC332064670,-,55Cnc+rhoCnc+rho01Cnc,J08526+2820A,K0IV-V,PM*,133.1492,28.3308,198,08526+2820,,,,,,,,,,,,,,,,StelleDoppie,ORB6,,,,,,,5.951,79.4482,12.587,0.959,,08526+2820,,2
710,HD75732,Gaia DR3 704967037090946688,HD75732,HIP43587,GJ324A,TIC332064670,-,55Cnc+rhoCnc+rho01Cnc,J08526+2820A,K0IV-V,PM*,133.1492,28.3308,198,08526+2820,,,,,,,,,,,,,,,,COMPOSITE,,,,,,,,5.951,79.4482,12.587,0.959,,08526+2820,,1
711,HD74057,Gaia DR3 709910784966516992,HD74057,HIP42753,-,TIC332146607,-,-,-,F8,SB*,130.6926,31.8626,199,,HIP42753,G0+G0,7.9,7.98,31.3,0.47,,,,,,,,,,Pourbaix+04,2012AJ....143....5S,1.05,,,63.59,0.26,,7.198,20.4023,49.014,1.065,92.9,-,,2
712,HD74057,Gaia DR3 709910784966516992,HD74057,HIP42753,-,TIC332146607,-,-,-,F8,SB*,130.6926,31.8626,199,,HIP42753,G0+G0,7.9,7.98,31.3,0.47,,,,,,,,,,COMPOSITE,,1.05,,,63.59,0.26,,7.198,20.4023,49.014,1.065,92.9,-,,1
713,HD75353A,Gaia DR3 716546681236997888,HD75353A,-,-,TIC284928216,-,-,J08508+3504A,-,PM*,132.6844,35.071,205,08508+3504,HIP43426,,7.59,7.76,804.0,0.89,,2.0,,87.85,,,,,,COMPOSITE,,0.97,277.9,2337.0,196.15,3.5,,7.531,18.1756,55.019,1.005,85.51,08508+3504,,1
714,HD75353A,Gaia DR3 716546681236997888,HD75353A,-,-,TIC284928216,-,-,J08508+3504A,-,PM*,132.6844,35.071,205,08508+3504,,,6.86,,804.0,,,2.0,,,,,,,,Chulkov+22,2022MNRAS.517.2925C,,,,,,,7.531,18.1756,55.019,1.005,,08508+3504,,2
715,HD75353A,Gaia DR3 716546681236997888,HD75353A,-,-,TIC284928216,-,-,J08508+3504A,-,PM*,132.6844,35.071,205,08508+3504,,,7.6,7.8,804.0,0.89,,2.0,,88.0,,,,,,StelleDoppie,ORB6,0.96,278.0,2337.0,196.0,,,7.531,18.1756,55.019,1.005,83.18,08508+3504,,4
716,HD75353A,Gaia DR3 716546681236997888,HD75353A,-,-,TIC284928216,-,-,J08508+3504A,-,PM*,132.6844,35.071,205,08508+3504,,F8,7.59,7.76,,,,,,,,,,,,WDS_THE.csv,,0.97,,,,3.5,3.5,7.531,18.1756,55.019,1.005,85.51,08508+3504,,5
717,HD75353A,Gaia DR3 716546681236997888,HD75353A,-,-,TIC284928216,-,-,J08508+3504A,-,PM*,132.6844,35.071,205,08508+3504,HIP43426,,7.59,7.76,804.0,0.89,,,,87.7,,,,,,ORB6,Kiy2020,0.97,277.8,,196.3,,,7.531,18.1756,55.019,1.005,85.51,08508+3504,,3
718,HD77407,Gaia DR3 718976395775952256,HD77407,HIP44458,-,TIC88646759,-,-,J09035+3750A,G0V,PM*,135.8628,37.841,207,09035+3750,,G0V+M3/6V,5.5,7.7,,,,,,,,,,,,WDS_THE.csv,,0.56,,,,1.7,1.7,7.063,33.1686,30.149,0.925,13.18,09035+3750,,3
719,HD77407,Gaia DR3 718976395775952256,HD77407,HIP44458,-,TIC88646759,-,-,J09035+3750A,G0V,PM*,135.8628,37.841,207,09035+3750,,G0V+M3/6V,5.5,7.7,,,,,,,,,,,,COMPOSITE,,0.56,,,,1.7,1.7,7.063,33.1686,30.149,0.925,13.18,09035+3750,,1
720,HD77407,Gaia DR3 718976395775952256,HD77407,HIP44458,-,TIC88646759,-,-,J09035+3750A,G0V,PM*,135.8628,37.841,207,09035+3750,,,,,,,,,,,,,,,,StelleDoppie,ORB6,,,,,,,7.063,33.1686,30.149,0.925,,09035+3750,,2
721,HD89125A,Gaia DR3 725398123501434496,HD89125A,HIP50384,GJ387+GJ387A,TIC95360514,-,39Leo+39LeoA,J10172+2306A,F6V,PM*,154.3106,23.1062,210,10172+2306,,F6V+M1.5,5.8,11.3,,,,,,,,,,,,WDS_THE.csv,,0.27,,,,6.8,7.8,5.813,44.9008,22.271,0.955,0.63,10172+2306,,2
722,HD89125A,Gaia DR3 725398123501434496,HD89125A,HIP50384,GJ387+GJ387A,TIC95360514,-,39Leo+39LeoA,J10172+2306A,F6V,PM*,154.3106,23.1062,210,10172+2306,,F6V+M1.5,5.8,11.3,,,,,,,,,,,,COMPOSITE,,0.27,,,,6.8,7.8,5.813,44.9008,22.271,0.955,0.63,10172+2306,,1
723,35Leo,Gaia DR3 725469767850488064,HD89010,HIP50319,-,TIC95360265,-,35Leo,J10167+2325B,G1.5IV-V,PM*,154.1345,23.5031,211,10167+2325,,,,,,,,,,,,,,,,StelleDoppie,ORB6,,,,,,,5.963,33.7721,29.61,1.175,,10167+2325,,2
724,35Leo,Gaia DR3 725469767850488064,HD89010,HIP50319,-,TIC95360265,-,35Leo,J10167+2325B,G1.5IV-V,PM*,154.1345,23.5031,211,10167+2325,,G1.5IV-V,4.4,7.1,,,,,,,,,,,,COMPOSITE,,0.63,,,,0.1,0.1,5.963,33.7721,29.61,1.175,8.32,10167+2325,,1
725,35Leo,Gaia DR3 725469767850488064,HD89010,HIP50319,-,TIC95360265,-,35Leo,J10167+2325B,G1.5IV-V,PM*,154.1345,23.5031,211,10167+2325,,G1.5IV-V,4.4,7.1,,,,,,,,,,,,WDS_THE.csv,,0.63,,,,0.1,0.1,5.963,33.7721,29.61,1.175,8.32,10167+2325,,3
726,HD89055,Gaia DR3 727103367251735040,HD89055,HIP50355,-,TIC1043986,-,-,J10169+2552A,G0V,PM*,154.236,25.8607,212,10169+2552,,G0V,7.64,15.5,,,,,,,,,,,,WDS_THE.csv,,0.15,,,,8.8,9.0,7.573,26.721,37.424,0.915,0.07,10169+2552,,3
727,HD89055,Gaia DR3 727103367251735040,HD89055,HIP50355,-,TIC1043986,-,-,J10169+2552A,G0V,PM*,154.236,25.8607,212,10169+2552,,,7.64,15.5,,,,,,,,,,,,COMPOSITE,,0.15,,,,8.8,,7.573,26.721,37.424,0.915,,10169+2552,,1
728,HD89055,Gaia DR3 727103367251735040,HD89055,HIP50355,-,TIC1043986,-,-,J10169+2552A,G0V,PM*,154.236,25.8607,212,10169+2552,,,,,,,,,,,,,,,,StelleDoppie,ORB6,,,,,,,7.573,26.721,37.424,0.915,,10169+2552,,2
729,24LMi,Gaia DR3 741184091114529792,HD88986,HIP50316,-,TIC1042868,-,24LMi,-,G2V,PM*,154.117,28.6825,214,-,HIP50316,,,,175.0,0.51,,,35.0,119.0,,,,1.2,0.24,Qier_An+25,2025ApJS..280...61A,,,,,0.96,,6.47,29.9864,33.348,1.055,,-,,2
730,24LMi,Gaia DR3 741184091114529792,HD88986,HIP50316,-,TIC1042868,-,24LMi,-,G2V,PM*,154.117,28.6825,214,-,HIP50316,,,,175.0,0.51,,,35.0,119.0,,,,1.2,0.24,COMPOSITE,,,,,,0.96,,6.47,29.9864,33.348,1.055,,-,,1
731,HD86728,Gaia DR3 746545172372256384,HD86728,HIP49081,GJ376+GJ376A,TIC172954294,-,20LMi+20LMiA,J10010+3155A,G3VaHdel1,PM*,150.2527,31.9237,215,10010+3155,,,,,,,,,,,,,,,,StelleDoppie,ORB6,,,,,,,5.38,66.9958,14.926,0.97,,10010+3155,,2
732,HD86728,Gaia DR3 746545172372256384,HD86728,HIP49081,GJ376+GJ376A,TIC172954294,-,20LMi+20LMiA,J10010+3155A,G3VaHdel1,PM*,150.2527,31.9237,215,10010+3155,,,,,,,,,,,,,,,,COMPOSITE,,,,,,,,5.38,66.9958,14.926,0.97,,10010+3155,,1
733,HD97334,Gaia DR3 761919883981626752,HD97334,HIP54745,GJ417+GJ417A,TIC85335212,-,-,J11125+3549A,G2,BY*,168.1348,35.8141,218,11125+3549,,,,,,,,,,,,,,,,StelleDoppie,ORB6,,,,,,,6.405,44.0583,22.697,1.065,,11125+3549,,4
734,HD97334,Gaia DR3 761919883981626752,HD97334,HIP54745,GJ417+GJ417A,TIC85335212,-,-,J11125+3549A,G2,BY*,168.1348,35.8141,218,11125+3549,,,18.58,19.65,15.7,0.11,,,,102.9,,,,,,ORB6,Dup2017,0.83,101.06,2029.64,348.0,,,6.405,44.0583,22.697,1.065,37.33,11125+3549,,3
735,HD97334,Gaia DR3 761919883981626752,HD97334,HIP54745,GJ417+GJ417A,TIC85335212,-,-,J11125+3549A,G2,BY*,168.1348,35.8141,218,11125+3549,,,,,15.7,,,0.13,,,,,,,,Chulkov+22,2022MNRAS.517.2925C,,,,,,,6.405,44.0583,22.697,1.065,,11125+3549,,2
736,HD97334,Gaia DR3 761919883981626752,HD97334,HIP54745,GJ417+GJ417A,TIC85335212,-,-,J11125+3549A,G2,BY*,168.1348,35.8141,218,11125+3549,,,18.58,19.65,15.7,0.11,,0.13,,102.9,,,,,,COMPOSITE,,0.83,101.06,2029.64,348.0,,,6.405,44.0583,22.697,1.065,,11125+3549,,1
737,HD100167,Gaia DR3 770810466284247936,HD100167,HIP56257,-,TIC18065952,-,-,-,F8,SB*,172.9746,41.4394,219,,HIP56257,G0V+,7.35,,60.6,0.68,,,,,,,,,,Pourbaix+04,2013AJ....145..111F,,,,20.66,0.44,,7.349,28.7035,34.839,0.995,,-,,2
738,HD100167,Gaia DR3 770810466284247936,HD100167,HIP56257,-,TIC18065952,-,-,-,F8,SB*,172.9746,41.4394,219,,HIP56257,G0V+,7.35,,60.6,0.68,,,,,,,,,,COMPOSITE,,,,,20.66,0.44,,7.349,28.7035,34.839,0.995,,-,,1
739,HD101177A,Gaia DR3 773861404893710208,HD101177A,HIP56809A,GJ433.2A+GJ9370A,TIC393884179,-,-,J11387+4507A,G0V,PM*,174.6871,45.1084,220,11387+4507,HIP56809,G0V           ,6.53,8.23,2050.0,0.05,43.01,10.33,,,,,,,,Malkov+12,2012A&A...546A..69M,0.68,,,,,,6.29,42.9391,23.289,1.013,20.89,11387+4507,,3
740,HD101177A,Gaia DR3 773861404893710208,HD101177A,HIP56809A,GJ433.2A+GJ9370A,TIC393884179,-,-,J11387+4507A,G0V,PM*,174.6871,45.1084,220,11387+4507,,G0V+K2V,6.53,8.23,,,,,,,,,,,,WDS_THE.csv,,0.68,,,,8.8,8.8,6.29,42.9391,23.289,1.013,20.89,11387+4507,,6
741,HD101177A,Gaia DR3 773861404893710208,HD101177A,HIP56809A,GJ433.2A+GJ9370A,TIC393884179,-,-,J11387+4507A,G0V,PM*,174.6871,45.1084,220,11387+4507,,,6.29,,1584.4,,,13.88,,,,,,,,Chulkov+22,2022MNRAS.517.2925C,,,,,,,6.29,42.9391,23.289,1.013,,11387+4507,,2
742,HD101177A,Gaia DR3 773861404893710208,HD101177A,HIP56809A,GJ433.2A+GJ9370A,TIC393884179,-,-,J11387+4507A,G0V,PM*,174.6871,45.1084,220,11387+4507,,,6.53,8.23,1584.0,0.63,,13.8,,108.0,,,,,,StelleDoppie,ORB6,0.68,288.0,1549.0,273.0,,,6.29,42.9391,23.289,1.013,20.89,11387+4507,,5
743,HD101177A,Gaia DR3 773861404893710208,HD101177A,HIP56809A,GJ433.2A+GJ9370A,TIC393884179,-,-,J11387+4507A,G0V,PM*,174.6871,45.1084,220,11387+4507,HIP56809,,6.53,8.23,1584.4,0.63,,13.8,,108.345,,,,,,COMPOSITE,,0.68,288.095,1549.0,273.41999999999996,8.8,,6.29,42.9391,23.289,1.013,20.89,11387+4507,,1
744,HD101177A,Gaia DR3 773861404893710208,HD101177A,HIP56809A,GJ433.2A+GJ9370A,TIC393884179,-,-,J11387+4507A,G0V,PM*,174.6871,45.1084,220,11387+4507,HIP56809,,6.53,8.23,1584.4,0.63,,,,108.69,,,,,,ORB6,Izm2019,0.68,288.19,1549.0,273.84,,,6.29,42.9391,23.289,1.013,20.89,11387+4507,,4
745,11LMi,Gaia DR3 798068905726303232,HD82885,HIP47080,GJ356A,TIC8915802,-,11LMi,J09357+3549A,G8Va,RS*,143.9146,35.8101,225,09357+3549,,,4.8,12.5,241.0,0.98,,7.2,,107.0,,,,,,StelleDoppie,ORB6,0.16,13.0,1941.0,115.0,,,5.395,89.0092,11.235,0.938,0.08,09357+3549,,5
746,11LMi,Gaia DR3 798068905726303232,HD82885,HIP47080,GJ356A,TIC8915802,-,11LMi,J09357+3549A,G8Va,RS*,143.9146,35.8101,225,09357+3549,HIP47080,G8V           ,4.8,12.5,201.0,0.88,87.96,3.84,,,,,,,,Malkov+12,2012A&A...546A..69M,0.16,,,,,,5.395,89.0092,11.235,0.938,0.08,09357+3549,,3
747,11LMi,Gaia DR3 798068905726303232,HD82885,HIP47080,GJ356A,TIC8915802,-,11LMi,J09357+3549A,G8Va,RS*,143.9146,35.8101,225,09357+3549,,G8V,4.8,12.5,,,,,,,,,,,,WDS_THE.csv,,0.16,,,,5.9,7.3,5.395,89.0092,11.235,0.938,0.08,09357+3549,,6
748,11LMi,Gaia DR3 798068905726303232,HD82885,HIP47080,GJ356A,TIC8915802,-,11LMi,J09357+3549A,G8Va,RS*,143.9146,35.8101,225,09357+3549,HIP47080,,4.8,12.5,241.2,0.98,,,,107.45,,,,,,ORB6,Izm2019,0.16,12.74,1941.75,114.76,,,5.395,89.0092,11.235,0.938,0.08,09357+3549,,4
749,11LMi,Gaia DR3 798068905726303232,HD82885,HIP47080,GJ356A,TIC8915802,-,11LMi,J09357+3549A,G8Va,RS*,143.9146,35.8101,225,09357+3549,,,5.4,,241.2,,,7.18,,,,,,,,Chulkov+22,2022MNRAS.517.2925C,,,,,,,5.395,89.0092,11.235,0.938,,09357+3549,,2
750,11LMi,Gaia DR3 798068905726303232,HD82885,HIP47080,GJ356A,TIC8915802,-,11LMi,J09357+3549A,G8Va,RS*,143.9146,35.8101,225,09357+3549,HIP47080,,4.8,12.5,241.1,0.98,,7.18,,107.225,,,,,,COMPOSITE,,0.16,12.870000000000001,1941.375,114.88,5.9,,5.395,89.0092,11.235,0.938,0.08,09357+3549,,1
751,HD89269,Gaia DR3 806000816970521728,HD89269,HIP50505,GJ3593,TIC39777146,-,-,J10189+4403A,G4V,PM*,154.7164,44.0483,227,10189+4403,,,,,,,,,,,,,,,,COMPOSITE,,,,,,,,6.628,49.5415,20.185,0.855,,10189+4403,,1
752,HD89269,Gaia DR3 806000816970521728,HD89269,HIP50505,GJ3593,TIC39777146,-,-,J10189+4403A,G4V,PM*,154.7164,44.0483,227,10189+4403,,,,,,,,,,,,,,,,StelleDoppie,ORB6,,,,,,,6.628,49.5415,20.185,0.855,,10189+4403,,2
753,HD88230,Gaia DR3 823773494718931968,HD88230,HIP49908,GJ380,TIC371520835,-,-,J10114+4927A,K6VeFe-1,PM*,152.8422,49.4542,230,10114+4927,,,,,,,,,,,,,,,,COMPOSITE,,,,,,,,6.6,205.3148,4.871,0.638,,10114+4927,,1
754,HD88230,Gaia DR3 823773494718931968,HD88230,HIP49908,GJ380,TIC371520835,-,-,J10114+4927A,K6VeFe-1,PM*,152.8422,49.4542,230,10114+4927,,,,,,,,,,,,,,,,StelleDoppie,ORB6,,,,,,,6.6,205.3148,4.871,0.638,,10114+4927,,2
755,HD92855,Gaia DR3 829777377964973952,HD92855,HIP52498,-,TIC150276644,-,-,J10435+4612B,F9V,SB*,161.0026,46.2067,232,10435+4612,,F9V,5.89,10.46,,,,,,,,,,,,WDS_THE.csv,,0.37,,,,2.7,2.7,7.28,27.2631,36.68,1.055,1.49,10435+4612,,4
756,HD92855,Gaia DR3 829777377964973952,HD92855,HIP52498,-,TIC150276644,-,-,J10435+4612B,F9V,SB*,161.0026,46.2067,232,,HIP52498,F9V+,7.28,,5.7,0.32,,,,,,,,,,Pourbaix+04,2012MNRAS.422...14H,,,,104.62,0.09,,7.28,27.2631,36.68,1.055,,10435+4612,,2
757,HD92855,Gaia DR3 829777377964973952,HD92855,HIP52498,-,TIC150276644,-,-,J10435+4612B,F9V,SB*,161.0026,46.2067,232,,HIP52498,F9V+,7.28,10.46,5.7,0.32,,,,,,,,,,COMPOSITE,,0.37,,,104.81,0.09,,7.28,27.2631,36.68,1.055,,10435+4612,,1
758,HD92855,Gaia DR3 829777377964973952,HD92855,HIP52498,-,TIC150276644,-,-,J10435+4612B,F9V,SB*,161.0026,46.2067,232,,HIP52498,F9V+,7.28,,5.7,0.32,,,,,,,,,,Pourbaix+04,1994AstL...20..717T,,,,105.0,0.09,,7.28,27.2631,36.68,1.055,,10435+4612,,3
759,HD90508A,Gaia DR3 834571523536798848,HD90508A,-,GJ392A,-,-,-,J10281+4847A,-,PM*,157.0162,48.7849,234,10281+4847,HIP51248,F9V           ,6.44,7.38,765.0,0.53,43.65,7.08,,,,,,,,Malkov+12,2012A&A...546A..69M,0.75,,,,,,6.442,43.4944,22.991,0.936,42.07,10281+4847,,4
760,HD90508A,Gaia DR3 834571523536798848,HD90508A,-,GJ392A,-,-,-,J10281+4847A,-,PM*,157.0162,48.7849,234,10281+4847,,,6.42,,80.6,,,8.46,,,,,,,,Chulkov+22,2022MNRAS.517.2925C,,,,,,,6.442,43.4944,22.991,0.936,,10281+4847,,2
761,HD90508A,Gaia DR3 834571523536798848,HD90508A,-,GJ392A,-,-,-,J10281+4847A,-,PM*,157.0162,48.7849,234,10281+4847,,,,,590.0,0.0,,,,81.0,,,,,,Drummond+14,2014AJ....147...65D,,16.0,1958.0,0.0,,,6.442,43.4944,22.991,0.936,,10281+4847,,3
762,HD90508A,Gaia DR3 834571523536798848,HD90508A,-,GJ392A,-,-,-,J10281+4847A,-,PM*,157.0162,48.7849,234,10281+4847,HIP51248,,6.4,12.6,80.6,0.99,,,,95.28,,,,,,ORB6,Izm2019,0.22,178.81,1981.11,284.67,,,6.442,43.4944,22.991,0.936,0.33,10281+4847,,5
763,HD90508A,Gaia DR3 834571523536798848,HD90508A,-,GJ392A,-,-,-,J10281+4847A,-,PM*,157.0162,48.7849,234,10281+4847,,,6.4,12.6,81.0,0.99,,8.5,,95.0,,,,,,StelleDoppie,ORB6,0.22,178.0,1981.0,284.0,,,6.442,43.4944,22.991,0.936,0.33,10281+4847,,6
764,HD90508A,Gaia DR3 834571523536798848,HD90508A,-,GJ392A,-,-,-,J10281+4847A,-,PM*,157.0162,48.7849,234,10281+4847,,F9V,6.4,12.6,,,,,,,,,,,,WDS_THE.csv,,0.22,,,,3.9,3.9,6.442,43.4944,22.991,0.936,0.33,10281+4847,,7
765,HD90508A,Gaia DR3 834571523536798848,HD90508A,-,GJ392A,-,-,-,J10281+4847A,-,PM*,157.0162,48.7849,234,10281+4847,,F9V,6.4,12.6,81.0,0.76,,8.46,,95.0,,,,,,COMPOSITE,,0.22,178.0,1981.0,284.0,3.9,3.9,6.442,43.4944,22.991,0.936,0.33,10281+4847,,1
766,HD96527A,Gaia DR3 842504568651372928,HD96527A,-,-,TIC318363572,-,-,J11080+5249A,-,PM*,167.0002,52.8216,238,11080+5249,,,7.36,,3156.4,,,13.54,,,,,,,,Chulkov+22,2022MNRAS.517.2925C,,,,,,,7.36,17.5679,56.922,1.105,,11080+5249,,2
767,HD96527A,Gaia DR3 842504568651372928,HD96527A,-,-,TIC318363572,-,-,J11080+5249A,-,PM*,167.0002,52.8216,238,11080+5249,HIP54407,,7.65,9.03,3156.4,0.73,,,,96.96,,,,,,ORB6,Izm2019,0.8,134.18,2370.07,247.56,,,7.36,17.5679,56.922,1.105,28.05,11080+5249,,3
768,HD96527A,Gaia DR3 842504568651372928,HD96527A,-,-,TIC318363572,-,-,J11080+5249A,-,PM*,167.0002,52.8216,238,11080+5249,,F8V,7.65,9.03,,,,,,,,,,,,WDS_THE.csv,,0.8,,,,4.4,5.5,7.36,17.5679,56.922,1.105,28.05,11080+5249,,4
769,HD96527A,Gaia DR3 842504568651372928,HD96527A,-,-,TIC318363572,-,-,J11080+5249A,-,PM*,167.0002,52.8216,238,11080+5249,HIP54407,,7.65,9.03,3156.4,0.73,,13.54,,96.96,,,,,,COMPOSITE,,0.8,134.18,2370.07,247.56,4.4,,7.36,17.5679,56.922,1.105,28.05,11080+5249,,1
770,HD100203,Gaia DR3 859479413275804928,HD100203,HIP56290,GJ431.1,TIC100011351,-,-,J11323+6105AB,F8VmF5,**,173.0863,61.0825,243,,HIP56290,,5.69,7.55,73.0,0.4,,0.79,,46.415,2.05,2.34,1.1,,,COMPOSITE,,0.8,81.41,1981.91,132.57,0.5,,5.465,35.3757,28.268,1.235,,11323+6105,,1
771,HD100203,Gaia DR3 859479413275804928,HD100203,HIP56290,GJ431.1,TIC100011351,-,-,J11323+6105AB,F8VmF5,**,173.0863,61.0825,243,11323+6105,HIP56290,,5.69,7.55,73.0,0.4,,,,46.83,,,,,,ORB6,Izm2019,0.8,81.41,1981.91,132.57,,,5.465,35.3757,28.268,1.235,18.03,11323+6105,,5
772,HD100203,Gaia DR3 859479413275804928,HD100203,HIP56290,GJ431.1,TIC100011351,-,-,J11323+6105AB,F8VmF5,**,173.0863,61.0825,243,11323+6105,HIP56290,F8V           ,5.69,7.55,73.1,0.4,35.73,0.81,,,2.05,2.34,1.1,,,Malkov+12,2012A&A...546A..69M,0.8,,,,,,5.465,35.3757,28.268,1.235,18.03,11323+6105,,3
773,HD100203,Gaia DR3 859479413275804928,HD100203,HIP56290,GJ431.1,TIC100011351,-,-,J11323+6105AB,F8VmF5,**,173.0863,61.0825,243,11323+6105,,F8V,5.69,7.55,,,,,,,,,,,,WDS_THE.csv,,0.8,,,,0.5,1.0,5.465,35.3757,28.268,1.235,18.03,11323+6105,,7
774,HD100203,Gaia DR3 859479413275804928,HD100203,HIP56290,GJ431.1,TIC100011351,-,-,J11323+6105AB,F8VmF5,**,173.0863,61.0825,243,11323+6105,,,5.46,,73.0,,,0.79,,,,,,,,Chulkov+22,2022MNRAS.517.2925C,,,,,,,5.465,35.3757,28.268,1.235,,11323+6105,,2
775,HD100203,Gaia DR3 859479413275804928,HD100203,HIP56290,GJ431.1,TIC100011351,-,-,J11323+6105AB,F8VmF5,**,173.0863,61.0825,243,,HIP56290,,,,72.7,0.4,,0.79,,46.0,,,,,,Soederhjem+99,1999A&A...341..121S,,,,,,,5.465,35.3757,28.268,1.235,,11323+6105,,6
776,HD100203,Gaia DR3 859479413275804928,HD100203,HIP56290,GJ431.1,TIC100011351,-,-,J11323+6105AB,F8VmF5,**,173.0863,61.0825,243,11323+6105,HIP56290,F8V           ,5.69,7.55,72.7,0.4,35.73,0.79,,,2.05,2.34,1.1,,,Malkov+12,2012A&A...546A..69M,0.8,,,,,,5.465,35.3757,28.268,1.235,18.03,11323+6105,,4
777,HD95638,Gaia DR3 861857244610039552,HD95638,-,-,TIC99842694,-,-,-,F7V,SB*,165.8411,61.6543,244,,-,F8+,7.12,,6.1,0.045,,,,,,,,,,COMPOSITE,,,,,75.25,0.09,,7.142,25.5111,39.199,1.015,,-,,1
778,HD95638,Gaia DR3 861857244610039552,HD95638,-,-,TIC99842694,-,-,-,F7V,SB*,165.8411,61.6543,244,,-,F8+,7.12,,6.1,0.0,,,,,,,,,,Pourbaix+04,1987A&A...171..157M,,,,0.0,0.09,,7.142,25.5111,39.199,1.015,,-,,2
779,HD95638,Gaia DR3 861857244610039552,HD95638,-,-,TIC99842694,-,-,-,F7V,SB*,165.8411,61.6543,244,,-,F8+,7.12,,6.1,0.09,,,,,,,,,,Pourbaix+04,1960PDAO...11..259P,,,,150.5,0.09,,7.142,25.5111,39.199,1.015,,-,,3
780,HD64207,Gaia DR3 874164318778727936,HD64207,HIP38564,-,TIC171303795,-,-,-,F9V,SB*,118.4384,26.5642,249,,HIP38564,F9V+,7.6,,152.8,0.25,,,,,,,,,,Pourbaix+04,2007Obs...127..313G,,,,175.9,0.41,,7.6,15.0061,66.64,0.845,,-,,2
781,HD64207,Gaia DR3 874164318778727936,HD64207,HIP38564,-,TIC171303795,-,-,-,F9V,SB*,118.4384,26.5642,249,,HIP38564,F9V+,7.6,,152.8,0.25,,,,,,,,,,COMPOSITE,,,,,175.9,0.41,,7.6,15.0061,66.64,0.845,,-,,1
782,HD54371,Gaia DR3 882872210352301568,HD54371,HIP34567,-,TIC87869692,-,-,J07096+2544A,G6V,SB*,107.3974,25.7286,252,07096+2544,,,7.09,,32.9,0.035,,,,,,,,,,COMPOSITE,,,,,27.545,0.39,,7.09,39.3515,25.412,0.895,,07096+2544,,1
783,HD54371,Gaia DR3 882872210352301568,HD54371,HIP34567,-,TIC87869692,-,-,J07096+2544A,G6V,SB*,107.3974,25.7286,252,07096+2544,,,,,,,,,,,,,,,,StelleDoppie,ORB6,,,,,,,7.09,39.3515,25.412,0.895,,07096+2544,,4
784,HD54371,Gaia DR3 882872210352301568,HD54371,HIP34567,-,TIC87869692,-,-,J07096+2544A,G6V,SB*,107.3974,25.7286,252,,HIP34567,G8V+,7.09,,32.9,0.0,,,,,,,,,,Pourbaix+04,1985PASP...97..355B,,,,0.0,0.39,,7.09,39.3515,25.412,0.895,,07096+2544,,2
785,HD54371,Gaia DR3 882872210352301568,HD54371,HIP34567,-,TIC87869692,-,-,J07096+2544A,G6V,SB*,107.3974,25.7286,252,,HIP34567,G8V+,7.09,,32.9,0.07,,,,,,,,,,Pourbaix+04,2015AJ....149...63F,,,,55.09,0.39,,7.09,39.3515,25.412,0.895,,07096+2544,,3
786,HIP36357,Gaia DR3 892215482207937152,-,HIP36357,GJ273.1+GJ9233,TIC239137106,-,-,J07291+3147E,K2.5V,BY*,112.2574,31.9938,255,07291+3147,,,,,,,,,,,,,,,,StelleDoppie,ORB6,,,,,,,7.726,55.1857,18.121,0.735,,07291+3147,,2
787,HIP36357,Gaia DR3 892215482207937152,-,HIP36357,GJ273.1+GJ9233,TIC239137106,-,-,J07291+3147E,K2.5V,BY*,112.2574,31.9938,255,07291+3147,,F0V,5.93,13.95,,,,,,,,,,,,COMPOSITE,,0.11499999999999999,,,,2.0,1.2,7.726,55.1857,18.121,0.735,0.05,07291+3147,,1
788,HIP36357,Gaia DR3 892215482207937152,-,HIP36357,GJ273.1+GJ9233,TIC239137106,-,-,J07291+3147E,K2.5V,BY*,112.2574,31.9938,255,07291+3147,,K2.5V,7.7,15.4,,,,,,,,,,,,WDS_THE.csv,,0.12,,,,2.8,2.8,7.726,55.1857,18.121,0.735,0.08,07291+3147,,3
789,HIP36357,Gaia DR3 892215482207937152,-,HIP36357,GJ273.1+GJ9233,TIC239137106,-,-,J07291+3147E,K2.5V,BY*,112.2574,31.9938,255,07291+3147,,F0V,4.16,12.5,,,,,,,,,,,,WDS_THE.csv,,0.11,,,,1.2,1.2,7.726,55.1857,18.121,0.735,0.05,07291+3147,,4
790,HD68017,Gaia DR3 902007870203594880,HD68017,HIP40118,GJ9256,TIC165852811,-,-,"J08116+3227Aa,Ab",G3V,**,122.9111,32.4572,259,08116+3227,HIP40118,,5.09,10.0,70.0,0.35,,,,170.3,,,,,,ORB6,Bdt2019,0.25,98.1,2016.77,269.0,,,6.796,46.3415,21.579,0.785,1.09,08116+3227,,2
791,HD68017,Gaia DR3 902007870203594880,HD68017,HIP40118,GJ9256,TIC165852811,-,-,"J08116+3227Aa,Ab",G3V,**,122.9111,32.4572,259,08116+3227,,,5.1,10.0,70.0,0.35,,,,170.0,,,,,,StelleDoppie,ORB6,0.25,98.0,2017.0,269.0,,,6.796,46.3415,21.579,0.785,1.1,08116+3227,,4
792,HD68017,Gaia DR3 902007870203594880,HD68017,HIP40118,GJ9256,TIC165852811,-,-,"J08116+3227Aa,Ab",G3V,**,122.9111,32.4572,259,08116+3227,HIP40118,,,,70.2,0.33,,,18.2,169.3,,,,1.04,0.18,Qier_An+25,2025ApJS..280...61A,,,,,0.73,,6.796,46.3415,21.579,0.785,,08116+3227,,3
793,HD68017,Gaia DR3 902007870203594880,HD68017,HIP40118,GJ9256,TIC165852811,-,-,"J08116+3227Aa,Ab",G3V,**,122.9111,32.4572,259,08116+3227,,,5.09,10.0,70.0,0.35,,,18.2,170.0,,,,1.04,0.18,COMPOSITE,,0.25,98.05,2016.885,269.0,0.615,,6.796,46.3415,21.579,0.785,1.1,08116+3227,,1
794,HD68017,Gaia DR3 902007870203594880,HD68017,HIP40118,GJ9256,TIC165852811,-,-,"J08116+3227Aa,Ab",G3V,**,122.9111,32.4572,259,08116+3227,,G4V+M5,5.09,10.0,,,,,,,,,,,,WDS_THE.csv,,0.25,,,,0.5,0.5,6.796,46.3415,21.579,0.785,1.09,08116+3227,,5
795,HD71974,Gaia DR3 903616971110812544,HD71974,HIP41820,-,TIC289588769,-,-,J08316+3458AB,G5V,**,127.8962,34.966,260,08316+3458,HIP41820,,7.58,9.02,31.3,0.71,,,,120.0,,,,,,ORB6,Sod1999,0.66,143.0,,243.0,,,7.231,34.065,29.356,0.915,26.55,08316+3458,,4
796,HD71974,Gaia DR3 903616971110812544,HD71974,HIP41820,-,TIC289588769,-,-,J08316+3458AB,G5V,**,127.8962,34.966,260,08316+3458,,G5,7.58,9.02,,,,,,,,,,,,WDS_THE.csv,,0.66,,,,0.3,0.3,7.231,34.065,29.356,0.915,26.55,08316+3458,,7
797,HD71974,Gaia DR3 903616971110812544,HD71974,HIP41820,-,TIC289588769,-,-,J08316+3458AB,G5V,**,127.8962,34.966,260,,HIP41820,,,,31.3,0.71,,0.41,,120.0,,,,,,Soederhjem+99,1999A&A...341..121S,,,,,,,7.231,34.065,29.356,0.915,,08316+3458,,5
798,HD71974,Gaia DR3 903616971110812544,HD71974,HIP41820,-,TIC289588769,-,-,J08316+3458AB,G5V,**,127.8962,34.966,260,08316+3458,,,7.26,,31.3,,,0.41,,,,,,,,Chulkov+22,2022MNRAS.517.2925C,,,,,,,7.231,34.065,29.356,0.915,,08316+3458,,2
799,HD71974,Gaia DR3 903616971110812544,HD71974,HIP41820,-,TIC289588769,-,-,J08316+3458AB,G5V,**,127.8962,34.966,260,,HIP41820,,7.58,9.02,31.3,0.71,,0.41,,120.0,1.58,1.77,0.95,,,COMPOSITE,,0.66,143.0,1984.0,243.0,0.3,,7.231,34.065,29.356,0.915,,08316+3458,,1
800,HD71974,Gaia DR3 903616971110812544,HD71974,HIP41820,-,TIC289588769,-,-,J08316+3458AB,G5V,**,127.8962,34.966,260,08316+3458,HIP41820,G5            ,7.58,9.02,31.3,0.71,35.43,0.41,,,1.58,1.77,0.95,,,Malkov+12,2012A&A...546A..69M,0.66,,,,,,7.231,34.065,29.356,0.915,26.55,08316+3458,,3
801,HD71974,Gaia DR3 903616971110812544,HD71974,HIP41820,-,TIC289588769,-,-,J08316+3458AB,G5V,**,127.8962,34.966,260,08316+3458,,,7.6,10.0,31.3,0.71,,0.41,,120.0,,,,,,StelleDoppie,ORB6,0.53,143.0,1984.0,243.0,,,7.231,34.065,29.356,0.915,10.96,08316+3458,,6
802,HD78899,Gaia DR3 1012870940436984064,HD78899,HIP45187,GJ3539,TIC279825533,-,-,-,G5,SB*,138.1176,49.2065,280,,HIP45187,G5+,,,20.1,0.62,,,,,,,,,,COMPOSITE,,,,,275.45,0.19,,7.65,26.247,38.1,0.955,,-,,1
803,HD78899,Gaia DR3 1012870940436984064,HD78899,HIP45187,GJ3539,TIC279825533,-,-,-,G5,SB*,138.1176,49.2065,280,,HIP45187,G5+,,,20.1,0.62,,,,,,,,,,Pourbaix+04,2013Obs...133..322G,,,,275.45,0.19,,7.65,26.247,38.1,0.955,,-,,2
804,HD79211,Gaia DR3 1022456104850892928,HD79211,HIP120005,GJ338B,TIC251078597,-,-,J09144+5241B,M0V,PM*,138.6028,52.6864,283,09144+5241,HIP45343,M0V  M0V      ,7.79,7.88,1986.3,0.26,172.08,21.25,,38.3,,,,,,COMPOSITE,,0.57,48.7,1937.2,32.1,,,7.7,157.8825,6.334,0.583,92.04,09144+5241,,1
805,HD79211,Gaia DR3 1022456104850892928,HD79211,HIP120005,GJ338B,TIC251078597,-,-,J09144+5241B,M0V,PM*,138.6028,52.6864,283,09144+5241,HIP45343,M0V  M0V      ,7.79,7.88,975.0,0.28,172.08,16.73,,,,,,,,Malkov+12,2012A&A...546A..69M,0.57,,,,,,7.7,157.8825,6.334,0.583,92.04,09144+5241,,3
806,HD79211,Gaia DR3 1022456104850892928,HD79211,HIP120005,GJ338B,TIC251078597,-,-,J09144+5241B,M0V,PM*,138.6028,52.6864,283,09144+5241,HIP45343,,7.79,7.88,1986.3,0.24,,,,38.3,,,,,,ORB6,PkO2020,0.57,48.7,1937.2,32.1,,,7.7,157.8825,6.334,0.583,92.04,09144+5241,,4
807,HD79211,Gaia DR3 1022456104850892928,HD79211,HIP120005,GJ338B,TIC251078597,-,-,J09144+5241B,M0V,PM*,138.6028,52.6864,283,09144+5241,,,7.64,7.7,1986.3,,,25.77,,,,,,,,Chulkov+22,2022MNRAS.517.2925C,0.58,,,,,,7.7,157.8825,6.334,0.583,94.62,09144+5241,,2
808,HD71881,Gaia DR3 1027330446055197952,HD71881,HIP41844,-,TIC282854588,-,-,-,G1V,**,127.9793,50.6167,285,-,HIP41844,,,,325.0,0.22,,,53.7,122.1,,,,1.2,0.27,COMPOSITE,,,,,,1.13,,7.441,24.015,41.641,0.975,,-,,1
809,HD71881,Gaia DR3 1027330446055197952,HD71881,HIP41844,-,TIC282854588,-,-,-,G1V,**,127.9793,50.6167,285,-,HIP41844,,,,325.0,0.22,,,53.7,122.1,,,,1.2,0.27,Qier_An+25,2025ApJS..280...61A,,,,,1.13,,7.441,24.015,41.641,0.975,,-,,2
810,HD68638,Gaia DR3 1035000055055287680,HD68638,HIP40497,-,TIC81041820,-,-,J08161+5706A,G8V,SB*,124.0263,57.0941,287,08161+5706,,,,,,,,,,,,,,,,COMPOSITE,,,,,,,,7.482,30.7564,32.514,0.855,,08161+5706,,1
811,HD68638,Gaia DR3 1035000055055287680,HD68638,HIP40497,-,TIC81041820,-,-,J08161+5706A,G8V,SB*,124.0263,57.0941,287,08161+5706,,,,,,,,,,,,,,,,StelleDoppie,ORB6,,,,,,,7.482,30.7564,32.514,0.855,,08161+5706,,2
812,HD79028,Gaia DR3 1040054235130174080,HD79028,HIP45333,GJ337.1+GJ9290,TIC86177169,-,16UMa+cUMa,-,G0V,SB*,138.5856,61.4233,288,,HIP45333,dF9+,5.17,,16.3,0.10333333333333333,,,,,,,,,,COMPOSITE,,,,,139.1966666666667,0.33,,5.192,49.4145,20.237,1.095,,-,,1
813,HD79028,Gaia DR3 1040054235130174080,HD79028,HIP45333,GJ337.1+GJ9290,TIC86177169,-,16UMa+cUMa,-,G0V,SB*,138.5856,61.4233,288,,HIP45333,dF9+,5.17,,16.3,0.09,,,,,,,,,,Pourbaix+04,1976ApJS...30..273A,,,,143.0,0.33,,5.192,49.4145,20.237,1.095,,-,,2
814,HD79028,Gaia DR3 1040054235130174080,HD79028,HIP45333,GJ337.1+GJ9290,TIC86177169,-,16UMa+cUMa,-,G0V,SB*,138.5856,61.4233,288,,HIP45333,dF9+,5.17,,16.3,0.11,,,,,,,,,,Pourbaix+04,2013AJ....145...41K,,,,137.41,0.33,,5.192,49.4145,20.237,1.095,,-,,3
815,HD79028,Gaia DR3 1040054235130174080,HD79028,HIP45333,GJ337.1+GJ9290,TIC86177169,-,16UMa+cUMa,-,G0V,SB*,138.5856,61.4233,288,,HIP45333,dF9+,5.17,,16.3,0.11,,,,,,,,,,Pourbaix+04,2015AJ....149...63F,,,,137.18,0.33,,5.192,49.4145,20.237,1.095,,-,,4
816,HD97584A,Gaia DR3 1078773262224027520,HD97584A,HIP54952,GJ420A,TIC142591776,-,-,J11152+7329A,K4V,PM*,168.7996,73.4752,291,11152+7329,HIP54952,,7.785,11.34,2774.6,0.82,,26.085,,78.11,,,,,,COMPOSITE,,0.31,87.28999999999999,1664.47,115.975,6.5,,7.684,69.1364,14.464,0.695,3.73,11152+7329,,1
817,HD97584A,Gaia DR3 1078773262224027520,HD97584A,HIP54952,GJ420A,TIC142591776,-,-,J11152+7329A,K4V,PM*,168.7996,73.4752,291,11152+7329,,K5,7.77,11.34,,,,,,,,,,,,WDS_THE.csv,,0.31,,,,6.5,6.5,7.684,69.1364,14.464,0.695,3.73,11152+7329,,5
818,HD97584A,Gaia DR3 1078773262224027520,HD97584A,HIP54952,GJ420A,TIC142591776,-,-,J11152+7329A,K4V,PM*,168.7996,73.4752,291,11152+7329,,,7.8,11.3,2774.0,0.82,,26.0,,78.0,,,,,,StelleDoppie,ORB6,0.31,87.0,1664.0,116.0,,,7.684,69.1364,14.464,0.695,3.98,11152+7329,,4
819,HD97584A,Gaia DR3 1078773262224027520,HD97584A,HIP54952,GJ420A,TIC142591776,-,-,J11152+7329A,K4V,PM*,168.7996,73.4752,291,11152+7329,,,7.68,,2774.6,,,26.17,,,,,,,,Chulkov+22,2022MNRAS.517.2925C,,,,,,,7.684,69.1364,14.464,0.695,,11152+7329,,2
820,HD97584A,Gaia DR3 1078773262224027520,HD97584A,HIP54952,GJ420A,TIC142591776,-,-,J11152+7329A,K4V,PM*,168.7996,73.4752,291,11152+7329,,M2,8.23,11.34,,,,,,,,,,,,WDS_THE.csv,,0.34,,,,9.7,72.2,7.684,69.1364,14.464,0.695,5.7,11152+7329,,6
821,HD97584A,Gaia DR3 1078773262224027520,HD97584A,HIP54952,GJ420A,TIC142591776,-,-,J11152+7329A,K4V,PM*,168.7996,73.4752,291,11152+7329,,M2,8.23,10.02,,,,,,,,,,,,WDS_THE.csv,,0.46,,,,0.1,0.1,7.684,69.1364,14.464,0.695,19.23,11152+7329,,7
822,HD97584A,Gaia DR3 1078773262224027520,HD97584A,HIP54952,GJ420A,TIC142591776,-,-,J11152+7329A,K4V,PM*,168.7996,73.4752,291,11152+7329,HIP54952,,7.77,11.34,2774.6,0.82,,,,78.22,,,,,,ORB6,Izm2019,0.31,87.58,1664.94,115.95,,,7.684,69.1364,14.464,0.695,3.73,11152+7329,,3
823,HD132756,Gaia DR3 1161797900633510144,HD132756,HIP73449,-,TIC368894360,-,-,-,G0,SB*,225.1458,8.6002,301,,HIP73449,+,7.25,,2528.6,0.38,,,,,,,,,,Pourbaix+04,2020MNRAS.496.1355H,,,,99.54,4.82,,7.26,26.2551,38.088,0.965,,-,,2
824,HD132756,Gaia DR3 1161797900633510144,HD132756,HIP73449,-,TIC368894360,-,-,-,G0,SB*,225.1458,8.6002,301,,HIP73449,+,7.25,,2526.8999999999996,0.385,,,,,,,,,,COMPOSITE,,,,,191.47,4.8149999999999995,,7.26,26.2551,38.088,0.965,,-,,1
825,HD132756,Gaia DR3 1161797900633510144,HD132756,HIP73449,-,TIC368894360,-,-,-,G0,SB*,225.1458,8.6002,301,,HIP73449,+,7.25,,2525.2,0.39,,,,,,,,,,Pourbaix+04,2002AJ....124.1132G,,,,283.4,4.81,,7.26,26.2551,38.088,0.965,,-,,3
826,HD139457,Gaia DR3 1165262633571848064,HD139457,HIP76543,-,TIC323138830,-,-,-,F6,PM*,234.4967,10.2399,302,-,HIP76543,,,,132.0,0.71,,,32.0,77.0,,,,1.3,0.57,Qier_An+25,2025ApJS..280...61A,,,,,0.54,,7.107,21.1307,47.325,0.935,,-,,2
827,HD139457,Gaia DR3 1165262633571848064,HD139457,HIP76543,-,TIC323138830,-,-,-,F6,PM*,234.4967,10.2399,302,-,HIP76543,,,,132.0,0.71,,,32.0,77.0,,,,1.3,0.57,COMPOSITE,,,,,,0.54,,7.107,21.1307,47.325,0.935,,-,,1
828,HD134066B,Gaia DR3 1167718049194619136,HD134066B,-,-,TIC449902390,-,-,J15075+0914B,G3V,PM*,226.8867,9.2251,304,15075+0914,,,,,,,,,,,,,,,,StelleDoppie,ORB6,,,,,,,7.512,30.4069,32.887,0.975,,15075+0914,,2
829,HD134066B,Gaia DR3 1167718049194619136,HD134066B,-,-,TIC449902390,-,-,J15075+0914B,G3V,PM*,226.8867,9.2251,304,15075+0914,,G2V+G3V,7.35,7.54,,,,,,,,,,,,WDS_THE.csv,,0.93,,,,3.9,3.9,7.512,30.4069,32.887,0.975,83.95,15075+0914,,3
830,HD134066B,Gaia DR3 1167718049194619136,HD134066B,-,-,TIC449902390,-,-,J15075+0914B,G3V,PM*,226.8867,9.2251,304,15075+0914,,,7.35,7.54,,,,,,,,,,,,COMPOSITE,,0.93,,,,3.9,,7.512,30.4069,32.887,0.975,,15075+0914,,1
831,HD136160A,Gaia DR3 1168984617870183808,HD136160A,HIP74930,-,TIC366510795,-,-,J15187+1026A,F6IV-V,PM*,229.6746,10.4277,307,15187+1026,,F6IV-V,8.2,11.5,,,,,,,,,,,,COMPOSITE,,0.53,,,,0.2,0.2,6.756,20.736,48.225,1.125,4.79,15187+1026,,1
832,HD136160A,Gaia DR3 1168984617870183808,HD136160A,HIP74930,-,TIC366510795,-,-,J15187+1026A,F6IV-V,PM*,229.6746,10.4277,307,15187+1026,,F6IV-V,8.2,11.5,,,,,,,,,,,,WDS_THE.csv,,0.53,,,,0.2,0.2,6.756,20.736,48.225,1.125,4.79,15187+1026,,2
833,HD131023,Gaia DR3 1174143182830505984,HD131023,HIP72634,GJ3868,TIC349674635,-,-,J14510+0943A,K0V,PM*,222.7596,9.7237,308,14510+0943,,K0,7.61,9.73,,,,,,,,,,,,COMPOSITE,,0.6,,,,7.5,7.9,7.4,33.2917,30.038,0.985,14.19,14510+0943,,1
834,HD131023,Gaia DR3 1174143182830505984,HD131023,HIP72634,GJ3868,TIC349674635,-,-,J14510+0943A,K0V,PM*,222.7596,9.7237,308,14510+0943,,,,,,,,,,,,,,,,StelleDoppie,ORB6,,,,,,,7.4,33.2917,30.038,0.985,,14510+0943,,2
835,HD131023,Gaia DR3 1174143182830505984,HD131023,HIP72634,GJ3868,TIC349674635,-,-,J14510+0943A,K0V,PM*,222.7596,9.7237,308,14510+0943,,K0,7.61,9.73,,,,,,,,,,,,WDS_THE.csv,,0.6,,,,7.5,7.9,7.4,33.2917,30.038,0.985,14.19,14510+0943,,3
836,HD128311,Gaia DR3 1176209886733406592,HD128311,HIP71395,GJ3860,TIC349606708,-,-,J14360+0945A,K3V,BY*,219.0023,9.7465,310,14360+0945,,,,,,,,,,,,,,,,StelleDoppie,ORB6,,,,,,,7.48,61.2792,16.319,0.795,,14360+0945,,2
837,HD128311,Gaia DR3 1176209886733406592,HD128311,HIP71395,GJ3860,TIC349606708,-,-,J14360+0945A,K3V,BY*,219.0023,9.7465,310,14360+0945,,,5.49,14.9,,,,,,,,,,,,COMPOSITE,,0.09,,,,5.8,,7.48,61.2792,16.319,0.795,,14360+0945,,1
838,HD128311,Gaia DR3 1176209886733406592,HD128311,HIP71395,GJ3860,TIC349606708,-,-,J14360+0945A,K3V,BY*,219.0023,9.7465,310,14360+0945,,K3V,5.49,14.9,,,,,,,,,,,,WDS_THE.csv,,0.09,,,,5.8,5.8,7.48,61.2792,16.319,0.795,0.02,14360+0945,,3
839,HD126246A,Gaia DR3 1177532908459199488,HD126246A,-,-,TIC421807396,-,-,J14241+1115A,F8V,PM*,216.024,11.247,311,14241+1115,,F8V+G1V,7.47,7.73,,,,,,,,,,,,COMPOSITE,,0.99,,,,7.6,9.6,7.401,26.3919,37.89,1.055,78.7,14241+1115,,1
840,HD126246A,Gaia DR3 1177532908459199488,HD126246A,-,-,TIC421807396,-,-,J14241+1115A,F8V,PM*,216.024,11.247,311,14241+1115,,F8V+G1V,7.47,7.73,,,,,,,,,,,,WDS_THE.csv,,0.99,,,,7.6,9.6,7.401,26.3919,37.89,1.055,78.7,14241+1115,,2
841,HD131473,Gaia DR3 1186325496788069632,HD131473,HIP72846,-,TIC229551787,-,-,J14534+1542AB,-,-,223.3473,15.7052,313,14534+1542,HIP72846,F9V           ,6.89,7.55,313.0,0.5,20.99,1.36,,108.5,,,,,,COMPOSITE,,1.07,12.5,1824.0,49.0,0.3,,6.696,20.7613,48.167,1.245,54.45,14534+1542,,1
842,HD131473,Gaia DR3 1186325496788069632,HD131473,HIP72846,-,TIC229551787,-,-,J14534+1542AB,-,-,223.3473,15.7052,313,14534+1542,,F9V,6.89,7.55,,,,,,,,,,,,WDS_THE.csv,,1.07,,,,0.3,0.9,6.696,20.7613,48.167,1.245,54.45,14534+1542,,5
843,HD131473,Gaia DR3 1186325496788069632,HD131473,HIP72846,-,TIC229551787,-,-,J14534+1542AB,-,-,223.3473,15.7052,313,14534+1542,HIP72846,F9V           ,6.89,7.55,313.0,0.5,20.99,1.36,,,,,,,,Malkov+12,2012A&A...546A..69M,1.07,,,,,,6.696,20.7613,48.167,1.245,54.45,14534+1542,,3
844,HD131473,Gaia DR3 1186325496788069632,HD131473,HIP72846,-,TIC229551787,-,-,J14534+1542AB,-,-,223.3473,15.7052,313,14534+1542,HIP72846,,6.89,7.55,313.0,0.5,,,,108.5,,,,,,ORB6,Hei1998,1.07,12.5,1824.0,49.0,,,6.696,20.7613,48.167,1.245,54.45,14534+1542,,4
845,HD131473,Gaia DR3 1186325496788069632,HD131473,HIP72846,-,TIC229551787,-,-,J14534+1542AB,-,-,223.3473,15.7052,313,14534+1542,,,6.41,,313.0,,,1.36,,,,,,,,Chulkov+22,2022MNRAS.517.2925C,,,,,,,6.696,20.7613,48.167,1.245,,14534+1542,,2
846,HD140667,Gaia DR3 1189404610382948224,HD140667,HIP77098,-,TIC296858769,-,-,-,G0V,SB*,236.1328,11.2665,315,,HIP77098,F9V+,7.53,,978.5,0.2,,,,,,,,,,COMPOSITE,,,,,202.1,2.21,,7.53,23.5706,42.426,0.865,,-,,1
847,HD140667,Gaia DR3 1189404610382948224,HD140667,HIP77098,-,TIC296858769,-,-,-,G0V,SB*,236.1328,11.2665,315,,HIP77098,F9V+,7.53,,978.5,0.2,,,,,,,,,,Pourbaix+04,2013AJ....145..111F,,,,202.1,2.21,,7.53,23.5706,42.426,0.865,,-,,2
848,39Ser,Gaia DR3 1191518146611956096,HD142267,HIP77801,GJ3924,TIC172607904,-,39Ser,J15532+1312A,G1VFe-1,SB*,238.3004,13.1966,316,15532+1312,,,6.07,,0.4,,,0.0,,,,,,,,Chulkov+22,2022MNRAS.517.2925C,,,,,,,6.099,56.2405,17.781,0.924,,15532+1312,,2
849,39Ser,Gaia DR3 1191518146611956096,HD142267,HIP77801,GJ3924,TIC172607904,-,39Ser,J15532+1312A,G1VFe-1,SB*,238.3004,13.1966,316,15532+1312,,,,,,,,,,,,,,,,StelleDoppie,ORB6,,,,,,,6.099,56.2405,17.781,0.924,,15532+1312,,5
850,39Ser,Gaia DR3 1191518146611956096,HD142267,HIP77801,GJ3924,TIC172607904,-,39Ser,J15532+1312A,G1VFe-1,SB*,238.3004,13.1966,316,,HIP77801,G0IV+,6.1,,138.7,0.5,,,,,,,,,,Pourbaix+04,1985PASP...97..355B,,,,286.4,1.47,,6.099,56.2405,17.781,0.924,,15532+1312,,4
851,39Ser,Gaia DR3 1191518146611956096,HD142267,HIP77801,GJ3924,TIC172607904,-,39Ser,J15532+1312A,G1VFe-1,SB*,238.3004,13.1966,316,15532+1312,HIP77801,,6.1,,0.4,0.5,,,,84.8,,,,,,ORB6,Ren2013,,41.6,1979.8,286.4,,,6.099,56.2405,17.781,0.924,,15532+1312,,3
852,39Ser,Gaia DR3 1191518146611956096,HD142267,HIP77801,GJ3924,TIC172607904,-,39Ser,J15532+1312A,G1VFe-1,SB*,238.3004,13.1966,316,15532+1312,,,6.1,,0.4,0.5,,0.0,,84.8,,,,,,COMPOSITE,,,41.6,1979.8,286.4,1.47,,6.099,56.2405,17.781,0.924,,15532+1312,,1
853,HD135101A,Gaia DR3 1212385193677160832,HD135101A,HIP74432,GJ3896,TIC351354256,-,-,J15127+1917A,G5V_Fe-0.9,PM*,228.1812,19.286,320,15127+1917,,,,,,,,,,,,,,,,StelleDoppie,ORB6,,,,,,,6.689,30.8032,32.464,0.985,,15127+1917,,2
854,HD135101A,Gaia DR3 1212385193677160832,HD135101A,HIP74432,GJ3896,TIC351354256,-,-,J15127+1917A,G5V_Fe-0.9,PM*,228.1812,19.286,320,15127+1917,,,,,,,,,,,,,,,,COMPOSITE,,,,,,,,6.689,30.8032,32.464,0.985,,15127+1917,,1
855,HD144287,Gaia DR3 1219254942328596736,HD144287,HIP78709,GJ609.2+GJ9542,TIC236316949,-,-,J16040+2515A,G8+V,SB*,241.0152,25.2548,323,16040+2515,,,,,,,,,,,,,,,,StelleDoppie,ORB6,,,,,,,7.069,46.2311,21.63,0.825,,16040+2515,,4
856,HD144287,Gaia DR3 1219254942328596736,HD144287,HIP78709,GJ609.2+GJ9542,TIC236316949,-,-,J16040+2515A,G8+V,SB*,241.0152,25.2548,323,16040+2515,HIP78709,,,,12.1,0.67,,,6.03,50.5,,,,1.0,0.5,Qier_An+25,2025ApJS..280...61A,,,,,0.23,,7.069,46.2311,21.63,0.825,,16040+2515,,3
857,HD144287,Gaia DR3 1219254942328596736,HD144287,HIP78709,GJ609.2+GJ9542,TIC236316949,-,-,J16040+2515A,G8+V,SB*,241.0152,25.2548,323,,HIP78709,G8V+,7.06,,4450.8,0.68,,,,,,,,,,Pourbaix+04,1991A&A...248..485D,,,,18.8,11.73,,7.069,46.2311,21.63,0.825,,16040+2515,,2
858,HD144287,Gaia DR3 1219254942328596736,HD144287,HIP78709,GJ609.2+GJ9542,TIC236316949,-,-,J16040+2515A,G8+V,SB*,241.0152,25.2548,323,16040+2515,,G8,7.06,10.1,,,,,,,,,,,,WDS_THE.csv,,0.41,,,,0.4,0.4,7.069,46.2311,21.63,0.825,6.08,16040+2515,,5
859,HD144287,Gaia DR3 1219254942328596736,HD144287,HIP78709,GJ609.2+GJ9542,TIC236316949,-,-,J16040+2515A,G8+V,SB*,241.0152,25.2548,323,16040+2515,HIP78709,,7.06,10.1,2231.4500000000003,0.675,,,6.03,50.5,,,,1.0,0.5,COMPOSITE,,0.41,,,18.8,0.4,,7.069,46.2311,21.63,0.825,,16040+2515,,1
860,HD131511,Gaia DR3 1236929488664453376,HD131511,HIP72848,GJ567,TIC267365256,-,-,-,K0.5V,RS*,223.349,19.1528,328,,HIP72848,K1V+,6.0,,125.4,0.51,,,,,,,,,,Pourbaix+04,1983PASP...95...79B,,,,221.9,2.07,,6.009,85.9932,11.629,0.887,,-,,2
861,HD131511,Gaia DR3 1236929488664453376,HD131511,HIP72848,GJ567,TIC267365256,-,-,-,K0.5V,RS*,223.349,19.1528,328,,HIP72848,K1V+,6.0,,125.4,0.51,,,,,,,,,,Pourbaix+04,2002ApJS..141..503N,,,,219.0,2.07,,6.009,85.9932,11.629,0.887,,-,,3
862,HD131511,Gaia DR3 1236929488664453376,HD131511,HIP72848,GJ567,TIC267365256,-,-,-,K0.5V,RS*,223.349,19.1528,328,,HIP72848,K1V+,6.0,,125.4,0.51,,,,,,,,,,Pourbaix+04,2013AJ....145...41K,,,,219.11,2.07,,6.009,85.9932,11.629,0.887,,-,,4
863,HD131511,Gaia DR3 1236929488664453376,HD131511,HIP72848,GJ567,TIC267365256,-,-,-,K0.5V,RS*,223.349,19.1528,328,,HIP72848,K1V+,6.0,,125.4,0.51,,,,,,,,,,Pourbaix+04,2018A&A...619A..81H,,,,219.48,2.07,,6.009,85.9932,11.629,0.887,,-,,5
864,HD131511,Gaia DR3 1236929488664453376,HD131511,HIP72848,GJ567,TIC267365256,-,-,-,K0.5V,RS*,223.349,19.1528,328,,HIP72848,K1V+,6.0,,125.4,0.51,,,,,,,,,,COMPOSITE,,,,,219.29500000000002,2.07,,6.009,85.9932,11.629,0.887,,-,,1
865,ksiBooA,Gaia DR3 1237090738916392704,HD131156A,-,GJ566A,TIC1101124558,-,ksiBooA,J14514+1906A,G7Ve,PM*,222.8475,19.1004,329,14514+1906,,,4.76,6.95,152.0,0.51,,4.9,,140.0,,,,,,StelleDoppie,ORB6,0.58,169.0,1909.0,25.0,,,4.656,148.0695,6.754,0.954,13.3,14514+1906,,5
866,ksiBooA,Gaia DR3 1237090738916392704,HD131156A,-,GJ566A,TIC1101124558,-,ksiBooA,J14514+1906A,G7Ve,PM*,222.8475,19.1004,329,14514+1906,,,4.76,6.95,151.95,0.51,,4.93,,140.14,1.59,1.6,1.56,,,COMPOSITE,,0.58,168.48000000000002,1909.19,24.42,3.4,,4.656,148.0695,6.754,0.954,13.3,14514+1906,,1
867,ksiBooA,Gaia DR3 1237090738916392704,HD131156A,-,GJ566A,TIC1101124558,-,ksiBooA,J14514+1906A,G7Ve,PM*,222.8475,19.1004,329,14514+1906,HIP72659,G8V  K5V      ,4.76,6.95,151.6,0.51,148.98,4.94,,,1.59,1.6,1.56,,,Malkov+12,2012A&A...546A..69M,0.58,,,,,,4.656,148.0695,6.754,0.954,13.3,14514+1906,,3
868,ksiBooA,Gaia DR3 1237090738916392704,HD131156A,-,GJ566A,TIC1101124558,-,ksiBooA,J14514+1906A,G7Ve,PM*,222.8475,19.1004,329,14514+1906,,,4.54,,153.0,,,4.93,,,,,,,,Chulkov+22,2022MNRAS.517.2925C,,,,,,,4.656,148.0695,6.754,0.954,,14514+1906,,2
869,ksiBooA,Gaia DR3 1237090738916392704,HD131156A,-,GJ566A,TIC1101124558,-,ksiBooA,J14514+1906A,G7Ve,PM*,222.8475,19.1004,329,14514+1906,HIP72659,,4.76,6.95,151.9,0.51,,,,140.28,,,,,,ORB6,Kpp2020f,0.58,167.96,1909.38,23.84,,,4.656,148.0695,6.754,0.954,13.3,14514+1906,,4
870,ksiBooA,Gaia DR3 1237090738916392704,HD131156A,-,GJ566A,TIC1101124558,-,ksiBooA,J14514+1906A,G7Ve,PM*,222.8475,19.1004,329,14514+1906,,G8V+K5V,4.76,6.95,,,,,,,,,,,,WDS_THE.csv,,0.58,,,,3.4,5.0,4.656,148.0695,6.754,0.954,13.3,14514+1906,,6
871,HD129814,Gaia DR3 1237374997031931392,HD129814,HIP72043,-,TIC345291554,-,-,-,G5V,PM*,221.0487,18.4621,331,-,HIP72043,,,,59.4,0.38,,,17.9,60.8,,,,1.16,0.48,COMPOSITE,,,,,,0.36,,7.52,23.7885,42.037,0.975,,-,,1
872,HD129814,Gaia DR3 1237374997031931392,HD129814,HIP72043,-,TIC345291554,-,-,-,G5V,PM*,221.0487,18.4621,331,-,HIP72043,,,,59.4,0.38,,,17.9,60.8,,,,1.16,0.48,Qier_An+25,2025ApJS..280...61A,,,,,0.36,,7.52,23.7885,42.037,0.975,,-,,2
873,HD120136,Gaia DR3 1244571953471006720,HD120136,HIP67275,GJ527+GJ527A,TIC72506701,-,4Boo+tauBoo+tauBooA,J13473+1727A,F7IV-V,PM*,206.8156,17.4569,334,13473+1727,,,,,964.0,0.84,,,,37.0,,,,,,Drummond+14,2014AJ....147...65D,,172.0,2030.0,334.0,,,4.486,64.047,15.614,1.319,,13473+1727,,3
874,HD120136,Gaia DR3 1244571953471006720,HD120136,HIP67275,GJ527+GJ527A,TIC72506701,-,4Boo+tauBoo+tauBooA,J13473+1727A,F7IV-V,PM*,206.8156,17.4569,334,13473+1727,HIP67275,,4.5,11.1,964.0,0.84,,,,37.0,,,,,,ORB6,Dru2014,0.29,171.9,,334.2,,,4.486,64.047,15.614,1.319,0.23,13473+1727,,6
875,HD120136,Gaia DR3 1244571953471006720,HD120136,HIP67275,GJ527+GJ527A,TIC72506701,-,4Boo+tauBoo+tauBooA,J13473+1727A,F7IV-V,PM*,206.8156,17.4569,334,13473+1727,HIP67275,F6IV M2       ,4.5,11.1,996.0,0.76,64.03,8.01,,,,,,,,Malkov+12,2012A&A...546A..69M,0.29,,,,,,4.486,64.047,15.614,1.319,0.23,13473+1727,,4
876,HD120136,Gaia DR3 1244571953471006720,HD120136,HIP67275,GJ527+GJ527A,TIC72506701,-,4Boo+tauBoo+tauBooA,J13473+1727A,F7IV-V,PM*,206.8156,17.4569,334,13473+1727,HIP67275,F6IV M2       ,4.5,11.1,2000.0,0.91,64.03,14.39,,,,,,,,Malkov+12,2012A&A...546A..69M,0.29,,,,,,4.486,64.047,15.614,1.319,0.23,13473+1727,,5
877,HD120136,Gaia DR3 1244571953471006720,HD120136,HIP67275,GJ527+GJ527A,TIC72506701,-,4Boo+tauBoo+tauBooA,J13473+1727A,F7IV-V,PM*,206.8156,17.4569,334,13473+1727,,F6IV+M2V,4.5,11.1,,,,,,,,,,,,WDS_THE.csv,,0.29,,,,1.5,1.5,4.486,64.047,15.614,1.319,0.23,13473+1727,,7
878,HD120136,Gaia DR3 1244571953471006720,HD120136,HIP67275,GJ527+GJ527A,TIC72506701,-,4Boo+tauBoo+tauBooA,J13473+1727A,F7IV-V,PM*,206.8156,17.4569,334,13473+1727,,,4.5,11.1,964.0,0.84,,8.01,,37.0,,,,,,COMPOSITE,,0.29,171.95,2030.0,334.1,1.5,,4.486,64.047,15.614,1.319,,13473+1727,,1
879,HD120136,Gaia DR3 1244571953471006720,HD120136,HIP67275,GJ527+GJ527A,TIC72506701,-,4Boo+tauBoo+tauBooA,J13473+1727A,F7IV-V,PM*,206.8156,17.4569,334,13473+1727,,,4.5,,964.0,,,7.6,,,,,,,,Chulkov+22,2022MNRAS.517.2925C,,,,,,,4.486,64.047,15.614,1.319,,13473+1727,,2
880,HD125040A,Gaia DR3 1252050659765215744,HD125040A,-,-,TIC135171750,-,-,J14165+2007A,-,PM*,214.1368,20.1218,335,14165+2007,,F6V,6.47,8.42,1085.2,0.74,,7.44,,104.69,,,,,,COMPOSITE,,0.65,139.58,2119.02,81.4,4.0,4.3,6.264,30.2106,33.101,1.015,16.6,14165+2007,,1
881,HD125040A,Gaia DR3 1252050659765215744,HD125040A,-,-,TIC135171750,-,-,J14165+2007A,-,PM*,214.1368,20.1218,335,14165+2007,,,6.25,,1085.2,,,7.44,,,,,,,,Chulkov+22,2022MNRAS.517.2925C,,,,,,,6.264,30.2106,33.101,1.015,,14165+2007,,2
882,HD125040A,Gaia DR3 1252050659765215744,HD125040A,-,-,TIC135171750,-,-,J14165+2007A,-,PM*,214.1368,20.1218,335,14165+2007,HIP69751,,6.47,8.42,1085.2,0.74,,,,104.69,,,,,,ORB6,Izm2019,0.65,139.58,2119.02,81.4,,,6.264,30.2106,33.101,1.015,16.6,14165+2007,,3
883,HD125040A,Gaia DR3 1252050659765215744,HD125040A,-,-,TIC135171750,-,-,J14165+2007A,-,PM*,214.1368,20.1218,335,14165+2007,,F6V,6.47,8.42,,,,,,,,,,,,WDS_THE.csv,,0.65,,,,4.0,4.3,6.264,30.2106,33.101,1.015,16.6,14165+2007,,4
884,HD130948A,Gaia DR3 1265976524286377856,HD130948A,HIP72567,GJ564+GJ564A,TIC198304072,-,-,J14503+2355A,F9IV-V,BY*,222.5659,23.9118,339,14503+2355,,G0-2V,5.88,13.9,,,,,,,,,,,,WDS_THE.csv,,0.17,,,,2.6,2.6,5.892,54.9502,18.198,1.075,0.06,14503+2355,,9
885,HD130948A,Gaia DR3 1265976524286377856,HD130948A,HIP72567,GJ564+GJ564A,TIC198304072,-,-,J14503+2355A,F9IV-V,BY*,222.5659,23.9118,339,14503+2355,,,5.86,,28124.9,,,52.7,,,,,,,,Chulkov+22,2022MNRAS.517.2925C,,,,,,,5.892,54.9502,18.198,1.075,,14503+2355,,2
886,HD130948A,Gaia DR3 1265976524286377856,HD130948A,HIP72567,GJ564+GJ564A,TIC198304072,-,-,J14503+2355A,F9IV-V,BY*,222.5659,23.9118,339,14503+2355,HIP72567,,5.88,13.9,8124.9,0.61,,,,92.2,,,,,,ORB6,Gns2013b,0.17,177.3,8357.6,233.7,,,5.892,54.9502,18.198,1.075,0.06,14503+2355,,6
887,HD130948A,Gaia DR3 1265976524286377856,HD130948A,HIP72567,GJ564+GJ564A,TIC198304072,-,-,J14503+2355A,F9IV-V,BY*,222.5659,23.9118,339,14503+2355,HIP72567,,5.88,13.9,3590.4,0.86,,,,96.6,,,,,,ORB6,Gns2013b,0.17,164.4,4737.5,282.7,,,5.892,54.9502,18.198,1.075,0.06,14503+2355,,7
888,HD130948A,Gaia DR3 1265976524286377856,HD130948A,HIP72567,GJ564+GJ564A,TIC198304072,-,-,J14503+2355A,F9IV-V,BY*,222.5659,23.9118,339,14503+2355,HIP72567,,13.9,14.2,10.1,0.16,,,,95.71,,,,,,ORB6,Dup2017,1.0,133.56,2018.49,68.35,,,5.892,54.9502,18.198,1.075,75.86,14503+2355,,8
889,HD130948A,Gaia DR3 1265976524286377856,HD130948A,HIP72567,GJ564+GJ564A,TIC198304072,-,-,J14503+2355A,F9IV-V,BY*,222.5659,23.9118,339,14503+2355,HIP72567,L4   L4       ,13.9,14.2,9.9,0.16,55.03,0.12,,,0.11,0.38,,,,Malkov+12,2012A&A...546A..69M,1.0,,,,,,5.892,54.9502,18.198,1.075,75.86,14503+2355,,5
890,HD130948A,Gaia DR3 1265976524286377856,HD130948A,HIP72567,GJ564+GJ564A,TIC198304072,-,-,J14503+2355A,F9IV-V,BY*,222.5659,23.9118,339,14503+2355,,,5.86,,3590.4,,,13.4,,,,,,,,Chulkov+22,2022MNRAS.517.2925C,,,,,,,5.892,54.9502,18.198,1.075,,14503+2355,,3
891,HD130948A,Gaia DR3 1265976524286377856,HD130948A,HIP72567,GJ564+GJ564A,TIC198304072,-,-,J14503+2355A,F9IV-V,BY*,222.5659,23.9118,339,14503+2355,,,5.86,,10.1,,,0.12,,,,,,,,Chulkov+22,2022MNRAS.517.2925C,,,,,,,5.892,54.9502,18.198,1.075,,14503+2355,,4
892,HD130948A,Gaia DR3 1265976524286377856,HD130948A,HIP72567,GJ564+GJ564A,TIC198304072,-,-,J14503+2355A,F9IV-V,BY*,222.5659,23.9118,339,14503+2355,,G0-2V,5.88,13.9,3590.4,0.385,,6.76,,95.71,0.11,0.38,,,,COMPOSITE,,0.17,164.4,4737.5,233.7,2.6,2.6,5.892,54.9502,18.198,1.075,0.06,14503+2355,,1
893,HD136176A,Gaia DR3 1271209611223823232,HD136176A,-,-,-,-,-,J15183+2650A,-,**,229.5844,26.8404,340,15183+2650,,,6.85,7.41,123.35,0.675,,0.64,,74.88,,,,,,COMPOSITE,,1.1,99.61500000000001,1941.55,147.17000000000002,0.9500000000000001,,7.255,27.615,36.212,1.125,,15183+2650,,1
894,HD136176A,Gaia DR3 1271209611223823232,HD136176A,-,-,-,-,-,J15183+2650A,-,**,229.5844,26.8404,340,15183+2650,HIP74893,F6V  F6V      ,7.32,7.41,203.0,0.65,27.79,1.22,,,,,,,,Malkov+12,2012A&A...546A..69M,1.1,,,,,,7.255,27.615,36.212,1.125,92.04,15183+2650,,4
895,HD136176A,Gaia DR3 1271209611223823232,HD136176A,-,-,-,-,-,J15183+2650A,-,**,229.5844,26.8404,340,15183+2650,,,6.59,,196.7,,,1.22,,,,,,,,Chulkov+22,2022MNRAS.517.2925C,,,,,,,7.255,27.615,36.212,1.125,,15183+2650,,2
896,HD136176A,Gaia DR3 1271209611223823232,HD136176A,-,-,-,-,-,J15183+2650A,-,**,229.5844,26.8404,340,15183+2650,,,6.59,,50.0,,,0.06,,,,,,,,Chulkov+22,2022MNRAS.517.2925C,,,,,,,7.255,27.615,36.212,1.125,,15183+2650,,3
897,HD136176A,Gaia DR3 1271209611223823232,HD136176A,-,-,-,-,-,J15183+2650A,-,**,229.5844,26.8404,340,15183+2650,,G0V,7.1,,,,,,,,,,,,,WDS_THE.csv,,,,,,0.3,0.3,7.255,27.615,36.212,1.125,,15183+2650,,8
898,HD136176A,Gaia DR3 1271209611223823232,HD136176A,-,-,-,-,-,J15183+2650A,-,**,229.5844,26.8404,340,15183+2650,HIP74893,,7.32,7.41,196.7,0.64,,,,59.76,,,,,,ORB6,Izm2019,1.1,64.23,1941.55,50.84,,,7.255,27.615,36.212,1.125,92.04,15183+2650,,6
899,HD136176A,Gaia DR3 1271209611223823232,HD136176A,-,-,-,-,-,J15183+2650A,-,**,229.5844,26.8404,340,15183+2650,,F6V+F6V,7.32,7.41,,,,,,,,,,,,WDS_THE.csv,,1.1,,,,1.6,1.6,7.255,27.615,36.212,1.125,92.04,15183+2650,,9
900,HD136176A,Gaia DR3 1271209611223823232,HD136176A,-,-,-,-,-,J15183+2650A,-,**,229.5844,26.8404,340,15183+2650,HIP74893,,6.6,,50.0,0.7,,,,90.0,,,,,,ORB6,Mlr1952d,,135.0,,243.5,,,7.255,27.615,36.212,1.125,,15183+2650,,7
901,HD136176A,Gaia DR3 1271209611223823232,HD136176A,-,-,-,-,-,J15183+2650A,-,**,229.5844,26.8404,340,15183+2650,HIP74893,G0V           ,6.6,,50.0,0.7,27.79,0.06,,,,,,,,Malkov+12,2012A&A...546A..69M,,,,,,,7.255,27.615,36.212,1.125,,15183+2650,,5
902,HD134044,Gaia DR3 1291886309636988416,HD134044,HIP73941,-,TIC20204058,-,-,J15066+3627A,F8V,PM*,226.6464,36.4561,343,15066+3627,,F8V,7.4,12.6,,,,,,,,,,,,WDS_THE.csv,,0.35,,,,4.3,4.4,6.358,33.4086,29.932,1.175,0.83,15066+3627,,2
903,HD134044,Gaia DR3 1291886309636988416,HD134044,HIP73941,-,TIC20204058,-,-,J15066+3627A,F8V,PM*,226.6464,36.4561,343,15066+3627,,F8V,7.4,12.6,,,,,,,,,,,,COMPOSITE,,0.35,,,,4.3,4.4,6.358,33.4086,29.932,1.175,0.83,15066+3627,,1
904,HD146946,Gaia DR3 1319438043804452352,HD146946,HIP79837,-,TIC17618172,-,-,J16178+3148AB,F9V,**,244.4415,31.8044,349,16178+3148,,,,,,,,,,,,,,,,StelleDoppie,ORB6,,,,,,,6.858,34.5021,28.984,0.845,,16178+3148,,2
905,HD146946,Gaia DR3 1319438043804452352,HD146946,HIP79837,-,TIC17618172,-,-,J16178+3148AB,F9V,**,244.4415,31.8044,349,16178+3148,,G0,7.02,10.23,,,,,,,,,,,,WDS_THE.csv,,0.4,,,,0.2,0.2,6.858,34.5021,28.984,0.845,5.2,16178+3148,,3
906,HD146946,Gaia DR3 1319438043804452352,HD146946,HIP79837,-,TIC17618172,-,-,J16178+3148AB,F9V,**,244.4415,31.8044,349,16178+3148,,G0,7.02,10.23,,,,,,,,,,,,COMPOSITE,,0.4,,,,0.2,0.2,6.858,34.5021,28.984,0.845,5.2,16178+3148,,1
907,HD143761,Gaia DR3 1323427759184545536,HD143761,HIP78459,GJ606.2+GJ9537,TIC458494003,-,15CrB+rhoCrB,J16010+3318A,G0+VaFe-1,PM*,240.2611,33.3035,351,16010+3318,HIP78459,G0V           ,4.51,,0.2,0.13,58.02,0.0,,,,,,,,Malkov+12,2012A&A...546A..69M,,,,,,,5.408,57.1076,17.511,0.885,,16010+3318,,3
908,HD143761,Gaia DR3 1323427759184545536,HD143761,HIP78459,GJ606.2+GJ9537,TIC458494003,-,15CrB+rhoCrB,J16010+3318A,G0+VaFe-1,PM*,240.2611,33.3035,351,16010+3318,HIP78459,,4.51,,0.2,0.13,,0.0,,0.48,,,,,,COMPOSITE,,,30.5,1997.57,30.0,,,5.408,57.1076,17.511,0.885,,16010+3318,,1
909,HD143761,Gaia DR3 1323427759184545536,HD143761,HIP78459,GJ606.2+GJ9537,TIC458494003,-,15CrB+rhoCrB,J16010+3318A,G0+VaFe-1,PM*,240.2611,33.3035,351,16010+3318,HIP78459,,4.51,,0.2,0.13,,,,0.48,,,,,,ORB6,Gat2001a,,30.5,1997.57,30.0,,,5.408,57.1076,17.511,0.885,,16010+3318,,4
910,HD143761,Gaia DR3 1323427759184545536,HD143761,HIP78459,GJ606.2+GJ9537,TIC458494003,-,15CrB+rhoCrB,J16010+3318A,G0+VaFe-1,PM*,240.2611,33.3035,351,16010+3318,,,,,,,,,,,,,,,,StelleDoppie,ORB6,,,,,,,5.408,57.1076,17.511,0.885,,16010+3318,,5
911,HD143761,Gaia DR3 1323427759184545536,HD143761,HIP78459,GJ606.2+GJ9537,TIC458494003,-,15CrB+rhoCrB,J16010+3318A,G0+VaFe-1,PM*,240.2611,33.3035,351,16010+3318,,,5.39,,0.2,,,0.0,,,,,,,,Chulkov+22,2022MNRAS.517.2925C,,,,,,,5.408,57.1076,17.511,0.885,,16010+3318,,2
912,HD146362,Gaia DR3 1328866562170960384,HD146362,-,GJ615.2B+GJ9550B,TIC17542166,-,17CrBB+sigCrBB+sig01CrB,J16147+3352B,G1V,PM*,243.6683,33.8575,352,16147+3352,,,12.23,,52.0,,,0.51,,,,,,,,Chulkov+22,2022MNRAS.517.2925C,,,,,,,5.183,44.134,22.658,0.989,,16147+3352,,4
913,HD146362,Gaia DR3 1328866562170960384,HD146362,-,GJ615.2B+GJ9550B,TIC17542166,-,17CrBB+sigCrBB+sig01CrB,J16147+3352B,G1V,PM*,243.6683,33.8575,352,16147+3352,HIP79607,,5.62,6.49,656.8,0.77,,,,23.18,,,,,,ORB6,Izm2019,0.81,0.97,1827.94,76.81,,,5.183,44.134,22.658,0.989,44.87,16147+3352,,15
914,HD146362,Gaia DR3 1328866562170960384,HD146362,-,GJ615.2B+GJ9550B,TIC17542166,-,17CrBB+sigCrBB+sig01CrB,J16147+3352B,G1V,PM*,243.6683,33.8575,352,16147+3352,,,5.6,6.5,656.0,0.77,,5.0,,23.0,,,,,,StelleDoppie,ORB6,0.8,1.0,1827.0,77.0,,,5.183,44.134,22.658,0.989,43.65,16147+3352,,16
915,HD146362,Gaia DR3 1328866562170960384,HD146362,-,GJ615.2B+GJ9550B,TIC17542166,-,17CrBB+sigCrBB+sig01CrB,J16147+3352B,G1V,PM*,243.6683,33.8575,352,16147+3352,,,12.23,,52.0,,,0.11,,,,,,,,Chulkov+22,2022MNRAS.517.2925C,,,,,,,5.183,44.134,22.658,0.989,,16147+3352,,5
916,HD146362,Gaia DR3 1328866562170960384,HD146362,-,GJ615.2B+GJ9550B,TIC17542166,-,17CrBB+sigCrBB+sig01CrB,J16147+3352B,G1V,PM*,243.6683,33.8575,352,16147+3352,,G0V+G1V,5.62,6.49,,,,,,,,,,,,WDS_THE.csv,,0.81,,,,1.5,7.3,5.183,44.134,22.658,0.989,44.87,16147+3352,,17
917,HD146362,Gaia DR3 1328866562170960384,HD146362,-,GJ615.2B+GJ9550B,TIC17542166,-,17CrBB+sigCrBB+sig01CrB,J16147+3352B,G1V,PM*,243.6683,33.8575,352,16147+3352,,,5.23,,0.1,,,0.0,,,,,,,,Chulkov+22,2022MNRAS.517.2925C,,,,,,,5.183,44.134,22.658,0.989,,16147+3352,,3
918,HD146362,Gaia DR3 1328866562170960384,HD146362,-,GJ615.2B+GJ9550B,TIC17542166,-,17CrBB+sigCrBB+sig01CrB,J16147+3352B,G1V,PM*,243.6683,33.8575,352,16147+3352,HIP79607,,12.1,,52.0,0.36,,,,59.0,,,,,,ORB6,Hei1990d,,30.0,1963.0,127.0,,,5.183,44.134,22.658,0.989,,16147+3352,,12
919,HD146362,Gaia DR3 1328866562170960384,HD146362,-,GJ615.2B+GJ9550B,TIC17542166,-,17CrBB+sigCrBB+sig01CrB,J16147+3352B,G1V,PM*,243.6683,33.8575,352,16147+3352,HIP79607,,6.19,6.58,1641299.7,0.0,,,,28.08,,,,,,ORB6,Rag2009,0.9,207.93,1996.12,0.0,,,5.183,44.134,22.658,0.989,69.82,16147+3352,,13
920,HD146362,Gaia DR3 1328866562170960384,HD146362,-,GJ615.2B+GJ9550B,TIC17542166,-,17CrBB+sigCrBB+sig01CrB,J16147+3352B,G1V,PM*,243.6683,33.8575,352,16147+3352,,,5.183,5.23,52.0,0.19,,0.51,,28.08,,,,0.989,1.035,COMPOSITE,,1.035,30.0,1963.0,102.0,0.05,,5.183,44.134,22.658,0.989,,16147+3352,0.989,1
921,HD146362,Gaia DR3 1328866562170960384,HD146362,-,GJ615.2B+GJ9550B,TIC17542166,-,17CrBB+sigCrBB+sig01CrB,J16147+3352B,G1V,PM*,243.6683,33.8575,352,16147+3352,HIP79607,G0V  G1V      ,5.62,6.49,726.0,0.72,47.44,5.26,,,,,,,,Malkov+12,2012A&A...546A..69M,0.81,,,,,,5.183,44.134,22.658,0.989,44.87,16147+3352,,6
922,HD146362,Gaia DR3 1328866562170960384,HD146362,-,GJ615.2B+GJ9550B,TIC17542166,-,17CrBB+sigCrBB+sig01CrB,J16147+3352B,G1V,PM*,243.6683,33.8575,352,16147+3352,HIP79607,F6V+G0V       ,12.1,,52.0,0.36,47.44,0.11,,,,,,,,Malkov+12,2012A&A...546A..69M,,,,,,,5.183,44.134,22.658,0.989,,16147+3352,,7
923,HD146362,Gaia DR3 1328866562170960384,HD146362,-,GJ615.2B+GJ9550B,TIC17542166,-,17CrBB+sigCrBB+sig01CrB,J16147+3352B,G1V,PM*,243.6683,33.8575,352,16147+3352,HIP79607,G0V  G1V      ,5.62,6.49,726.0,0.72,47.44,5.26,,,,,,,,Malkov+12,2012A&A...546A..69M,0.81,,,,,,5.183,44.134,22.658,0.989,44.87,16147+3352,,8
924,HD146362,Gaia DR3 1328866562170960384,HD146362,-,GJ615.2B+GJ9550B,TIC17542166,-,17CrBB+sigCrBB+sig01CrB,J16147+3352B,G1V,PM*,243.6683,33.8575,352,16147+3352,HIP79607,F6V+G0V       ,6.19,6.58,0.0,0.0,47.44,0.0,,,,,,,,Malkov+12,2012A&A...546A..69M,0.9,,,,,,5.183,44.134,22.658,0.989,69.82,16147+3352,,9
925,HD146362,Gaia DR3 1328866562170960384,HD146362,-,GJ615.2B+GJ9550B,TIC17542166,-,17CrBB+sigCrBB+sig01CrB,J16147+3352B,G1V,PM*,243.6683,33.8575,352,16147+3352,,,5.23,,656.8,,,4.99,,,,,,,,Chulkov+22,2022MNRAS.517.2925C,,,,,,,5.183,44.134,22.658,0.989,,16147+3352,,2
926,HD146362,Gaia DR3 1328866562170960384,HD146362,-,GJ615.2B+GJ9550B,TIC17542166,-,17CrBB+sigCrBB+sig01CrB,J16147+3352B,G1V,PM*,243.6683,33.8575,352,16147+3352,HIP79607,G0V  G1V      ,5.62,6.49,889.0,0.76,47.44,5.93,,,,,,,,Malkov+12,2012A&A...546A..69M,0.81,,,,,,5.183,44.134,22.658,0.989,44.87,16147+3352,,10
927,HD146362,Gaia DR3 1328866562170960384,HD146362,-,GJ615.2B+GJ9550B,TIC17542166,-,17CrBB+sigCrBB+sig01CrB,J16147+3352B,G1V,PM*,243.6683,33.8575,352,16147+3352,HIP79607,,12.4,15.0,52.0,0.0,,,,60.5,,,,,,ORB6,Tok2019e,0.54,214.9,1994.27,0.0,,,5.183,44.134,22.658,0.989,9.12,16147+3352,,14
928,HD146362,Gaia DR3 1328866562170960384,HD146362,-,GJ615.2B+GJ9550B,TIC17542166,-,17CrBB+sigCrBB+sig01CrB,J16147+3352B,G1V,PM*,243.6683,33.8575,352,16147+3352,HIP79607,G0V           ,5.62,,0.0,0.0,47.44,0.0,,,,,,,,Malkov+12,2012A&A...546A..69M,,,,,,,5.183,44.134,22.658,0.989,,16147+3352,,11
929,HD146361,Gaia DR3 1328866562170960512,HD146361,-,GJ615.2A+GJ9550A,TIC17542164,-,17CrBA+sigCrBA+sig02CrB,J16147+3352A,F6V,SB*,243.6702,33.8586,353,,HIP79607,G0V+,5.23,5.183,52.0,0.19,,0.51,,28.08,,,,1.035,0.989,COMPOSITE,,0.989,30.0,1963.0,180.0,0.05,,5.23,44.0575,22.698,1.035,,16147+3352,1.035,1
930,HD146361,Gaia DR3 1328866562170960512,HD146361,-,GJ615.2A+GJ9550A,TIC17542164,-,17CrBA+sigCrBA+sig02CrB,J16147+3352A,F6V,SB*,243.6702,33.8586,353,,HIP79607,G0V+,5.64,,1.2,0.0,,,,,,,,,,Pourbaix+04,2009ApJ...690..394R,,,,0.0,0.05,,5.23,44.0575,22.698,1.035,,16147+3352,,2
931,HD146361,Gaia DR3 1328866562170960512,HD146361,-,GJ615.2A+GJ9550A,TIC17542164,-,17CrBA+sigCrBA+sig02CrB,J16147+3352A,F6V,SB*,243.6702,33.8586,353,,HIP79607,G0V+,5.64,,1.2,0.02,,,,,,,,,,Pourbaix+04,1984AJ.....89.1740B,,,,85.0,0.05,,5.23,44.0575,22.698,1.035,,16147+3352,,3
932,HD146361,Gaia DR3 1328866562170960512,HD146361,-,GJ615.2A+GJ9550A,TIC17542164,-,17CrBA+sigCrBA+sig02CrB,J16147+3352A,F6V,SB*,243.6702,33.8586,353,,HIP79607,G0V+,5.64,,1.2,0.0,,,,,,,,,,Pourbaix+04,1991A&A...248..485D,,,,0.0,0.05,,5.23,44.0575,22.698,1.035,,16147+3352,,4
933,HD157214,Gaia DR3 1333760419707327744,HD157214,HIP84862,GJ672,TIC9728611,-,72Her+wHer,J17207+3228A,G0V,RG*,260.1649,32.4677,355,17207+3228,,,,,,,,,,,,,,,,COMPOSITE,,,,,,,,5.392,68.5575,14.586,0.937,,17207+3228,,1
934,HD157214,Gaia DR3 1333760419707327744,HD157214,HIP84862,GJ672,TIC9728611,-,72Her+wHer,J17207+3228A,G0V,RG*,260.1649,32.4677,355,17207+3228,,,,,,,,,,,,,,,,StelleDoppie,ORB6,,,,,,,5.392,68.5575,14.586,0.937,,17207+3228,,2
935,HD155060,Gaia DR3 1334288219648212352,HD155060,HIP83827,-,TIC21832928,-,-,J17079+3206A,F8,MS*,256.9826,32.1055,356,17079+3206,,,,,,,,,,,,,,,,StelleDoppie,ORB6,,,,,,,7.221,27.2686,36.672,0.955,,17079+3206,,2
936,HD155060,Gaia DR3 1334288219648212352,HD155060,HIP83827,-,TIC21832928,-,-,J17079+3206A,F8,MS*,256.9826,32.1055,356,17079+3206,,,6.1,9.3,,,,,,,,,,,,COMPOSITE,,0.46,,,,6.1,,7.221,27.2686,36.672,0.955,,17079+3206,,1
937,HD155060,Gaia DR3 1334288219648212352,HD155060,HIP83827,-,TIC21832928,-,-,J17079+3206A,F8,MS*,256.9826,32.1055,356,17079+3206,,F8+M1,6.1,9.3,,,,,,,,,,,,WDS_THE.csv,,0.46,,,,6.1,6.5,7.221,27.2686,36.672,0.955,5.25,17079+3206,,3
938,HD161163,Gaia DR3 1342735149009387136,HD161163,HIP86642,-,TIC256003233,-,-,J17422+3804AB,G0,SB*,265.5552,38.0707,360,17422+3804,HIP86642,,6.0,7.3,6.2,0.26,,0.065,,105.9,,,,,,COMPOSITE,,0.67,0.0,2008.49,161.85,1.1,,7.262,24.7687,40.374,0.905,30.2,17422+3804,,1
939,HD161163,Gaia DR3 1342735149009387136,HD161163,HIP86642,-,TIC256003233,-,-,J17422+3804AB,G0,SB*,265.5552,38.0707,360,17422+3804,HIP86642,,6.0,7.3,6.2,0.26,,,,105.8,,,,,,ORB6,Tok2019e,0.67,,2008.48,233.7,,,7.262,24.7687,40.374,0.905,30.2,17422+3804,,3
940,HD161163,Gaia DR3 1342735149009387136,HD161163,HIP86642,-,TIC256003233,-,-,J17422+3804AB,G0,SB*,265.5552,38.0707,360,17422+3804,,G0,6.0,7.3,,,,,,,,,,,,WDS_THE.csv,,0.67,,,,0.0,0.0,7.262,24.7687,40.374,0.905,30.2,17422+3804,,5
941,HD161163,Gaia DR3 1342735149009387136,HD161163,HIP86642,-,TIC256003233,-,-,J17422+3804AB,G0,SB*,265.5552,38.0707,360,17422+3804,,,7.29,,6.2,,,0.03,,,,,,,,Chulkov+22,2022MNRAS.517.2925C,,,,,,,7.262,24.7687,40.374,0.905,,17422+3804,,2
942,HD161163,Gaia DR3 1342735149009387136,HD161163,HIP86642,-,TIC256003233,-,-,J17422+3804AB,G0,SB*,265.5552,38.0707,360,17422+3804,,G0,7.36,12.0,,,,,,,,,,,,WDS_THE.csv,,0.31,,,,2.2,2.3,7.262,24.7687,40.374,0.905,1.39,17422+3804,,6
943,HD161163,Gaia DR3 1342735149009387136,HD161163,HIP86642,-,TIC256003233,-,-,J17422+3804AB,G0,SB*,265.5552,38.0707,360,17422+3804,,,6.0,7.3,6.1,0.26,,0.1,,106.0,,,,,,StelleDoppie,ORB6,0.67,0.0,2008.5,90.0,,,7.262,24.7687,40.374,0.905,30.2,17422+3804,,4
944,HD159062,Gaia DR3 1362295082910131200,HD159062,HIP85653,GJ4010,TIC270258076,-,-,J17303+4724A,G9V_Fe-0.8,SB*,262.5684,47.4022,364,17303+4724,,G9V+WD,5.4,15.4,,,,,,,,,,,,WDS_THE.csv,,0.07,,,,2.6,2.7,7.23,46.1856,21.652,0.745,0.01,17303+4724,,4
945,HD159062,Gaia DR3 1362295082910131200,HD159062,HIP85653,GJ4010,TIC270258076,-,-,J17303+4724A,G9V_Fe-0.8,SB*,262.5684,47.4022,364,17303+4724,HIP85653,,,,356.0,0.12,,,58.5,72.3,,,,0.98,0.61,Qier_An+25,2025ApJS..280...61A,,,,,2.1,,7.23,46.1856,21.652,0.745,,17303+4724,,2
946,HD159062,Gaia DR3 1362295082910131200,HD159062,HIP85653,GJ4010,TIC270258076,-,-,J17303+4724A,G9V_Fe-0.8,SB*,262.5684,47.4022,364,17303+4724,HIP85653,,5.4,15.4,356.0,0.12,,,58.5,72.3,,,,0.98,0.61,COMPOSITE,,0.07,,,,2.35,,7.23,46.1856,21.652,0.745,,17303+4724,,1
947,HD159062,Gaia DR3 1362295082910131200,HD159062,HIP85653,GJ4010,TIC270258076,-,-,J17303+4724A,G9V_Fe-0.8,SB*,262.5684,47.4022,364,17303+4724,,,,,,,,,,,,,,,,StelleDoppie,ORB6,,,,,,,7.23,46.1856,21.652,0.745,,17303+4724,,3
948,HD160291,Gaia DR3 1366853555039564544,HD160291,HIP86173,-,TIC321601835,-,-,J17366+4827AB,F6V,**,264.1417,48.4578,366,17366+4827,,F6V,7.72,9.64,49.5,0.65,,0.3,,150.3,,,,,,COMPOSITE,,0.61,159.2,2002.27,285.6,0.4,0.4,7.461,17.2635,57.926,0.955,17.06,17366+4827,,1
949,HD160291,Gaia DR3 1366853555039564544,HD160291,HIP86173,-,TIC321601835,-,-,J17366+4827AB,F6V,**,264.1417,48.4578,366,17366+4827,HIP86173,F6V           ,7.72,9.64,49.5,0.65,18.47,0.3,,,,,,,,Malkov+12,2012A&A...546A..69M,0.61,,,,,,7.461,17.2635,57.926,0.955,17.06,17366+4827,,3
950,HD160291,Gaia DR3 1366853555039564544,HD160291,HIP86173,-,TIC321601835,-,-,J17366+4827AB,F6V,**,264.1417,48.4578,366,17366+4827,,F6V,7.72,9.64,,,,,,,,,,,,WDS_THE.csv,,0.61,,,,0.4,0.4,7.461,17.2635,57.926,0.955,17.06,17366+4827,,5
951,HD160291,Gaia DR3 1366853555039564544,HD160291,HIP86173,-,TIC321601835,-,-,J17366+4827AB,F6V,**,264.1417,48.4578,366,17366+4827,HIP86173,,7.72,9.64,49.5,0.65,,,,150.3,,,,,,ORB6,Doc2008f,0.61,159.2,2002.27,285.6,,,7.461,17.2635,57.926,0.955,17.06,17366+4827,,4
952,HD160291,Gaia DR3 1366853555039564544,HD160291,HIP86173,-,TIC321601835,-,-,J17366+4827AB,F6V,**,264.1417,48.4578,366,17366+4827,,,7.44,,49.5,,,0.3,,,,,,,,Chulkov+22,2022MNRAS.517.2925C,,,,,,,7.461,17.2635,57.926,0.955,,17366+4827,,2
953,HD144579,Gaia DR3 1379500756257031808,HD144579,HIP78775,GJ611A,TIC24089803,-,-,J16048+3910A,G8V,PM*,241.2366,39.1565,368,16048+3910,,,,,,,,,,,,,,,,StelleDoppie,ORB6,,,,,,,6.655,69.6405,14.359,0.685,,16048+3910,,2
954,HD144579,Gaia DR3 1379500756257031808,HD144579,HIP78775,GJ611A,TIC24089803,-,-,J16048+3910A,G8V,PM*,241.2366,39.1565,368,16048+3910,,,,,,,,,,,,,,,,COMPOSITE,,,,,,,,6.655,69.6405,14.359,0.685,,16048+3910,,1
955,14Her,Gaia DR3 1385293808145621504,HD145675,HIP79248,GJ614,TIC219483057,-,14Her,J16104+4349A,K0V,PM*,242.6013,43.8176,371,16104+4349,,,,,,,,,,,,,,,,StelleDoppie,ORB6,,,,,,,6.619,55.8657,17.9,0.915,,16104+4349,,2
956,14Her,Gaia DR3 1385293808145621504,HD145675,HIP79248,GJ614,TIC219483057,-,14Her,J16104+4349A,K0V,PM*,242.6013,43.8176,371,16104+4349,,K0V,6.7,18.0,,,,,,,,,,,,WDS_THE.csv,,0.07,,,,4.3,4.3,6.619,55.8657,17.9,0.915,0.0,16104+4349,,3
957,14Her,Gaia DR3 1385293808145621504,HD145675,HIP79248,GJ614,TIC219483057,-,14Her,J16104+4349A,K0V,PM*,242.6013,43.8176,371,16104+4349,,,6.7,18.0,,,,,,,,,,,,COMPOSITE,,0.07,,,,4.3,,6.619,55.8657,17.9,0.915,,16104+4349,,1
958,mu.02BooB,Gaia DR3 1387349065960639232,HD137392B,-,GJ3904B,-,-,mu.02BooB,J15245+3723Bb,-,PM*,231.1287,37.3479,372,15245+3723,HIP75411,F2IVa         ,4.31,,3.8,0.28,28.83,0.1,,,,,,,,Malkov+12,2012A&A...546A..69M,,,,,,,7.579,27.2126,36.748,1.095,,15245+3723,,4
959,mu.02BooB,Gaia DR3 1387349065960639232,HD137392B,-,GJ3904B,-,-,mu.02BooB,J15245+3723Bb,-,PM*,231.1287,37.3479,372,15245+3723,,,4.31,,3.8,,,0.1,,,,,,,,Chulkov+22,2022MNRAS.517.2925C,,,,,,,7.579,27.2126,36.748,1.095,,15245+3723,,2
960,mu.02BooB,Gaia DR3 1387349065960639232,HD137392B,-,GJ3904B,-,-,mu.02BooB,J15245+3723Bb,-,PM*,231.1287,37.3479,372,15245+3723,,,6.51,,256.5,,,1.45,,,,,,,,Chulkov+22,2022MNRAS.517.2925C,,,,,,,7.579,27.2126,36.748,1.095,,15245+3723,,3
961,mu.02BooB,Gaia DR3 1387349065960639232,HD137392B,-,GJ3904B,-,-,mu.02BooB,J15245+3723Bb,-,PM*,231.1287,37.3479,372,15245+3723,,,4.31,7.63,3.8,0.28,,0.1,,130.12,,,,,,COMPOSITE,,0.97,129.53,2006.0,44.0,0.9500000000000001,,7.579,27.2126,36.748,1.095,,15245+3723,,1
962,mu.02BooB,Gaia DR3 1387349065960639232,HD137392B,-,GJ3904B,-,-,mu.02BooB,J15245+3723Bb,-,PM*,231.1287,37.3479,372,15245+3723,HIP75411,,4.31,,3.8,0.27,,,,130.12,,,,,,ORB6,Izm2019,,129.53,2006.33,43.77,,,7.579,27.2126,36.748,1.095,,15245+3723,,8
963,mu.02BooB,Gaia DR3 1387349065960639232,HD137392B,-,GJ3904B,-,-,mu.02BooB,J15245+3723Bb,-,PM*,231.1287,37.3479,372,15245+3723,HIP75415,,7.09,7.63,256.5,0.58,,,,134.2,,,,,,ORB6,Sca2013a,0.97,176.2,1864.25,338.7,,,7.579,27.2126,36.748,1.095,60.81,15245+3723,,9
964,mu.02BooB,Gaia DR3 1387349065960639232,HD137392B,-,GJ3904B,-,-,mu.02BooB,J15245+3723Bb,-,PM*,231.1287,37.3479,372,15245+3723,HIP75415,G0V           ,7.09,7.63,257.0,0.58,27.73,1.47,,,,,,,,Malkov+12,2012A&A...546A..69M,0.97,,,,,,7.579,27.2126,36.748,1.095,60.81,15245+3723,,5
965,mu.02BooB,Gaia DR3 1387349065960639232,HD137392B,-,GJ3904B,-,-,mu.02BooB,J15245+3723Bb,-,PM*,231.1287,37.3479,372,15245+3723,HIP75411,F2IVa         ,4.31,,3.8,0.27,28.83,0.1,,,,,,,,Malkov+12,2012A&A...546A..69M,,,,,,,7.579,27.2126,36.748,1.095,,15245+3723,,6
966,mu.02BooB,Gaia DR3 1387349065960639232,HD137392B,-,GJ3904B,-,-,mu.02BooB,J15245+3723Bb,-,PM*,231.1287,37.3479,372,15245+3723,,G0V,7.09,7.63,,,,,,,,,,,,WDS_THE.csv,,0.97,,,,1.8,2.3,7.579,27.2126,36.748,1.095,60.81,15245+3723,,11
967,mu.02BooB,Gaia DR3 1387349065960639232,HD137392B,-,GJ3904B,-,-,mu.02BooB,J15245+3723Bb,-,PM*,231.1287,37.3479,372,15245+3723,,,4.3,,3.7,0.27,,0.1,,130.0,,,,,,StelleDoppie,ORB6,,129.0,2006.0,44.0,,,7.579,27.2126,36.748,1.095,,15245+3723,,10
968,mu.02BooB,Gaia DR3 1387349065960639232,HD137392B,-,GJ3904B,-,-,mu.02BooB,J15245+3723Bb,-,PM*,231.1287,37.3479,372,15245+3723,,F2IVa,4.31,,,,,,,,,,,,,WDS_THE.csv,,,,,,0.1,0.1,7.579,27.2126,36.748,1.095,,15245+3723,,12
969,mu.02BooB,Gaia DR3 1387349065960639232,HD137392B,-,GJ3904B,-,-,mu.02BooB,J15245+3723Bb,-,PM*,231.1287,37.3479,372,15245+3723,HIP75415,G0V           ,7.09,7.63,260.1,0.59,27.73,1.46,,,,,,,,Malkov+12,2012A&A...546A..69M,0.97,,,,,,7.579,27.2126,36.748,1.095,60.81,15245+3723,,7
970,HD139341A,Gaia DR3 1389522117550541056,HD139341A,-,GJ591A+GJ593A,-,-,-,J15360+3948A,-,SB*,234.0094,39.8024,375,15360+3948,HIP76382,K2V           ,7.16,8.44,55.5,0.58,44.83,0.795,,63.254999999999995,1.8,1.76,0.79,,,COMPOSITE,,0.74,17.675,1938.245,23.119999999999997,1.1,,7.496,44.3968,22.524,0.995,30.76,15360+3948,,1
971,HD139341A,Gaia DR3 1389522117550541056,HD139341A,-,GJ591A+GJ593A,-,-,-,J15360+3948A,-,SB*,234.0094,39.8024,375,15360+3948,,K2V,7.16,8.44,,,,,,,,,,,,WDS_THE.csv,,0.74,,,,1.1,1.2,7.496,44.3968,22.524,0.995,30.76,15360+3948,,7
972,HD139341A,Gaia DR3 1389522117550541056,HD139341A,-,GJ591A+GJ593A,-,-,-,J15360+3948A,-,SB*,234.0094,39.8024,375,15360+3948,HIP76382,K2V           ,7.16,8.44,55.6,0.58,44.83,0.8,,,1.8,1.76,0.79,,,Malkov+12,2012A&A...546A..69M,0.74,,,,,,7.496,44.3968,22.524,0.995,30.76,15360+3948,,3
973,HD139341A,Gaia DR3 1389522117550541056,HD139341A,-,GJ591A+GJ593A,-,-,-,J15360+3948A,-,SB*,234.0094,39.8024,375,15360+3948,,,7.2,8.4,55.0,0.58,,0.8,,63.0,,,,,,StelleDoppie,ORB6,0.75,35.0,1938.0,23.0,,,7.496,44.3968,22.524,0.995,33.11,15360+3948,,6
974,HD139341A,Gaia DR3 1389522117550541056,HD139341A,-,GJ591A+GJ593A,-,-,-,J15360+3948A,-,SB*,234.0094,39.8024,375,15360+3948,,,6.78,,55.5,,,0.78,,,,,,,,Chulkov+22,2022MNRAS.517.2925C,,,,,,,7.496,44.3968,22.524,0.995,,15360+3948,,2
975,HD139341A,Gaia DR3 1389522117550541056,HD139341A,-,GJ591A+GJ593A,-,-,-,J15360+3948A,-,SB*,234.0094,39.8024,375,15360+3948,HIP76382,K2V           ,7.16,8.44,55.6,0.59,44.83,0.79,,,1.8,1.76,0.79,,,Malkov+12,2012A&A...546A..69M,0.74,,,,,,7.496,44.3968,22.524,0.995,30.76,15360+3948,,4
976,HD139341A,Gaia DR3 1389522117550541056,HD139341A,-,GJ591A+GJ593A,-,-,-,J15360+3948A,-,SB*,234.0094,39.8024,375,15360+3948,HIP76382,,7.16,8.44,55.5,0.58,,,,63.51,,,,,,ORB6,Izm2019,0.74,0.35,1938.49,23.24,,,7.496,44.3968,22.524,0.995,30.76,15360+3948,,5
977,HD138004,Gaia DR3 1391009653702531072,HD138004,HIP75676,-,TIC116385975,-,-,J15277+4253A,G2III,PM*,231.9181,42.8813,378,15277+4253,HIP75676,,,,16.3,0.49,,,7.74,97.89,,,,1.08,0.66,Qier_An+25,2025ApJS..280...61A,,,,,0.19,,7.48,31.0616,32.194,0.905,,15277+4253,,2
978,HD138004,Gaia DR3 1391009653702531072,HD138004,HIP75676,-,TIC116385975,-,-,J15277+4253A,G2III,PM*,231.9181,42.8813,378,15277+4253,,,,,16.3,0.49,,,7.74,97.89,,,,1.08,0.66,COMPOSITE,,,,,,0.19,,7.48,31.0616,32.194,0.905,,15277+4253,,1
979,HD138004,Gaia DR3 1391009653702531072,HD138004,HIP75676,-,TIC116385975,-,-,J15277+4253A,G2III,PM*,231.9181,42.8813,378,15277+4253,,,,,,,,,,,,,,,,StelleDoppie,ORB6,,,,,,,7.48,31.0616,32.194,0.905,,15277+4253,,3
980,HD154905,Gaia DR3 1420101696285626624,HD154905,HIP83608B,GJ9584B,-,-,21DraB+mu.DraB,J17053+5428B,F6V,SB*,256.3342,54.4706,385,17053+5428,,,5.66,5.69,424.15,0.4,,2.9,,146.0,,,,,,COMPOSITE,,1.11,129.0,1938.0,118.18,4.595,,5.685,36.7902,27.181,1.115,,17053+5428,,1
981,HD154905,Gaia DR3 1420101696285626624,HD154905,HIP83608B,GJ9584B,-,-,21DraB+mu.DraB,J17053+5428B,F6V,SB*,256.3342,54.4706,385,17053+5428,HIP83608,,5.0,,3.2,0.4,,,,83.5,,,,,,ORB6,Str1943,,134.1,1915.4,272.6,,,5.685,36.7902,27.181,1.115,,17053+5428,,6
982,HD154905,Gaia DR3 1420101696285626624,HD154905,HIP83608B,GJ9584B,-,-,21DraB+mu.DraB,J17053+5428B,F6V,SB*,256.3342,54.4706,385,,HIP83608,F7V+,5.83,,2270.0,0.43,,,,,,,,,,Pourbaix+04,1979AnTok..17..158I,,,,205.0,6.59,,5.685,36.7902,27.181,1.115,,17053+5428,,8
983,HD154905,Gaia DR3 1420101696285626624,HD154905,HIP83608B,GJ9584B,-,-,21DraB+mu.DraB,J17053+5428B,F6V,SB*,256.3342,54.4706,385,17053+5428,HIP83608,F5            ,5.0,,3.2,0.4,36.45,0.03,,,,,,,,Malkov+12,2012A&A...546A..69M,,,,,,,5.685,36.7902,27.181,1.115,,17053+5428,,4
984,HD154905,Gaia DR3 1420101696285626624,HD154905,HIP83608B,GJ9584B,-,-,21DraB+mu.DraB,J17053+5428B,F6V,SB*,256.3342,54.4706,385,17053+5428,,,,,3.2,,,0.03,,,,,,,,Chulkov+22,2022MNRAS.517.2925C,,,,,,,5.685,36.7902,27.181,1.115,,17053+5428,,2
985,HD154905,Gaia DR3 1420101696285626624,HD154905,HIP83608B,GJ9584B,-,-,21DraB+mu.DraB,J17053+5428B,F6V,SB*,256.3342,54.4706,385,17053+5428,,,5.7,5.7,424.0,0.22,,2.9,,146.0,,,,,,StelleDoppie,ORB6,1.12,129.0,1938.0,31.0,,,5.685,36.7902,27.181,1.115,100.0,17053+5428,,9
986,HD154905,Gaia DR3 1420101696285626624,HD154905,HIP83608B,GJ9584B,-,-,21DraB+mu.DraB,J17053+5428B,F6V,SB*,256.3342,54.4706,385,17053+5428,,F7V,5.66,5.69,,,,,,,,,,,,WDS_THE.csv,,1.11,,,,2.6,2.6,5.685,36.7902,27.181,1.115,97.27,17053+5428,,10
987,HD154905,Gaia DR3 1420101696285626624,HD154905,HIP83608B,GJ9584B,-,-,21DraB+mu.DraB,J17053+5428B,F6V,SB*,256.3342,54.4706,385,17053+5428,HIP83608,,5.66,5.69,424.3,0.22,,,,146.57,,,,,,ORB6,Izm2019,1.11,128.83,1938.85,31.36,,,5.685,36.7902,27.181,1.115,97.27,17053+5428,,7
988,HD154905,Gaia DR3 1420101696285626624,HD154905,HIP83608B,GJ9584B,-,-,21DraB+mu.DraB,J17053+5428B,F6V,SB*,256.3342,54.4706,385,17053+5428,,,4.91,,424.3,,,2.96,,,,,,,,Chulkov+22,2022MNRAS.517.2925C,,,,,,,5.685,36.7902,27.181,1.115,,17053+5428,,3
989,HD154905,Gaia DR3 1420101696285626624,HD154905,HIP83608B,GJ9584B,-,-,21DraB+mu.DraB,J17053+5428B,F6V,SB*,256.3342,54.4706,385,17053+5428,HIP83608,F7V           ,5.66,5.69,812.0,0.51,36.45,4.48,,,,,,,,Malkov+12,2012A&A...546A..69M,1.11,,,,,,5.685,36.7902,27.181,1.115,97.27,17053+5428,,5
990,HD160269A,Gaia DR3 1439121018358632832,HD160269A,HIP86036,GJ684A,TIC219777482,-,26Dra+26DraA,J17350+6153A,G0IV-V,SB*,263.7484,61.8745,391,17350+6153,HIP86036,G0V           ,5.28,8.54,76.1,0.18,70.47,1.53,,104.0,1.77,1.8,1.05,,,COMPOSITE,,0.5,151.0,1947.0,307.0,1.8,,5.232,69.2832,14.434,1.063,4.97,17350+6153,,1
991,HD160269A,Gaia DR3 1439121018358632832,HD160269A,HIP86036,GJ684A,TIC219777482,-,26Dra+26DraA,J17350+6153A,G0IV-V,SB*,263.7484,61.8745,391,17350+6153,HIP86036,G0V           ,5.28,8.54,76.0,0.16,70.47,1.52,,,1.77,1.8,1.05,,,Malkov+12,2012A&A...546A..69M,0.5,,,,,,5.232,69.2832,14.434,1.063,4.97,17350+6153,,3
992,HD160269A,Gaia DR3 1439121018358632832,HD160269A,HIP86036,GJ684A,TIC219777482,-,26Dra+26DraA,J17350+6153A,G0IV-V,SB*,263.7484,61.8745,391,17350+6153,,F9V+K3V,5.28,8.54,,,,,,,,,,,,WDS_THE.csv,,0.5,,,,0.6,0.6,5.232,69.2832,14.434,1.063,4.97,17350+6153,,8
993,HD160269A,Gaia DR3 1439121018358632832,HD160269A,HIP86036,GJ684A,TIC219777482,-,26Dra+26DraA,J17350+6153A,G0IV-V,SB*,263.7484,61.8745,391,17350+6153,HIP86036,G0V           ,5.28,8.54,76.1,0.18,70.47,1.53,,,1.77,1.8,1.05,,,Malkov+12,2012A&A...546A..69M,0.5,,,,,,5.232,69.2832,14.434,1.063,4.97,17350+6153,,4
994,HD160269A,Gaia DR3 1439121018358632832,HD160269A,HIP86036,GJ684A,TIC219777482,-,26Dra+26DraA,J17350+6153A,G0IV-V,SB*,263.7484,61.8745,391,17350+6153,,,5.3,8.5,76.1,0.18,,1.5,,104.0,,,,,,StelleDoppie,ORB6,0.51,151.0,1947.0,307.0,,,5.232,69.2832,14.434,1.063,5.25,17350+6153,,7
995,HD160269A,Gaia DR3 1439121018358632832,HD160269A,HIP86036,GJ684A,TIC219777482,-,26Dra+26DraA,J17350+6153A,G0IV-V,SB*,263.7484,61.8745,391,,HIP86036,,,,76.1,0.18,,1.53,,104.0,,,,,,Soederhjem+99,1999A&A...341..121S,,,,,,,5.232,69.2832,14.434,1.063,,17350+6153,,6
996,HD160269A,Gaia DR3 1439121018358632832,HD160269A,HIP86036,GJ684A,TIC219777482,-,26Dra+26DraA,J17350+6153A,G0IV-V,SB*,263.7484,61.8745,391,17350+6153,HIP86036,,5.28,8.54,76.1,0.18,,,,104.0,,,,,,ORB6,Sod1999,0.5,151.0,,307.0,,,5.232,69.2832,14.434,1.063,4.97,17350+6153,,5
997,HD160269A,Gaia DR3 1439121018358632832,HD160269A,HIP86036,GJ684A,TIC219777482,-,26Dra+26DraA,J17350+6153A,G0IV-V,SB*,263.7484,61.8745,391,17350+6153,,G0V,3.74,15.0,,,,,,,,,,,,WDS_THE.csv,,0.08,,,,3.0,3.0,5.232,69.2832,14.434,1.063,0.0,17350+6153,,9
998,HD160269A,Gaia DR3 1439121018358632832,HD160269A,HIP86036,GJ684A,TIC219777482,-,26Dra+26DraA,J17350+6153A,G0IV-V,SB*,263.7484,61.8745,391,17350+6153,,,5.23,,76.1,,,1.53,,,,,,,,Chulkov+22,2022MNRAS.517.2925C,,,,,,,5.232,69.2832,14.434,1.063,,17350+6153,,2
999,HD118244,Gaia DR3 1442169070750037760,HD118244,HIP66290,-,TIC207386596,-,-,-,F5V,SB*,203.7976,22.4998,392,,HIP66290,F5V+,6.99,,1967.0,0.68,,,,,,,,,,Pourbaix+04,2019A&A...626A..31S,,,,78.5,4.46,,6.873,29.265,34.171,0.915,,-,,2
1000,HD118244,Gaia DR3 1442169070750037760,HD118244,HIP66290,-,TIC207386596,-,-,-,F5V,SB*,203.7976,22.4998,392,,HIP66290,F5V+,6.99,,1967.0,0.68,,,,,,,,,,COMPOSITE,,,,,78.5,4.46,,6.873,29.265,34.171,0.915,,-,,1
1001,HD120476a,Gaia DR3 1451450048399808384,HD120476A,-,GJ528A,TIC359220741,-,-,J13491+2659A,K4V,PM*,207.2667,26.9799,393,13491+2659,HIP67422,,7.36,8.15,156.1,0.45,,2.44,,47.864999999999995,1.43,1.49,1.34,,,COMPOSITE,,0.6,155.79500000000002,1916.865,199.31,2.6,,7.515,74.0937,13.496,0.717,48.31,13491+2659,,1
1002,HD120476a,Gaia DR3 1451450048399808384,HD120476A,-,GJ528A,TIC359220741,-,-,J13491+2659A,K4V,PM*,207.2667,26.9799,393,13491+2659,,K4V+K6V,7.36,8.15,,,,,,,,,,,,WDS_THE.csv,,0.6,,,,2.6,2.6,7.515,74.0937,13.496,0.717,48.31,13491+2659,,6
1003,HD120476a,Gaia DR3 1451450048399808384,HD120476A,-,GJ528A,TIC359220741,-,-,J13491+2659A,K4V,PM*,207.2667,26.9799,393,13491+2659,,,7.05,,156.2,,,2.44,,,,,,,,Chulkov+22,2022MNRAS.517.2925C,,,,,,,7.515,74.0937,13.496,0.717,,13491+2659,,2
1004,HD120476a,Gaia DR3 1451450048399808384,HD120476A,-,GJ528A,TIC359220741,-,-,J13491+2659A,K4V,PM*,207.2667,26.9799,393,13491+2659,,,7.4,8.2,156.0,0.45,,2.44,,48.0,,,,,,StelleDoppie,ORB6,0.6,156.0,1917.0,199.0,,,7.515,74.0937,13.496,0.717,47.86,13491+2659,,5
1005,HD120476a,Gaia DR3 1451450048399808384,HD120476A,-,GJ528A,TIC359220741,-,-,J13491+2659A,K4V,PM*,207.2667,26.9799,393,13491+2659,HIP67422,K4V  K6V      ,7.36,8.15,155.8,0.45,74.58,2.43,,,1.43,1.49,1.34,,,Malkov+12,2012A&A...546A..69M,0.6,,,,,,7.515,74.0937,13.496,0.717,48.31,13491+2659,,3
1006,HD120476a,Gaia DR3 1451450048399808384,HD120476A,-,GJ528A,TIC359220741,-,-,J13491+2659A,K4V,PM*,207.2667,26.9799,393,13491+2659,HIP67422,,7.36,8.15,156.2,0.45,,,,47.73,,,,,,ORB6,Izm2019,0.6,155.59,1916.73,199.62,,,7.515,74.0937,13.496,0.717,48.31,13491+2659,,4
1007,HD120005,Gaia DR3 1455771129096411904,HD120005,HIP67195,-,TIC165760083,-,-,-,F6V,SB*,206.5572,30.897,395,,HIP67195,F5+,6.55,,39.3,0.79,,,,,,,,,,Pourbaix+04,2016MNRAS.458.3272K,,,,325.25,0.29,,6.512,23.6362,42.308,1.225,,-,,2
1008,HD120005,Gaia DR3 1455771129096411904,HD120005,HIP67195,-,TIC165760083,-,-,-,F6V,SB*,206.5572,30.897,395,,HIP67195,F5+,6.55,,39.3,0.79,,,,,,,,,,COMPOSITE,,,,,325.975,0.29,,6.512,23.6362,42.308,1.225,,-,,1
1009,HD120005,Gaia DR3 1455771129096411904,HD120005,HIP67195,-,TIC165760083,-,-,-,F6V,SB*,206.5572,30.897,395,,HIP67195,F5+,6.55,,39.3,0.79,,,,,,,,,,Pourbaix+04,N1939,,,,326.7,0.29,,6.512,23.6362,42.308,1.225,,-,,3
1010,HD109358,Gaia DR3 1534011998572555776,HD109358,HIP61317,GJ475,TIC458445966,-,8CVn+betCVn,J12337+4121A,G0V,**,188.4356,41.3575,403,12337+4121,,G0V,4.26,,,,,,,,,,,,,WDS_THE.csv,,,,,,0.1,0.1,4.247,118.0266,8.473,0.911,,12337+4121,,3
1011,HD109358,Gaia DR3 1534011998572555776,HD109358,HIP61317,GJ475,TIC458445966,-,8CVn+betCVn,J12337+4121A,G0V,**,188.4356,41.3575,403,12337+4121,,,,,,,,,,,,,,,,StelleDoppie,ORB6,,,,,,,4.247,118.0266,8.473,0.911,,12337+4121,,2
1012,HD109358,Gaia DR3 1534011998572555776,HD109358,HIP61317,GJ475,TIC458445966,-,8CVn+betCVn,J12337+4121A,G0V,**,188.4356,41.3575,403,12337+4121,,G0V,4.26,,,,,,,,,,,,,COMPOSITE,,,,,,0.1,0.1,4.247,118.0266,8.473,0.911,,12337+4121,,1
1013,HD108574,Gaia DR3 1541667932396172800,HD108574,HIP60831,-,TIC157968700,-,-,J12281+4448A,F9V,PM*,187.0185,44.7943,407,12281+4448,,,7.49,8.08,3477.0,0.815,,6.6,,144.0,,,,,,COMPOSITE,,1.03,117.5,,133.5,9.8,,7.5,22.0562,45.339,1.185,58.08,12281+4448,,1
1014,HD108574,Gaia DR3 1541667932396172800,HD108574,HIP60831,-,TIC157968700,-,-,J12281+4448A,F9V,PM*,187.0185,44.7943,407,12281+4448,,,7.49,8.08,3477.0,0.76,,,,134.0,,,,,,ORB6,Kiy2020,1.03,184.0,,204.0,,,7.5,22.0562,45.339,1.185,58.08,12281+4448,,4
1015,HD108574,Gaia DR3 1541667932396172800,HD108574,HIP60831,-,TIC157968700,-,-,J12281+4448A,F9V,PM*,187.0185,44.7943,407,12281+4448,,,7.49,8.08,3477.0,0.87,,,,154.0,,,,,,ORB6,Kiy2020,1.03,51.0,,63.0,,,7.5,22.0562,45.339,1.185,58.08,12281+4448,,5
1016,HD108574,Gaia DR3 1541667932396172800,HD108574,HIP60831,-,TIC157968700,-,-,J12281+4448A,F9V,PM*,187.0185,44.7943,407,12281+4448,,,7.5,8.12,3477.0,,,6.6,,,,,,,,Chulkov+22,2022MNRAS.517.2925C,1.03,,,,,,7.5,22.0562,45.339,1.185,56.49,12281+4448,,2
1017,HD108574,Gaia DR3 1541667932396172800,HD108574,HIP60831,-,TIC157968700,-,-,J12281+4448A,F9V,PM*,187.0185,44.7943,407,12281+4448,,,7.5,8.12,3477.0,,,6.6,,,,,,,,Chulkov+22,2022MNRAS.517.2925C,1.03,,,,,,7.5,22.0562,45.339,1.185,56.49,12281+4448,,3
1018,HD108574,Gaia DR3 1541667932396172800,HD108574,HIP60831,-,TIC157968700,-,-,J12281+4448A,F9V,PM*,187.0185,44.7943,407,12281+4448,,F9V+KV,7.49,8.08,,,,,,,,,,,,WDS_THE.csv,,1.03,,,,9.8,9.8,7.5,22.0562,45.339,1.185,58.08,12281+4448,,6
1019,HD116956,Gaia DR3 1565867461768654208,HD116956,HIP65515,-,TIC159190692,-,-,J13258+5658A,G9V,BY*,201.4397,56.9705,411,13258+5658,,,5.5,20.5,,,,,,,,,,,,COMPOSITE,,0.03,,,,9.3,,7.29,46.1911,21.649,0.885,,13258+5658,,1
1020,HD116956,Gaia DR3 1565867461768654208,HD116956,HIP65515,-,TIC159190692,-,-,J13258+5658A,G9V,BY*,201.4397,56.9705,411,13258+5658,,,,,,,,,,,,,,,,StelleDoppie,ORB6,,,,,,,7.29,46.1911,21.649,0.885,,13258+5658,,2
1021,HD116956,Gaia DR3 1565867461768654208,HD116956,HIP65515,-,TIC159190692,-,-,J13258+5658A,G9V,BY*,201.4397,56.9705,411,13258+5658,,G9V,5.5,20.5,,,,,,,,,,,,WDS_THE.csv,,0.03,,,,9.3,9.3,7.29,46.1911,21.649,0.885,0.0,13258+5658,,3
1022,HD115043,Gaia DR3 1566224665609504128,HD115043,HIP64532,GJ503.2+GJ503.2A+GJ9434,TIC157272202,-,-,J13136+5643A,G1Va,PM*,198.4042,56.7083,412,13136+5643,,,5.35,10.22,,,,,,,,,,,,COMPOSITE,,0.33,,,,1.6,,6.827,39.7437,25.161,1.005,,13136+5643,,1
1023,HD115043,Gaia DR3 1566224665609504128,HD115043,HIP64532,GJ503.2+GJ503.2A+GJ9434,TIC157272202,-,-,J13136+5643A,G1Va,PM*,198.4042,56.7083,412,13136+5643,,,,,,,,,,,,,,,,StelleDoppie,ORB6,,,,,,,6.827,39.7437,25.161,1.005,,13136+5643,,2
1024,HD115043,Gaia DR3 1566224665609504128,HD115043,HIP64532,GJ503.2+GJ503.2A+GJ9434,TIC157272202,-,-,J13136+5643A,G1Va,PM*,198.4042,56.7083,412,13136+5643,,G1Va,5.35,10.22,,,,,,,,,,,,WDS_THE.csv,,0.33,,,,1.6,1.6,6.827,39.7437,25.161,1.005,1.13,13136+5643,,3
1025,HD110833,Gaia DR3 1568219729458240128,HD110833,HIP62145,GJ483,TIC157871565,-,-,J12442+5146A,K3,SB*,191.0606,51.7593,413,12442+5146,,,,,,,,,,,,,,,,StelleDoppie,ORB6,,,,,,,7.027,68.9516,14.503,0.822,,12442+5146,,6
1026,HD110833,Gaia DR3 1568219729458240128,HD110833,HIP62145,GJ483,TIC157871565,-,-,J12442+5146A,K3,SB*,191.0606,51.7593,413,12442+5146,HIP62145,K3V           ,7.04,,0.8,0.0,67.2,0.01,,,,,,,,Malkov+12,2012A&A...546A..69M,,,,,,,7.027,68.9516,14.503,0.822,,12442+5146,,3
1027,HD110833,Gaia DR3 1568219729458240128,HD110833,HIP62145,GJ483,TIC157871565,-,-,J12442+5146A,K3,SB*,191.0606,51.7593,413,12442+5146,HIP62145,,7.04,,0.8,0.0,,,,48.85,,,,,,ORB6,HIP1997d,,154.94,1991.4,0.0,,,7.027,68.9516,14.503,0.822,,12442+5146,,4
1028,HD110833,Gaia DR3 1568219729458240128,HD110833,HIP62145,GJ483,TIC157871565,-,-,J12442+5146A,K3,SB*,191.0606,51.7593,413,12442+5146,,K3+K3+M5,4.78,8.97,,,,,,,,,,,,WDS_THE.csv,,0.31,,,,1.3,2.3,7.027,68.9516,14.503,0.822,2.11,12442+5146,,7
1029,HD110833,Gaia DR3 1568219729458240128,HD110833,HIP62145,GJ483,TIC157871565,-,-,J12442+5146A,K3,SB*,191.0606,51.7593,413,12442+5146,HIP62145,K3V           ,7.04,8.97,0.8,0.0,67.2,0.01,,48.85,,,,,,COMPOSITE,,0.31,154.94,1991.4,125.8,2.0,,7.027,68.9516,14.503,0.822,,12442+5146,,1
1030,HD110833,Gaia DR3 1568219729458240128,HD110833,HIP62145,GJ483,TIC157871565,-,-,J12442+5146A,K3,SB*,191.0606,51.7593,413,,HIP62145,K3V+,7.04,,270.4,0.9,,,,,,,,,,Pourbaix+04,2018A&A...619A..81H,,,,251.6,2.7,,7.027,68.9516,14.503,0.822,,12442+5146,,5
1031,HD110833,Gaia DR3 1568219729458240128,HD110833,HIP62145,GJ483,TIC157871565,-,-,J12442+5146A,K3,SB*,191.0606,51.7593,413,12442+5146,,,7.01,,0.8,,,0.01,,,,,,,,Chulkov+22,2022MNRAS.517.2925C,,,,,,,7.027,68.9516,14.503,0.822,,12442+5146,,2
1032,HD153597,Gaia DR3 1635375460142367104,HD153597,HIP82860,GJ648,TIC289622310,-,19Dra+hDra,J16564+6502C,F8V,SB*,254.007,65.1348,426,16564+6502,HIP82898,,7.07,7.3,321.4,0.24,,,,96.22,,,,,,ORB6,Izm2019,1.1,67.43,2076.98,112.09,,,4.886,65.2904,15.316,1.164,80.91,16564+6502,,4
1033,HD153597,Gaia DR3 1635375460142367104,HD153597,HIP82860,GJ648,TIC289622310,-,19Dra+hDra,J16564+6502C,F8V,SB*,254.007,65.1348,426,16564+6502,HIP82898,F2IV          ,7.07,7.3,422.3,0.14,14.3,1.04,,,2.18,2.5,1.45,,,Malkov+12,2012A&A...546A..69M,1.1,,,,,,4.886,65.2904,15.316,1.164,80.91,16564+6502,,3
1034,HD153597,Gaia DR3 1635375460142367104,HD153597,HIP82860,GJ648,TIC289622310,-,19Dra+hDra,J16564+6502C,F8V,SB*,254.007,65.1348,426,16564+6502,,F2IV,7.07,7.3,,,,,,,,,,,,WDS_THE.csv,,1.1,,,,0.6,0.9,4.886,65.2904,15.316,1.164,80.91,16564+6502,,7
1035,HD153597,Gaia DR3 1635375460142367104,HD153597,HIP82860,GJ648,TIC289622310,-,19Dra+hDra,J16564+6502C,F8V,SB*,254.007,65.1348,426,,HIP82860,F6V+,4.88,,52.2,0.21,,,,,,,,,,Pourbaix+04,1976ApJS...30..273A,,,,339.0,0.96,,4.886,65.2904,15.316,1.164,,16564+6502,,5
1036,HD153597,Gaia DR3 1635375460142367104,HD153597,HIP82860,GJ648,TIC289622310,-,19Dra+hDra,J16564+6502C,F8V,SB*,254.007,65.1348,426,16564+6502,,,6.4,,321.4,,,1.06,,,,,,,,Chulkov+22,2022MNRAS.517.2925C,,,,,,,4.886,65.2904,15.316,1.164,,16564+6502,,2
1037,HD153597,Gaia DR3 1635375460142367104,HD153597,HIP82860,GJ648,TIC289622310,-,19Dra+hDra,J16564+6502C,F8V,SB*,254.007,65.1348,426,,HIP82860,F6V+,4.88,,52.2,0.22,,,,,,,,,,Pourbaix+04,2013AJ....145...41K,,,,338.42,0.96,,4.886,65.2904,15.316,1.164,,16564+6502,,6
1038,HD153597,Gaia DR3 1635375460142367104,HD153597,HIP82860,GJ648,TIC289622310,-,19Dra+hDra,J16564+6502C,F8V,SB*,254.007,65.1348,426,16564+6502,HIP82898,,6.735,7.3,321.4,0.215,,1.05,,96.22,2.18,2.5,1.45,,,COMPOSITE,,1.1,67.43,2076.98,338.42,0.96,,4.886,65.2904,15.316,1.164,80.91,16564+6502,,1
1039,HD144061,Gaia DR3 1647986068237087104,HD144061,HIP78217,-,TIC237096607,-,-,J15583+7054A,G2V,PM*,239.5876,70.8944,430,15583+7054,,,7.4,12.4,,,,,,,,,,,,COMPOSITE,,0.26,,,,1.9,,7.262,33.7812,29.602,0.835,,15583+7054,,1
1040,HD144061,Gaia DR3 1647986068237087104,HD144061,HIP78217,-,TIC237096607,-,-,J15583+7054A,G2V,PM*,239.5876,70.8944,430,15583+7054,,,,,,,,,,,,,,,,StelleDoppie,ORB6,,,,,,,7.262,33.7812,29.602,0.835,,15583+7054,,2
1041,HD144061,Gaia DR3 1647986068237087104,HD144061,HIP78217,-,TIC237096607,-,-,J15583+7054A,G2V,PM*,239.5876,70.8944,430,15583+7054,,G5,7.4,12.4,,,,,,,,,,,,WDS_THE.csv,,0.26,,,,1.9,2.4,7.262,33.7812,29.602,0.835,1.0,15583+7054,,3
1042,HD162004,Gaia DR3 1651268763282397312,HD162004,HIP86620,GJ694.1B+GJ9602B,TIC441804565,-,31DraB+psi01DraB,J17419+7209B,F8V,PM*,265.4921,72.1569,432,17419+7209,HIP86614,,4.6,5.59,10000.0,0.28,,31.0,,55.0,,,,,,COMPOSITE,,0.91,16.0,,99.0,,,5.808,44.0496,22.702,1.145,40.18,17419+7209,,1
1043,HD162004,Gaia DR3 1651268763282397312,HD162004,HIP86620,GJ694.1B+GJ9602B,TIC441804565,-,31DraB+psi01DraB,J17419+7209B,F8V,PM*,265.4921,72.1569,432,17419+7209,,,4.57,5.81,10000.0,,,31.0,,,,,,,,Chulkov+22,2022MNRAS.517.2925C,0.86,,,,,,5.808,44.0496,22.702,1.145,31.92,17419+7209,,2
1044,HD162004,Gaia DR3 1651268763282397312,HD162004,HIP86620,GJ694.1B+GJ9602B,TIC441804565,-,31DraB+psi01DraB,J17419+7209B,F8V,PM*,265.4921,72.1569,432,17419+7209,HIP86614,F5IV F8V      ,4.6,5.59,10000.0,0.28,43.79,31.0,,,,,,,,Malkov+12,2012A&A...546A..69M,0.91,,,,,,5.808,44.0496,22.702,1.145,40.18,17419+7209,,3
1045,HD162004,Gaia DR3 1651268763282397312,HD162004,HIP86620,GJ694.1B+GJ9602B,TIC441804565,-,31DraB+psi01DraB,J17419+7209B,F8V,PM*,265.4921,72.1569,432,17419+7209,HIP86614,,4.6,5.59,10000.0,0.28,,,,55.0,,,,,,ORB6,Kis2009,0.91,16.0,,99.0,,,5.808,44.0496,22.702,1.145,40.18,17419+7209,,4
1046,HD161897,Gaia DR3 1651469733391948288,HD161897,HIP86540,-,TIC441801208,-,-,J17411+7225A,K0,PM*,265.2779,72.4203,433,17411+7225,,,,,,,,,,,,,,,,StelleDoppie,ORB6,,,,,,,7.6,33.356,29.98,0.905,,17411+7225,,2
1047,HD161897,Gaia DR3 1651469733391948288,HD161897,HIP86540,-,TIC441801208,-,-,J17411+7225A,K0,PM*,265.2779,72.4203,433,17411+7225,,,,,,,,,,,,,,,,COMPOSITE,,,,,,,,7.6,33.356,29.98,0.905,,17411+7225,,1
1048,HD148941,Gaia DR3 1653270595998453504,HD148941,HIP80467,-,TIC230085290,-,-,J16255+7123A,F8,*,246.3718,71.3846,435,16255+7123,,F8,7.09,14.2,,,,,,,,,,,,COMPOSITE,,0.18,,,,6.7,7.1,7.114,28.2998,35.336,0.915,0.14,16255+7123,,1
1049,HD148941,Gaia DR3 1653270595998453504,HD148941,HIP80467,-,TIC230085290,-,-,J16255+7123A,F8,*,246.3718,71.3846,435,16255+7123,,,,,,,,,,,,,,,,StelleDoppie,ORB6,,,,,,,7.114,28.2998,35.336,0.915,,16255+7123,,2
1050,HD148941,Gaia DR3 1653270595998453504,HD148941,HIP80467,-,TIC230085290,-,-,J16255+7123A,F8,*,246.3718,71.3846,435,16255+7123,,F8,7.09,14.2,,,,,,,,,,,,WDS_THE.csv,,0.18,,,,6.7,7.1,7.114,28.2998,35.336,0.915,0.14,16255+7123,,3
1051,HD154181A,Gaia DR3 1656220516976649088,HD154181A,HIP82886,-,TIC441716374,-,-,J16563+7417A,F6V,PM*,254.0787,74.2826,436,16563+7417,,F6V,7.14,14.0,,,,,,,,,,,,COMPOSITE,,0.22,,,,5.1,5.3,7.107,20.2079,49.486,1.065,0.18,16563+7417,,1
1052,HD154181A,Gaia DR3 1656220516976649088,HD154181A,HIP82886,-,TIC441716374,-,-,J16563+7417A,F6V,PM*,254.0787,74.2826,436,16563+7417,,F6V,7.14,14.0,,,,,,,,,,,,WDS_THE.csv,,0.22,,,,5.1,5.3,7.107,20.2079,49.486,1.065,0.18,16563+7417,,2
1053,9UMi,Gaia DR3 1695571110421334144,HD133621,HIP73440,-,TIC233186332,-,9UMi,-,G0,SB*,225.1123,71.7655,446,,HIP73440,+,6.65,,467.2,0.22,,,,,,,,,,Pourbaix+04,2002AJ....124.1144L,,,,10.0,1.65,,6.659,28.8089,34.711,0.865,,-,,2
1054,9UMi,Gaia DR3 1695571110421334144,HD133621,HIP73440,-,TIC233186332,-,9UMi,-,G0,SB*,225.1123,71.7655,446,,HIP73440,+,6.65,,467.2,0.22,,,,,,,,,,COMPOSITE,,,,,10.0,1.65,,6.659,28.8089,34.711,0.865,,-,,1
1055,HD200580,Gaia DR3 1730458373852682752,HD200580,HIP103987,-,TIC419262941,-,-,J21041+0300AB,F9V,SB*,316.0308,2.9945,447,21041+0300,,,7.31,,1.1,,,0.03,,,,,,,,Chulkov+22,2022MNRAS.517.2925C,,,,,,,7.278,15.9482,62.703,0.955,,21041+0300,,2
1056,HD200580,Gaia DR3 1730458373852682752,HD200580,HIP103987,-,TIC419262941,-,-,J21041+0300AB,F9V,SB*,316.0308,2.9945,447,21041+0300,,F9V+K0V,7.5,9.5,,,,,,,,,,,,WDS_THE.csv,,0.6,,,,0.1,0.2,7.278,15.9482,62.703,0.955,15.85,21041+0300,,9
1057,HD200580,Gaia DR3 1730458373852682752,HD200580,HIP103987,-,TIC419262941,-,-,J21041+0300AB,F9V,SB*,316.0308,2.9945,447,21041+0300,HIP103987,F9V           ,7.33,,1.1,0.08,19.27,0.01,,,,,,,,Malkov+12,2012A&A...546A..69M,,,,,,,7.278,15.9482,62.703,0.955,,21041+0300,,4
1058,HD200580,Gaia DR3 1730458373852682752,HD200580,HIP103987,-,TIC419262941,-,-,J21041+0300AB,F9V,SB*,316.0308,2.9945,447,,HIP103987,F9V+,7.33,,377.9,0.09,,,,,,,,,,Pourbaix+04,1992AJ....104..774L,,,,83.0,0.82,,7.278,15.9482,62.703,0.955,,21041+0300,,7
1059,HD200580,Gaia DR3 1730458373852682752,HD200580,HIP103987,-,TIC419262941,-,-,J21041+0300AB,F9V,SB*,316.0308,2.9945,447,,HIP103987,F9V+,7.5,9.5,19.2,0.09,,0.12,,65.1,,,,,,COMPOSITE,,0.6,102.8,2006.26,50.3,0.1,,7.278,15.9482,62.703,0.955,,21041+0300,,1
1060,HD200580,Gaia DR3 1730458373852682752,HD200580,HIP103987,-,TIC419262941,-,-,J21041+0300AB,F9V,SB*,316.0308,2.9945,447,21041+0300,,,7.31,,19.3,,,0.22,,,,,,,,Chulkov+22,2022MNRAS.517.2925C,,,,,,,7.278,15.9482,62.703,0.955,,21041+0300,,3
1061,HD200580,Gaia DR3 1730458373852682752,HD200580,HIP103987,-,TIC419262941,-,-,J21041+0300AB,F9V,SB*,316.0308,2.9945,447,21041+0300,,,7.5,9.5,19.2,0.17,,0.21,,65.0,,,,,,StelleDoppie,ORB6,0.6,103.0,2006.2,17.6,,,7.278,15.9482,62.703,0.955,15.85,21041+0300,,8
1062,HD200580,Gaia DR3 1730458373852682752,HD200580,HIP103987,-,TIC419262941,-,-,J21041+0300AB,F9V,SB*,316.0308,2.9945,447,21041+0300,HIP103987,,7.5,9.5,19.3,0.17,,,,65.1,,,,,,ORB6,Tok2017a,0.6,102.8,2006.26,17.6,,,7.278,15.9482,62.703,0.955,15.85,21041+0300,,5
1063,HD200580,Gaia DR3 1730458373852682752,HD200580,HIP103987,-,TIC419262941,-,-,J21041+0300AB,F9V,SB*,316.0308,2.9945,447,21041+0300,HIP103987,,7.6,9.1,1.1,0.09,,,,68.6,,,,,,ORB6,Tok2017a,0.68,97.3,2014.62,124.9,,,7.278,15.9482,62.703,0.955,25.12,21041+0300,,6
1064,HD200580,Gaia DR3 1730458373852682752,HD200580,HIP103987,-,TIC419262941,-,-,J21041+0300AB,F9V,SB*,316.0308,2.9945,447,21041+0300,,F9V+G9V,7.6,9.1,,,,,,,,,,,,WDS_THE.csv,,0.68,,,,0.0,0.0,7.278,15.9482,62.703,0.955,25.12,21041+0300,,10
1065,HD202908,Gaia DR3 1746335802793081344,HD202908,HIP105200,-,TIC262275042,-,-,J21186+1134AB,G0V+G6V,**,319.6454,11.5688,450,21186+1134,,,7.01,,78.6,,,0.52,,,,,,,,Chulkov+22,2022MNRAS.517.2925C,,,,,,,7.016,19.3447,51.694,1.125,,21186+1134,,2
1066,HD202908,Gaia DR3 1746335802793081344,HD202908,HIP105200,-,TIC262275042,-,-,J21186+1134AB,G0V+G6V,**,319.6454,11.5688,450,21186+1134,,G2.7V,7.31,,,,,,,,,,,,,WDS_THE.csv,,,,,,0.3,0.3,7.016,19.3447,51.694,1.125,,21186+1134,,10
1067,HD202908,Gaia DR3 1746335802793081344,HD202908,HIP105200,-,TIC262275042,-,-,J21186+1134AB,G0V+G6V,**,319.6454,11.5688,450,21186+1134,HIP105200,,7.31,8.88,79.0,0.86,,,,101.0,,,,,,ORB6,Doc2025a,0.78,74.6,1986.98,350.5,,,7.016,19.3447,51.694,1.125,23.55,21186+1134,,5
1068,HD202908,Gaia DR3 1746335802793081344,HD202908,HIP105200,-,TIC262275042,-,-,J21186+1134AB,G0V+G6V,**,319.6454,11.5688,450,21186+1134,,G2.7V+G5V,7.31,8.88,,,,,,,,,,,,WDS_THE.csv,,0.78,,,,1.0,1.0,7.016,19.3447,51.694,1.125,23.55,21186+1134,,11
1069,HD202908,Gaia DR3 1746335802793081344,HD202908,HIP105200,-,TIC262275042,-,-,J21186+1134AB,G0V+G6V,**,319.6454,11.5688,450,21186+1134,HIP105200,G0V  G6V      ,8.94,7.37,78.6,0.86,20.98,0.52,,,2.44,2.19,1.99,,,Malkov+12,2012A&A...546A..69M,1.61,,,,,,7.016,19.3447,51.694,1.125,424.62,21186+1134,,3
1070,HD202908,Gaia DR3 1746335802793081344,HD202908,HIP105200,-,TIC262275042,-,-,J21186+1134AB,G0V+G6V,**,319.6454,11.5688,450,,HIP105200,G0V+,7.03,,4.0,0.0,,,,,,,,,,Pourbaix+04,1997AJ....113.1095F,,,,271.0,0.05,,7.016,19.3447,51.694,1.125,,21186+1134,,6
1071,HD202908,Gaia DR3 1746335802793081344,HD202908,HIP105200,-,TIC262275042,-,-,J21186+1134AB,G0V+G6V,**,319.6454,11.5688,450,,HIP105200,G0V+,7.03,,28685.0,0.87,,,,,,,,,,Pourbaix+04,1997AJ....113.1095F,,,,171.92,18.85,,7.016,19.3447,51.694,1.125,,21186+1134,,7
1072,HD202908,Gaia DR3 1746335802793081344,HD202908,HIP105200,-,TIC262275042,-,-,J21186+1134AB,G0V+G6V,**,319.6454,11.5688,450,21186+1134,,,7.3,8.9,78.9,0.86,,0.5,,101.0,,,,,,StelleDoppie,ORB6,0.78,75.0,1987.0,350.0,,,7.016,19.3447,51.694,1.125,22.91,21186+1134,,9
1073,HD202908,Gaia DR3 1746335802793081344,HD202908,HIP105200,-,TIC262275042,-,-,J21186+1134AB,G0V+G6V,**,319.6454,11.5688,450,,HIP105200,,,,79.0,0.87,,0.52,,99.0,,,,,,Soederhjem+99,1999A&A...341..121S,,,,,,,7.016,19.3447,51.694,1.125,,21186+1134,,8
1074,HD202908,Gaia DR3 1746335802793081344,HD202908,HIP105200,-,TIC262275042,-,-,J21186+1134AB,G0V+G6V,**,319.6454,11.5688,450,21186+1134,HIP105200,G0V  G6V      ,8.94,7.37,78.6,0.86,20.98,0.52,,,2.44,2.19,1.99,,,Malkov+12,2012A&A...546A..69M,1.61,,,,,,7.016,19.3447,51.694,1.125,424.62,21186+1134,,4
1075,HD202908,Gaia DR3 1746335802793081344,HD202908,HIP105200,-,TIC262275042,-,-,J21186+1134AB,G0V+G6V,**,319.6454,11.5688,450,21186+1134,,,7.31,8.88,78.75,0.86,,0.52,,101.0,2.44,2.19,1.99,,,COMPOSITE,,0.78,74.8,1986.99,310.5,0.65,,7.016,19.3447,51.694,1.125,,21186+1134,,1
1076,HD196885A,Gaia DR3 1754430373040023168,HD196885A,HIP101966,-,TIC282257777,-,-,J20399+1115Aa,F8V,SB*,309.9662,11.2496,451,20399+1115,,F8IV:+M1V,6.1,10.8,37.9,0.44999999999999996,,0.35,,116.8,,,,,,COMPOSITE,,0.43,79.8,1994.2199999999998,167.55,0.5,0.5,6.397,29.4076,34.005,1.265,1.32,20399+1115,,1
1077,HD196885A,Gaia DR3 1754430373040023168,HD196885A,HIP101966,-,TIC282257777,-,-,J20399+1115Aa,F8V,SB*,309.9662,11.2496,451,20399+1115,,F8IV:+M1V,6.1,10.8,,,,,,,,,,,,WDS_THE.csv,,0.43,,,,0.5,0.5,6.397,29.4076,34.005,1.265,1.32,20399+1115,,6
1078,HD196885A,Gaia DR3 1754430373040023168,HD196885A,HIP101966,-,TIC282257777,-,-,J20399+1115Aa,F8V,SB*,309.9662,11.2496,451,20399+1115,HIP101966,,6.1,10.8,72.1,0.42,,,,116.8,,,,,,ORB6,Cvn2011,0.43,79.8,1985.59,241.9,,,6.397,29.4076,34.005,1.265,1.32,20399+1115,,4
1079,HD196885A,Gaia DR3 1754430373040023168,HD196885A,HIP101966,-,TIC282257777,-,-,J20399+1115Aa,F8V,SB*,309.9662,11.2496,451,20399+1115,HIP101966,,6.1,,3.7,0.48,,,,,,,,,,ORB6,Cvn2011,,,2002.85,93.2,,,6.397,29.4076,34.005,1.265,,20399+1115,,5
1080,HD196885A,Gaia DR3 1754430373040023168,HD196885A,HIP101966,-,TIC282257777,-,-,J20399+1115Aa,F8V,SB*,309.9662,11.2496,451,20399+1115,,,6.39,,72.1,,,0.64,,,,,,,,Chulkov+22,2022MNRAS.517.2925C,,,,,,,6.397,29.4076,34.005,1.265,,20399+1115,,2
1081,HD196885A,Gaia DR3 1754430373040023168,HD196885A,HIP101966,-,TIC282257777,-,-,J20399+1115Aa,F8V,SB*,309.9662,11.2496,451,20399+1115,,,6.39,,3.7,,,0.06,,,,,,,,Chulkov+22,2022MNRAS.517.2925C,,,,,,,6.397,29.4076,34.005,1.265,,20399+1115,,3
1082,HD197913A,Gaia DR3 1762987494080694016,HD197913A,-,-,TIC85085021,-,-,J20462+1554A,G8,RS*,311.5554,15.9073,453,20462+1554,,K0,7.9,8.9,,,,,,,,,,,,WDS_THE.csv,,0.75,,,,0.0,0.0,7.09,27.2887,36.645,0.945,39.81,20462+1554,,7
1083,HD197913A,Gaia DR3 1762987494080694016,HD197913A,-,-,TIC85085021,-,-,J20462+1554A,G8,RS*,311.5554,15.9073,453,20462+1554,HIP102490,,7.9,8.9,4.9,0.25,,,,78.5,,,,,,ORB6,Tok2020e,0.75,143.6,2003.25,344.0,,,7.09,27.2887,36.645,0.945,39.81,20462+1554,,4
1084,HD197913A,Gaia DR3 1762987494080694016,HD197913A,-,-,TIC85085021,-,-,J20462+1554A,G8,RS*,311.5554,15.9073,453,20462+1554,HIP102490,,7.54,8.2,2108.0,0.95,,,,65.67,,,,,,ORB6,Izm2019,0.81,129.32,1703.62,92.31,,,7.09,27.2887,36.645,0.945,54.45,20462+1554,,5
1085,HD197913A,Gaia DR3 1762987494080694016,HD197913A,-,-,TIC85085021,-,-,J20462+1554A,G8,RS*,311.5554,15.9073,453,20462+1554,,,7.09,,2108.0,,,10.81,,,,,,,,Chulkov+22,2022MNRAS.517.2925C,,,,,,,7.09,27.2887,36.645,0.945,,20462+1554,,2
1086,HD197913A,Gaia DR3 1762987494080694016,HD197913A,-,-,TIC85085021,-,-,J20462+1554A,G8,RS*,311.5554,15.9073,453,20462+1554,,,7.9,8.9,4.9,0.26,,0.1,,78.5,,,,,,StelleDoppie,ORB6,0.75,143.0,2003.3,344.0,,,7.09,27.2887,36.645,0.945,39.81,20462+1554,,6
1087,HD197913A,Gaia DR3 1762987494080694016,HD197913A,-,-,TIC85085021,-,-,J20462+1554A,G8,RS*,311.5554,15.9073,453,20462+1554,HIP102490,K0            ,7.54,8.2,2851.0,0.18,27.43,7.36,,,,,,,,Malkov+12,2012A&A...546A..69M,0.81,,,,,,7.09,27.2887,36.645,0.945,54.45,20462+1554,,3
1088,HD197913A,Gaia DR3 1762987494080694016,HD197913A,-,-,TIC85085021,-,-,J20462+1554A,G8,RS*,311.5554,15.9073,453,20462+1554,,K0,7.54,8.2,,,,,,,,,,,,WDS_THE.csv,,0.81,,,,4.1,6.2,7.09,27.2887,36.645,0.945,54.45,20462+1554,,8
1089,HD197913A,Gaia DR3 1762987494080694016,HD197913A,-,-,TIC85085021,-,-,J20462+1554A,G8,RS*,311.5554,15.9073,453,20462+1554,,K0,7.54,8.55,2108.0,0.255,,7.36,,78.5,,,,,,COMPOSITE,,0.78,143.0,2003.25,344.0,2.05,6.2,7.09,27.2887,36.645,0.945,54.45,20462+1554,,1
1090,HD206860,Gaia DR3 1772187382746856320,HD206860,HIP107350,GJ836.7+GJ9751,TIC301880196,-,-,J21445+1446A,G0V+,BY*,326.1306,14.7719,455,21445+1446,,G0V,4.6,20.7,,,,,,,,,,,,COMPOSITE,,0.03,,,,3.0,3.0,5.977,55.148,18.133,1.068,0.0,21445+1446,,1
1091,HD206860,Gaia DR3 1772187382746856320,HD206860,HIP107350,GJ836.7+GJ9751,TIC301880196,-,-,J21445+1446A,G0V+,BY*,326.1306,14.7719,455,21445+1446,,G0V,4.6,20.7,,,,,,,,,,,,WDS_THE.csv,,0.03,,,,3.0,3.0,5.977,55.148,18.133,1.068,0.0,21445+1446,,2
1092,33Peg,Gaia DR3 1778551970227817728,HD212395,HIP110548,-,TIC279563894,-,33Peg,J22237+2051AB,F7IV,**,335.9149,20.8483,457,22237+2051,,F7IV,6.28,9.18,407.1,0.83,,2.03,,91.5,,,,,,COMPOSITE,,0.52,180.4,2000.07,220.6,1.0,1.0,6.218,29.8125,33.543,1.005,6.92,22237+2051,,1
1093,33Peg,Gaia DR3 1778551970227817728,HD212395,HIP110548,-,TIC279563894,-,33Peg,J22237+2051AB,F7IV,**,335.9149,20.8483,457,22237+2051,,F7IV,6.28,9.18,,,,,,,,,,,,WDS_THE.csv,,0.52,,,,1.0,1.0,6.218,29.8125,33.543,1.005,6.92,22237+2051,,4
1094,33Peg,Gaia DR3 1778551970227817728,HD212395,HIP110548,-,TIC279563894,-,33Peg,J22237+2051AB,F7IV,**,335.9149,20.8483,457,22237+2051,HIP110548,,6.28,9.18,407.1,0.83,,,,91.5,,,,,,ORB6,Tok2018b,0.52,180.4,2000.07,220.6,,,6.218,29.8125,33.543,1.005,6.92,22237+2051,,3
1095,33Peg,Gaia DR3 1778551970227817728,HD212395,HIP110548,-,TIC279563894,-,33Peg,J22237+2051AB,F7IV,**,335.9149,20.8483,457,22237+2051,,,6.2,,407.1,,,2.03,,,,,,,,Chulkov+22,2022MNRAS.517.2925C,,,,,,,6.218,29.8125,33.543,1.005,,22237+2051,,2
1096,HD205160A,Gaia DR3 1787693589076213632,HD205160A,-,-,TIC283494365,-,-,J21330+2043A,F6IV,*,323.243,20.7114,459,21330+2043,,F5V,7.7,8.04,2154.8,0.9,,11.67,,77.8,,,,,,COMPOSITE,,0.93,84.41,1630.2,107.98,2.6,3.4,7.556,16.7768,59.606,1.005,73.11,21330+2043,,1
1097,HD205160A,Gaia DR3 1787693589076213632,HD205160A,-,-,TIC283494365,-,-,J21330+2043A,F6IV,*,323.243,20.7114,459,21330+2043,,F5V,7.7,8.04,,,,,,,,,,,,WDS_THE.csv,,0.93,,,,2.6,3.4,7.556,16.7768,59.606,1.005,73.11,21330+2043,,4
1098,HD205160A,Gaia DR3 1787693589076213632,HD205160A,-,-,TIC283494365,-,-,J21330+2043A,F6IV,*,323.243,20.7114,459,21330+2043,,,7.02,,2154.8,,,11.67,,,,,,,,Chulkov+22,2022MNRAS.517.2925C,,,,,,,7.556,16.7768,59.606,1.005,,21330+2043,,2
1099,HD205160A,Gaia DR3 1787693589076213632,HD205160A,-,-,TIC283494365,-,-,J21330+2043A,F6IV,*,323.243,20.7114,459,21330+2043,HIP106395,,7.7,8.04,2154.8,0.9,,,,77.8,,,,,,ORB6,Izm2019,0.93,84.41,1630.2,107.98,,,7.556,16.7768,59.606,1.005,73.11,21330+2043,,3
1100,HD190067,Gaia DR3 1807953155988203264,HD190067,HIP98677,GJ775.1+GJ9681,TIC418189606,-,-,J20026+1536A,K0VFe-0.9,PM*,300.6423,15.5921,466,20026+1536,,G7V,7.16,12.5,,,,,,,,,,,,WDS_THE.csv,,0.22,,,,2.9,3.3,7.166,51.9167,19.262,0.765,0.73,20026+1536,,4
1101,HD190067,Gaia DR3 1807953155988203264,HD190067,HIP98677,GJ775.1+GJ9681,TIC418189606,-,-,J20026+1536A,K0VFe-0.9,PM*,300.6423,15.5921,466,20026+1536,HIP98677,,7.16,12.5,297.0,0.67,,,46.1,95.8,,,,0.9,0.22,COMPOSITE,,0.22,,,,2.505,,7.166,51.9167,19.262,0.765,,20026+1536,,1
1102,HD190067,Gaia DR3 1807953155988203264,HD190067,HIP98677,GJ775.1+GJ9681,TIC418189606,-,-,J20026+1536A,K0VFe-0.9,PM*,300.6423,15.5921,466,20026+1536,,,,,,,,,,,,,,,,StelleDoppie,ORB6,,,,,,,7.166,51.9167,19.262,0.765,,20026+1536,,3
1103,HD190067,Gaia DR3 1807953155988203264,HD190067,HIP98677,GJ775.1+GJ9681,TIC418189606,-,-,J20026+1536A,K0VFe-0.9,PM*,300.6423,15.5921,466,20026+1536,HIP98677,,,,297.0,0.67,,,46.1,95.8,,,,0.9,0.22,Qier_An+25,2025ApJS..280...61A,,,,,2.11,,7.166,51.9167,19.262,0.765,,20026+1536,,2
1104,HD191785,Gaia DR3 1809360187275432832,HD191785,HIP99452,GJ783.2A,TIC87216634,-,-,J20111+1611A,K0V,PM*,302.7753,16.188,467,20111+1611,,K0V,5.4,,,,,,,,,,,,,COMPOSITE,,,,,,7.8,7.8,7.351,48.9262,20.439,0.795,,20111+1611,,1
1105,HD191785,Gaia DR3 1809360187275432832,HD191785,HIP99452,GJ783.2A,TIC87216634,-,-,J20111+1611A,K0V,PM*,302.7753,16.188,467,20111+1611,,,,,,,,,,,,,,,,StelleDoppie,ORB6,,,,,,,7.351,48.9262,20.439,0.795,,20111+1611,,2
1106,HD191785,Gaia DR3 1809360187275432832,HD191785,HIP99452,GJ783.2A,TIC87216634,-,-,J20111+1611A,K0V,PM*,302.7753,16.188,467,20111+1611,,K0V,5.4,,,,,,,,,,,,,WDS_THE.csv,,,,,,7.8,7.8,7.351,48.9262,20.439,0.795,,20111+1611,,3
1107,HD191499A,Gaia DR3 1809456806859123584,HD191499A,-,-,TIC86876073,-,-,J20096+1648A,-,PM*,302.3929,16.8058,468,20096+1648,,,,,,,,,,,,,,,,StelleDoppie,ORB6,,,,,,,7.56,40.3276,24.797,0.825,,20096+1648,,2
1108,HD191499A,Gaia DR3 1809456806859123584,HD191499A,-,-,TIC86876073,-,-,J20096+1648A,-,PM*,302.3929,16.8058,468,20096+1648,,K0,7.77,9.92,,,,,,,,,,,,WDS_THE.csv,,0.5,,,,4.0,4.0,7.56,40.3276,24.797,0.825,13.8,20096+1648,,3
1109,HD191499A,Gaia DR3 1809456806859123584,HD191499A,-,-,TIC86876073,-,-,J20096+1648A,-,PM*,302.3929,16.8058,468,20096+1648,,K0,7.77,9.92,,,,,,,,,,,,COMPOSITE,,0.5,,,,4.0,4.0,7.56,40.3276,24.797,0.825,13.8,20096+1648,,1
1110,HD197076,Gaia DR3 1814241194252808704,HD197076,HIP102040,GJ797A,TIC330872058,-,-,J20408+1956A,G5V,PM*,310.1881,19.9355,469,20408+1956,,,11.95,,8.8,0.9,,,,38.1,,,,,,COMPOSITE,,,25.2,2020.58,56.5,,,6.44,47.7457,20.944,0.965,,20408+1956,,1
1111,HD197076,Gaia DR3 1814241194252808704,HD197076,HIP102040,GJ797A,TIC330872058,-,-,J20408+1956A,G5V,PM*,310.1881,19.9355,469,20408+1956,,,11.95,,8.8,0.9,,,,38.1,,,,,,ORB6,Tok2023e,,25.2,2020.58,56.5,,,6.44,47.7457,20.944,0.965,,20408+1956,,2
1112,HD197076,Gaia DR3 1814241194252808704,HD197076,HIP102040,GJ797A,TIC330872058,-,-,J20408+1956A,G5V,PM*,310.1881,19.9355,469,20408+1956,,,,,,,,,,,,,,,,StelleDoppie,ORB6,,,,,,,6.44,47.7457,20.944,0.965,,20408+1956,,3
1113,HD195019,Gaia DR3 1815418118373631360,HD195019,HIP100970,-,TIC210171104,-,-,J20283+1846A,G1V,PM*,307.0777,18.7695,470,20283+1846,,,6.97,10.6,,,,,,,,,,,,COMPOSITE,,0.44,,,,3.4,,6.876,26.6465,37.528,1.005,,20283+1846,,1
1114,HD195019,Gaia DR3 1815418118373631360,HD195019,HIP100970,-,TIC210171104,-,-,J20283+1846A,G1V,PM*,307.0777,18.7695,470,20283+1846,,,,,,,,,,,,,,,,StelleDoppie,ORB6,,,,,,,6.876,26.6465,37.528,1.005,,20283+1846,,2
1115,HD195019,Gaia DR3 1815418118373631360,HD195019,HIP100970,-,TIC210171104,-,-,J20283+1846A,G1V,PM*,307.0777,18.7695,470,20283+1846,,G1V,6.97,10.6,,,,,,,,,,,,WDS_THE.csv,,0.44,,,,3.4,3.4,6.876,26.6465,37.528,1.005,3.53,20283+1846,,3
1116,15Sge,Gaia DR3 1821708351374312064,HD190406,HIP98819,GJ779,TIC275240386,-,15Sge,J20041+1704A,G0V,PM*,301.0259,17.0702,472,20041+1704,,G0V,4.59,,,,,,,,,,,,,WDS_THE.csv,,,,,,5.6,7.1,5.794,56.2693,17.772,1.189,,20041+1704,,4
1117,15Sge,Gaia DR3 1821708351374312064,HD190406,HIP98819,GJ779,TIC275240386,-,15Sge,J20041+1704A,G0V,PM*,301.0259,17.0702,472,20041+1704,,G0V+L4.5,4.59,14.39,,,,,,,,,,,,WDS_THE.csv,,0.12,,,,0.5,0.5,5.794,56.2693,17.772,1.189,0.01,20041+1704,,5
1118,15Sge,Gaia DR3 1821708351374312064,HD190406,HIP98819,GJ779,TIC275240386,-,15Sge,J20041+1704A,G0V,PM*,301.0259,17.0702,472,20041+1704,,G0V,4.39,12.97,,,,,,,,,,,,WDS_THE.csv,,0.16,,,,9.3,9.3,5.794,56.2693,17.772,1.189,0.04,20041+1704,,6
1119,15Sge,Gaia DR3 1821708351374312064,HD190406,HIP98819,GJ779,TIC275240386,-,15Sge,J20041+1704A,G0V,PM*,301.0259,17.0702,472,20041+1704,,G0V,4.39,12.38,,,,,,,,,,,,WDS_THE.csv,,0.19,,,,6.2,6.2,5.794,56.2693,17.772,1.189,0.06,20041+1704,,7
1120,15Sge,Gaia DR3 1821708351374312064,HD190406,HIP98819,GJ779,TIC275240386,-,15Sge,J20041+1704A,G0V,PM*,301.0259,17.0702,472,20041+1704,,G0V,4.39,13.53,,,,,,,,,,,,WDS_THE.csv,,0.14,,,,3.3,3.3,5.794,56.2693,17.772,1.189,0.02,20041+1704,,8
1121,15Sge,Gaia DR3 1821708351374312064,HD190406,HIP98819,GJ779,TIC275240386,-,15Sge,J20041+1704A,G0V,PM*,301.0259,17.0702,472,20041+1704,,,4.6,14.4,86.0,0.54,,1.1,,97.0,,,,,,StelleDoppie,ORB6,0.12,331.0,2014.0,256.0,,,5.794,56.2693,17.772,1.189,0.01,20041+1704,,3
1122,15Sge,Gaia DR3 1821708351374312064,HD190406,HIP98819,GJ779,TIC275240386,-,15Sge,J20041+1704A,G0V,PM*,301.0259,17.0702,472,20041+1704,,,4.59,13.96,86.0,0.54,,1.1,,97.2,,,,,,COMPOSITE,,0.13,330.95,2014.21,256.15,5.6,,5.794,56.2693,17.772,1.189,0.01,20041+1704,,1
1123,15Sge,Gaia DR3 1821708351374312064,HD190406,HIP98819,GJ779,TIC275240386,-,15Sge,J20041+1704A,G0V,PM*,301.0259,17.0702,472,20041+1704,HIP98819,,4.59,14.39,86.0,0.54,,,,97.4,,,,,,ORB6,Bdt2019,0.12,330.9,2014.42,256.3,,,5.794,56.2693,17.772,1.189,0.01,20041+1704,,2
1124,HD189733A,Gaia DR3 1827242816201846144,HD189733A,HIP98505,GJ4130,TIC256364928,-,-,J20007+2243A,K2V,BY*,300.1821,22.7109,473,20007+2243,,K0V,5.5,14.4,,,,,,,,,,,,WDS_THE.csv,,0.1,,,,7.3,7.3,7.67,50.5668,19.776,0.805,0.03,20007+2243,,3
1125,HD189733A,Gaia DR3 1827242816201846144,HD189733A,HIP98505,GJ4130,TIC256364928,-,-,J20007+2243A,K2V,BY*,300.1821,22.7109,473,20007+2243,,K0V,5.5,15.1,,,,,,,,,,,,WDS_THE.csv,,0.09,,,,8.3,8.3,7.67,50.5668,19.776,0.805,0.01,20007+2243,,4
1126,HD189733A,Gaia DR3 1827242816201846144,HD189733A,HIP98505,GJ4130,TIC256364928,-,-,J20007+2243A,K2V,BY*,300.1821,22.7109,473,20007+2243,,,,,,,,,,,,,,,,StelleDoppie,ORB6,,,,,,,7.67,50.5668,19.776,0.805,,20007+2243,,2
1127,HD189733A,Gaia DR3 1827242816201846144,HD189733A,HIP98505,GJ4130,TIC256364928,-,-,J20007+2243A,K2V,BY*,300.1821,22.7109,473,20007+2243,,K0V,5.5,14.7,,,,,,,,,,,,WDS_THE.csv,,0.1,,,,9.2,9.2,7.67,50.5668,19.776,0.805,0.02,20007+2243,,5
1128,HD189733A,Gaia DR3 1827242816201846144,HD189733A,HIP98505,GJ4130,TIC256364928,-,-,J20007+2243A,K2V,BY*,300.1821,22.7109,473,20007+2243,,K0V,5.5,14.7,,,,,,,,,,,,COMPOSITE,,0.1,,,,8.3,7.3,7.67,50.5668,19.776,0.805,0.03,20007+2243,,1
1129,HD199598,Gaia DR3 1844639838900425472,HD199598,HIP103455,-,TIC247250544,-,-,J20577+2624AB,G0V,**,314.4153,26.4052,477,20577+2624,,F9V,7.005,11.0,68.2,0.77,,0.61,,154.15,,,,,,COMPOSITE,,0.42,326.35,2003.24,84.15,0.2,0.9,6.934,31.2765,31.973,1.045,2.54,20577+2624,,1
1130,HD199598,Gaia DR3 1844639838900425472,HD199598,HIP103455,-,TIC247250544,-,-,J20577+2624AB,G0V,**,314.4153,26.4052,477,20577+2624,,,7.0,11.0,68.2,0.77,,0.6,,154.0,,,,,,StelleDoppie,ORB6,0.42,326.0,2003.0,84.0,,,6.934,31.2765,31.973,1.045,2.51,20577+2624,,4
1131,HD199598,Gaia DR3 1844639838900425472,HD199598,HIP103455,-,TIC247250544,-,-,J20577+2624AB,G0V,**,314.4153,26.4052,477,20577+2624,,F9V,7.01,11.0,,,,,,,,,,,,WDS_THE.csv,,0.42,,,,0.2,0.9,6.934,31.2765,31.973,1.045,2.54,20577+2624,,5
1132,HD199598,Gaia DR3 1844639838900425472,HD199598,HIP103455,-,TIC247250544,-,-,J20577+2624AB,G0V,**,314.4153,26.4052,477,20577+2624,,,6.93,,68.2,,,0.62,,,,,,,,Chulkov+22,2022MNRAS.517.2925C,,,,,,,6.934,31.2765,31.973,1.045,,20577+2624,,2
1133,HD199598,Gaia DR3 1844639838900425472,HD199598,HIP103455,-,TIC247250544,-,-,J20577+2624AB,G0V,**,314.4153,26.4052,477,20577+2624,HIP103455,,7.01,,68.2,0.77,,,,154.3,,,,,,ORB6,Rbr2017a,,326.7,2003.48,84.3,,,6.934,31.2765,31.973,1.045,,20577+2624,,3
1134,HD200391,Gaia DR3 1845206534070618624,HD200391,HIP103833,-,TIC126336928,-,-,-,G0V+G5V,Ae*,315.6079,27.8073,478,,HIP103833,G0V+G5V,7.27,7.49,0.7,0.02,,,,,,,,,,Pourbaix+04,1956AJ.....61..188N,1.04,,,62.6,0.02,,7.345,19.8012,50.502,1.095,81.66,-,,2
1135,HD200391,Gaia DR3 1845206534070618624,HD200391,HIP103833,-,TIC126336928,-,-,-,G0V+G5V,Ae*,315.6079,27.8073,478,,HIP103833,G0V+G5V,7.27,7.49,0.7,0.02,,,,,,,,,,COMPOSITE,,1.04,,,62.6,0.02,,7.345,19.8012,50.502,1.095,81.66,-,,1
1136,61CygB,Gaia DR3 1872046574983497216,HD201092,HIP104217,GJ820B,TIC165602023,-,61CygB,J21069+3845B,K7V,PM*,316.7303,38.742,481,21069+3845,,,5.2,,4.9,,,0.14,,,,,,,,Chulkov+22,2022MNRAS.517.2925C,,,,,,,6.07,286.0054,3.496,0.575,,21069+3845,,2
1137,61CygB,Gaia DR3 1872046574983497216,HD201092,HIP104217,GJ820B,TIC165602023,-,61CygB,J21069+3845B,K7V,PM*,316.7303,38.742,481,21069+3845,HIP104214,,5.2,,4.9,0.5,,,,134.0,,,,,,ORB6,Dej1960,,94.0,1953.2,295.0,,,6.07,286.0054,3.496,0.575,,21069+3845,,7
1138,61CygB,Gaia DR3 1872046574983497216,HD201092,HIP104217,GJ820B,TIC165602023,-,61CygB,J21069+3845B,K7V,PM*,316.7303,38.742,481,21069+3845,,K5V,5.35,,,,,,,,,,,,,WDS_THE.csv,,,,,,7.8,7.8,6.07,286.0054,3.496,0.575,,21069+3845,,10
1139,61CygB,Gaia DR3 1872046574983497216,HD201092,HIP104217,GJ820B,TIC165602023,-,61CygB,J21069+3845B,K7V,PM*,316.7303,38.742,481,21069+3845,,,5.35,6.1,664.0,0.46,,24.4,,53.0,,,,,,StelleDoppie,ORB6,0.48,175.0,1700.0,149.0,,,6.07,286.0054,3.496,0.575,50.12,21069+3845,,9
1140,61CygB,Gaia DR3 1872046574983497216,HD201092,HIP104217,GJ820B,TIC165602023,-,61CygB,J21069+3845B,K7V,PM*,316.7303,38.742,481,21069+3845,HIP104214,K5V  K7V      ,5.2,6.05,722.0,0.4,286.82,24.65,,,,,,,,Malkov+12,2012A&A...546A..69M,0.47,,,,,,6.07,286.0054,3.496,0.575,45.71,21069+3845,,4
1141,61CygB,Gaia DR3 1872046574983497216,HD201092,HIP104217,GJ820B,TIC165602023,-,61CygB,J21069+3845B,K7V,PM*,316.7303,38.742,481,21069+3845,HIP104214,K5V  K7V      ,5.2,6.05,678.0,0.49,286.82,24.27,,,,,,,,Malkov+12,2012A&A...546A..69M,0.47,,,,,,6.07,286.0054,3.496,0.575,45.71,21069+3845,,5
1142,61CygB,Gaia DR3 1872046574983497216,HD201092,HIP104217,GJ820B,TIC165602023,-,61CygB,J21069+3845B,K7V,PM*,316.7303,38.742,481,21069+3845,HIP104214,K5V           ,5.2,,4.9,0.5,286.82,0.14,,,,,,,,Malkov+12,2012A&A...546A..69M,,,,,,,6.07,286.0054,3.496,0.575,,21069+3845,,6
1143,61CygB,Gaia DR3 1872046574983497216,HD201092,HIP104217,GJ820B,TIC165602023,-,61CygB,J21069+3845B,K7V,PM*,316.7303,38.742,481,21069+3845,HIP104214,,5.2,6.05,664.4,0.46,,,,53.29,,,,,,ORB6,PkO2017b,0.47,174.88,1700.37,149.32,,,6.07,286.0054,3.496,0.575,45.71,21069+3845,,8
1144,61CygB,Gaia DR3 1872046574983497216,HD201092,HIP104217,GJ820B,TIC165602023,-,61CygB,J21069+3845B,K7V,PM*,316.7303,38.742,481,21069+3845,,K7V,5.2,6.05,641.35,0.475,,24.335,,53.29,,,,,,COMPOSITE,,0.47,174.88,1700.37,149.32,8.85,9.9,6.07,286.0054,3.496,0.575,,21069+3845,,1
1145,61CygB,Gaia DR3 1872046574983497216,HD201092,HIP104217,GJ820B,TIC165602023,-,61CygB,J21069+3845B,K7V,PM*,316.7303,38.742,481,21069+3845,,,5.2,6.05,618.7,,,25.25,,,,,,,,Chulkov+22,2022MNRAS.517.2925C,0.47,,,,,,6.07,286.0054,3.496,0.575,45.71,21069+3845,,3
1146,61CygB,Gaia DR3 1872046574983497216,HD201092,HIP104217,GJ820B,TIC165602023,-,61CygB,J21069+3845B,K7V,PM*,316.7303,38.742,481,21069+3845,,K7V,6.1,,,,,,,,,,,,,WDS_THE.csv,,,,,,9.9,9.9,6.07,286.0054,3.496,0.575,,21069+3845,,11
1147,HD200325,Gaia DR3 1873204223289046272,HD200325,HIP103749,-,TIC196217196,-,-,J21014+4037AB,F5,**,315.3588,40.618,483,21014+4037,,,7.14,,69.6,,,0.4,,,,,,,,Chulkov+22,2022MNRAS.517.2925C,,,,,,,7.166,20.3638,49.107,1.095,,21014+4037,,2
1148,HD200325,Gaia DR3 1873204223289046272,HD200325,HIP103749,-,TIC196217196,-,-,J21014+4037AB,F5,**,315.3588,40.618,483,21014+4037,HIP103749,F5            ,7.31,10.68,69.6,0.63,18.6,0.4,,127.4,,,,,,COMPOSITE,,0.5,132.2,2007.79,337.7,0.4,,7.166,20.3638,49.107,1.095,4.49,21014+4037,,1
1149,HD200325,Gaia DR3 1873204223289046272,HD200325,HIP103749,-,TIC196217196,-,-,J21014+4037AB,F5,**,315.3588,40.618,483,21014+4037,,F5,7.31,10.68,,,,,,,,,,,,WDS_THE.csv,,0.5,,,,0.4,0.4,7.166,20.3638,49.107,1.095,4.49,21014+4037,,5
1150,HD200325,Gaia DR3 1873204223289046272,HD200325,HIP103749,-,TIC196217196,-,-,J21014+4037AB,F5,**,315.3588,40.618,483,21014+4037,HIP103749,F5            ,7.31,10.68,69.6,0.63,18.6,0.4,,,,,,,,Malkov+12,2012A&A...546A..69M,0.5,,,,,,7.166,20.3638,49.107,1.095,4.49,21014+4037,,3
1151,HD200325,Gaia DR3 1873204223289046272,HD200325,HIP103749,-,TIC196217196,-,-,J21014+4037AB,F5,**,315.3588,40.618,483,21014+4037,HIP103749,,7.31,10.68,69.6,0.63,,,,127.4,,,,,,ORB6,Cve2011a,0.5,132.2,2007.79,337.7,,,7.166,20.3638,49.107,1.095,4.49,21014+4037,,4
1152,HD200077,Gaia DR3 1873356986678591744,HD200077,HIP103641,-,TIC196029004,-,-,J20599+4016Aa,F8,SB*,314.9803,40.2588,484,20599+4016,,,6.83,8.2,0.4,0.66,,0.01,,75.45,2.18,2.37,1.1,,,COMPOSITE,,0.79,77.25,2013.04,17.3,0.58,,6.578,24.6709,40.534,1.035,,20599+4016,,1
1153,HD200077,Gaia DR3 1873356986678591744,HD200077,HIP103641,-,TIC196029004,-,-,J20599+4016Aa,F8,SB*,314.9803,40.2588,484,,HIP103641,+,6.57,,112.6,0.66,,,,,,,,,,Pourbaix+04,2002AJ....124.1132G,,,,197.28,0.58,,6.578,24.6709,40.534,1.035,,20599+4016,,10
1154,HD200077,Gaia DR3 1873356986678591744,HD200077,HIP103641,-,TIC196029004,-,-,J20599+4016Aa,F8,SB*,314.9803,40.2588,484,20599+4016,,,6.58,,0.4,,,0.01,,,,,,,,Chulkov+22,2022MNRAS.517.2925C,,,,,,,6.578,24.6709,40.534,1.035,,20599+4016,,2
1155,HD200077,Gaia DR3 1873356986678591744,HD200077,HIP103641,-,TIC196029004,-,-,J20599+4016Aa,F8,SB*,314.9803,40.2588,484,20599+4016,HIP103641,,7.0,8.2,0.4,0.66,,,,120.2,,,,,,ORB6,Doc2013c,0.79,84.7,2013.04,17.3,,,6.578,24.6709,40.534,1.035,33.11,20599+4016,,7
1156,HD200077,Gaia DR3 1873356986678591744,HD200077,HIP103641,-,TIC196029004,-,-,J20599+4016Aa,F8,SB*,314.9803,40.2588,484,20599+4016,,,6.58,,0.4,,,0.01,,,,,,,,Chulkov+22,2022MNRAS.517.2925C,,,,,,,6.578,24.6709,40.534,1.035,,20599+4016,,3
1157,HD200077,Gaia DR3 1873356986678591744,HD200077,HIP103641,-,TIC196029004,-,-,J20599+4016Aa,F8,SB*,314.9803,40.2588,484,20599+4016,,F8V,7.0,8.2,,,,,,,,,,,,WDS_THE.csv,,0.79,,,,0.0,0.0,6.578,24.6709,40.534,1.035,33.11,20599+4016,,12
1158,HD200077,Gaia DR3 1873356986678591744,HD200077,HIP103641,-,TIC196029004,-,-,J20599+4016Aa,F8,SB*,314.9803,40.2588,484,20599+4016,HIP103641,,7.0,8.2,0.4,0.66,,,,59.8,,,,,,ORB6,Doc2013c,0.79,69.8,2013.04,17.3,,,6.578,24.6709,40.534,1.035,33.11,20599+4016,,8
1159,HD200077,Gaia DR3 1873356986678591744,HD200077,HIP103641,-,TIC196029004,-,-,J20599+4016Aa,F8,SB*,314.9803,40.2588,484,20599+4016,,,6.58,,0.4,,,0.01,,,,,,,,Chulkov+22,2022MNRAS.517.2925C,,,,,,,6.578,24.6709,40.534,1.035,,20599+4016,,4
1160,HD200077,Gaia DR3 1873356986678591744,HD200077,HIP103641,-,TIC196029004,-,-,J20599+4016Aa,F8,SB*,314.9803,40.2588,484,20599+4016,,,7.0,8.2,0.4,0.66,,0.1,,60.0,,,,,,StelleDoppie,ORB6,0.79,69.0,2013.0,17.0,,,6.578,24.6709,40.534,1.035,33.11,20599+4016,,11
1161,HD200077,Gaia DR3 1873356986678591744,HD200077,HIP103641,-,TIC196029004,-,-,J20599+4016Aa,F8,SB*,314.9803,40.2588,484,20599+4016,,F8V,6.66,10.8,,,,,,,,,,,,WDS_THE.csv,,0.4,,,,1.5,2.2,6.578,24.6709,40.534,1.035,2.21,20599+4016,,13
1162,HD200077,Gaia DR3 1873356986678591744,HD200077,HIP103641,-,TIC196029004,-,-,J20599+4016Aa,F8,SB*,314.9803,40.2588,484,20599+4016,HIP103502,,11.16,12.46,212.7,0.85,,,,90.9,,,,,,ORB6,Tok2019e,0.77,154.5,2142.3,270.0,,,6.578,24.6709,40.534,1.035,30.2,20599+4016,,9
1163,HD200077,Gaia DR3 1873356986678591744,HD200077,HIP103641,-,TIC196029004,-,-,J20599+4016Aa,F8,SB*,314.9803,40.2588,484,20599+4016,HIP103641,F8            ,6.56,6.12,0.4,0.66,24.42,0.01,,,2.18,2.37,1.1,,,Malkov+12,2012A&A...546A..69M,1.15,,,,,,6.578,24.6709,40.534,1.035,149.97,20599+4016,,6
1164,HD200077,Gaia DR3 1873356986678591744,HD200077,HIP103641,-,TIC196029004,-,-,J20599+4016Aa,F8,SB*,314.9803,40.2588,484,20599+4016,,,10.75,,212.7,,,0.94,,,,,,,,Chulkov+22,2022MNRAS.517.2925C,,,,,,,6.578,24.6709,40.534,1.035,,20599+4016,,5
1165,HD210027,Gaia DR3 1891598193816300544,HD210027,HIP109176,GJ848,TIC357336603,-,24Peg+iotPeg+iotPegA+iotPegB,J22070+2521A,F5V,SB*,331.7528,25.3451,486,22070+2521,,F5V,3.5,5.7,,,,,,,,,,,,WDS_THE.csv,,0.78,,,,0.0,0.0,3.772,84.0054,11.904,1.291,13.18,22070+2521,,7
1166,HD210027,Gaia DR3 1891598193816300544,HD210027,HIP109176,GJ848,TIC357336603,-,24Peg+iotPeg+iotPegA+iotPegB,J22070+2521A,F5V,SB*,331.7528,25.3451,486,,HIP109176,F5V+,3.76,,10.3,0.0,,,,,,,,,,Pourbaix+04,2011AJ....142....6B,,,,0.0,0.43,,3.772,84.0054,11.904,1.291,,22070+2521,,5
1167,HD210027,Gaia DR3 1891598193816300544,HD210027,HIP109176,GJ848,TIC357336603,-,24Peg+iotPeg+iotPegA+iotPegB,J22070+2521A,F5V,SB*,331.7528,25.3451,486,,HIP109176,F5V+,3.76,,10.3,0.0,,,,,,,,,,Pourbaix+04,1983PASP...95.1000F,,,,0.0,0.43,,3.772,84.0054,11.904,1.291,,22070+2521,,6
1168,HD210027,Gaia DR3 1891598193816300544,HD210027,HIP109176,GJ848,TIC357336603,-,24Peg+iotPeg+iotPegA+iotPegB,J22070+2521A,F5V,SB*,331.7528,25.3451,486,22070+2521,HIP109176,F5V           ,3.81,4.97,0.1,0.0,85.28,0.01,,,2.27,2.36,1.2,,,Malkov+12,2012A&A...546A..69M,0.99,,,,,,3.772,84.0054,11.904,1.291,34.36,22070+2521,,3
1169,HD210027,Gaia DR3 1891598193816300544,HD210027,HIP109176,GJ848,TIC357336603,-,24Peg+iotPeg+iotPegA+iotPegB,J22070+2521A,F5V,SB*,331.7528,25.3451,486,22070+2521,,,3.77,,0.1,,,0.01,,,,,,,,Chulkov+22,2022MNRAS.517.2925C,,,,,,,3.772,84.0054,11.904,1.291,,22070+2521,,2
1170,HD210027,Gaia DR3 1891598193816300544,HD210027,HIP109176,GJ848,TIC357336603,-,24Peg+iotPeg+iotPegA+iotPegB,J22070+2521A,F5V,SB*,331.7528,25.3451,486,22070+2521,,,3.7649999999999997,5.335,0.1,0.0,,0.01,,95.83,2.27,2.36,1.2,,,COMPOSITE,,0.885,176.26,2003.98,0.0,0.43,,3.772,84.0054,11.904,1.291,,22070+2521,,1
1171,HD210027,Gaia DR3 1891598193816300544,HD210027,HIP109176,GJ848,TIC357336603,-,24Peg+iotPeg+iotPegA+iotPegB,J22070+2521A,F5V,SB*,331.7528,25.3451,486,22070+2521,HIP109176,,3.81,,0.1,0.0,,,,95.83,,,,,,ORB6,Knc2010,,176.26,2003.98,272.8,,,3.772,84.0054,11.904,1.291,,22070+2521,,4
1172,HD210388,Gaia DR3 1900442940229593216,HD210388,HIP109361,-,TIC162457231,-,-,J22094+3508AB,G0,**,332.3437,35.1292,489,22094+3508,,G0,7.51,10.0,,,,,,,,,,,,COMPOSITE,,0.51,,,,0.4,0.4,7.465,22.0356,45.381,0.905,10.09,22094+3508,,1
1173,HD210388,Gaia DR3 1900442940229593216,HD210388,HIP109361,-,TIC162457231,-,-,J22094+3508AB,G0,**,332.3437,35.1292,489,22094+3508,,G0,7.51,10.0,,,,,,,,,,,,WDS_THE.csv,,0.51,,,,0.4,0.4,7.465,22.0356,45.381,0.905,10.09,22094+3508,,2
1174,HD221757,Gaia DR3 1918953867019478144,HD221757,HIP116360,-,TIC333374017,-,-,J23347+3748AB,F8,SB*,353.6718,37.7999,492,,HIP116360,F8+,7.23,8.2,175.85,0.44,,0.07,,87.9,,,,,,COMPOSITE,,0.88,90.0,2013.41,137.3,0.94,,7.231,19.39,51.573,0.945,,23347+3748,,1
1175,HD221757,Gaia DR3 1918953867019478144,HD221757,HIP116360,-,TIC333374017,-,-,J23347+3748AB,F8,SB*,353.6718,37.7999,492,23347+3748,HIP116360,,7.9,8.2,3.7,0.69,,,,87.9,,,,,,ORB6,Hor2015b,0.88,90.0,2013.41,274.0,,,7.231,19.39,51.573,0.945,75.86,23347+3748,,4
1176,HD221757,Gaia DR3 1918953867019478144,HD221757,HIP116360,-,TIC333374017,-,-,J23347+3748AB,F8,SB*,353.6718,37.7999,492,,HIP116360,F8+,7.23,,348.0,0.44,,,,,,,,,,Pourbaix+04,2003ApJS..147..103G,,,,0.6,0.94,,7.231,19.39,51.573,0.945,,23347+3748,,5
1177,HD221757,Gaia DR3 1918953867019478144,HD221757,HIP116360,-,TIC333374017,-,-,J23347+3748AB,F8,SB*,353.6718,37.7999,492,,HIP116360,F8+,7.23,,348.0,0.43,,,,,,,,,,Pourbaix+04,2005Obs...125..134G,,,,0.0,0.94,,7.231,19.39,51.573,0.945,,23347+3748,,6
1178,HD221757,Gaia DR3 1918953867019478144,HD221757,HIP116360,-,TIC333374017,-,-,J23347+3748AB,F8,SB*,353.6718,37.7999,492,23347+3748,,F8,7.9,8.2,,,,,,,,,,,,WDS_THE.csv,,0.88,,,,0.0,0.0,7.231,19.39,51.573,0.945,75.86,23347+3748,,8
1179,HD221757,Gaia DR3 1918953867019478144,HD221757,HIP116360,-,TIC333374017,-,-,J23347+3748AB,F8,SB*,353.6718,37.7999,492,,HIP116360,F8+,7.23,,348.1,0.44,,,,,,,,,,Pourbaix+04,2018MNRAS.474..731K,,,,359.66,0.94,,7.231,19.39,51.573,0.945,,23347+3748,,7
1180,HD221757,Gaia DR3 1918953867019478144,HD221757,HIP116360,-,TIC333374017,-,-,J23347+3748AB,F8,SB*,353.6718,37.7999,492,23347+3748,,,7.22,,3.7,,,0.07,,,,,,,,Chulkov+22,2022MNRAS.517.2925C,,,,,,,7.231,19.39,51.573,0.945,,23347+3748,,2
1181,HD221757,Gaia DR3 1918953867019478144,HD221757,HIP116360,-,TIC333374017,-,-,J23347+3748AB,F8,SB*,353.6718,37.7999,492,23347+3748,HIP116360,F8            ,7.23,,1.0,0.43,18.85,0.07,,,,,,,,Malkov+12,2012A&A...546A..69M,,,,,,,7.231,19.39,51.573,0.945,,23347+3748,,3
1182,HD221613,Gaia DR3 1924124427825883904,HD221613,HIP116259,GJ9830,TIC176640151,-,-,J23334+4251AB,G0,SB*,353.3503,42.8466,493,23334+4251,,G0,7.36,9.97,,,,,,,,,,,,WDS_THE.csv,,0.49,,,,0.1,0.1,7.165,29.2246,34.218,0.885,9.04,23334+4251,,8
1183,HD221613,Gaia DR3 1924124427825883904,HD221613,HIP116259,GJ9830,TIC176640151,-,-,J23334+4251AB,G0,SB*,353.3503,42.8466,493,,HIP116259,+,7.36,9.97,16.35,0.54,,0.22,,74.89,1.84,1.83,1.05,,,COMPOSITE,,0.49,141.39499999999998,1989.0700000000002,88.0,4.725,,7.165,29.2246,34.218,0.885,,23334+4251,,1
1184,HD221613,Gaia DR3 1924124427825883904,HD221613,HIP116259,GJ9830,TIC176640151,-,-,J23334+4251AB,G0,SB*,353.3503,42.8466,493,,HIP116259,+,7.14,,6083.0,0.52,,,,,,,,,,Pourbaix+04,2002AJ....124.1144L,,,,97.0,9.35,,7.165,29.2246,34.218,0.885,,23334+4251,,6
1185,HD221613,Gaia DR3 1924124427825883904,HD221613,HIP116259,GJ9830,TIC176640151,-,-,J23334+4251AB,G0,SB*,353.3503,42.8466,493,23334+4251,,,7.14,,15.7,,,0.22,,,,,,,,Chulkov+22,2022MNRAS.517.2925C,,,,,,,7.165,29.2246,34.218,0.885,,23334+4251,,2
1186,HD221613,Gaia DR3 1924124427825883904,HD221613,HIP116259,GJ9830,TIC176640151,-,-,J23334+4251AB,G0,SB*,353.3503,42.8466,493,23334+4251,HIP116259,G0            ,7.36,9.97,19.2,0.59,28.62,0.26,,,1.84,1.83,1.05,,,Malkov+12,2012A&A...546A..69M,0.49,,,,,,7.165,29.2246,34.218,0.885,9.04,23334+4251,,3
1187,HD221613,Gaia DR3 1924124427825883904,HD221613,HIP116259,GJ9830,TIC176640151,-,-,J23334+4251AB,G0,SB*,353.3503,42.8466,493,23334+4251,HIP116259,G0            ,7.36,9.97,15.7,0.54,28.62,0.22,,,1.84,1.83,1.05,,,Malkov+12,2012A&A...546A..69M,0.49,,,,,,7.165,29.2246,34.218,0.885,9.04,23334+4251,,4
1188,HD221613,Gaia DR3 1924124427825883904,HD221613,HIP116259,GJ9830,TIC176640151,-,-,J23334+4251AB,G0,SB*,353.3503,42.8466,493,23334+4251,HIP116259,,7.36,9.97,16.4,0.54,,,,74.78,,,,,,ORB6,JAA2023,0.49,141.79,1989.14,87.74,,,7.165,29.2246,34.218,0.885,9.04,23334+4251,,5
1189,HD221613,Gaia DR3 1924124427825883904,HD221613,HIP116259,GJ9830,TIC176640151,-,-,J23334+4251AB,G0,SB*,353.3503,42.8466,493,23334+4251,,,7.4,10.0,16.3,0.54,,0.22,,75.0,,,,,,StelleDoppie,ORB6,0.49,141.0,1989.0,88.0,,,7.165,29.2246,34.218,0.885,9.12,23334+4251,,7
1190,6And,Gaia DR3 1931708859034495488,HD218804,HIP114430,-,TIC455817128,-,6And,-,F5V,SB*,347.6135,43.544,495,,HIP114430,F5V+,,,3373.0,0.32,,,,,,,,,,Pourbaix+04,2012Obs...132...76G,,,,165.2,8.43,,5.874,35.5518,28.128,1.172,,-,,2
1191,6And,Gaia DR3 1931708859034495488,HD218804,HIP114430,-,TIC455817128,-,6And,-,F5V,SB*,347.6135,43.544,495,,HIP114430,F5V+,,,3373.0,0.32,,,,,,,,,,COMPOSITE,,,,,165.2,8.43,,5.874,35.5518,28.128,1.172,,-,,1
1192,HD218868,Gaia DR3 1935133906477014016,HD218868,HIP114456,-,TIC455819325,-,-,J23108+4531A,G8V,PM*,347.7086,45.5123,496,23108+4531,,,,,,,,,,,,,,,,COMPOSITE,,,,,,,,6.985,42.464,23.549,0.995,,23108+4531,,1
1193,HD218868,Gaia DR3 1935133906477014016,HD218868,HIP114456,-,TIC455819325,-,-,J23108+4531A,G8V,PM*,347.7086,45.5123,496,23108+4531,,,,,,,,,,,,,,,,StelleDoppie,ORB6,,,,,,,6.985,42.464,23.549,0.995,,23108+4531,,2
1194,HD220821,Gaia DR3 1937497444157480320,HD220821,HIP115715,-,TIC174158125,-,-,J23266+4520A,G2,PM*,351.6682,45.3381,498,23266+4520,,G0,7.5,10.6,,,,,,,,,,,,WDS_THE.csv,,0.43,,,,0.4,0.5,7.36,28.5222,35.06,0.875,5.75,23266+4520,,3
1195,HD220821,Gaia DR3 1937497444157480320,HD220821,HIP115715,-,TIC174158125,-,-,J23266+4520A,G2,PM*,351.6682,45.3381,498,23266+4520,,,,,,,,,,,,,,,,StelleDoppie,ORB6,,,,,,,7.36,28.5222,35.06,0.875,,23266+4520,,2
1196,HD220821,Gaia DR3 1937497444157480320,HD220821,HIP115715,-,TIC174158125,-,-,J23266+4520A,G2,PM*,351.6682,45.3381,498,23266+4520,,,7.5,10.6,,,,,,,,,,,,COMPOSITE,,0.43,,,,0.4,,7.36,28.5222,35.06,0.875,,23266+4520,,1
1197,HD218739,Gaia DR3 1942533104334263552,HD218739,HIP114385,-,TIC173418717,-,-,J23100+4758A,G1V,PM*,347.4953,47.9594,503,23100+4758,,G1V,5.7,18.4,,,,,,,,,,,,COMPOSITE,,0.05,,,,5.75,7.1,7.149,32.9913,30.311,0.941,0.11,23100+4758,,1
1198,HD218739,Gaia DR3 1942533104334263552,HD218739,HIP114385,-,TIC173418717,-,-,J23100+4758A,G1V,PM*,347.4953,47.9594,503,23100+4758,,dK2,5.7,18.5,,,,,,,,,,,,WDS_THE.csv,,0.05,,,,5.3,5.3,7.149,32.9913,30.311,0.941,0.0,23100+4758,,3
1199,HD218739,Gaia DR3 1942533104334263552,HD218739,HIP114385,-,TIC173418717,-,-,J23100+4758A,G1V,PM*,347.4953,47.9594,503,23100+4758,,dK2,5.7,19.4,,,,,,,,,,,,WDS_THE.csv,,0.04,,,,5.5,5.5,7.149,32.9913,30.311,0.941,0.0,23100+4758,,4
1200,HD218739,Gaia DR3 1942533104334263552,HD218739,HIP114385,-,TIC173418717,-,-,J23100+4758A,G1V,PM*,347.4953,47.9594,503,23100+4758,,,,,,,,,,,,,,,,StelleDoppie,ORB6,,,,,,,7.149,32.9913,30.311,0.941,,23100+4758,,2
1201,HD218739,Gaia DR3 1942533104334263552,HD218739,HIP114385,-,TIC173418717,-,-,J23100+4758A,G1V,PM*,347.4953,47.9594,503,23100+4758,,dK2,5.7,15.8,,,,,,,,,,,,WDS_THE.csv,,0.09,,,,4.1,4.1,7.149,32.9913,30.311,0.941,0.01,23100+4758,,5
1202,HD218739,Gaia DR3 1942533104334263552,HD218739,HIP114385,-,TIC173418717,-,-,J23100+4758A,G1V,PM*,347.4953,47.9594,503,23100+4758,,G1V,5.7,18.8,,,,,,,,,,,,WDS_THE.csv,,0.05,,,,9.5,9.5,7.149,32.9913,30.311,0.941,0.0,23100+4758,,6
1203,HD218739,Gaia DR3 1942533104334263552,HD218739,HIP114385,-,TIC173418717,-,-,J23100+4758A,G1V,PM*,347.4953,47.9594,503,23100+4758,,dK2,5.7,18.8,,,,,,,,,,,,WDS_THE.csv,,0.05,,,,9.2,9.2,7.149,32.9913,30.311,0.941,0.0,23100+4758,,7
1204,HD218739,Gaia DR3 1942533104334263552,HD218739,HIP114385,-,TIC173418717,-,-,J23100+4758A,G1V,PM*,347.4953,47.9594,503,23100+4758,,G1V,5.7,13.1,,,,,,,,,,,,WDS_THE.csv,,0.17,,,,7.1,7.1,7.149,32.9913,30.311,0.941,0.11,23100+4758,,8
1205,HD218739,Gaia DR3 1942533104334263552,HD218739,HIP114385,-,TIC173418717,-,-,J23100+4758A,G1V,PM*,347.4953,47.9594,503,23100+4758,,dK2,5.7,18.3,,,,,,,,,,,,WDS_THE.csv,,0.05,,,,6.0,6.0,7.149,32.9913,30.311,0.941,0.0,23100+4758,,9
1206,HD218739,Gaia DR3 1942533104334263552,HD218739,HIP114385,-,TIC173418717,-,-,J23100+4758A,G1V,PM*,347.4953,47.9594,503,23100+4758,,dK2,5.7,16.6,,,,,,,,,,,,WDS_THE.csv,,0.08,,,,2.1,2.1,7.149,32.9913,30.311,0.941,0.0,23100+4758,,10
1207,HD203454,Gaia DR3 1965602679357877504,HD203454,HIP105406,-,TIC373445744,-,-,-,F8V,SB*,320.2559,40.345,506,,HIP105406,F8V+,6.43,,3.3,0.02,,,,,,,,,,Pourbaix+04,1936ApJ....84...85L,,,,350.0,0.08,,6.397,37.468,26.689,1.065,,-,,2
1208,HD203454,Gaia DR3 1965602679357877504,HD203454,HIP105406,-,TIC373445744,-,-,-,F8V,SB*,320.2559,40.345,506,,HIP105406,F8V+,6.43,,3.3,0.0,,,,,,,,,,Pourbaix+04,1987A&A...171..157M,,,,0.0,0.08,,6.397,37.468,26.689,1.065,,-,,3
1209,HD203454,Gaia DR3 1965602679357877504,HD203454,HIP105406,-,TIC373445744,-,-,-,F8V,SB*,320.2559,40.345,506,,HIP105406,F8V+,6.43,,3.3,0.0,,,,,,,,,,Pourbaix+04,1992MNRAS.256..575S,,,,0.0,0.08,,6.397,37.468,26.689,1.065,,-,,4
1210,HD203454,Gaia DR3 1965602679357877504,HD203454,HIP105406,-,TIC373445744,-,-,-,F8V,SB*,320.2559,40.345,506,,HIP105406,F8V+,6.43,,3.3,0.0,,,,,,,,,,COMPOSITE,,,,,0.0,0.08,,6.397,37.468,26.689,1.065,,-,,1
1211,HD218790A,Gaia DR3 1990678072815187840,HD218790A,-,-,TIC252724461,-,-,J23104+4901A,-,PM*,347.5887,49.0183,511,23104+4901,,,7.29,,2176.8,,,8.12,,,,,,,,Chulkov+22,2022MNRAS.517.2925C,,,,,,,7.29,22.1945,45.056,1.145,,23104+4901,,2
1212,HD218790A,Gaia DR3 1990678072815187840,HD218790A,-,-,TIC252724461,-,-,J23104+4901A,-,PM*,347.5887,49.0183,511,23104+4901,HIP114420,,7.41,10.41,2176.8,0.86,,8.11,,105.41,,,,,,COMPOSITE,,0.58,0.985,1740.38,94.16,2.8,,7.29,22.1945,45.056,1.145,6.37,23104+4901,,1
1213,HD218790A,Gaia DR3 1990678072815187840,HD218790A,-,-,TIC252724461,-,-,J23104+4901A,-,PM*,347.5887,49.0183,511,23104+4901,,G1V,7.42,10.41,,,,,,,,,,,,WDS_THE.csv,,0.58,,,,2.8,4.2,7.29,22.1945,45.056,1.145,6.37,23104+4901,,5
1214,HD218790A,Gaia DR3 1990678072815187840,HD218790A,-,-,TIC252724461,-,-,J23104+4901A,-,PM*,347.5887,49.0183,511,23104+4901,HIP114420,,7.42,10.41,2176.8,0.86,,,,105.82,,,,,,ORB6,Izm2019,0.58,0.97,1740.76,94.32,,,7.29,22.1945,45.056,1.145,6.37,23104+4901,,3
1215,HD218790A,Gaia DR3 1990678072815187840,HD218790A,-,-,TIC252724461,-,-,J23104+4901A,-,PM*,347.5887,49.0183,511,23104+4901,,,7.4,10.4,2176.0,0.86,,8.1,,105.0,,,,,,StelleDoppie,ORB6,0.57,1.0,1740.0,94.0,,,7.29,22.1945,45.056,1.145,6.31,23104+4901,,4
1216,HD222794,Gaia DR3 1999127682240390528,HD222794,HIP117029,-,TIC345518694,-,-,J23435+5805A,G2V,**,355.8627,58.0803,514,23435+5805,,G2V,7.21,,,,,,,,,,,,,WDS_THE.csv,,,,,,0.1,0.1,7.144,21.9916,45.472,0.825,,23435+5805,,3
1217,HD222794,Gaia DR3 1999127682240390528,HD222794,HIP117029,-,TIC345518694,-,-,J23435+5805A,G2V,**,355.8627,58.0803,514,23435+5805,,,,,,,,,,,,,,,,StelleDoppie,ORB6,,,,,,,7.144,21.9916,45.472,0.825,,23435+5805,,2
1218,HD222794,Gaia DR3 1999127682240390528,HD222794,HIP117029,-,TIC345518694,-,-,J23435+5805A,G2V,**,355.8627,58.0803,514,23435+5805,,G2V,7.21,,,,,,,,,,,,,COMPOSITE,,,,,,0.1,0.1,7.144,21.9916,45.472,0.825,,23435+5805,,1
1219,HD211472,Gaia DR3 2005798350576886144,HD211472,HIP109926,GJ4268,TIC330736514,-,-,J22159+5440A,K1V,BY*,333.9756,54.6729,516,22159+5440,,K1V,5.9,,,,,,,,,,,,,WDS_THE.csv,,,,,,9.5,9.5,7.52,45.5913,21.934,0.845,,22159+5440,,3
1220,HD211472,Gaia DR3 2005798350576886144,HD211472,HIP109926,GJ4268,TIC330736514,-,-,J22159+5440A,K1V,BY*,333.9756,54.6729,516,22159+5440,,,,,,,,,,,,,,,,StelleDoppie,ORB6,,,,,,,7.52,45.5913,21.934,0.845,,22159+5440,,2
1221,HD211472,Gaia DR3 2005798350576886144,HD211472,HIP109926,GJ4268,TIC330736514,-,-,J22159+5440A,K1V,BY*,333.9756,54.6729,516,22159+5440,,K1V,5.9,,,,,,,,,,,,,WDS_THE.csv,,,,,,8.9,8.9,7.52,45.5913,21.934,0.845,,22159+5440,,4
1222,HD211472,Gaia DR3 2005798350576886144,HD211472,HIP109926,GJ4268,TIC330736514,-,-,J22159+5440A,K1V,BY*,333.9756,54.6729,516,22159+5440,,K1V,5.9,,,,,,,,,,,,,COMPOSITE,,,,,,9.2,9.5,7.52,45.5913,21.934,0.845,,22159+5440,,1
1223,HD214238,Gaia DR3 2006899099154059904,HD214238,-,-,TIC64829703,-,-,J22357+5652A,G0,PM*,338.9138,56.8612,517,22357+5652,,,,,,,,,,,,,,,,COMPOSITE,,,,,,,,7.633,16.8133,59.477,0.975,,22357+5652,,1
1224,HD214238,Gaia DR3 2006899099154059904,HD214238,-,-,TIC64829703,-,-,J22357+5652A,G0,PM*,338.9138,56.8612,517,22357+5652,,,,,,,,,,,,,,,,StelleDoppie,ORB6,,,,,,,7.633,16.8133,59.477,0.975,,22357+5652,,2
1225,HD219134,Gaia DR3 2009481748875806976,HD219134,HIP114622,GJ892,TIC283722336,-,-,J23133+5710A,K3V,PM*,348.3207,57.1684,518,23133+5710,,K3V,5.6,,,,,,,,,,,,,COMPOSITE,,,,,,8.45,7.0,5.569,152.864,6.542,0.783,,23133+5710,,1
1226,HD219134,Gaia DR3 2009481748875806976,HD219134,HIP114622,GJ892,TIC283722336,-,-,J23133+5710A,K3V,PM*,348.3207,57.1684,518,23133+5710,,,,,,,,,,,,,,,,StelleDoppie,ORB6,,,,,,,5.569,152.864,6.542,0.783,,23133+5710,,2
1227,HD219134,Gaia DR3 2009481748875806976,HD219134,HIP114622,GJ892,TIC283722336,-,-,J23133+5710A,K3V,PM*,348.3207,57.1684,518,23133+5710,,K3V,5.6,,,,,,,,,,,,,WDS_THE.csv,,,,,,9.9,9.9,5.569,152.864,6.542,0.783,,23133+5710,,3
1228,HD219134,Gaia DR3 2009481748875806976,HD219134,HIP114622,GJ892,TIC283722336,-,-,J23133+5710A,K3V,PM*,348.3207,57.1684,518,23133+5710,,K3V,5.6,,,,,,,,,,,,,WDS_THE.csv,,,,,,7.0,7.0,5.569,152.864,6.542,0.783,,23133+5710,,4
1229,HD184385,Gaia DR3 2018474482692959232,HD184385,HIP96183,GJ762.2,TIC373071009,-,-,J19334+2150A,G8V,PM*,293.3565,21.8403,520,19334+2150,,,5.2,,,,,,,,,,,,,COMPOSITE,,,,,,6.7,,6.893,47.9716,20.846,0.965,,19334+2150,,1
1230,HD184385,Gaia DR3 2018474482692959232,HD184385,HIP96183,GJ762.2,TIC373071009,-,-,J19334+2150A,G8V,PM*,293.3565,21.8403,520,19334+2150,,G8V,5.2,,,,,,,,,,,,,WDS_THE.csv,,,,,,5.9,5.9,6.893,47.9716,20.846,0.965,,19334+2150,,3
1231,HD184385,Gaia DR3 2018474482692959232,HD184385,HIP96183,GJ762.2,TIC373071009,-,-,J19334+2150A,G8V,PM*,293.3565,21.8403,520,19334+2150,,,,,,,,,,,,,,,,StelleDoppie,ORB6,,,,,,,6.893,47.9716,20.846,0.965,,19334+2150,,2
1232,HD184385,Gaia DR3 2018474482692959232,HD184385,HIP96183,GJ762.2,TIC373071009,-,-,J19334+2150A,G8V,PM*,293.3565,21.8403,520,19334+2150,,G8V,5.2,,,,,,,,,,,,,WDS_THE.csv,,,,,,7.5,7.5,6.893,47.9716,20.846,0.965,,19334+2150,,4
1233,3Cyg,Gaia DR3 2023112497641814528,HD182807,HIP95492,-,TIC110541820,-,3Cyg,"J19254+2455Aa,Ab",F8,**,291.3573,24.9128,522,19254+2455,,F7V,6.19,,,,,,,,,,,,,WDS_THE.csv,,,,,,0.2,0.2,6.184,35.3331,28.302,0.945,,19254+2455,,2
1234,3Cyg,Gaia DR3 2023112497641814528,HD182807,HIP95492,-,TIC110541820,-,3Cyg,"J19254+2455Aa,Ab",F8,**,291.3573,24.9128,522,19254+2455,,F7V,6.19,,,,,,,,,,,,,COMPOSITE,,,,,,0.2,0.2,6.184,35.3331,28.302,0.945,,19254+2455,,1
1235,HD190360,Gaia DR3 2029433521248546304,HD190360,HIP98767,GJ777A+GJ9683,TIC105999792,-,-,J20036+2954A,G7IV-V,PM*,300.9058,29.8968,525,20036+2954,,,,,,,,,,,,,,,,StelleDoppie,ORB6,,,,,,,5.738,62.4865,16.003,1.017,,20036+2954,,2
1236,HD190360,Gaia DR3 2029433521248546304,HD190360,HIP98767,GJ777A+GJ9683,TIC105999792,-,-,J20036+2954A,G7IV-V,PM*,300.9058,29.8968,525,20036+2954,,,,,,,,,,,,,,,,COMPOSITE,,,,,,,,5.738,62.4865,16.003,1.017,,20036+2954,,1
1237,17Cyg,Gaia DR3 2035035223783462400,HD187013,HIP97295,GJ767.1A+GJ9670A,TIC58445695,-,17Cyg,J19464+3344A,F5.5IV-V,PM*,296.6067,33.7276,526,19464+3344,HIP97295,,7.68,8.58,4071.9,0.77,,2.09,,103.92,1.55,1.54,0.76,,,COMPOSITE,,1.14,55.0,2514.99,83.0,2.8,,5.011,47.6516,20.986,1.173,2.11,19464+3344,,1
1238,17Cyg,Gaia DR3 2035035223783462400,HD187013,HIP97295,GJ767.1A+GJ9670A,TIC58445695,-,17Cyg,J19464+3344A,F5.5IV-V,PM*,296.6067,33.7276,526,19464+3344,HIP97222,,8.47,8.58,232.0,0.77,,,,156.0,,,,,,ORB6,Sod1999,1.14,91.0,1945.3,128.0,,,5.011,47.6516,20.986,1.173,90.36,19464+3344,,7
1239,17Cyg,Gaia DR3 2035035223783462400,HD187013,HIP97295,GJ767.1A+GJ9670A,TIC58445695,-,17Cyg,J19464+3344A,F5.5IV-V,PM*,296.6067,33.7276,526,19464+3344,,,5.0,,7905.0,,,40.16,,,,,,,,Chulkov+22,2022MNRAS.517.2925C,,,,,,,5.011,47.6516,20.986,1.173,,19464+3344,,2
1240,17Cyg,Gaia DR3 2035035223783462400,HD187013,HIP97295,GJ767.1A+GJ9670A,TIC58445695,-,17Cyg,J19464+3344A,F5.5IV-V,PM*,296.6067,33.7276,526,19464+3344,,K5V+K5V,8.47,8.58,,,,,,,,,,,,WDS_THE.csv,,1.14,,,,2.8,3.1,5.011,47.6516,20.986,1.173,90.36,19464+3344,,10
1241,17Cyg,Gaia DR3 2035035223783462400,HD187013,HIP97295,GJ767.1A+GJ9670A,TIC58445695,-,17Cyg,J19464+3344A,F5.5IV-V,PM*,296.6067,33.7276,526,19464+3344,HIP97295,,5.06,8.48,700000.0,0.76,,,,4.0,,,,,,ORB6,Rmn2017,0.53,55.0,,83.0,,,5.011,47.6516,20.986,1.173,4.29,19464+3344,,8
1242,17Cyg,Gaia DR3 2035035223783462400,HD187013,HIP97295,GJ767.1A+GJ9670A,TIC58445695,-,17Cyg,J19464+3344A,F5.5IV-V,PM*,296.6067,33.7276,526,19464+3344,,,5.0,7.68,3700000.0,,,1699.8,,,,,,,,Chulkov+22,2022MNRAS.517.2925C,0.63,,,,,,5.011,47.6516,20.986,1.173,8.47,19464+3344,,3
1243,17Cyg,Gaia DR3 2035035223783462400,HD187013,HIP97295,GJ767.1A+GJ9670A,TIC58445695,-,17Cyg,J19464+3344A,F5.5IV-V,PM*,296.6067,33.7276,526,19464+3344,,,7.68,,232.0,,,2.07,,,,,,,,Chulkov+22,2022MNRAS.517.2925C,,,,,,,5.011,47.6516,20.986,1.173,,19464+3344,,4
1244,17Cyg,Gaia DR3 2035035223783462400,HD187013,HIP97295,GJ767.1A+GJ9670A,TIC58445695,-,17Cyg,J19464+3344A,F5.5IV-V,PM*,296.6067,33.7276,526,19464+3344,HIP97222,K3V           ,8.47,8.58,232.0,0.77,47.34,2.07,,,1.55,1.54,0.76,,,Malkov+12,2012A&A...546A..69M,1.14,,,,,,5.011,47.6516,20.986,1.173,90.36,19464+3344,,5
1245,17Cyg,Gaia DR3 2035035223783462400,HD187013,HIP97295,GJ767.1A+GJ9670A,TIC58445695,-,17Cyg,J19464+3344A,F5.5IV-V,PM*,296.6067,33.7276,526,19464+3344,HIP97222,K3V           ,8.47,8.58,238.8,0.77,47.34,2.09,,,1.55,1.54,0.76,,,Malkov+12,2012A&A...546A..69M,1.14,,,,,,5.011,47.6516,20.986,1.173,90.36,19464+3344,,6
1246,17Cyg,Gaia DR3 2035035223783462400,HD187013,HIP97295,GJ767.1A+GJ9670A,TIC58445695,-,17Cyg,J19464+3344A,F5.5IV-V,PM*,296.6067,33.7276,526,19464+3344,HIP97295,,5.06,9.25,7905.0,0.68,,,,103.92,,,,,,ORB6,Izm2019,0.45,52.24,3084.68,81.42,,,5.011,47.6516,20.986,1.173,2.11,19464+3344,,9
1247,HD178593,Gaia DR3 2035687337226254720,HD178593,HIP93995,-,TIC420223526,-,-,-,F8,SB*,287.0687,25.3748,527,,HIP93995,F8+,7.48,,1014.8,0.61,,,,,,,,,,Pourbaix+04,2013Obs...133....1G,,,,192.1,1.72,,7.47,15.9441,62.719,1.225,,-,,2
1248,HD178593,Gaia DR3 2035687337226254720,HD178593,HIP93995,-,TIC420223526,-,-,-,F8,SB*,287.0687,25.3748,527,,HIP93995,F8+,7.48,,1014.8,0.61,,,,,,,,,,COMPOSITE,,,,,192.1,1.72,,7.47,15.9441,62.719,1.225,,-,,1
1249,HD176051A,Gaia DR3 2043885295914531072,HD176051A,-,GJ738A,-,-,-,J18570+3254A,F9V,PM*,284.2568,32.9013,529,18570+3254,,,5.3,8.0,61.0,0.25,,1.2,,115.0,,,,,,StelleDoppie,ORB6,0.6,49.0,1971.0,280.0,,,5.218,67.1412,14.894,1.116,8.32,18570+3254,,9
1250,HD176051A,Gaia DR3 2043885295914531072,HD176051A,-,GJ738A,-,-,-,J18570+3254A,F9V,PM*,284.2568,32.9013,529,18570+3254,HIP93017,,5.34,7.96,61.2,0.25,,,,115.1,,,,,,ORB6,Doc2008f,0.61,49.0,1971.82,280.3,,,5.218,67.1412,14.894,1.116,8.95,18570+3254,,7
1251,HD176051A,Gaia DR3 2043885295914531072,HD176051A,-,GJ738A,-,-,-,J18570+3254A,F9V,PM*,284.2568,32.9013,529,18570+3254,,,5.2,,63.3,,,1.25,,,,,,,,Chulkov+22,2022MNRAS.517.2925C,,,,,,,5.218,67.1412,14.894,1.116,,18570+3254,,2
1252,HD176051A,Gaia DR3 2043885295914531072,HD176051A,-,GJ738A,-,-,-,J18570+3254A,F9V,PM*,284.2568,32.9013,529,18570+3254,HIP93017,,7.96,,2.8,0.0,,,,115.8,,,,,,ORB6,Mut2010e,,69.0,2005.58,0.0,,,5.218,67.1412,14.894,1.116,,18570+3254,,8
1253,HD176051A,Gaia DR3 2043885295914531072,HD176051A,-,GJ738A,-,-,-,J18570+3254A,F9V,PM*,284.2568,32.9013,529,18570+3254,HIP93017,G0V+k1V       ,7.96,,2.8,0.0,67.24,0.0,,,,,,,,Malkov+12,2012A&A...546A..69M,,,,,,,5.218,67.1412,14.894,1.116,,18570+3254,,4
1254,HD176051A,Gaia DR3 2043885295914531072,HD176051A,-,GJ738A,-,-,-,J18570+3254A,F9V,PM*,284.2568,32.9013,529,18570+3254,HIP93017,G0V           ,5.34,7.96,61.5,0.27,67.24,1.28,,,,,,,,Malkov+12,2012A&A...546A..69M,0.61,,,,,,5.218,67.1412,14.894,1.116,8.95,18570+3254,,5
1255,HD176051A,Gaia DR3 2043885295914531072,HD176051A,-,GJ738A,-,-,-,J18570+3254A,F9V,PM*,284.2568,32.9013,529,18570+3254,,,,,2.8,,,0.0,,,,,,,,Chulkov+22,2022MNRAS.517.2925C,,,,,,,5.218,67.1412,14.894,1.116,,18570+3254,,3
1256,HD176051A,Gaia DR3 2043885295914531072,HD176051A,-,GJ738A,-,-,-,J18570+3254A,F9V,PM*,284.2568,32.9013,529,18570+3254,,G0V,5.34,,,,,,,,,,,,,WDS_THE.csv,,,,,,4.3,4.3,5.218,67.1412,14.894,1.116,,18570+3254,,10
1257,HD176051A,Gaia DR3 2043885295914531072,HD176051A,-,GJ738A,-,-,-,J18570+3254A,F9V,PM*,284.2568,32.9013,529,18570+3254,,G0V,5.34,,,,,,,,,,,,,WDS_THE.csv,,,,,,3.2,3.3,5.218,67.1412,14.894,1.116,,18570+3254,,11
1258,HD176051A,Gaia DR3 2043885295914531072,HD176051A,-,GJ738A,-,-,-,J18570+3254A,F9V,PM*,284.2568,32.9013,529,18570+3254,,G0V,5.34,7.96,,,,,,,,,,,,WDS_THE.csv,,0.61,,,,0.6,1.1,5.218,67.1412,14.894,1.116,8.95,18570+3254,,12
1259,HD176051A,Gaia DR3 2043885295914531072,HD176051A,-,GJ738A,-,-,-,J18570+3254A,F9V,PM*,284.2568,32.9013,529,18570+3254,HIP93017,G0V           ,5.34,7.96,61.2,0.25,67.24,1.24,,,,,,,,Malkov+12,2012A&A...546A..69M,0.61,,,,,,5.218,67.1412,14.894,1.116,8.95,18570+3254,,6
1260,HD176051A,Gaia DR3 2043885295914531072,HD176051A,-,GJ738A,-,-,-,J18570+3254A,F9V,PM*,284.2568,32.9013,529,18570+3254,,G0V,5.34,,,,,,,,,,,,,WDS_THE.csv,,,,,,2.2,2.2,5.218,67.1412,14.894,1.116,,18570+3254,,13
1261,HD176051A,Gaia DR3 2043885295914531072,HD176051A,-,GJ738A,-,-,-,J18570+3254A,F9V,PM*,284.2568,32.9013,529,18570+3254,HIP93017,G0V           ,5.34,7.96,61.1,0.25,67.24,1.22,,115.1,,,,,,COMPOSITE,,0.61,49.0,1971.82,280.0,2.2,,5.218,67.1412,14.894,1.116,8.95,18570+3254,,1
1262,HD176051A,Gaia DR3 2043885295914531072,HD176051A,-,GJ738A,-,-,-,J18570+3254A,F9V,PM*,284.2568,32.9013,529,18570+3254,,G0V,5.34,,,,,,,,,,,,,WDS_THE.csv,,,,,,2.1,2.1,5.218,67.1412,14.894,1.116,,18570+3254,,14
1263,HD182488,Gaia DR3 2046207670631964928,HD182488,HIP95319,GJ758+GJ758A,TIC394547839,-,-,J19236+3313A,K0V,PM*,290.8917,33.222,532,19236+3313,HIP95319,,4.8,19.3,96.0,0.24,,1.62,,51.8,,,,,,COMPOSITE,,0.03,180.3,2050.4049999999997,155.0,1.45,,6.376,64.0703,15.608,0.916,0.0,19236+3313,,1
1264,HD182488,Gaia DR3 2046207670631964928,HD182488,HIP95319,GJ758+GJ758A,TIC394547839,-,-,J19236+3313A,K0V,PM*,290.8917,33.222,532,19236+3313,,,4.8,19.3,154.0,0.24,,1.9,,52.0,,,,,,StelleDoppie,ORB6,0.03,180.0,2050.0,155.0,,,6.376,64.0703,15.608,0.916,0.0,19236+3313,,4
1265,HD182488,Gaia DR3 2046207670631964928,HD182488,HIP95319,GJ758+GJ758A,TIC394547839,-,-,J19236+3313A,K0V,PM*,290.8917,33.222,532,19236+3313,,G9V+L,4.8,,,,,,,,,,,,,WDS_THE.csv,,,,,,1.5,1.6,6.376,64.0703,15.608,0.916,,19236+3313,,5
1266,HD182488,Gaia DR3 2046207670631964928,HD182488,HIP95319,GJ758+GJ758A,TIC394547839,-,-,J19236+3313A,K0V,PM*,290.8917,33.222,532,19236+3313,,G9V+T8,4.8,19.3,,,,,,,,,,,,WDS_THE.csv,,0.03,,,,1.6,1.6,6.376,64.0703,15.608,0.916,0.0,19236+3313,,6
1267,HD182488,Gaia DR3 2046207670631964928,HD182488,HIP95319,GJ758+GJ758A,TIC394547839,-,-,J19236+3313A,K0V,PM*,290.8917,33.222,532,19236+3313,,,6.37,,96.0,,,1.34,,,,,,,,Chulkov+22,2022MNRAS.517.2925C,,,,,,,6.376,64.0703,15.608,0.916,,19236+3313,,2
1268,HD182488,Gaia DR3 2046207670631964928,HD182488,HIP95319,GJ758+GJ758A,TIC394547839,-,-,J19236+3313A,K0V,PM*,290.8917,33.222,532,19236+3313,HIP95319,,4.8,19.3,17.2,0.24,,,,51.6,,,,,,ORB6,Bdt2021b,0.03,180.6,2050.81,155.0,,,6.376,64.0703,15.608,0.916,0.0,19236+3313,,3
1269,HD182488,Gaia DR3 2046207670631964928,HD182488,HIP95319,GJ758+GJ758A,TIC394547839,-,-,J19236+3313A,K0V,PM*,290.8917,33.222,532,19236+3313,,G9V,4.8,,,,,,,,,,,,,WDS_THE.csv,,,,,,1.4,2.6,6.376,64.0703,15.608,0.916,,19236+3313,,7
1270,HD182488,Gaia DR3 2046207670631964928,HD182488,HIP95319,GJ758+GJ758A,TIC394547839,-,-,J19236+3313A,K0V,PM*,290.8917,33.222,532,19236+3313,,G9V,4.8,18.5,,,,,,,,,,,,WDS_THE.csv,,0.04,,,,1.2,1.2,6.376,64.0703,15.608,0.916,0.0,19236+3313,,8
1271,HD185501,Gaia DR3 2047188847334279424,HD185501,HIP96576,GJ4118,TIC69452016,-,-,J19380+3353AB,G5,**,294.4968,33.8933,533,19380+3353,,,7.51,,1.2,,,0.04,,,,,,,,Chulkov+22,2022MNRAS.517.2925C,,,,,,,7.51,30.66,32.616,0.885,,19380+3353,,2
1272,HD185501,Gaia DR3 2047188847334279424,HD185501,HIP96576,GJ4118,TIC69452016,-,-,J19380+3353AB,G5,**,294.4968,33.8933,533,19380+3353,,,8.0,8.5,1.2,0.215,,0.04,,116.2,,,,,,COMPOSITE,,0.79,337.79499999999996,2015.3,82.96000000000001,0.0,,7.51,30.66,32.616,0.885,63.1,19380+3353,,1
1273,HD185501,Gaia DR3 2047188847334279424,HD185501,HIP96576,GJ4118,TIC69452016,-,-,J19380+3353AB,G5,**,294.4968,33.8933,533,19380+3353,,G5,8.0,8.5,,,,,,,,,,,,WDS_THE.csv,,0.79,,,,0.0,0.0,7.51,30.66,32.616,0.885,63.1,19380+3353,,5
1274,HD185501,Gaia DR3 2047188847334279424,HD185501,HIP96576,GJ4118,TIC69452016,-,-,J19380+3353AB,G5,**,294.4968,33.8933,533,19380+3353,,,8.0,8.5,1.2,0.21,,,,116.0,,,,,,StelleDoppie,ORB6,0.79,338.0,2015.3,83.0,,,7.51,30.66,32.616,0.885,63.1,19380+3353,,4
1275,HD185501,Gaia DR3 2047188847334279424,HD185501,HIP96576,GJ4118,TIC69452016,-,-,J19380+3353AB,G5,**,294.4968,33.8933,533,19380+3353,HIP96576,,8.0,8.5,1.2,0.22,,,,116.4,,,,,,ORB6,Hor2020,0.79,337.59,2015.3,82.92,,,7.51,30.66,32.616,0.885,63.1,19380+3353,,3
1276,HD181655,Gaia DR3 2051069711047203712,HD181655,HIP94981,GJ754.2+GJ9654,TIC122215177,-,-,J19196+3720AB,G5V,SB*,289.9125,37.3305,535,19196+3720,,G8V,7.0,7.1,1.0,0.93,,23.525,,29.240000000000002,,,,,,COMPOSITE,,0.97,181.025,2018.06,174.945,0.0,0.0,6.26,39.8305,25.106,0.995,91.2,19196+3720,,1
1277,HD181655,Gaia DR3 2051069711047203712,HD181655,HIP94981,GJ754.2+GJ9654,TIC122215177,-,-,J19196+3720AB,G5V,SB*,289.9125,37.3305,535,19196+3720,,G8V,7.0,7.1,,,,,,,,,,,,WDS_THE.csv,,0.97,,,,0.0,0.0,6.26,39.8305,25.106,0.995,91.2,19196+3720,,5
1278,HD181655,Gaia DR3 2051069711047203712,HD181655,HIP94981,GJ754.2+GJ9654,TIC122215177,-,-,J19196+3720AB,G5V,SB*,289.9125,37.3305,535,19196+3720,,,7.0,7.1,0.9,0.93,,47.0,,29.0,,,,,,StelleDoppie,ORB6,0.97,181.0,2018.06,0.0,,,6.26,39.8305,25.106,0.995,91.2,19196+3720,,4
1279,HD181655,Gaia DR3 2051069711047203712,HD181655,HIP94981,GJ754.2+GJ9654,TIC122215177,-,-,J19196+3720AB,G5V,SB*,289.9125,37.3305,535,19196+3720,HIP94981,,7.0,7.1,1.0,0.93,,,,29.48,,,,,,ORB6,CIA2018d,0.97,181.05,2018.06,349.89,,,6.26,39.8305,25.106,0.995,91.2,19196+3720,,3
1280,HD181655,Gaia DR3 2051069711047203712,HD181655,HIP94981,GJ754.2+GJ9654,TIC122215177,-,-,J19196+3720AB,G5V,SB*,289.9125,37.3305,535,19196+3720,,,6.29,,1.0,,,0.05,,,,,,,,Chulkov+22,2022MNRAS.517.2925C,,,,,,,6.26,39.8305,25.106,0.995,,19196+3720,,2
1281,HD190771,Gaia DR3 2061876742143320064,HD190771,HIP98921,GJ1249+GJ9685,TIC274764311,KIC3393677,-,J20052+3829A,G2V,PM*,301.2907,38.4785,537,20052+3829,,G3V,4.62,15.05,,,,,,,,,,,,COMPOSITE,,0.07500000000000001,,,,7.0,4.9,6.166,52.5334,19.036,0.852,0.01,20052+3829,,1
1282,HD190771,Gaia DR3 2061876742143320064,HD190771,HIP98921,GJ1249+GJ9685,TIC274764311,KIC3393677,-,J20052+3829A,G2V,PM*,301.2907,38.4785,537,20052+3829,,G3V,4.62,15.2,,,,,,,,,,,,WDS_THE.csv,,0.07,,,,9.1,9.1,6.166,52.5334,19.036,0.852,0.01,20052+3829,,3
1283,HD190771,Gaia DR3 2061876742143320064,HD190771,HIP98921,GJ1249+GJ9685,TIC274764311,KIC3393677,-,J20052+3829A,G2V,PM*,301.2907,38.4785,537,20052+3829,,,,,,,,,,,,,,,,StelleDoppie,ORB6,,,,,,,6.166,52.5334,19.036,0.852,,20052+3829,,2
1284,HD190771,Gaia DR3 2061876742143320064,HD190771,HIP98921,GJ1249+GJ9685,TIC274764311,KIC3393677,-,J20052+3829A,G2V,PM*,301.2907,38.4785,537,20052+3829,,G3V,4.62,14.9,,,,,,,,,,,,WDS_THE.csv,,0.08,,,,4.9,4.9,6.166,52.5334,19.036,0.852,0.01,20052+3829,,4
1285,HD196850,Gaia DR3 2063583390317759616,HD196850,HIP101875,GJ794.3+GJ9702,TIC64804337,-,-,J20387+3838A,G1V,PM*,309.6674,38.6351,538,20387+3838,,G2V,6.83,8.67,,,,,,,,,,,,WDS_THE.csv,,0.6,,,,9.6,57.9,6.76,36.6832,27.26,0.915,18.37,20387+3838,,3
1286,HD196850,Gaia DR3 2063583390317759616,HD196850,HIP101875,GJ794.3+GJ9702,TIC64804337,-,-,J20387+3838A,G1V,PM*,309.6674,38.6351,538,20387+3838,,,,,,,,,,,,,,,,StelleDoppie,ORB6,,,,,,,6.76,36.6832,27.26,0.915,,20387+3838,,2
1287,HD196850,Gaia DR3 2063583390317759616,HD196850,HIP101875,GJ794.3+GJ9702,TIC64804337,-,-,J20387+3838A,G1V,PM*,309.6674,38.6351,538,20387+3838,,,6.83,8.67,,,,,,,,,,,,COMPOSITE,,0.6,,,,9.6,,6.76,36.6832,27.26,0.915,,20387+3838,,1
1288,HD197037,Gaia DR3 2066437688140905600,HD197037,HIP101948,-,TIC195382102,-,-,J20396+4215A,G0,PM*,309.8873,42.2486,539,20396+4215,,G0,6.61,11.7,,,,,,,,,,,,WDS_THE.csv,,0.32,,,,3.7,3.7,6.823,30.2286,33.081,1.035,0.92,20396+4215,,2
1289,HD197037,Gaia DR3 2066437688140905600,HD197037,HIP101948,-,TIC195382102,-,-,J20396+4215A,G0,PM*,309.8873,42.2486,539,20396+4215,,G0,6.61,11.7,,,,,,,,,,,,COMPOSITE,,0.32,,,,3.7,3.7,6.823,30.2286,33.081,1.035,0.92,20396+4215,,1
1290,HD195987,Gaia DR3 2067948245320365184,HD195987,HIP101382,GJ793.1+GJ9699,TIC17038893,-,-,J20329+4154AB,G9V,SB*,308.2152,41.8985,542,20329+4154,,G9V,7.4,9.1,,,,,,,,,,,,WDS_THE.csv,,0.5,,,,0.0,0.0,7.083,45.7485,21.859,0.735,20.89,20329+4154,,11
1291,HD195987,Gaia DR3 2067948245320365184,HD195987,HIP101382,GJ793.1+GJ9699,TIC17038893,-,-,J20329+4154AB,G9V,SB*,308.2152,41.8985,542,,HIP101382,G9V+,7.09,,57.4,0.31,,,,,,,,,,Pourbaix+04,2018MNRAS.474..731K,,,,357.2,0.61,,7.083,45.7485,21.859,0.735,,20329+4154,,5
1292,HD195987,Gaia DR3 2067948245320365184,HD195987,HIP101382,GJ793.1+GJ9699,TIC17038893,-,-,J20329+4154AB,G9V,SB*,308.2152,41.8985,542,,HIP101382,G9V+,7.09,9.1,57.4,0.31,,0.02,,99.18,1.58,1.73,0.88,,,COMPOSITE,,0.5,334.98,2013.91,357.1,0.61,,7.083,45.7485,21.859,0.735,,20329+4154,,1
1293,HD195987,Gaia DR3 2067948245320365184,HD195987,HIP101382,GJ793.1+GJ9699,TIC17038893,-,-,J20329+4154AB,G9V,SB*,308.2152,41.8985,542,,HIP101382,G9V+,7.09,,57.4,0.31,,,,,,,,,,Pourbaix+04,1991A&A...248..485D,,,,356.8,0.61,,7.083,45.7485,21.859,0.735,,20329+4154,,6
1294,HD195987,Gaia DR3 2067948245320365184,HD195987,HIP101382,GJ793.1+GJ9699,TIC17038893,-,-,J20329+4154AB,G9V,SB*,308.2152,41.8985,542,,HIP101382,G9V+,7.09,,57.4,0.3,,,,,,,,,,Pourbaix+04,1980A&AS...42..331I,,,,356.8,0.61,,7.083,45.7485,21.859,0.735,,20329+4154,,7
1295,HD195987,Gaia DR3 2067948245320365184,HD195987,HIP101382,GJ793.1+GJ9699,TIC17038893,-,-,J20329+4154AB,G9V,SB*,308.2152,41.8985,542,,HIP101382,G9V+,7.09,,57.4,0.31,,,,,,,,,,Pourbaix+04,2002AJ....124.1132G,,,,357.1,0.61,,7.083,45.7485,21.859,0.735,,20329+4154,,8
1296,HD195987,Gaia DR3 2067948245320365184,HD195987,HIP101382,GJ793.1+GJ9699,TIC17038893,-,-,J20329+4154AB,G9V,SB*,308.2152,41.8985,542,,HIP101382,G9V+,7.09,,57.4,0.31,,,,,,,,,,Pourbaix+04,2002AJ....124.1716T,,,,357.4,0.61,,7.083,45.7485,21.859,0.735,,20329+4154,,9
1297,HD195987,Gaia DR3 2067948245320365184,HD195987,HIP101382,GJ793.1+GJ9699,TIC17038893,-,-,J20329+4154AB,G9V,SB*,308.2152,41.8985,542,20329+4154,HIP101382,G9V           ,7.09,6.45,0.2,0.31,45.35,0.02,,,1.58,1.73,0.88,,,Malkov+12,2012A&A...546A..69M,0.85,,,,,,7.083,45.7485,21.859,0.735,180.3,20329+4154,,3
1298,HD195987,Gaia DR3 2067948245320365184,HD195987,HIP101382,GJ793.1+GJ9699,TIC17038893,-,-,J20329+4154AB,G9V,SB*,308.2152,41.8985,542,20329+4154,HIP101382,,7.4,9.1,0.2,0.44,,,,99.36,,,,,,ORB6,Kie2018,0.5,334.96,2013.92,357.2,,,7.083,45.7485,21.859,0.735,20.89,20329+4154,,4
1299,HD195987,Gaia DR3 2067948245320365184,HD195987,HIP101382,GJ793.1+GJ9699,TIC17038893,-,-,J20329+4154AB,G9V,SB*,308.2152,41.8985,542,20329+4154,,,7.08,,0.2,,,0.02,,,,,,,,Chulkov+22,2022MNRAS.517.2925C,,,,,,,7.083,45.7485,21.859,0.735,,20329+4154,,2
1300,HD195987,Gaia DR3 2067948245320365184,HD195987,HIP101382,GJ793.1+GJ9699,TIC17038893,-,-,J20329+4154AB,G9V,SB*,308.2152,41.8985,542,20329+4154,,,7.4,9.1,0.2,0.44,,,,99.0,,,,,,StelleDoppie,ORB6,0.5,335.0,2013.9,357.0,,,7.083,45.7485,21.859,0.735,20.89,20329+4154,,10
1301,HD187160,Gaia DR3 2078929961307827200,HD187160,HIP97321,-,TIC272607848,KIC8379927,-,J19467+4421AB,F9IV-V,SB*,296.6722,44.3485,545,19467+4421,,G0,7.24,8.7,4.9,0.2,,0.08,,64.3,,,,,,COMPOSITE,,0.72,89.9,2010.52,175.45,1.755,0.1,7.047,24.439,40.918,0.975,30.2,19467+4421,,1
1302,HD187160,Gaia DR3 2078929961307827200,HD187160,HIP97321,-,TIC272607848,KIC8379927,-,J19467+4421AB,F9IV-V,SB*,296.6722,44.3485,545,19467+4421,,G0,7.4,8.7,,,,,,,,,,,,WDS_THE.csv,,0.72,,,,0.0,0.1,7.047,24.439,40.918,0.975,30.2,19467+4421,,5
1303,HD187160,Gaia DR3 2078929961307827200,HD187160,HIP97321,-,TIC272607848,KIC8379927,-,J19467+4421AB,F9IV-V,SB*,296.6722,44.3485,545,,HIP97321,G0+,7.08,,1743.3,0.22,,,,,,,,,,Pourbaix+04,2007Obs...127..313G,,,,89.9,3.51,,7.047,24.439,40.918,0.975,,19467+4421,,4
1304,HD187160,Gaia DR3 2078929961307827200,HD187160,HIP97321,-,TIC272607848,KIC8379927,-,J19467+4421AB,F9IV-V,SB*,296.6722,44.3485,545,19467+4421,HIP97321,,7.4,8.7,4.9,0.18,,,,64.3,,,,,,ORB6,Hor2021b,0.72,89.9,2010.52,261.0,,,7.047,24.439,40.918,0.975,30.2,19467+4421,,3
1305,HD187160,Gaia DR3 2078929961307827200,HD187160,HIP97321,-,TIC272607848,KIC8379927,-,J19467+4421AB,F9IV-V,SB*,296.6722,44.3485,545,19467+4421,,,7.07,,4.9,,,0.08,,,,,,,,Chulkov+22,2022MNRAS.517.2925C,,,,,,,7.047,24.439,40.918,0.975,,19467+4421,,2
1306,HD172649,Gaia DR3 2097610831356480256,HD172649,HIP91507,-,TIC157760804,-,-,J18397+3800,F5,PM*,279.9255,37.9931,551,18397+3800,,F5,7.0,7.0,,,,,,,,,,,,WDS_THE.csv,,1.14,,,,0.2,0.2,7.5,21.7849,45.903,1.145,100.0,18397+3800,,2
1307,HD172649,Gaia DR3 2097610831356480256,HD172649,HIP91507,-,TIC157760804,-,-,J18397+3800,F5,PM*,279.9255,37.9931,551,18397+3800,,F5,6.23,16.08,,,,,,,,,,,,WDS_THE.csv,,0.12,,,,8.2,8.2,7.5,21.7849,45.903,1.145,0.01,18397+3800,,3
1308,HD172649,Gaia DR3 2097610831356480256,HD172649,HIP91507,-,TIC157760804,-,-,J18397+3800,F5,PM*,279.9255,37.9931,551,18397+3800,,F5,6.23,20.0,,,,,,,,,,,,WDS_THE.csv,,0.05,,,,7.8,7.8,7.5,21.7849,45.903,1.145,0.0,18397+3800,,4
1309,HD172649,Gaia DR3 2097610831356480256,HD172649,HIP91507,-,TIC157760804,-,-,J18397+3800,F5,PM*,279.9255,37.9931,551,18397+3800,,F5,6.23,15.03,,,,,,,,,,,,WDS_THE.csv,,0.15,,,,1.8,1.8,7.5,21.7849,45.903,1.145,0.03,18397+3800,,5
1310,HD172649,Gaia DR3 2097610831356480256,HD172649,HIP91507,-,TIC157760804,-,-,J18397+3800,F5,PM*,279.9255,37.9931,551,18397+3800,,F5,6.23,15.03,,,,,,,,,,,,COMPOSITE,,0.15,,,,4.8,0.2,7.5,21.7849,45.903,1.145,100.0,18397+3800,,1
1311,HD172649,Gaia DR3 2097610831356480256,HD172649,HIP91507,-,TIC157760804,-,-,J18397+3800,F5,PM*,279.9255,37.9931,551,18397+3800,,F5,6.23,12.85,,,,,,,,,,,,WDS_THE.csv,,0.25,,,,4.8,4.8,7.5,21.7849,45.903,1.145,0.22,18397+3800,,6
1312,HD179957,Gaia DR3 2132788541955849216,HD179957,-,GJ9648B,TIC298896136,-,-,J19121+4951B,G3V,PM*,288.0195,49.8539,560,19121+4951,HIP94336,,6.54,6.67,2279.55,0.585,,12.825,,105.0,,,,,,COMPOSITE,,0.93,251.01999999999998,2604.4700000000003,247.0,7.15,,7.823,39.5784,25.266,0.957,88.72,19121+4951,,1
1313,HD179957,Gaia DR3 2132788541955849216,HD179957,-,GJ9648B,TIC298896136,-,-,J19121+4951B,G3V,PM*,288.0195,49.8539,560,19121+4951,HIP94336,,6.54,6.67,1459.1,0.67,,,,104.8,,,,,,ORB6,Izm2019,0.93,251.04,2604.94,247.16,,,7.823,39.5784,25.266,0.957,88.72,19121+4951,,5
1314,HD179957,Gaia DR3 2132788541955849216,HD179957,-,GJ9648B,TIC298896136,-,-,J19121+4951B,G3V,PM*,288.0195,49.8539,560,19121+4951,HIP94336,,6.54,6.67,3100.0,0.5,,,,119.06,,,,,,ORB6,Hle1994,0.93,,,186.09,,,7.823,39.5784,25.266,0.957,88.72,19121+4951,,6
1315,HD179957,Gaia DR3 2132788541955849216,HD179957,-,GJ9648B,TIC298896136,-,-,J19121+4951B,G3V,PM*,288.0195,49.8539,560,19121+4951,,G2V+G3V,6.54,6.67,,,,,,,,,,,,WDS_THE.csv,,0.93,,,,7.0,7.0,7.823,39.5784,25.266,0.957,88.72,19121+4951,,8
1316,HD179957,Gaia DR3 2132788541955849216,HD179957,-,GJ9648B,TIC298896136,-,-,J19121+4951B,G3V,PM*,288.0195,49.8539,560,19121+4951,,,5.85,,3100.0,,,12.75,,,,,,,,Chulkov+22,2022MNRAS.517.2925C,,,,,,,7.823,39.5784,25.266,0.957,,19121+4951,,2
1317,HD179957,Gaia DR3 2132788541955849216,HD179957,-,GJ9648B,TIC298896136,-,-,J19121+4951B,G3V,PM*,288.0195,49.8539,560,19121+4951,,,6.54,6.67,1459.0,0.67,,12.9,,105.0,,,,,,StelleDoppie,ORB6,0.93,251.0,2604.0,247.0,,,7.823,39.5784,25.266,0.957,88.72,19121+4951,,7
1318,HD179957,Gaia DR3 2132788541955849216,HD179957,-,GJ9648B,TIC298896136,-,-,J19121+4951B,G3V,PM*,288.0195,49.8539,560,19121+4951,HIP94336,G3V  G3V      ,6.54,6.67,3100.0,0.5,40.9,12.75,,,,,,,,Malkov+12,2012A&A...546A..69M,0.93,,,,,,7.823,39.5784,25.266,0.957,88.72,19121+4951,,4
1319,HD179957,Gaia DR3 2132788541955849216,HD179957,-,GJ9648B,TIC298896136,-,-,J19121+4951B,G3V,PM*,288.0195,49.8539,560,19121+4951,,,5.85,,1459.1,,,12.95,,,,,,,,Chulkov+22,2022MNRAS.517.2925C,,,,,,,7.823,39.5784,25.266,0.957,,19121+4951,,3
1320,HD179957,Gaia DR3 2132788541955849216,HD179957,-,GJ9648B,TIC298896136,-,-,J19121+4951B,G3V,PM*,288.0195,49.8539,560,19121+4951,,G2V,5.0,,,,,,,,,,,,,WDS_THE.csv,,,,,,7.3,7.3,7.823,39.5784,25.266,0.957,,19121+4951,,9
1321,16CygA,Gaia DR3 2135550755683405952,HD186408,HIP96895,GJ765.1A,TIC27533341,KIC12069424,16CygA,J19418+5032Aa,G1.5Vb,**,295.454,50.5251,562,19418+5032,,,5.99,6.25,13512.7,,,35.24,,,,,,,,Chulkov+22,2022MNRAS.517.2925C,0.94,,,,,,5.961,47.3239,21.131,0.995,78.7,19418+5032,,2
1322,16CygA,Gaia DR3 2135550755683405952,HD186408,HIP96895,GJ765.1A,TIC27533341,KIC12069424,16CygA,J19418+5032Aa,G1.5Vb,**,295.454,50.5251,562,19418+5032,,G1.5V+M5V,5.99,13.0,,,,,,,,,,,,WDS_THE.csv,,0.2,,,,3.3,3.3,5.961,47.3239,21.131,0.995,0.16,19418+5032,,6
1323,16CygA,Gaia DR3 2135550755683405952,HD186408,HIP96895,GJ765.1A,TIC27533341,KIC12069424,16CygA,J19418+5032Aa,G1.5Vb,**,295.454,50.5251,562,19418+5032,HIP96895,,6.0,6.23,13512.7,0.86,,,,135.44,,,,,,ORB6,Mrc1999,0.94,313.44,153.25,26.6,,,5.961,47.3239,21.131,0.995,80.91,19418+5032,,4
1324,16CygA,Gaia DR3 2135550755683405952,HD186408,HIP96895,GJ765.1A,TIC27533341,KIC12069424,16CygA,J19418+5032Aa,G1.5Vb,**,295.454,50.5251,562,19418+5032,,,,,,,,,,,,,,,,StelleDoppie,ORB6,,,,,,,5.961,47.3239,21.131,0.995,,19418+5032,,5
1325,16CygA,Gaia DR3 2135550755683405952,HD186408,HIP96895,GJ765.1A,TIC27533341,KIC12069424,16CygA,J19418+5032Aa,G1.5Vb,**,295.454,50.5251,562,19418+5032,HIP96895,,5.995,6.24,13512.7,0.86,,35.24,,135.44,,,,,,COMPOSITE,,0.94,313.44,153.25,26.6,3.3,,5.961,47.3239,21.131,0.995,80.91,19418+5032,,1
1326,16CygA,Gaia DR3 2135550755683405952,HD186408,HIP96895,GJ765.1A,TIC27533341,KIC12069424,16CygA,J19418+5032Aa,G1.5Vb,**,295.454,50.5251,562,19418+5032,HIP96895,G1.5V         ,6.0,6.23,13512.7,0.86,47.44,35.24,,,,,,,,Malkov+12,2012A&A...546A..69M,0.94,,,,,,5.961,47.3239,21.131,0.995,80.91,19418+5032,,3
1327,HD185414,Gaia DR3 2142179058450057856,HD185414,HIP96395,-,TIC275633056,-,-,J19359+5659A,G0,PM*,293.9816,56.9839,565,19359+5659,,,,,,,,,,,,,,,,StelleDoppie,ORB6,,,,,,,6.748,41.759,23.947,0.955,,19359+5659,,3
1328,HD185414,Gaia DR3 2142179058450057856,HD185414,HIP96395,-,TIC275633056,-,-,J19359+5659A,G0,PM*,293.9816,56.9839,565,19359+5659,HIP96395,,,,15.2,0.69,,,6.51,98.5,,,,1.08,0.12,Qier_An+25,2025ApJS..280...61A,,,,,0.25,,6.748,41.759,23.947,0.955,,19359+5659,,2
1329,HD185414,Gaia DR3 2142179058450057856,HD185414,HIP96395,-,TIC275633056,-,-,J19359+5659A,G0,PM*,293.9816,56.9839,565,19359+5659,,,,,15.2,0.69,,,6.51,98.5,,,,1.08,0.12,COMPOSITE,,,,,,0.25,,6.748,41.759,23.947,0.955,,19359+5659,,1
1330,HD200560A,Gaia DR3 2163558855915068416,HD200560A,HIP103859,GJ816.1A+GJ9717A,TIC304379558,-,-,J21028+4551C,K2.5V,BY*,315.6698,45.8848,567,21028+4551,,B3Vn,7.1,7.3,,,,,,,,,,,,WDS_THE.csv,,0.82,,,,0.2,0.2,7.688,51.3935,19.458,0.86,83.18,21028+4551,,6
1331,HD200560A,Gaia DR3 2163558855915068416,HD200560A,HIP103859,GJ816.1A+GJ9717A,TIC304379558,-,-,J21028+4551C,K2.5V,BY*,315.6698,45.8848,567,21028+4551,,,7.1,7.3,314.1,0.5,,0.26,,96.2,,,,,,COMPOSITE,,0.82,181.35,2003.145,302.4,2.7,,7.688,51.3935,19.458,0.86,83.18,21028+4551,,1
1332,HD200560A,Gaia DR3 2163558855915068416,HD200560A,HIP103859,GJ816.1A+GJ9717A,TIC304379558,-,-,J21028+4551C,K2.5V,BY*,315.6698,45.8848,567,21028+4551,,,6.5,,314.1,,,0.26,,,,,,,,Chulkov+22,2022MNRAS.517.2925C,,,,,,,7.688,51.3935,19.458,0.86,,21028+4551,,2
1333,HD200560A,Gaia DR3 2163558855915068416,HD200560A,HIP103859,GJ816.1A+GJ9717A,TIC304379558,-,-,J21028+4551C,K2.5V,BY*,315.6698,45.8848,567,21028+4551,HIP103871,B3Vn          ,7.1,7.3,314.1,0.5,2.5,0.26,,,,,,,,Malkov+12,2012A&A...546A..69M,0.82,,,,,,7.688,51.3935,19.458,0.86,83.18,21028+4551,,3
1334,HD200560A,Gaia DR3 2163558855915068416,HD200560A,HIP103859,GJ816.1A+GJ9717A,TIC304379558,-,-,J21028+4551C,K2.5V,BY*,315.6698,45.8848,567,21028+4551,,,7.1,7.3,314.0,0.5,,0.26,,96.0,,,,,,StelleDoppie,ORB6,0.82,181.0,2003.0,302.0,,,7.688,51.3935,19.458,0.86,83.18,21028+4551,,5
1335,HD200560A,Gaia DR3 2163558855915068416,HD200560A,HIP103859,GJ816.1A+GJ9717A,TIC304379558,-,-,J21028+4551C,K2.5V,BY*,315.6698,45.8848,567,21028+4551,,K2,7.82,13.4,,,,,,,,,,,,WDS_THE.csv,,0.24,,,,2.7,2.7,7.688,51.3935,19.458,0.86,0.59,21028+4551,,7
1336,HD200560A,Gaia DR3 2163558855915068416,HD200560A,HIP103859,GJ816.1A+GJ9717A,TIC304379558,-,-,J21028+4551C,K2.5V,BY*,315.6698,45.8848,567,21028+4551,,K2,5.4,14.3,,,,,,,,,,,,WDS_THE.csv,,0.11,,,,7.3,7.3,7.688,51.3935,19.458,0.86,0.03,21028+4551,,8
1337,HD200560A,Gaia DR3 2163558855915068416,HD200560A,HIP103859,GJ816.1A+GJ9717A,TIC304379558,-,-,J21028+4551C,K2.5V,BY*,315.6698,45.8848,567,21028+4551,HIP103871,,7.1,7.3,314.1,0.5,,,,96.4,,,,,,ORB6,Hrt2001b,0.82,181.7,2003.29,302.8,,,7.688,51.3935,19.458,0.86,83.18,21028+4551,,4
1338,HD192679A,Gaia DR3 2184643400111529984,HD192679A,-,-,TIC295412684,-,-,J20136+5307A,-,PM*,303.4197,53.1251,570,20136+5307,,F5V,7.19,9.38,,,,,,,,,,,,WDS_THE.csv,,0.63,,,,4.8,5.3,7.036,21.3515,46.835,1.035,13.3,20136+5307,,4
1339,HD192679A,Gaia DR3 2184643400111529984,HD192679A,-,-,TIC295412684,-,-,J20136+5307A,-,PM*,303.4197,53.1251,570,20136+5307,HIP99680,,7.19,9.38,5631.9,0.84,,,,102.94,,,,,,ORB6,Izm2019,0.63,44.12,2806.19,67.5,,,7.036,21.3515,46.835,1.035,13.3,20136+5307,,3
1340,HD192679A,Gaia DR3 2184643400111529984,HD192679A,-,-,TIC295412684,-,-,J20136+5307A,-,PM*,303.4197,53.1251,570,20136+5307,,,7.02,,5631.9,,,19.15,,,,,,,,Chulkov+22,2022MNRAS.517.2925C,,,,,,,7.036,21.3515,46.835,1.035,,20136+5307,,2
1341,HD192679A,Gaia DR3 2184643400111529984,HD192679A,-,-,TIC295412684,-,-,J20136+5307A,-,PM*,303.4197,53.1251,570,20136+5307,,F5V,7.19,9.38,5631.9,0.84,,19.15,,102.94,,,,,,COMPOSITE,,0.63,44.12,2806.19,67.5,4.8,5.3,7.036,21.3515,46.835,1.035,13.3,20136+5307,,1
1342,ksiCepB,Gaia DR3 2218144866573662848,HD209791,-,-,-,-,ksiCepB,J22038+6438B,F8V,PM*,330.9426,64.6282,577,22038+6438,,A3m,4.45,6.4,,,,,,,,,,,,WDS_THE.csv,,0.76,,,,5.0,8.1,6.422,32.1835,31.072,1.195,16.6,22038+6438,,9
1343,ksiCepB,Gaia DR3 2218144866573662848,HD209791,-,-,-,-,ksiCepB,J22038+6438B,F8V,PM*,330.9426,64.6282,577,22038+6438,HIP108917,,4.45,6.3,2.3,0.59,,0.08,,95.36,,,,,,COMPOSITE,,0.85,100.195,1836.54,173.37,2.55,,6.422,32.1835,31.072,1.195,16.6,22038+6438,,1
1344,ksiCepB,Gaia DR3 2218144866573662848,HD209791,-,-,-,-,ksiCepB,J22038+6438B,F8V,PM*,330.9426,64.6282,577,22038+6438,HIP108917,,4.45,6.4,2501.4,0.75,,,,116.24,,,,,,ORB6,Izm2019,0.76,112.05,1681.87,76.32,,,6.422,32.1835,31.072,1.195,16.6,22038+6438,,7
1345,ksiCepB,Gaia DR3 2218144866573662848,HD209791,-,-,-,-,ksiCepB,J22038+6438B,F8V,PM*,330.9426,64.6282,577,22038+6438,HIP108917,A3m           ,4.45,6.4,3800.0,0.24,33.79,11.5,,,,,,,,Malkov+12,2012A&A...546A..69M,0.76,,,,,,6.422,32.1835,31.072,1.195,16.6,22038+6438,,4
1346,ksiCepB,Gaia DR3 2218144866573662848,HD209791,-,-,-,-,ksiCepB,J22038+6438B,F8V,PM*,330.9426,64.6282,577,22038+6438,HIP108917,,4.8,6.3,2.3,0.6,,,,74.48,,,,,,ORB6,Izm2019,0.85,88.34,1991.21,270.42,,,6.422,32.1835,31.072,1.195,25.12,22038+6438,,8
1347,ksiCepB,Gaia DR3 2218144866573662848,HD209791,-,-,-,-,ksiCepB,J22038+6438B,F8V,PM*,330.9426,64.6282,577,22038+6438,,A3m,4.8,6.3,,,,,,,,,,,,WDS_THE.csv,,0.85,,,,0.1,0.1,6.422,32.1835,31.072,1.195,25.12,22038+6438,,10
1348,ksiCepB,Gaia DR3 2218144866573662848,HD209791,-,-,-,-,ksiCepB,J22038+6438B,F8V,PM*,330.9426,64.6282,577,22038+6438,,,4.26,,2501.4,,,9.33,,,,,,,,Chulkov+22,2022MNRAS.517.2925C,,,,,,,6.422,32.1835,31.072,1.195,,22038+6438,,2
1349,ksiCepB,Gaia DR3 2218144866573662848,HD209791,-,-,-,-,ksiCepB,J22038+6438B,F8V,PM*,330.9426,64.6282,577,22038+6438,HIP108917,A3m           ,4.8,6.3,2.3,0.5,33.79,0.07,,,,,,,,Malkov+12,2012A&A...546A..69M,0.85,,,,,,6.422,32.1835,31.072,1.195,25.12,22038+6438,,5
1350,ksiCepB,Gaia DR3 2218144866573662848,HD209791,-,-,-,-,ksiCepB,J22038+6438B,F8V,PM*,330.9426,64.6282,577,22038+6438,,,4.26,,2.3,,,0.08,,,,,,,,Chulkov+22,2022MNRAS.517.2925C,,,,,,,6.422,32.1835,31.072,1.195,,22038+6438,,3
1351,ksiCepB,Gaia DR3 2218144866573662848,HD209791,-,-,-,-,ksiCepB,J22038+6438B,F8V,PM*,330.9426,64.6282,577,22038+6438,HIP108917,A3m           ,4.8,6.3,2.3,0.59,33.79,0.07,,,,,,,,Malkov+12,2012A&A...546A..69M,0.85,,,,,,6.422,32.1835,31.072,1.195,25.12,22038+6438,,6
1352,HD188119B,Gaia DR3 2251191611957165440,HD188119B,-,-,-,-,63DraB+epsDraB,J19482+7016B,F5III,PM*,297.044,70.2688,583,19482+7016,,,3.84,,2753.4,,,8.01,,,,,,,,Chulkov+22,2022MNRAS.517.2925C,,,,,,,6.939,21.3808,46.771,,,19482+7016,,2
1353,HD188119B,Gaia DR3 2251191611957165440,HD188119B,-,-,-,-,63DraB+epsDraB,J19482+7016B,F5III,PM*,297.044,70.2688,583,19482+7016,HIP97433,,4.01,6.87,2753.4,0.84,,,,70.93,,,,,,ORB6,Izm2019,,128.31,1598.57,111.26,,,6.939,21.3808,46.771,,7.18,19482+7016,,3
1354,HD188119B,Gaia DR3 2251191611957165440,HD188119B,-,-,-,-,63DraB+epsDraB,J19482+7016B,F5III,PM*,297.044,70.2688,583,19482+7016,,G7IIIb,4.01,6.87,,,,,,,,,,,,WDS_THE.csv,,,,,,2.6,3.1,6.939,21.3808,46.771,,7.18,19482+7016,,4
1355,HD188119B,Gaia DR3 2251191611957165440,HD188119B,-,-,-,-,63DraB+epsDraB,J19482+7016B,F5III,PM*,297.044,70.2688,583,19482+7016,,G7IIIb,4.01,6.87,2753.4,0.84,,8.01,,70.93,,,,,,COMPOSITE,,,128.31,1598.57,111.26,2.6,3.1,6.939,21.3808,46.771,,7.18,19482+7016,,1
1356,HD185144,Gaia DR3 2261614264931057664,HD185144,HIP96100,GJ764,TIC259237827,-,61Dra+sigDra,J19324+6940A,K0V,PM*,293.09,69.6612,586,19324+6940,,,,,,,,,,,,,,,,StelleDoppie,ORB6,,,,,,,4.678,173.4939,5.764,0.838,,19324+6940,,2
1357,HD185144,Gaia DR3 2261614264931057664,HD185144,HIP96100,GJ764,TIC259237827,-,61Dra+sigDra,J19324+6940A,K0V,PM*,293.09,69.6612,586,19324+6940,,,,,,,,,,,,,,,,COMPOSITE,,,,,,,,4.678,173.4939,5.764,0.838,,19324+6940,,1
1358,18Cet,Gaia DR3 2376087581593256448,HD4307,HIP3559,GJ1020,TIC92226990,-,18Cet,J00455-1253A,G0V,PM*,11.3695,-12.8808,588,00455-1253,,,,,,,,,,,,,,,,StelleDoppie,ORB6,,,,,,,6.139,30.8815,32.382,1.047,,00455-1253,,2
1359,18Cet,Gaia DR3 2376087581593256448,HD4307,HIP3559,GJ1020,TIC92226990,-,18Cet,J00455-1253A,G0V,PM*,11.3695,-12.8808,588,00455-1253,,G0V,4.62,10.34,,,,,,,,,,,,WDS_THE.csv,,0.28,,,,4.0,4.1,6.139,30.8815,32.382,1.047,0.52,00455-1253,,3
1360,18Cet,Gaia DR3 2376087581593256448,HD4307,HIP3559,GJ1020,TIC92226990,-,18Cet,J00455-1253A,G0V,PM*,11.3695,-12.8808,588,00455-1253,,G0V,4.62,10.34,,,,,,,,,,,,COMPOSITE,,0.28,,,,4.0,4.1,6.139,30.8815,32.382,1.047,0.52,00455-1253,,1
1361,94AqrB,Gaia DR3 2411855072801159040,HD219834B,HIP115125,GJ894.2B,TIC214664575,-,94AqrB,J23191-1328B,K2,PM*,349.7773,-13.4553,589,23191-1328,,F8IV+F9V,5.2,6.7,,,,,,,,,,,,WDS_THE.csv,,0.61,,,,0.1,0.1,6.879,44.5698,22.437,0.855,25.12,23191-1328,,7
1362,94AqrB,Gaia DR3 2411855072801159040,HD219834B,HIP115125,GJ894.2B,TIC214664575,-,94AqrB,J23191-1328B,K2,PM*,349.7773,-13.4553,589,23191-1328,,,5.2,6.7,6.4,0.17,,0.19,,47.0,,,,,,StelleDoppie,ORB6,0.61,158.0,2012.0,37.1,,,6.879,44.5698,22.437,0.855,25.12,23191-1328,,6
1363,94AqrB,Gaia DR3 2411855072801159040,HD219834B,HIP115125,GJ894.2B,TIC214664575,-,94AqrB,J23191-1328B,K2,PM*,349.7773,-13.4553,589,23191-1328,HIP115126,,5.2,6.7,6.4,0.17,,,,46.8,,,,,,ORB6,Msn2023,0.61,158.7,2012.4,37.1,,,6.879,44.5698,22.437,0.855,25.12,23191-1328,,5
1364,94AqrB,Gaia DR3 2411855072801159040,HD219834B,HIP115125,GJ894.2B,TIC214664575,-,94AqrB,J23191-1328B,K2,PM*,349.7773,-13.4553,589,23191-1328,HIP115126,G5IV          ,5.2,6.7,6.4,0.19,47.35,0.19,,,1.55,1.98,1.2,,,Malkov+12,2012A&A...546A..69M,0.61,,,,,,6.879,44.5698,22.437,0.855,25.12,23191-1328,,3
1365,94AqrB,Gaia DR3 2411855072801159040,HD219834B,HIP115125,GJ894.2B,TIC214664575,-,94AqrB,J23191-1328B,K2,PM*,349.7773,-13.4553,589,23191-1328,HIP115126,G5IV          ,5.2,6.7,6.4,0.175,47.35,0.19,,46.9,1.55,1.98,1.2,,,COMPOSITE,,0.61,158.35,2012.2,37.1,0.1,,6.879,44.5698,22.437,0.855,25.12,23191-1328,,1
1366,94AqrB,Gaia DR3 2411855072801159040,HD219834B,HIP115125,GJ894.2B,TIC214664575,-,94AqrB,J23191-1328B,K2,PM*,349.7773,-13.4553,589,23191-1328,,,5.2,,6.4,,,0.19,,,,,,,,Chulkov+22,2022MNRAS.517.2925C,,,,,,,6.879,44.5698,22.437,0.855,,23191-1328,,2
1367,94AqrB,Gaia DR3 2411855072801159040,HD219834B,HIP115125,GJ894.2B,TIC214664575,-,94AqrB,J23191-1328B,K2,PM*,349.7773,-13.4553,589,23191-1328,HIP115126,G5IV          ,5.2,6.7,6.3,0.18,47.35,0.19,,,1.55,1.98,1.2,,,Malkov+12,2012A&A...546A..69M,0.61,,,,,,6.879,44.5698,22.437,0.855,25.12,23191-1328,,4
1368,HD1388,Gaia DR3 2423292879948720000,HD1388,HIP1444,GJ9008,TIC12880347,-,-,J00180-1327A,G0V,PM*,4.4953,-13.4556,592,00180-1327,,G0V+M2V,4.99,7.8,,,,,,,,,,,,WDS_THE.csv,,0.54,,,,1.3,1.4,6.521,37.1417,26.924,1.025,7.52,00180-1327,,4
1369,HD1388,Gaia DR3 2423292879948720000,HD1388,HIP1444,GJ9008,TIC12880347,-,-,J00180-1327A,G0V,PM*,4.4953,-13.4556,592,00180-1327,,,,,,,,,,,,,,,,StelleDoppie,ORB6,,,,,,,6.521,37.1417,26.924,1.025,,00180-1327,,3
1370,HD1388,Gaia DR3 2423292879948720000,HD1388,HIP1444,GJ9008,TIC12880347,-,-,J00180-1327A,G0V,PM*,4.4953,-13.4556,592,00180-1327,HIP1444,,,,248.0,0.44,,,46.5,92.5,,,,1.19,0.45,Qier_An+25,2025ApJS..280...61A,,,,,1.48,,6.521,37.1417,26.924,1.025,,00180-1327,,2
1371,HD1388,Gaia DR3 2423292879948720000,HD1388,HIP1444,GJ9008,TIC12880347,-,-,J00180-1327A,G0V,PM*,4.4953,-13.4556,592,00180-1327,,,4.99,7.8,248.0,0.44,,,46.5,92.5,,,,1.19,0.45,COMPOSITE,,0.54,,,,1.3900000000000001,,6.521,37.1417,26.924,1.025,,00180-1327,,1
1372,9Cet,Gaia DR3 2423493369021649920,HD1835,HIP1803,GJ17.3+GJ9012,TIC184281898,-,9Cet,J00229-1213A,G2.5V,BY*,5.7158,-12.2094,593,00229-1213,,,,,,,,,,,,,,,,StelleDoppie,ORB6,,,,,,,6.388,46.8742,21.334,1.075,,00229-1213,,2
1373,9Cet,Gaia DR3 2423493369021649920,HD1835,HIP1803,GJ17.3+GJ9012,TIC184281898,-,9Cet,J00229-1213A,G2.5V,BY*,5.7158,-12.2094,593,00229-1213,,,,,,,,,,,,,,,,COMPOSITE,,,,,,,,6.388,46.8742,21.334,1.075,,00229-1213,,1
1374,HD984,Gaia DR3 2431157720981843200,HD984,HIP1134,-,TIC408012676,-,-,J00142-0712AB,F7V,**,3.5427,-7.1991,597,00142-0712,HIP1134,,6.07,12.19,67.5,0.23,,,,120.0,,,,,,COMPOSITE,,0.3,26.5,2054.02,111.0,0.2,,7.32,21.877,45.71,1.225,0.36,00142-0712,,1
1375,HD984,Gaia DR3 2431157720981843200,HD984,HIP1134,-,TIC408012676,-,-,J00142-0712AB,F7V,**,3.5427,-7.1991,597,00142-0712,,F7V+M6.0,6.07,12.19,,,,,,,,,,,,WDS_THE.csv,,0.3,,,,0.2,0.2,7.32,21.877,45.71,1.225,0.36,00142-0712,,3
1376,HD984,Gaia DR3 2431157720981843200,HD984,HIP1134,-,TIC408012676,-,-,J00142-0712AB,F7V,**,3.5427,-7.1991,597,00142-0712,HIP1134,,6.07,12.19,67.5,0.23,,,,120.0,,,,,,ORB6,Bwl2020,0.3,26.5,2054.02,111.0,,,7.32,21.877,45.71,1.225,0.36,00142-0712,,2
1377,chiCetB,Gaia DR3 2461045711199481472,HD11131,HIP8486,GJ9061B,TIC24910401,-,chiCetB,J01494-1042A,G3V,BY*,27.3473,-10.7036,600,01494-1042,HIP8486,G1Vk:         ,6.72,9.5,6.8,0.45,44.32,0.05,,64.0,,,,,,COMPOSITE,,0.34,333.0,1993.89,65.0,6.1,,6.75,41.8,23.923,0.915,,01494-1042,,1
1378,chiCetB,Gaia DR3 2461045711199481472,HD11131,HIP8486,GJ9061B,TIC24910401,-,chiCetB,J01494-1042A,G3V,BY*,27.3473,-10.7036,600,01494-1042,,,6.72,,6.8,,,0.05,,,,,,,,Chulkov+22,2022MNRAS.517.2925C,,,,,,,6.75,41.8,23.923,0.915,,01494-1042,,2
1379,chiCetB,Gaia DR3 2461045711199481472,HD11131,HIP8486,GJ9061B,TIC24910401,-,chiCetB,J01494-1042A,G3V,BY*,27.3473,-10.7036,600,01494-1042,,,,,,,,,,,,,,,,StelleDoppie,ORB6,,,,,,,6.75,41.8,23.923,0.915,,01494-1042,,5
1380,chiCetB,Gaia DR3 2461045711199481472,HD11131,HIP8486,GJ9061B,TIC24910401,-,chiCetB,J01494-1042A,G3V,BY*,27.3473,-10.7036,600,01494-1042,,G1V,5.15,9.5,,,,,,,,,,,,WDS_THE.csv,,0.34,,,,6.1,6.1,6.75,41.8,23.923,0.915,1.82,01494-1042,,6
1381,chiCetB,Gaia DR3 2461045711199481472,HD11131,HIP8486,GJ9061B,TIC24910401,-,chiCetB,J01494-1042A,G3V,BY*,27.3473,-10.7036,600,01494-1042,HIP8486,,6.72,,6.8,0.45,,,,64.0,,,,,,ORB6,Gln2007,,333.0,1993.89,65.0,,,6.75,41.8,23.923,0.915,,01494-1042,,4
1382,chiCetB,Gaia DR3 2461045711199481472,HD11131,HIP8486,GJ9061B,TIC24910401,-,chiCetB,J01494-1042A,G3V,BY*,27.3473,-10.7036,600,01494-1042,HIP8486,G1Vk:         ,6.72,,6.8,0.45,44.32,0.05,,,,,,,,Malkov+12,2012A&A...546A..69M,,,,,,,6.75,41.8,23.923,0.915,,01494-1042,,3
1383,HD10008,Gaia DR3 2477815222028038272,HD10008,HIP7576,-,TIC29900813,-,-,J01376-0645A,K0/1V,BY*,24.3978,-6.7604,605,01376-0645,,,,,,,,,,,,,,,,COMPOSITE,,,,,,,,7.66,41.5636,24.06,0.875,,01376-0645,,1
1384,HD10008,Gaia DR3 2477815222028038272,HD10008,HIP7576,-,TIC29900813,-,-,J01376-0645A,K0/1V,BY*,24.3978,-6.7604,605,01376-0645,,,,,,,,,,,,,,,,StelleDoppie,ORB6,,,,,,,7.66,41.5636,24.06,0.875,,01376-0645,,2
1385,HD7449A,Gaia DR3 2482820714353923072,HD7449A,HIP5806,-,TIC248381971,-,-,J01145-0503Aa,F9.5V,PM*,18.6222,-5.0474,607,01145-0503,,F9.5V,7.48,16.3,,,,,,,,,,,,WDS_THE.csv,,0.13,,,,0.5,0.5,7.5,25.9132,38.59,1.005,0.03,01145-0503,,4
1386,HD7449A,Gaia DR3 2482820714353923072,HD7449A,HIP5806,-,TIC248381971,-,-,J01145-0503Aa,F9.5V,PM*,18.6222,-5.0474,607,01145-0503,,,,,,,,,,,,,,,,StelleDoppie,ORB6,,,,,,,7.5,25.9132,38.59,1.005,,01145-0503,,3
1387,HD7449A,Gaia DR3 2482820714353923072,HD7449A,HIP5806,-,TIC248381971,-,-,J01145-0503Aa,F9.5V,PM*,18.6222,-5.0474,607,01145-0503,HIP5806,,,,86.0,0.16,,,20.7,73.0,,,,1.1,0.11,Qier_An+25,2025ApJS..280...61A,,,,,0.51,,7.5,25.9132,38.59,1.005,,01145-0503,,2
1388,HD7449A,Gaia DR3 2482820714353923072,HD7449A,HIP5806,-,TIC248381971,-,-,J01145-0503Aa,F9.5V,PM*,18.6222,-5.0474,607,01145-0503,,,7.48,16.3,86.0,0.16,,,20.7,73.0,,,,1.1,0.11,COMPOSITE,,0.13,,,,0.505,,7.5,25.9132,38.59,1.005,,01145-0503,,1
1389,HD14938,Gaia DR3 2490426551679224064,HD14938,HIP11218,-,TIC251057639,-,-,-,F6V,SB*,36.0971,-3.104,608,,HIP11218,F5+,7.2,,4.4,0.0,,,,,,,,,,Pourbaix+04,2014MNRAS.441.2316G,,,,0.0,0.05,,7.2,17.2821,57.863,1.035,,-,,2
1390,HD14938,Gaia DR3 2490426551679224064,HD14938,HIP11218,-,TIC251057639,-,-,-,F6V,SB*,36.0971,-3.104,608,,HIP11218,F5+,7.2,,4.4,0.0,,,,,,,,,,COMPOSITE,,,,,0.0,0.05,,7.2,17.2821,57.863,1.035,,-,,1
1391,79Cet,Gaia DR3 2495335115182966016,HD16141,HIP12048,GJ9085,TIC251109533,-,79Cet,J02353-0334A,G2V,PM*,38.833,-3.5606,609,02353-0334,,G2V+M2V,6.7,13.3,,,,,,,,,,,,WDS_THE.csv,,0.24,,,,5.7,6.3,6.834,26.5057,37.728,1.075,0.23,02353-0334,,3
1392,79Cet,Gaia DR3 2495335115182966016,HD16141,HIP12048,GJ9085,TIC251109533,-,79Cet,J02353-0334A,G2V,PM*,38.833,-3.5606,609,02353-0334,,,,,,,,,,,,,,,,StelleDoppie,ORB6,,,,,,,6.834,26.5057,37.728,1.075,,02353-0334,,2
1393,79Cet,Gaia DR3 2495335115182966016,HD16141,HIP12048,GJ9085,TIC251109533,-,79Cet,J02353-0334A,G2V,PM*,38.833,-3.5606,609,02353-0334,,,6.7,13.3,,,,,,,,,,,,COMPOSITE,,0.24,,,,5.7,,6.834,26.5057,37.728,1.075,,02353-0334,,1
1394,84CetA,Gaia DR3 2498460442625153536,HD16765A,-,-,-,-,84CetA,J02412-0042A,-,PM*,40.3083,-0.6957,610,02412-0042,HIP12530,,5.82,9.68,3194.0,0.8,,,,102.63,,,,,,ORB6,Izm2019,0.42,169.62,1648.8,117.24,,,5.725,44.8694,22.287,1.015,2.86,02412-0042,,3
1395,84CetA,Gaia DR3 2498460442625153536,HD16765A,-,-,-,-,84CetA,J02412-0042A,-,PM*,40.3083,-0.6957,610,02412-0042,,,5.72,,3194.0,,,13.91,,,,,,,,Chulkov+22,2022MNRAS.517.2925C,,,,,,,5.725,44.8694,22.287,1.015,,02412-0042,,2
1396,84CetA,Gaia DR3 2498460442625153536,HD16765A,-,-,-,-,84CetA,J02412-0042A,-,PM*,40.3083,-0.6957,610,02412-0042,,F6V,5.82,9.68,,,,,,,,,,,,WDS_THE.csv,,0.42,,,,3.9,3.9,5.725,44.8694,22.287,1.015,2.86,02412-0042,,4
1397,84CetA,Gaia DR3 2498460442625153536,HD16765A,-,-,-,-,84CetA,J02412-0042A,-,PM*,40.3083,-0.6957,610,02412-0042,,,5.82,9.68,3194.0,0.8,,13.91,,102.63,,,,,,COMPOSITE,,0.42,169.62,1648.8,117.24,3.9,,5.725,44.8694,22.287,1.015,,02412-0042,,1
1398,HD11505,Gaia DR3 2505825177666430592,HD11505,HIP8798,-,TIC328159699,-,-,J01531-0120A,G5V,PM*,28.2758,-1.3269,611,01531-0120,,G5V,5.89,9.4,,,,,,,,,,,,COMPOSITE,,0.39,,,,4.3,4.3,7.43,25.6303,39.016,0.885,3.94,01531-0120,,1
1399,HD11505,Gaia DR3 2505825177666430592,HD11505,HIP8798,-,TIC328159699,-,-,J01531-0120A,G5V,PM*,28.2758,-1.3269,611,01531-0120,,G5V,5.89,9.4,,,,,,,,,,,,WDS_THE.csv,,0.39,,,,4.3,4.3,7.43,25.6303,39.016,0.885,3.94,01531-0120,,3
1400,HD11505,Gaia DR3 2505825177666430592,HD11505,HIP8798,-,TIC328159699,-,-,J01531-0120A,G5V,PM*,28.2758,-1.3269,611,01531-0120,,,,,,,,,,,,,,,,StelleDoppie,ORB6,,,,,,,7.43,25.6303,39.016,0.885,,01531-0120,,2
1401,HD13043,Gaia DR3 2506906787870475904,HD13043,HIP9911,GJ9073A,TIC250419029,-,-,J02076-0037A,G2V,PM*,31.8928,-0.6174,612,02076-0037,,,,,,,,,,,,,,,,COMPOSITE,,,,,,,,6.879,27.0243,37.004,1.055,,02076-0037,,1
1402,HD13043,Gaia DR3 2506906787870475904,HD13043,HIP9911,GJ9073A,TIC250419029,-,-,J02076-0037A,G2V,PM*,31.8928,-0.6174,612,02076-0037,,,,,,,,,,,,,,,,StelleDoppie,ORB6,,,,,,,6.879,27.0243,37.004,1.055,,02076-0037,,2
1403,HD14214,Gaia DR3 2513664248895784192,HD14214,HIP10723,-,TIC419994887,-,-,-,G1V,SB*,34.506,1.7578,615,,HIP10723,F9V+,5.56,,93.36666666666667,0.49666666666666665,,,,,,,,,,COMPOSITE,,,,,103.02333333333333,0.9700000000000001,,5.607,44.5963,22.423,1.185,,-,,1
1404,HD14214,Gaia DR3 2513664248895784192,HD14214,HIP10723,-,TIC419994887,-,-,-,G1V,SB*,34.506,1.7578,615,,HIP10723,F9V+,5.56,,93.3,0.52,,,,,,,,,,Pourbaix+04,2007AJ....133.2431F,,,,104.04,0.97,,5.607,44.5963,22.423,1.185,,-,,2
1405,HD14214,Gaia DR3 2513664248895784192,HD14214,HIP10723,-,TIC419994887,-,-,-,G1V,SB*,34.506,1.7578,615,,HIP10723,F9V+,5.56,,93.3,0.52,,,,,,,,,,Pourbaix+04,2013AJ....145...41K,,,,104.03,0.97,,5.607,44.5963,22.423,1.185,,-,,3
1406,HD14214,Gaia DR3 2513664248895784192,HD14214,HIP10723,-,TIC419994887,-,-,-,G1V,SB*,34.506,1.7578,615,,HIP10723,F9V+,5.56,,93.5,0.45,,,,,,,,,,Pourbaix+04,1930PDAO....6....1H,,,,101.0,0.97,,5.607,44.5963,22.423,1.185,,-,,4
1407,HD3821A,Gaia DR3 2523361151179609344,HD3821A,HIP3203,GJ9020A,TIC3816118,-,-,J00408-0714A,G1V,Y*O,10.1978,-7.2326,618,00408-0714,,G1V,7.12,9.98,,,,,,,,,,,,WDS_THE.csv,,0.51,,,,4.5,8.6,7.007,37.7924,26.46,0.985,7.18,00408-0714,,3
1408,HD3821A,Gaia DR3 2523361151179609344,HD3821A,HIP3203,GJ9020A,TIC3816118,-,-,J00408-0714A,G1V,Y*O,10.1978,-7.2326,618,00408-0714,,,7.12,9.98,,,,,,,,,,,,COMPOSITE,,0.51,,,,4.5,,7.007,37.7924,26.46,0.985,,00408-0714,,1
1409,HD3821A,Gaia DR3 2523361151179609344,HD3821A,HIP3203,GJ9020A,TIC3816118,-,-,J00408-0714A,G1V,Y*O,10.1978,-7.2326,618,00408-0714,,,,,,,,,,,,,,,,StelleDoppie,ORB6,,,,,,,7.007,37.7924,26.46,0.985,,00408-0714,,2
1410,HD4449,Gaia DR3 2525804540894629504,HD4449,HIP3645,-,TIC333541953,-,-,"J00467-0426Aa,Ab",K0/1V,SB*,11.669,-4.4271,621,00467-0426,HIP3645,,7.9,9.1,4.2,0.24,,,,97.6,,,,,,ORB6,Tok2023b,0.72,,2020.56,356.3,,,7.543,30.081,33.244,0.945,33.11,00467-0426,,4
1411,HD4449,Gaia DR3 2525804540894629504,HD4449,HIP3645,-,TIC333541953,-,-,"J00467-0426Aa,Ab",K0/1V,SB*,11.669,-4.4271,621,,HIP3645,G5+,7.58,,1529.6,0.24,,,,,,,,,,Pourbaix+04,2023AJ....165..160T,,,,176.3,3.92,,7.543,30.081,33.244,0.945,,00467-0426,,5
1412,HD4449,Gaia DR3 2525804540894629504,HD4449,HIP3645,-,TIC333541953,-,-,"J00467-0426Aa,Ab",K0/1V,SB*,11.669,-4.4271,621,00467-0426,HIP3645,G5V           ,7.7,,3.6,0.11,34.77,0.02,,,,,,,,Malkov+12,2012A&A...546A..69M,,,,,,,7.543,30.081,33.244,0.945,,00467-0426,,3
1413,HD4449,Gaia DR3 2525804540894629504,HD4449,HIP3645,-,TIC333541953,-,-,"J00467-0426Aa,Ab",K0/1V,SB*,11.669,-4.4271,621,00467-0426,,,7.7,9.85,4.2,0.24,,0.02,,97.8,,,,,,COMPOSITE,,0.71,0.0,2020.53,176.3,3.92,,7.543,30.081,33.244,0.945,,00467-0426,,1
1414,HD4449,Gaia DR3 2525804540894629504,HD4449,HIP3645,-,TIC333541953,-,-,"J00467-0426Aa,Ab",K0/1V,SB*,11.669,-4.4271,621,00467-0426,,,7.57,,3.6,,,0.02,,,,,,,,Chulkov+22,2022MNRAS.517.2925C,,,,,,,7.543,30.081,33.244,0.945,,00467-0426,,2
1415,HD4449,Gaia DR3 2525804540894629504,HD4449,HIP3645,-,TIC333541953,-,-,"J00467-0426Aa,Ab",K0/1V,SB*,11.669,-4.4271,621,00467-0426,,,9.3,10.6,4.2,0.24,,0.1,,98.0,,,,,,StelleDoppie,ORB6,0.7,0.0,2020.5,90.0,,,7.543,30.081,33.244,0.945,30.2,00467-0426,,6
1416,HD6651A,Gaia DR3 2532795304542721280,HD6651A,-,-,TIC248345334,-,-,J01072-0144A,F6V,PM*,16.7958,-1.7321,623,01072-0144,,F9V,7.43,8.56,,,,,,,,,,,,COMPOSITE,,1.0,,,,3.5,4.3,7.171,19.2075,52.063,1.295,35.32,01072-0144,,1
1417,HD6651A,Gaia DR3 2532795304542721280,HD6651A,-,-,TIC248345334,-,-,J01072-0144A,F6V,PM*,16.7958,-1.7321,623,01072-0144,,F9V,7.43,8.56,,,,,,,,,,,,WDS_THE.csv,,1.0,,,,3.5,4.3,7.171,19.2075,52.063,1.295,35.32,01072-0144,,2
1418,HD4271,Gaia DR3 2549045055609126784,HD4271,HIP3540,-,TIC257558320,-,-,J00452+0015A,F7/8V,SB*,11.2957,0.2533,625,00452+0015,,F8,7.67,7.8,11.5,0.53,,,,,,,,,,COMPOSITE,,1.12,,,155.01,0.115,0.1,7.01,24.4479,40.903,1.115,100.0,00452+0015,,1
1419,HD4271,Gaia DR3 2549045055609126784,HD4271,HIP3540,-,TIC257558320,-,-,J00452+0015A,F7/8V,SB*,11.2957,0.2533,625,,HIP3540,F8+,7.54,,11.5,0.53,,,,,,,,,,Pourbaix+04,2001Obs...121..221G,,,,155.01,0.13,,7.01,24.4479,40.903,1.115,,00452+0015,,2
1420,HD4271,Gaia DR3 2549045055609126784,HD4271,HIP3540,-,TIC257558320,-,-,J00452+0015A,F7/8V,SB*,11.2957,0.2533,625,00452+0015,,F8,7.8,7.8,,,,,,,,,,,,WDS_THE.csv,,1.12,,,,0.1,0.1,7.01,24.4479,40.903,1.115,100.0,00452+0015,,3
1421,77PscB,Gaia DR3 2552059469815827456,HD6480,HIP5144,-,TIC344755786,-,77PscB,"J01058+0455Ba,Bb",F5/7(V),**,16.4643,4.9094,628,01058+0455,,F6V,7.26,12.0,,,,,,,,,,,,COMPOSITE,,0.36,,,,0.3,0.3,7.274,22.6816,44.089,1.075,1.27,01058+0455,,1
1422,77PscB,Gaia DR3 2552059469815827456,HD6480,HIP5144,-,TIC344755786,-,77PscB,"J01058+0455Ba,Bb",F5/7(V),**,16.4643,4.9094,628,01058+0455,,F6V,7.26,12.0,,,,,,,,,,,,WDS_THE.csv,,0.36,,,,0.3,0.3,7.274,22.6816,44.089,1.075,1.27,01058+0455,,2
1423,HD4628,Gaia DR3 2552925644460225152,HD4628,HIP3765,GJ33,TIC257393898,-,-,J00484+0517A,K2.5V,PM*,12.0957,5.2806,629,00484+0517,,,,,,,,,,,,,,,,StelleDoppie,ORB6,,,,,,,5.745,134.4948,7.435,0.756,,00484+0517,,2
1424,HD4628,Gaia DR3 2552925644460225152,HD4628,HIP3765,GJ33,TIC257393898,-,-,J00484+0517A,K2.5V,PM*,12.0957,5.2806,629,00484+0517,,K2V,5.83,,,,,,,,,,,,,WDS_THE.csv,,,,,,2.7,2.7,5.745,134.4948,7.435,0.756,,00484+0517,,3
1425,HD4628,Gaia DR3 2552925644460225152,HD4628,HIP3765,GJ33,TIC257393898,-,-,J00484+0517A,K2.5V,PM*,12.0957,5.2806,629,00484+0517,,K2V,5.83,,,,,,,,,,,,,COMPOSITE,,,,,,2.7,2.7,5.745,134.4948,7.435,0.756,,00484+0517,,1
1426,HD8648,Gaia DR3 2559181861327324928,HD8648,HIP6653,-,TIC399732990,-,-,-,G3V,Em*,21.3338,1.4609,630,-,HIP6653,,,,374.0,0.63,,,61.8,47.8,,,,1.14,0.54,COMPOSITE,,,,,,1.31,,7.38,25.1202,39.809,1.015,,-,,1
1427,HD8648,Gaia DR3 2559181861327324928,HD8648,HIP6653,-,TIC399732990,-,-,-,G3V,Em*,21.3338,1.4609,630,-,HIP6653,,,,374.0,0.63,,,61.8,47.8,,,,1.14,0.54,Qier_An+25,2025ApJS..280...61A,,,,,1.31,,7.38,25.1202,39.809,1.015,,-,,2
1428,HD7047,Gaia DR3 2579772969631487360,HD7047,HIP5534,-,TIC257883443,-,-,J01109+0934A,G0,PM*,17.7262,9.5639,634,01109+0934,,,,,,,,,,,,,,,,StelleDoppie,ORB6,,,,,,,7.212,25.4697,39.262,0.995,,01109+0934,,2
1429,HD7047,Gaia DR3 2579772969631487360,HD7047,HIP5534,-,TIC257883443,-,-,J01109+0934A,G0,PM*,17.7262,9.5639,634,01109+0934,,,,,,,,,,,,,,,,COMPOSITE,,,,,,,,7.212,25.4697,39.262,0.995,,01109+0934,,1
1430,HD210277,Gaia DR3 2619706544757416192,HD210277,HIP109378,GJ848.4+GJ9769,TIC50227884,-,-,J22095-0733A,G8V,PM*,332.3745,-7.5487,639,22095-0733,,G0V,4.89,16.5,,,,,,,,,,,,WDS_THE.csv,,0.06,,,,6.7,6.7,6.543,46.8515,21.344,0.935,0.0,22095-0733,,3
1431,HD210277,Gaia DR3 2619706544757416192,HD210277,HIP109378,GJ848.4+GJ9769,TIC50227884,-,-,J22095-0733A,G8V,PM*,332.3745,-7.5487,639,22095-0733,,,,,,,,,,,,,,,,StelleDoppie,ORB6,,,,,,,6.543,46.8515,21.344,0.935,,22095-0733,,2
1432,HD210277,Gaia DR3 2619706544757416192,HD210277,HIP109378,GJ848.4+GJ9769,TIC50227884,-,-,J22095-0733A,G8V,PM*,332.3745,-7.5487,639,22095-0733,,,4.89,16.5,,,,,,,,,,,,COMPOSITE,,0.06,,,,6.7,,6.543,46.8515,21.344,0.935,,22095-0733,,1
1433,HD215812A,Gaia DR3 2624387200116495872,HD215812A,-,-,-,-,-,J22478-0414A,G2V,PM*,341.9591,-4.229,643,22478-0414,,,7.3,7.7,603.0,0.66,,3.2,,56.0,,,,,,StelleDoppie,ORB6,0.78,31.0,2111.0,47.0,,,7.173,29.8623,33.487,0.855,69.18,22478-0414,,5
1434,HD215812A,Gaia DR3 2624387200116495872,HD215812A,-,-,-,-,-,J22478-0414A,G2V,PM*,341.9591,-4.229,643,22478-0414,HIP112559,,7.3,7.68,602.9,0.66,,,,56.2,,,,,,ORB6,Izm2019,0.78,31.12,2111.42,46.97,,,7.173,29.8623,33.487,0.855,70.47,22478-0414,,4
1435,HD215812A,Gaia DR3 2624387200116495872,HD215812A,-,-,-,-,-,J22478-0414A,G2V,PM*,341.9591,-4.229,643,22478-0414,,G2V+G4,7.3,7.68,,,,,,,,,,,,WDS_THE.csv,,0.78,,,,1.8,1.8,7.173,29.8623,33.487,0.855,70.47,22478-0414,,6
1436,HD215812A,Gaia DR3 2624387200116495872,HD215812A,-,-,-,-,-,J22478-0414A,G2V,PM*,341.9591,-4.229,643,22478-0414,HIP112559,G2V  G4       ,7.3,7.68,1160.3,0.76,31.22,4.12,,,,,,,,Malkov+12,2012A&A...546A..69M,0.78,,,,,,7.173,29.8623,33.487,0.855,70.47,22478-0414,,3
1437,HD215812A,Gaia DR3 2624387200116495872,HD215812A,-,-,-,-,-,J22478-0414A,G2V,PM*,341.9591,-4.229,643,22478-0414,,G2V+G4,7.3,7.68,602.95,0.66,,3.2,,56.1,,,,,,COMPOSITE,,0.78,31.060000000000002,2111.21,46.985,1.8,1.8,7.173,29.8623,33.487,0.855,70.47,22478-0414,,1
1438,HD215812A,Gaia DR3 2624387200116495872,HD215812A,-,-,-,-,-,J22478-0414A,G2V,PM*,341.9591,-4.229,643,22478-0414,,,6.67,,602.9,,,3.19,,,,,,,,Chulkov+22,2022MNRAS.517.2925C,,,,,,,7.173,29.8623,33.487,0.855,,22478-0414,,2
1439,HD214810,Gaia DR3 2625365215709552512,HD214810,HIP111965,-,TIC250319128,-,-,J22408-0333AB,G9VFe-0.7,**,340.1999,-3.5543,645,22408-0333,HIP111965,,6.52,8.63,54.6,0.0,,,,87.5,,,,,,ORB6,Doc2016d,0.64,128.9,1969.38,12.9,,,6.309,28.9535,34.538,1.045,14.32,22408-0333,,6
1440,HD214810,Gaia DR3 2625365215709552512,HD214810,HIP111965,-,TIC250319128,-,-,J22408-0333AB,G9VFe-0.7,**,340.1999,-3.5543,645,,HIP111965,,,,54.0,0.0,,0.38,,87.0,,,,,,Soederhjem+99,1999A&A...341..121S,,,,,,,6.309,28.9535,34.538,1.045,,22408-0333,,7
1441,HD214810,Gaia DR3 2625365215709552512,HD214810,HIP111965,-,TIC250319128,-,-,J22408-0333AB,G9VFe-0.7,**,340.1999,-3.5543,645,22408-0333,HIP111965,F6V           ,6.52,8.63,54.0,0.0,28.93,0.38,,,0.8,2.16,1.17,,,Malkov+12,2012A&A...546A..69M,0.64,,,,,,6.309,28.9535,34.538,1.045,14.32,22408-0333,,3
1442,HD214810,Gaia DR3 2625365215709552512,HD214810,HIP111965,-,TIC250319128,-,-,J22408-0333AB,G9VFe-0.7,**,340.1999,-3.5543,645,,HIP111965,,,,28.0,0.74,,0.23,,85.0,,,,,,Soederhjem+99,1999A&A...341..121S,,,,,,,6.309,28.9535,34.538,1.045,,22408-0333,,8
1443,HD214810,Gaia DR3 2625365215709552512,HD214810,HIP111965,-,TIC250319128,-,-,J22408-0333AB,G9VFe-0.7,**,340.1999,-3.5543,645,22408-0333,HIP111965,F6V           ,6.52,8.63,28.0,0.74,28.93,0.23,,,0.8,2.16,1.17,,,Malkov+12,2012A&A...546A..69M,0.64,,,,,,6.309,28.9535,34.538,1.045,14.32,22408-0333,,4
1444,HD214810,Gaia DR3 2625365215709552512,HD214810,HIP111965,-,TIC250319128,-,-,J22408-0333AB,G9VFe-0.7,**,340.1999,-3.5543,645,22408-0333,,F6V,6.52,8.63,,,,,,,,,,,,WDS_THE.csv,,0.64,,,,0.2,0.4,6.309,28.9535,34.538,1.045,14.32,22408-0333,,9
1445,HD214810,Gaia DR3 2625365215709552512,HD214810,HIP111965,-,TIC250319128,-,-,J22408-0333AB,G9VFe-0.7,**,340.1999,-3.5543,645,22408-0333,,,6.32,,54.6,,,0.37,,,,,,,,Chulkov+22,2022MNRAS.517.2925C,,,,,,,6.309,28.9535,34.538,1.045,,22408-0333,,2
1446,HD214810,Gaia DR3 2625365215709552512,HD214810,HIP111965,-,TIC250319128,-,-,J22408-0333AB,G9VFe-0.7,**,340.1999,-3.5543,645,22408-0333,HIP111965,F6V           ,6.52,8.63,54.0,0.0,28.93,0.365,,87.0,0.8,2.16,1.17,,,COMPOSITE,,0.64,128.9,1969.38,12.9,0.2,,6.309,28.9535,34.538,1.045,14.32,22408-0333,,1
1447,HD214810,Gaia DR3 2625365215709552512,HD214810,HIP111965,-,TIC250319128,-,-,J22408-0333AB,G9VFe-0.7,**,340.1999,-3.5543,645,22408-0333,HIP111965,F6V           ,6.52,8.63,54.2,0.0,28.93,0.36,,,0.8,2.16,1.17,,,Malkov+12,2012A&A...546A..69M,0.64,,,,,,6.309,28.9535,34.538,1.045,14.32,22408-0333,,5
1448,HD217580,Gaia DR3 2636589099125426816,HD217580,HIP113718,GJ886,TIC278870306,-,-,-,K3V,SB*,345.4647,-3.8487,651,,HIP113718,K4V+,7.46,,454.7,0.52,,,,,,,,,,COMPOSITE,,,,,239.78,3.36,,7.459,61.8341,16.172,0.775,,-,,1
1449,HD217580,Gaia DR3 2636589099125426816,HD217580,HIP113718,GJ886,TIC278870306,-,-,-,K3V,SB*,345.4647,-3.8487,651,,HIP113718,K4V+,7.46,,468.1,0.54,,,,,,,,,,Pourbaix+04,2002AJ....124.1144L,,,,247.7,3.42,,7.459,61.8341,16.172,0.775,,-,,2
1450,HD217580,Gaia DR3 2636589099125426816,HD217580,HIP113718,GJ886,TIC278870306,-,-,-,K3V,SB*,345.4647,-3.8487,651,,HIP113718,K4V+,7.46,,454.7,0.52,,,,,,,,,,Pourbaix+04,1994A&A...282..831T,,,,239.1,3.36,,7.459,61.8341,16.172,0.775,,-,,3
1451,HD217580,Gaia DR3 2636589099125426816,HD217580,HIP113718,GJ886,TIC278870306,-,-,-,K3V,SB*,345.4647,-3.8487,651,,HIP113718,K4V+,7.46,,453.9,0.52,,,,,,,,,,Pourbaix+04,2018A&A...619A..81H,,,,239.78,3.35,,7.459,61.8341,16.172,0.775,,-,,4
1452,HD217107,Gaia DR3 2648914040357320576,HD217107,HIP113421,-,TIC38271828,-,-,J22583-0224AB,G8IV-V,**,344.5648,-2.3954,653,22583-0224,,G8IV,6.16,,,,,,,,,,,,,WDS_THE.csv,,,,,,0.3,0.3,6.155,49.7846,20.087,1.045,,22583-0224,,3
1453,HD217107,Gaia DR3 2648914040357320576,HD217107,HIP113421,-,TIC38271828,-,-,J22583-0224AB,G8IV-V,**,344.5648,-2.3954,653,22583-0224,,,,,,,,,,,,,,,,StelleDoppie,ORB6,,,,,,,6.155,49.7846,20.087,1.045,,22583-0224,,2
1454,HD217107,Gaia DR3 2648914040357320576,HD217107,HIP113421,-,TIC38271828,-,-,J22583-0224AB,G8IV-V,**,344.5648,-2.3954,653,22583-0224,,,6.16,,,,,,,,,,,,,COMPOSITE,,,,,,0.3,,6.155,49.7846,20.087,1.045,,22583-0224,,1
1455,HD208776,Gaia DR3 2695668504585758592,HD208776,HIP108473,-,TIC418446470,-,-,J21585+0347A,G3V,SB*,329.6184,3.7769,656,21585+0347,,,,,,,,,,,,,,,,StelleDoppie,ORB6,,,,,,,6.97,22.9107,43.648,1.045,,21585+0347,,3
1456,HD208776,Gaia DR3 2695668504585758592,HD208776,HIP108473,-,TIC418446470,-,-,J21585+0347A,G3V,SB*,329.6184,3.7769,656,,HIP108473,G0V+,6.94,,2624.0,0.27,,,,,,,,,,Pourbaix+04,2002ApJS..141..503N,,,,245.0,4.42,,6.97,22.9107,43.648,1.045,,21585+0347,,2
1457,HD208776,Gaia DR3 2695668504585758592,HD208776,HIP108473,-,TIC418446470,-,-,J21585+0347A,G3V,SB*,329.6184,3.7769,656,21585+0347,,,6.94,,2624.0,0.27,,,,,,,,,,COMPOSITE,,,,,245.0,4.42,,6.97,22.9107,43.648,1.045,,21585+0347,,1
1458,HD215243,Gaia DR3 2717610530428304000,HD215243,HIP112222,-,TIC399547952,-,-,-,G8IV,SB*,340.928,10.9394,660,,HIP112222,G8IV+,6.51,,1605.25,0.485,,,,,,,,,,COMPOSITE,,,,,54.2,3.9800000000000004,,6.513,27.0654,36.948,1.235,,-,,1
1459,HD215243,Gaia DR3 2717610530428304000,HD215243,HIP112222,-,TIC399547952,-,-,-,G8IV,SB*,340.928,10.9394,660,,HIP112222,G8IV+,6.51,,1635.0,0.49,,,,,,,,,,Pourbaix+04,2018MNRAS.475.1375G,,,,57.5,4.03,,6.513,27.0654,36.948,1.235,,-,,2
1460,HD215243,Gaia DR3 2717610530428304000,HD215243,HIP112222,-,TIC399547952,-,-,-,G8IV,SB*,340.928,10.9394,660,,HIP112222,G8IV+,6.51,,1575.5,0.48,,,,,,,,,,Pourbaix+04,2013Obs...133..269G,,,,50.9,3.93,,6.513,27.0654,36.948,1.235,,-,,3
1461,HD225028A,Gaia DR3 2739059700184753280,HD225028A,-,-,-,-,-,J00028+0208A,-,PM*,0.6966,2.1302,662,00028+0208,,F2V,7.4,9.36,1117.0,0.64,,3.12,,108.25,,,,,,COMPOSITE,,0.58,149.95,2077.25,55.35,1.1,1.6,7.338,23.3713,42.788,0.905,16.44,00028+0208,,1
1462,HD225028A,Gaia DR3 2739059700184753280,HD225028A,-,-,-,-,-,J00028+0208A,-,PM*,0.6966,2.1302,662,00028+0208,,F2V,7.4,9.36,,,,,,,,,,,,WDS_THE.csv,,0.58,,,,1.1,1.6,7.338,23.3713,42.788,0.905,16.44,00028+0208,,5
1463,HD225028A,Gaia DR3 2739059700184753280,HD225028A,-,-,-,-,-,J00028+0208A,-,PM*,0.6966,2.1302,662,00028+0208,HIP223,,7.4,9.36,1117.0,0.64,,,,108.5,,,,,,ORB6,Lin2015a,0.58,149.9,2077.5,55.7,,,7.338,23.3713,42.788,0.905,16.44,00028+0208,,3
1464,HD225028A,Gaia DR3 2739059700184753280,HD225028A,-,-,-,-,-,J00028+0208A,-,PM*,0.6966,2.1302,662,00028+0208,,,7.4,9.4,1117.0,0.64,,3.1,,108.0,,,,,,StelleDoppie,ORB6,0.57,150.0,2077.0,55.0,,,7.338,23.3713,42.788,0.905,15.85,00028+0208,,4
1465,HD225028A,Gaia DR3 2739059700184753280,HD225028A,-,-,-,-,-,J00028+0208A,-,PM*,0.6966,2.1302,662,00028+0208,,,7.17,,1117.0,,,3.14,,,,,,,,Chulkov+22,2022MNRAS.517.2925C,,,,,,,7.338,23.3713,42.788,0.905,,00028+0208,,2
1466,HD483,Gaia DR3 2796824398974914944,HD483,HIP759,-,TIC395353076,-,-,-,G2III,SB*,2.331,17.5339,673,,HIP759,G2V+G3V,7.17,,23.5,0.51,,,,,,,,,,COMPOSITE,,,,,146.3,0.16,,7.062,19.3683,51.631,1.025,,-,,1
1467,HD483,Gaia DR3 2796824398974914944,HD483,HIP759,-,TIC395353076,-,-,-,G2III,SB*,2.331,17.5339,673,,HIP759,G2V+G3V,7.17,,23.5,0.51,,,,,,,,,,Pourbaix+04,1996Obs...116...19G,,,,146.3,0.16,,7.062,19.3683,51.631,1.025,,-,,2
1468,54Psc,Gaia DR3 2802397960855105920,HD3651,HIP3093,GJ27,TIC434210589,-,54Psc,J00394+2115A,K0.5V,PM*,9.8409,21.2505,676,00394+2115,,,,,,,,,,,,,,,,StelleDoppie,ORB6,,,,,,,5.884,90.0248,11.108,0.913,,00394+2115,,2
1469,54Psc,Gaia DR3 2802397960855105920,HD3651,HIP3093,GJ27,TIC434210589,-,54Psc,J00394+2115A,K0.5V,PM*,9.8409,21.2505,676,00394+2115,,,,,,,,,,,,,,,,COMPOSITE,,,,,,,,5.884,90.0248,11.108,0.913,,00394+2115,,1
1470,HD5294,Gaia DR3 2804011562888218240,HD5294,HIP4290,GJ42.1+GJ9032,TIC13961725,-,-,J00550+2406A,G5,PM*,13.747,24.1003,677,00550+2406,,,,,,,,,,,,,,,,COMPOSITE,,,,,,,,7.416,33.3998,29.94,0.976,,00550+2406,,1
1471,HD5294,Gaia DR3 2804011562888218240,HD5294,HIP4290,GJ42.1+GJ9032,TIC13961725,-,-,J00550+2406A,G5,PM*,13.747,24.1003,677,00550+2406,,,,,,,,,,,,,,,,StelleDoppie,ORB6,,,,,,,7.416,33.3998,29.94,0.976,,00550+2406,,2
1472,HD218687,Gaia DR3 2815542965962559488,HD218687,HIP114378,-,TIC218046124,-,-,J23100+1426A,G0V,PM*,347.4879,14.4266,678,23100+1426,,,,,,,,,,,,,,,,StelleDoppie,ORB6,,,,,,,6.553,39.7856,25.135,0.995,,23100+1426,,2
1473,HD218687,Gaia DR3 2815542965962559488,HD218687,HIP114378,-,TIC218046124,-,-,J23100+1426A,G0V,PM*,347.4879,14.4266,678,23100+1426,,,,,,,,,,,,,,,,COMPOSITE,,,,,,,,6.553,39.7856,25.135,0.995,,23100+1426,,1
1474,HD221914,Gaia DR3 2821292758941963776,HD221914,HIP116478,-,TIC434284083,-,-,-,G6,SB*,354.025,18.4426,681,,HIP116478,+,7.66,,1810.0,0.33,,,,,,,,,,COMPOSITE,,,,,304.3,4.11,,7.647,28.9344,34.561,0.875,,-,,1
1475,HD221914,Gaia DR3 2821292758941963776,HD221914,HIP116478,-,TIC434284083,-,-,-,G6,SB*,354.025,18.4426,681,,HIP116478,+,7.66,,1810.0,0.33,,,,,,,,,,Pourbaix+04,2002AJ....124.1144L,,,,304.3,4.11,,7.647,28.9344,34.561,0.875,,-,,2
1476,HD220334A,Gaia DR3 2825753374536867584,HD220334A,-,-,TIC243126547,-,-,J23228+2034A,G0V,PM*,350.7028,20.5589,682,23228+2034,,,6.62,,2161.0,,,6.05,,,,,,,,Chulkov+22,2022MNRAS.517.2925C,,,,,,,6.633,25.7667,38.81,1.045,,23228+2034,,2
1477,HD220334A,Gaia DR3 2825753374536867584,HD220334A,-,-,TIC243126547,-,-,J23228+2034A,G0V,PM*,350.7028,20.5589,682,23228+2034,HIP115417,,6.74,9.78,2161.0,0.0,,,,58.0,,,,,,ORB6,Tok2016d,0.52,84.4,1904.5,0.0,,,6.633,25.7667,38.81,1.045,6.08,23228+2034,,4
1478,HD220334A,Gaia DR3 2825753374536867584,HD220334A,-,-,TIC243126547,-,-,J23228+2034A,G0V,PM*,350.7028,20.5589,682,23228+2034,,G2V+dK6,6.74,9.78,,,,,,,,,,,,WDS_THE.csv,,0.52,,,,5.7,5.9,6.633,25.7667,38.81,1.045,6.08,23228+2034,,7
1479,HD220334A,Gaia DR3 2825753374536867584,HD220334A,-,-,TIC243126547,-,-,J23228+2034A,G0V,PM*,350.7028,20.5589,682,23228+2034,,,6.7,9.8,2161.0,0.0,,6.0,,58.0,,,,,,StelleDoppie,ORB6,0.51,84.0,1904.0,0.0,,,6.633,25.7667,38.81,1.045,5.75,23228+2034,,6
1480,HD220334A,Gaia DR3 2825753374536867584,HD220334A,-,-,TIC243126547,-,-,J23228+2034A,G0V,PM*,350.7028,20.5589,682,23228+2034,,dK6,6.4,8.4,,,,,,,,,,,,WDS_THE.csv,,0.66,,,,0.7,0.8,6.633,25.7667,38.81,1.045,15.85,23228+2034,,8
1481,HD220334A,Gaia DR3 2825753374536867584,HD220334A,-,-,TIC243126547,-,-,J23228+2034A,G0V,PM*,350.7028,20.5589,682,23228+2034,HIP115417,,6.4,8.4,117.0,0.2,,,,65.1,,,,,,ORB6,Tok2016d,0.66,188.5,1935.1,294.0,,,6.633,25.7667,38.81,1.045,15.85,23228+2034,,5
1482,HD220334A,Gaia DR3 2825753374536867584,HD220334A,-,-,TIC243126547,-,-,J23228+2034A,G0V,PM*,350.7028,20.5589,682,23228+2034,,,6.66,9.78,2161.0,0.0,,6.0,,58.0,,,,,,COMPOSITE,,0.52,84.4,1904.5,0.0,3.2,,6.633,25.7667,38.81,1.045,,23228+2034,,1
1483,HD220334A,Gaia DR3 2825753374536867584,HD220334A,-,-,TIC243126547,-,-,J23228+2034A,G0V,PM*,350.7028,20.5589,682,23228+2034,,,,,117.0,,,0.22,,,,,,,,Chulkov+22,2022MNRAS.517.2925C,,,,,,,6.633,25.7667,38.81,1.045,,23228+2034,,3
1484,HD217924,Gaia DR3 2832735823127881088,HD217924,HIP113884,-,TIC245327925,-,-,-,G0V,SB*,345.9608,21.5983,685,,HIP113884,G2V+,7.22,,2402.7,0.84,,,,,,,,,,COMPOSITE,,,,,58.16,6.14,,7.22,35.4124,28.239,0.905,,-,,1
1485,HD217924,Gaia DR3 2832735823127881088,HD217924,HIP113884,-,TIC245327925,-,-,-,G0V,SB*,345.9608,21.5983,685,,HIP113884,G2V+,7.22,,2402.7,0.84,,,,,,,,,,Pourbaix+04,2013AJ....145..111F,,,,58.16,6.14,,7.22,35.4124,28.239,0.905,,-,,2
1486,51Peg,Gaia DR3 2835207319109249920,HD217014,HIP113357,GJ882,TIC139298196,-,51Peg,J22575+2046A,G2IV,PM*,344.3666,20.7688,687,22575+2046,,G2.5IVa,6.8,16.8,,,,,,,,,,,,WDS_THE.csv,,0.11,,,,2.9,2.9,5.453,64.4048,15.527,1.051,0.01,22575+2046,,3
1487,51Peg,Gaia DR3 2835207319109249920,HD217014,HIP113357,GJ882,TIC139298196,-,51Peg,J22575+2046A,G2IV,PM*,344.3666,20.7688,687,22575+2046,,G2.5IVa,6.8,16.8,,,,,,,,,,,,COMPOSITE,,0.11,,,,2.9,2.9,5.453,64.4048,15.527,1.051,0.01,22575+2046,,1
1488,51Peg,Gaia DR3 2835207319109249920,HD217014,HIP113357,GJ882,TIC139298196,-,51Peg,J22575+2046A,G2IV,PM*,344.3666,20.7688,687,22575+2046,,,,,,,,,,,,,,,,StelleDoppie,ORB6,,,,,,,5.453,64.4048,15.527,1.051,,22575+2046,,2
1489,85Peg,Gaia DR3 2853900872207888768,HD224930,HIP171,GJ914A+GJ914B,TIC117956546,-,85Peg,J00022+2705AB,G5VbFe-2,SB*,0.5431,27.0818,689,00022+2705,,G5Vb+K5V,5.8,8.9,26.6,0.38,,0.83,,49.0,1.49,1.58,1.56,,,COMPOSITE,,0.4,109.155,1882.5,279.0,34.18,0.7,5.695,81.179,12.318,0.811,5.92,00022+2705,,1
1490,85Peg,Gaia DR3 2853900872207888768,HD224930,HIP171,GJ914A+GJ914B,TIC117956546,-,85Peg,J00022+2705AB,G5VbFe-2,SB*,0.5431,27.0818,689,,HIP171,,,,26.3,0.38,,0.83,,49.0,,,,,,Soederhjem+99,1999A&A...341..121S,,,,,,,5.695,81.179,12.318,0.811,,00022+2705,,9
1491,85Peg,Gaia DR3 2853900872207888768,HD224930,HIP171,GJ914A+GJ914B,TIC117956546,-,85Peg,J00022+2705AB,G5VbFe-2,SB*,0.5431,27.0818,689,00022+2705,,G5Vb+K5V,5.83,8.9,,,,,,,,,,,,WDS_THE.csv,,0.4,,,,0.7,0.7,5.695,81.179,12.318,0.811,5.92,00022+2705,,11
1492,85Peg,Gaia DR3 2853900872207888768,HD224930,HIP171,GJ914A+GJ914B,TIC117956546,-,85Peg,J00022+2705AB,G5VbFe-2,SB*,0.5431,27.0818,689,00022+2705,,,5.8,,26.3,,,0.83,,,,,,,,Chulkov+22,2022MNRAS.517.2925C,,,,,,,5.695,81.179,12.318,0.811,,00022+2705,,2
1493,85Peg,Gaia DR3 2853900872207888768,HD224930,HIP171,GJ914A+GJ914B,TIC117956546,-,85Peg,J00022+2705AB,G5VbFe-2,SB*,0.5431,27.0818,689,00022+2705,HIP171,G7V  K5V      ,5.83,8.9,26.3,0.38,82.17,0.83,,,1.49,1.58,1.56,,,Malkov+12,2012A&A...546A..69M,0.4,,,,,,5.695,81.179,12.318,0.811,5.92,00022+2705,,3
1494,85Peg,Gaia DR3 2853900872207888768,HD224930,HIP171,GJ914A+GJ914B,TIC117956546,-,85Peg,J00022+2705AB,G5VbFe-2,SB*,0.5431,27.0818,689,00022+2705,,,5.8,8.9,26.6,0.36,,0.82,,49.0,,,,,,StelleDoppie,ORB6,0.4,109.0,1882.0,279.0,,,5.695,81.179,12.318,0.811,5.75,00022+2705,,10
1495,85Peg,Gaia DR3 2853900872207888768,HD224930,HIP171,GJ914A+GJ914B,TIC117956546,-,85Peg,J00022+2705AB,G5VbFe-2,SB*,0.5431,27.0818,689,,HIP171,G2V+,5.75,,9610.0,0.37,,,,,,,,,,Pourbaix+04,2004Obs...124..258G,,,,285.0,34.22,,5.695,81.179,12.318,0.811,,00022+2705,,6
1496,85Peg,Gaia DR3 2853900872207888768,HD224930,HIP171,GJ914A+GJ914B,TIC117956546,-,85Peg,J00022+2705AB,G5VbFe-2,SB*,0.5431,27.0818,689,00022+2705,HIP171,,5.83,8.9,26.7,0.36,,,,49.91,,,,,,ORB6,Mdz2022,0.4,109.31,1883.0,279.05,,,5.695,81.179,12.318,0.811,5.92,00022+2705,,5
1497,85Peg,Gaia DR3 2853900872207888768,HD224930,HIP171,GJ914A+GJ914B,TIC117956546,-,85Peg,J00022+2705AB,G5VbFe-2,SB*,0.5431,27.0818,689,00022+2705,HIP171,G7V  K5V      ,5.83,8.9,26.3,0.38,82.17,0.83,,,1.49,1.58,1.56,,,Malkov+12,2012A&A...546A..69M,0.4,,,,,,5.695,81.179,12.318,0.811,5.92,00022+2705,,4
1498,85Peg,Gaia DR3 2853900872207888768,HD224930,HIP171,GJ914A+GJ914B,TIC117956546,-,85Peg,J00022+2705AB,G5VbFe-2,SB*,0.5431,27.0818,689,,HIP171,G2V+,5.75,,9595.0,0.38,,,,,,,,,,Pourbaix+04,1963PDAO...12..159U,,,,274.4,34.18,,5.695,81.179,12.318,0.811,,00022+2705,,7
1499,85Peg,Gaia DR3 2853900872207888768,HD224930,HIP171,GJ914A+GJ914B,TIC117956546,-,85Peg,J00022+2705AB,G5VbFe-2,SB*,0.5431,27.0818,689,,HIP171,G2V+,5.75,,9595.0,0.38,,,,,,,,,,Pourbaix+04,1991A&A...248..485D,,,,274.0,34.18,,5.695,81.179,12.318,0.811,,00022+2705,,8
1500,HD166,Gaia DR3 2860924621205256704,HD166,HIP544,GJ5,TIC238432056,-,-,J00066+2901A,G8V,BY*,1.6533,29.0215,691,00066+2901,,,,,,,,,,,,,,,,COMPOSITE,,,,,,,,6.1,72.6419,13.766,0.949,,00066+2901,,1
1501,HD166,Gaia DR3 2860924621205256704,HD166,HIP544,GJ5,TIC238432056,-,-,J00066+2901A,G8V,BY*,1.6533,29.0215,691,00066+2901,,,,,,,,,,,,,,,,StelleDoppie,ORB6,,,,,,,6.1,72.6419,13.766,0.949,,00066+2901,,2
1502,HD221830,Gaia DR3 2871338405072089088,HD221830,HIP116421,-,TIC366036237,-,-,J23355+3101A,G2,PM*,353.8704,31.0172,693,23355+3101,,F9V+M4,6.86,14.23,,,,,,,,,,,,WDS_THE.csv,,0.17,,,,8.0,8.1,6.869,30.1162,33.205,0.939,0.11,23355+3101,,3
1503,HD221830,Gaia DR3 2871338405072089088,HD221830,HIP116421,-,TIC366036237,-,-,J23355+3101A,G2,PM*,353.8704,31.0172,693,23355+3101,,,6.86,14.23,,,,,,,,,,,,COMPOSITE,,0.17,,,,8.0,,6.869,30.1162,33.205,0.939,,23355+3101,,1
1504,HD221830,Gaia DR3 2871338405072089088,HD221830,HIP116421,-,TIC366036237,-,-,J23355+3101A,G2,PM*,353.8704,31.0172,693,23355+3101,,,,,,,,,,,,,,,,StelleDoppie,ORB6,,,,,,,6.869,30.1162,33.205,0.939,,23355+3101,,2
1505,HD224636,Gaia DR3 2875096978193654528,HD224636,-,-,-,-,-,J23595+3343B,G1,PM*,359.8717,33.7244,694,23595+3343,HIP118281,F8V           ,6.46,6.72,717.0,0.22,34.57,3.86,,,,,,,,Malkov+12,2012A&A...546A..69M,1.07,,,,,,6.635,33.9116,29.488,1.135,78.7,23595+3343,,3
1506,HD224636,Gaia DR3 2875096978193654528,HD224636,-,-,-,-,-,J23595+3343B,G1,PM*,359.8717,33.7244,694,23595+3343,HIP118281,,6.46,6.72,573.0,0.15,,,,64.7,,,,,,ORB6,Izm2019,1.07,3.02,2055.51,348.44,,,6.635,33.9116,29.488,1.135,78.7,23595+3343,,4
1507,HD224636,Gaia DR3 2875096978193654528,HD224636,-,-,-,-,-,J23595+3343B,G1,PM*,359.8717,33.7244,694,23595+3343,,,5.81,,573.0,,,3.58,,,,,,,,Chulkov+22,2022MNRAS.517.2925C,,,,,,,6.635,33.9116,29.488,1.135,,23595+3343,,2
1508,HD224636,Gaia DR3 2875096978193654528,HD224636,-,-,-,-,-,J23595+3343B,G1,PM*,359.8717,33.7244,694,23595+3343,,F8V,6.46,6.72,,,,,,,,,,,,WDS_THE.csv,,1.07,,,,2.6,2.6,6.635,33.9116,29.488,1.135,78.7,23595+3343,,5
1509,HD224636,Gaia DR3 2875096978193654528,HD224636,-,-,-,-,-,J23595+3343B,G1,PM*,359.8717,33.7244,694,23595+3343,HIP118281,F8V           ,6.46,6.72,573.0,0.185,34.57,3.7199999999999998,,64.7,,,,,,COMPOSITE,,1.07,3.02,2055.51,348.44,2.6,,6.635,33.9116,29.488,1.135,78.7,23595+3343,,1
1510,HD38277A,Gaia DR3 3011850012504392960,HD38277A,HIP27058,-,TIC279696912,-,-,J05443-1001A,G1V,PM*,86.0733,-10.0167,698,05443-1001,,,8.02,13.57,,,,,,,,,,,,COMPOSITE,,0.27,,,,3.5,3.5,7.129,26.4246,37.844,0.955,0.6,05443-1001,,1
1511,HD38277A,Gaia DR3 3011850012504392960,HD38277A,HIP27058,-,TIC279696912,-,-,J05443-1001A,G1V,PM*,86.0733,-10.0167,698,05443-1001,,,8.02,13.57,,,,,,,,,,,,WDS_THE.csv,,0.27,,,,3.5,3.5,7.129,26.4246,37.844,0.955,0.6,05443-1001,,3
1512,HD38277A,Gaia DR3 3011850012504392960,HD38277A,HIP27058,-,TIC279696912,-,-,J05443-1001A,G1V,PM*,86.0733,-10.0167,698,05443-1001,,,,,,,,,,,,,,,,StelleDoppie,ORB6,,,,,,,7.129,26.4246,37.844,0.955,,05443-1001,,2
1513,HD40397,Gaia DR3 3022685626580347392,HD40397,HIP28267,GJ3376,TIC39543054,-,-,J05584-0439A,F7V,PM*,89.5897,-4.6507,700,05584-0439,,F7V,6.99,13.6,,,,,,,,,,,,WDS_THE.csv,,0.19,,,,2.2,2.2,6.996,41.5366,24.075,0.855,0.23,05584-0439,,5
1514,HD40397,Gaia DR3 3022685626580347392,HD40397,HIP28267,GJ3376,TIC39543054,-,-,J05584-0439A,F7V,PM*,89.5897,-4.6507,700,05584-0439,HIP28267,,6.99,13.6,547.7,0.48,,,,52.5,,,,,,ORB6,USN2021c,0.19,185.3,2081.0,320.1,,,6.996,41.5366,24.075,0.855,0.23,05584-0439,,2
1515,HD40397,Gaia DR3 3022685626580347392,HD40397,HIP28267,GJ3376,TIC39543054,-,-,J05584-0439A,F7V,PM*,89.5897,-4.6507,700,05584-0439,HIP28267,,,,404.0,0.78,,,63.4,30.1,,,,1.06,0.5,Qier_An+25,2025ApJS..280...61A,,,,,2.15,,6.996,41.5366,24.075,0.855,,05584-0439,,3
1516,HD40397,Gaia DR3 3022685626580347392,HD40397,HIP28267,GJ3376,TIC39543054,-,-,J05584-0439A,F7V,PM*,89.5897,-4.6507,700,05584-0439,,,7.0,13.6,548.0,0.48,,3.1,,53.0,,,,,,StelleDoppie,ORB6,0.19,185.0,2081.0,320.0,,,6.996,41.5366,24.075,0.855,0.23,05584-0439,,4
1517,HD40397,Gaia DR3 3022685626580347392,HD40397,HIP28267,GJ3376,TIC39543054,-,-,J05584-0439A,F7V,PM*,89.5897,-4.6507,700,05584-0439,,F7V,6.99,13.6,547.7,0.48,,3.1,63.4,52.5,,,,1.06,0.5,COMPOSITE,,0.19,185.15,2081.0,320.05,2.175,2.2,6.996,41.5366,24.075,0.855,0.23,05584-0439,,1
1518,HD59438A,Gaia DR3 3028617461760208128,HD59438A,-,-,-,-,-,J07294-1500A,F6,PM*,112.3411,-14.9987,702,07294-1500,,F8V,6.4,7.0,,,,,,,,,,,,WDS_THE.csv,,0.81,,,,0.0,0.0,6.313,27.4087,36.485,0.925,57.54,07294-1500,,8
1519,HD59438A,Gaia DR3 3028617461760208128,HD59438A,-,-,-,-,-,J07294-1500A,F6,PM*,112.3411,-14.9987,702,07294-1500,,,6.4,,5.5,0.48,,,,81.2,,,,,,ORB6,Tok2021c,,308.7,2017.56,160.7,,,6.313,27.4087,36.485,0.925,,07294-1500,,5
1520,HD59438A,Gaia DR3 3028617461760208128,HD59438A,-,-,-,-,-,J07294-1500A,F6,PM*,112.3411,-14.9987,702,07294-1500,,,6.05,,550.2,,,2.26,,,,,,,,Chulkov+22,2022MNRAS.517.2925C,,,,,,,6.313,27.4087,36.485,0.925,,07294-1500,,2
1521,HD59438A,Gaia DR3 3028617461760208128,HD59438A,-,-,-,-,-,J07294-1500A,F6,PM*,112.3411,-14.9987,702,07294-1500,,,,,5.5,,,0.08,,,,,,,,Chulkov+22,2022MNRAS.517.2925C,,,,,,,6.313,27.4087,36.485,0.925,,07294-1500,,3
1522,HD59438A,Gaia DR3 3028617461760208128,HD59438A,-,-,-,-,-,J07294-1500A,F6,PM*,112.3411,-14.9987,702,07294-1500,,,6.4,7.6,550.0,0.36,,2.3,,37.0,,,,,,StelleDoppie,ORB6,0.7,42.0,2075.0,69.0,,,6.313,27.4087,36.485,0.925,33.11,07294-1500,,7
1523,HD59438A,Gaia DR3 3028617461760208128,HD59438A,-,-,-,-,-,J07294-1500A,F6,PM*,112.3411,-14.9987,702,07294-1500,HIP36395,F7V           ,6.39,7.6,686.0,0.68,28.5,3.59,,,,,,,,Malkov+12,2012A&A...546A..69M,0.7,,,,,,6.313,27.4087,36.485,0.925,32.81,07294-1500,,4
1524,HD59438A,Gaia DR3 3028617461760208128,HD59438A,-,-,-,-,-,J07294-1500A,F6,PM*,112.3411,-14.9987,702,07294-1500,,F7V,6.39,7.6,,,,,,,,,,,,WDS_THE.csv,,0.7,,,,1.7,1.7,6.313,27.4087,36.485,0.925,32.81,07294-1500,,9
1525,HD59438A,Gaia DR3 3028617461760208128,HD59438A,-,-,-,-,-,J07294-1500A,F6,PM*,112.3411,-14.9987,702,07294-1500,HIP36395,,6.39,7.6,550.2,0.36,,,,36.93,,,,,,ORB6,Izm2019,0.7,42.22,2075.22,68.83,,,6.313,27.4087,36.485,0.925,32.81,07294-1500,,6
1526,HD59438A,Gaia DR3 3028617461760208128,HD59438A,-,-,-,-,-,J07294-1500A,F6,PM*,112.3411,-14.9987,702,07294-1500,HIP36395,,6.39,7.6,550.1,0.42,,2.28,,37.0,,,,,,COMPOSITE,,0.7,42.22,2075.0,69.0,0.85,,6.313,27.4087,36.485,0.925,32.81,07294-1500,,1
1527,HD60552,Gaia DR3 3030303665919123328,HD60552,HIP36836,-,TIC405046988,-,-,J07345-1352A,F7II/III,PM*,113.6205,-13.8702,704,07345-1352,,F7II/III,7.539999999999999,11.6,66.5,0.27,,,,,,,,,,COMPOSITE,,0.34,,,251.7,4.43,17.7,6.674,21.6494,46.191,1.045,1.12,07345-1352,,1
1528,HD60552,Gaia DR3 3030303665919123328,HD60552,HIP36836,-,TIC405046988,-,-,J07345-1352A,F7II/III,PM*,113.6205,-13.8702,704,07345-1352,,F7II/III,6.72,11.6,,,,,,,,,,,,WDS_THE.csv,,0.34,,,,8.5,17.7,6.674,21.6494,46.191,1.045,1.12,07345-1352,,3
1529,HD60552,Gaia DR3 3030303665919123328,HD60552,HIP36836,-,TIC405046988,-,-,J07345-1352A,F7II/III,PM*,113.6205,-13.8702,704,,HIP38636,F7II+,8.36,,66.5,0.27,,,,,,,,,,Pourbaix+04,2018MNRAS.475.1375G,,,,251.7,0.36,,6.674,21.6494,46.191,1.045,,07345-1352,,2
1530,5Pup,Gaia DR3 3036768068439044608,HD63336,HIP38048,-,TIC334453577,-,5Pup,J07479-1212AB,F5.5V,**,116.9863,-12.1927,705,07479-1212,,dF5,5.73,7.32,565.8,0.585,,2.43,,111.33,,,,,,COMPOSITE,,0.87,24.1,2091.77,185.91,0.9,0.9,5.479,34.7221,28.8,1.255,23.12,07479-1212,,1
1531,5Pup,Gaia DR3 3036768068439044608,HD63336,HIP38048,-,TIC334453577,-,5Pup,J07479-1212AB,F5.5V,**,116.9863,-12.1927,705,07479-1212,HIP38048,dF5           ,5.73,7.32,570.5,0.61,34.97,2.41,,,,,,,,Malkov+12,2012A&A...546A..69M,0.87,,,,,,5.479,34.7221,28.8,1.255,23.12,07479-1212,,3
1532,5Pup,Gaia DR3 3036768068439044608,HD63336,HIP38048,-,TIC334453577,-,5Pup,J07479-1212AB,F5.5V,**,116.9863,-12.1927,705,07479-1212,HIP38048,,5.73,7.32,565.8,0.56,,,,111.33,,,,,,ORB6,Izm2019,0.87,24.1,2091.77,185.91,,,5.479,34.7221,28.8,1.255,23.12,07479-1212,,4
1533,5Pup,Gaia DR3 3036768068439044608,HD63336,HIP38048,-,TIC334453577,-,5Pup,J07479-1212AB,F5.5V,**,116.9863,-12.1927,705,07479-1212,,,5.48,,565.8,,,2.45,,,,,,,,Chulkov+22,2022MNRAS.517.2925C,,,,,,,5.479,34.7221,28.8,1.255,,07479-1212,,2
1534,5Pup,Gaia DR3 3036768068439044608,HD63336,HIP38048,-,TIC334453577,-,5Pup,J07479-1212AB,F5.5V,**,116.9863,-12.1927,705,07479-1212,,dF5,5.73,7.32,,,,,,,,,,,,WDS_THE.csv,,0.87,,,,0.9,0.9,5.479,34.7221,28.8,1.255,23.12,07479-1212,,5
1535,HD50639,Gaia DR3 3050309864100076544,HD50639,HIP33109,-,TIC123838254,-,-,-,F8.5V,PM*,103.4368,-9.5155,712,-,HIP33109,,,,86.0,0.55,,,22.9,56.36,,,,1.2,0.42,COMPOSITE,,,,,,0.52,,7.058,25.7464,38.84,1.085,,-,,1
1536,HD50639,Gaia DR3 3050309864100076544,HD50639,HIP33109,-,TIC123838254,-,-,-,F8.5V,PM*,103.4368,-9.5155,712,-,HIP33109,,,,86.0,0.55,,,22.9,56.36,,,,1.2,0.42,Qier_An+25,2025ApJS..280...61A,,,,,0.52,,7.058,25.7464,38.84,1.085,,-,,2
1537,HD61383,Gaia DR3 3056203899255907328,HD61383,HIP37233,-,TIC65953626,-,-,-,G3V,PM*,114.7139,-5.4655,714,-,HIP37233,,,,38.1,0.33,,,12.69,86.8,,,,1.18,0.23,COMPOSITE,,,,,,0.2,,7.58,18.8219,53.13,0.845,,-,,1
1538,HD61383,Gaia DR3 3056203899255907328,HD61383,HIP37233,-,TIC65953626,-,-,-,G3V,PM*,114.7139,-5.4655,714,-,HIP37233,,,,38.1,0.33,,,12.69,86.8,,,,1.18,0.23,Qier_An+25,2025ApJS..280...61A,,,,,0.2,,7.58,18.8219,53.13,0.845,,-,,2
1539,HD61606,Gaia DR3 3057712223051571200,HD61606,HIP37349,GJ282+GJ282A,TIC66100263,-,-,J07400-0336A,K3V,BY*,114.9972,-3.5975,715,07400-0336,,K2V,4.89,17.35,18.3,0.23,,,,93.14,,,,,,COMPOSITE,,0.045,136.62,2023.03,181.4,4.9,4.9,7.185,71.0323,14.078,0.783,0.0,07400-0336,,1
1540,HD61606,Gaia DR3 3057712223051571200,HD61606,HIP37349,GJ282+GJ282A,TIC66100263,-,-,J07400-0336A,K3V,BY*,114.9972,-3.5975,715,07400-0336,,K2V,4.89,16.9,,,,,,,,,,,,WDS_THE.csv,,0.05,,,,4.9,4.9,7.185,71.0323,14.078,0.783,0.0,07400-0336,,4
1541,HD61606,Gaia DR3 3057712223051571200,HD61606,HIP37349,GJ282+GJ282A,TIC66100263,-,-,J07400-0336A,K3V,BY*,114.9972,-3.5975,715,07400-0336,HIP36985,,9.0,12.1,18.3,0.23,,,,93.14,,,,,,ORB6,VSP2022d,0.38,136.62,2023.03,181.4,,,7.185,71.0323,14.078,0.783,5.75,07400-0336,,2
1542,HD61606,Gaia DR3 3057712223051571200,HD61606,HIP37349,GJ282+GJ282A,TIC66100263,-,-,J07400-0336A,K3V,BY*,114.9972,-3.5975,715,07400-0336,,K2V,4.89,19.0,,,,,,,,,,,,WDS_THE.csv,,0.03,,,,6.4,6.9,7.185,71.0323,14.078,0.783,0.0,07400-0336,,5
1543,HD61606,Gaia DR3 3057712223051571200,HD61606,HIP37349,GJ282+GJ282A,TIC66100263,-,-,J07400-0336A,K3V,BY*,114.9972,-3.5975,715,07400-0336,,,,,,,,,,,,,,,,StelleDoppie,ORB6,,,,,,,7.185,71.0323,14.078,0.783,,07400-0336,,3
1544,HD61606,Gaia DR3 3057712223051571200,HD61606,HIP37349,GJ282+GJ282A,TIC66100263,-,-,J07400-0336A,K3V,BY*,114.9972,-3.5975,715,07400-0336,,K2V,4.89,17.8,,,,,,,,,,,,WDS_THE.csv,,0.04,,,,4.2,4.2,7.185,71.0323,14.078,0.783,0.0,07400-0336,,6
1545,1Hya,Gaia DR3 3066710282611675776,HD70958,HIP41211,GJ306,TIC168975758,-,1Hya,"J08246-0345Aa,Ab",F6V,SB*,126.1459,-3.7512,721,08246-0345,,F1V,5.61,,,,,,,,,,,,,WDS_THE.csv,,,,,,0.1,0.1,5.614,36.9674,27.051,1.285,,08246-0345,,3
1546,1Hya,Gaia DR3 3066710282611675776,HD70958,HIP41211,GJ306,TIC168975758,-,1Hya,"J08246-0345Aa,Ab",F6V,SB*,126.1459,-3.7512,721,08246-0345,,F1V,5.6,,1.6,0.05,,,,,,,,,,COMPOSITE,,,,,123.9,0.07500000000000001,0.1,5.614,36.9674,27.051,1.285,,08246-0345,,1
1547,1Hya,Gaia DR3 3066710282611675776,HD70958,HIP41211,GJ306,TIC168975758,-,1Hya,"J08246-0345Aa,Ab",F6V,SB*,126.1459,-3.7512,721,,HIP41211,F1+,5.59,,1.6,0.05,,,,,,,,,,Pourbaix+04,1922ApJ....55...30S,,,,123.9,0.05,,5.614,36.9674,27.051,1.285,,08246-0345,,2
1548,HD72760,Gaia DR3 3073562610873679872,HD72760,HIP42074,GJ3507,TIC121286109,-,-,J08345-0044A,K0V,PM*,128.6319,-0.7261,724,08345-0044,,G5,5.44,10.28,,,,,,,,,,,,WDS_THE.csv,,0.3,,,,1.0,1.7,7.32,47.258,21.16,0.915,1.16,08345-0044,,3
1549,HD72760,Gaia DR3 3073562610873679872,HD72760,HIP42074,GJ3507,TIC121286109,-,-,J08345-0044A,K0V,PM*,128.6319,-0.7261,724,08345-0044,,,,,,,,,,,,,,,,StelleDoppie,ORB6,,,,,,,7.32,47.258,21.16,0.915,,08345-0044,,2
1550,HD72760,Gaia DR3 3073562610873679872,HD72760,HIP42074,GJ3507,TIC121286109,-,-,J08345-0044A,K0V,PM*,128.6319,-0.7261,724,08345-0044,,G5,5.44,10.28,,,,,,,,,,,,COMPOSITE,,0.3,,,,1.0,1.7,7.32,47.258,21.16,0.915,1.16,08345-0044,,1
1551,HD70923,Gaia DR3 3076296890133768448,HD70923,HIP41209,-,TIC168942250,-,-,J08246-0109AB,G1V,**,126.1386,-1.1484,725,08246-0109,,dG0,7.14,15.0,,,,,,,,,,,,WDS_THE.csv,,0.18,,,,0.8,0.8,7.081,24.2314,41.269,1.125,0.07,08246-0109,,2
1552,HD70923,Gaia DR3 3076296890133768448,HD70923,HIP41209,-,TIC168942250,-,-,J08246-0109AB,G1V,**,126.1386,-1.1484,725,08246-0109,,dG0,7.14,7.2,,,,,,,,,,,,WDS_THE.csv,,1.11,,,,0.1,0.1,7.081,24.2314,41.269,1.125,94.62,08246-0109,,3
1553,HD70923,Gaia DR3 3076296890133768448,HD70923,HIP41209,-,TIC168942250,-,-,J08246-0109AB,G1V,**,126.1386,-1.1484,725,08246-0109,,dG0,7.14,11.1,,,,,,,,,,,,COMPOSITE,,0.645,,,,0.45,0.8,7.081,24.2314,41.269,1.125,0.07,08246-0109,,1
1554,HD64606,Gaia DR3 3082317193037072256,HD64606,HIP38625,GJ292.2+GJ9245,TIC123089572,-,-,J07546-0125A,K0V,SB*,118.6424,-1.4123,729,,HIP38625,+,7.43,,447.4,0.36,,,,,,,,,,Pourbaix+04,1991A&A...248..485D,,,,227.9,2.58,,7.43,50.7142,19.718,0.655,,07546-0125,,2
1555,HD64606,Gaia DR3 3082317193037072256,HD64606,HIP38625,GJ292.2+GJ9245,TIC123089572,-,-,J07546-0125A,K0V,SB*,118.6424,-1.4123,729,,HIP38625,+,7.43,11.51,447.4,0.34,,,,,,,,,,COMPOSITE,,0.26,,,220.8,2.58,,7.43,50.7142,19.718,0.655,,07546-0125,,1
1556,HD64606,Gaia DR3 3082317193037072256,HD64606,HIP38625,GJ292.2+GJ9245,TIC123089572,-,-,J07546-0125A,K0V,SB*,118.6424,-1.4123,729,07546-0125,,G8V,7.5,11.4,,,,,,,,,,,,WDS_THE.csv,,0.27,,,,0.5,0.7,7.43,50.7142,19.718,0.655,2.75,07546-0125,,6
1557,HD64606,Gaia DR3 3082317193037072256,HD64606,HIP38625,GJ292.2+GJ9245,TIC123089572,-,-,J07546-0125A,K0V,SB*,118.6424,-1.4123,729,,HIP38625,+,7.43,,446.2,0.31,,,,,,,,,,Pourbaix+04,2000IAUS..200P..22M,,,,212.0,2.57,,7.43,50.7142,19.718,0.655,,07546-0125,,3
1558,HD64606,Gaia DR3 3082317193037072256,HD64606,HIP38625,GJ292.2+GJ9245,TIC123089572,-,-,J07546-0125A,K0V,SB*,118.6424,-1.4123,729,,HIP38625,+,7.43,,450.4,0.34,,,,,,,,,,Pourbaix+04,2002AJ....124.1144L,,,,220.8,2.59,,7.43,50.7142,19.718,0.655,,07546-0125,,4
1559,HD64606,Gaia DR3 3082317193037072256,HD64606,HIP38625,GJ292.2+GJ9245,TIC123089572,-,-,J07546-0125A,K0V,SB*,118.6424,-1.4123,729,07546-0125,,,,,,,,,,,,,,,,StelleDoppie,ORB6,,,,,,,7.43,50.7142,19.718,0.655,,07546-0125,,5
1560,HD64606,Gaia DR3 3082317193037072256,HD64606,HIP38625,GJ292.2+GJ9245,TIC123089572,-,-,J07546-0125A,K0V,SB*,118.6424,-1.4123,729,07546-0125,,G8V,7.5,11.62,,,,,,,,,,,,WDS_THE.csv,,0.25,,,,4.9,4.9,7.43,50.7142,19.718,0.655,2.25,07546-0125,,7
1561,HD50281A,Gaia DR3 3101923001490347392,HD50281A,HIP32984,GJ250A,TIC282210766,-,-,J06523-0510A,K3.5V,PM*,103.0752,-5.1737,731,06523-0510,,,6.58,,3476.1,,,65.21,,,,,,,,Chulkov+22,2022MNRAS.517.2925C,,,,,,,6.58,114.3547,8.745,0.718,,06523-0510,,2
1562,HD50281A,Gaia DR3 3101923001490347392,HD50281A,HIP32984,GJ250A,TIC282210766,-,-,J06523-0510A,K3.5V,PM*,103.0752,-5.1737,731,06523-0510,,M2.5V,5.72,14.04,,,,,,,,,,,,WDS_THE.csv,,0.11,,,,9.6,9.6,6.58,114.3547,8.745,0.718,0.05,06523-0510,,5
1563,HD50281A,Gaia DR3 3101923001490347392,HD50281A,HIP32984,GJ250A,TIC282210766,-,-,J06523-0510A,K3.5V,PM*,103.0752,-5.1737,731,06523-0510,,,6.640000000000001,10.16,3476.1,0.86,,65.10499999999999,,66.08,,,,,,COMPOSITE,,0.32,143.2,1159.28,257.16999999999996,9.6,,6.58,114.3547,8.745,0.718,,06523-0510,,1
1564,HD50281A,Gaia DR3 3101923001490347392,HD50281A,HIP32984,GJ250A,TIC282210766,-,-,J06523-0510A,K3.5V,PM*,103.0752,-5.1737,731,06523-0510,HIP32984,,6.71,10.16,3476.1,0.86,,,,66.16,,,,,,ORB6,Kpp2020f,0.32,143.4,1159.56,257.34,,,6.58,114.3547,8.745,0.718,4.17,06523-0510,,3
1565,HD50281A,Gaia DR3 3101923001490347392,HD50281A,HIP32984,GJ250A,TIC282210766,-,-,J06523-0510A,K3.5V,PM*,103.0752,-5.1737,731,06523-0510,,,6.7,10.1,3476.0,0.86,,65.0,,66.0,,,,,,StelleDoppie,ORB6,0.33,143.0,1159.0,257.0,,,6.58,114.3547,8.745,0.718,4.37,06523-0510,,4
1566,HD49503A,Gaia DR3 3102372804823185920,HD49503A,HIP32644,-,TIC36346568,-,-,J06486-0405A,F5/6V,PM*,102.149,-4.0759,732,06486-0405,,F8,7.37,8.66,,,,,,,,,,,,WDS_THE.csv,,0.84,,,,4.1,5.1,7.02,20.659,48.405,1.125,30.48,06486-0405,,2
1567,HD49503A,Gaia DR3 3102372804823185920,HD49503A,HIP32644,-,TIC36346568,-,-,J06486-0405A,F5/6V,PM*,102.149,-4.0759,732,06486-0405,,F8,7.37,8.66,,,,,,,,,,,,COMPOSITE,,0.84,,,,4.1,5.1,7.02,20.659,48.405,1.125,30.48,06486-0405,,1
1568,HD46090,Gaia DR3 3130091149360313984,HD46090,HIP31083,-,TIC234831602,-,-,J06314+0255A,G3/5V,PM*,97.8395,2.9113,739,06314+0255,,,,,,,,,,,,,,,,StelleDoppie,ORB6,,,,,,,7.14,33.9045,29.495,0.895,,06314+0255,,2
1569,HD46090,Gaia DR3 3130091149360313984,HD46090,HIP31083,-,TIC234831602,-,-,J06314+0255A,G3/5V,PM*,97.8395,2.9113,739,06314+0255,,,,,,,,,,,,,,,,COMPOSITE,,,,,,,,7.14,33.9045,29.495,0.895,,06314+0255,,1
1570,HD63107,Gaia DR3 3148814698509975936,HD63107,HIP38021,-,TIC453207964,-,-,-,F8,SB*,116.8856,9.6326,742,,HIP38021,F8+,7.09,,358.8,0.18,,,,,,,,,,COMPOSITE,,,,,11.0,1.14,,7.08,22.6924,44.068,0.985,,-,,1
1571,HD63107,Gaia DR3 3148814698509975936,HD63107,HIP38021,-,TIC453207964,-,-,-,F8,SB*,116.8856,9.6326,742,,HIP38021,F8+,7.09,,358.8,0.18,,,,,,,,,,Pourbaix+04,2018Obs...138..116G,,,,11.0,1.14,,7.08,22.6924,44.068,0.985,,-,,2
1572,HD59432A,Gaia DR3 3163696107354305536,HD59432A,HIP36485,-,TIC247087539,-,-,J07304+1352A,F5,*,112.6093,13.865,743,07304+1352,,,7.95,,7.7,,,0.1,,,,,,,,Chulkov+22,2022MNRAS.517.2925C,,,,,,,7.172,20.5453,48.673,1.175,,07304+1352,,2
1573,HD59432A,Gaia DR3 3163696107354305536,HD59432A,HIP36485,-,TIC247087539,-,-,J07304+1352A,F5,*,112.6093,13.865,743,07304+1352,,F8,8.0,11.7,,,,,,,,,,,,WDS_THE.csv,,0.5,,,,0.1,0.1,7.172,20.5453,48.673,1.175,3.31,07304+1352,,4
1574,HD59432A,Gaia DR3 3163696107354305536,HD59432A,HIP36485,-,TIC247087539,-,-,J07304+1352A,F5,*,112.6093,13.865,743,07304+1352,,F5,7.36,9.21,,,,,,,,,,,,WDS_THE.csv,,0.77,,,,7.6,7.6,7.172,20.5453,48.673,1.175,18.2,07304+1352,,5
1575,HD59432A,Gaia DR3 3163696107354305536,HD59432A,HIP36485,-,TIC247087539,-,-,J07304+1352A,F5,*,112.6093,13.865,743,07304+1352,,,7.975,11.7,7.7,0.67,,0.1,,37.46,,,,,,COMPOSITE,,0.5,188.17,1981.44,269.17,3.8499999999999996,,7.172,20.5453,48.673,1.175,,07304+1352,,1
1576,HD59432A,Gaia DR3 3163696107354305536,HD59432A,HIP36485,-,TIC247087539,-,-,J07304+1352A,F5,*,112.6093,13.865,743,07304+1352,HIP36497,,8.0,11.7,7.7,0.67,,,,37.46,,,,,,ORB6,JAA2023,0.5,188.17,1981.44,269.17,,,7.172,20.5453,48.673,1.175,3.31,07304+1352,,3
1577,HD26040,Gaia DR3 3190783297858653952,HD26040,HIP19206,-,TIC34269291,-,-,J04070-1000AB,G1/2V,**,61.7524,-10.0005,747,04070-1000,HIP19206,,7.29,8.6,21.1,0.71,,,,121.5,,,,,,ORB6,Tok2020e,0.77,220.4,2017.93,77.4,,,6.889,22.3689,44.705,1.045,29.92,04070-1000,,5
1578,HD26040,Gaia DR3 3190783297858653952,HD26040,HIP19206,-,TIC34269291,-,-,J04070-1000AB,G1/2V,**,61.7524,-10.0005,747,04070-1000,,,6.88,,21.1,,,0.23,,,,,,,,Chulkov+22,2022MNRAS.517.2925C,,,,,,,6.889,22.3689,44.705,1.045,,04070-1000,,2
1579,HD26040,Gaia DR3 3190783297858653952,HD26040,HIP19206,-,TIC34269291,-,-,J04070-1000AB,G1/2V,**,61.7524,-10.0005,747,04070-1000,,G0+G8,7.29,8.6,21.25,0.69,,0.23,,121.5,1.68,2.13,1.96,,,COMPOSITE,,0.77,220.4,2017.93,77.4,0.2,0.2,6.889,22.3689,44.705,1.045,29.92,04070-1000,,1
1580,HD26040,Gaia DR3 3190783297858653952,HD26040,HIP19206,-,TIC34269291,-,-,J04070-1000AB,G1/2V,**,61.7524,-10.0005,747,04070-1000,HIP19206,G0   G8       ,7.29,8.6,21.7,0.68,24.49,0.23,,,1.68,2.13,1.96,,,Malkov+12,2012A&A...546A..69M,0.77,,,,,,6.889,22.3689,44.705,1.045,29.92,04070-1000,,3
1581,HD26040,Gaia DR3 3190783297858653952,HD26040,HIP19206,-,TIC34269291,-,-,J04070-1000AB,G1/2V,**,61.7524,-10.0005,747,04070-1000,HIP19206,G0   G8       ,7.29,8.6,21.4,0.69,24.49,0.22,,,1.68,2.13,1.96,,,Malkov+12,2012A&A...546A..69M,0.77,,,,,,6.889,22.3689,44.705,1.045,29.92,04070-1000,,4
1582,HD26040,Gaia DR3 3190783297858653952,HD26040,HIP19206,-,TIC34269291,-,-,J04070-1000AB,G1/2V,**,61.7524,-10.0005,747,04070-1000,,G0+G8,7.29,8.6,,,,,,,,,,,,WDS_THE.csv,,0.77,,,,0.2,0.2,6.889,22.3689,44.705,1.045,29.92,04070-1000,,6
1583,HD26965,Gaia DR3 3195919528989223040,HD26965,HIP19849,GJ166A,TIC67772871,-,40Eri+omi02Eri,J04153-0739A,K0V,PM*,63.818,-7.6529,748,04153-0739,,,10.02,11.47,233.2,0.41,,6.89,,107.98,,,,,,COMPOSITE,,0.54,151.58,1848.79,321.2,,,4.42,199.608,5.01,0.758,,04153-0739,,1
1584,HD26965,Gaia DR3 3195919528989223040,HD26965,HIP19849,GJ166A,TIC67772871,-,40Eri+omi02Eri,J04153-0739A,K0V,PM*,63.818,-7.6529,748,04153-0739,,,,,,,,,,,,,,,,StelleDoppie,ORB6,,,,,,,4.42,199.608,5.01,0.758,,04153-0739,,4
1585,HD26965,Gaia DR3 3195919528989223040,HD26965,HIP19849,GJ166A,TIC67772871,-,40Eri+omi02Eri,J04153-0739A,K0V,PM*,63.818,-7.6529,748,04153-0739,,,10.02,11.47,233.2,0.41,,,,107.98,,,,,,ORB6,WSI2021,0.54,151.58,1848.79,321.2,,,4.42,199.608,5.01,0.758,26.3,04153-0739,,3
1586,HD26965,Gaia DR3 3195919528989223040,HD26965,HIP19849,GJ166A,TIC67772871,-,40Eri+omi02Eri,J04153-0739A,K0V,PM*,63.818,-7.6529,748,04153-0739,,,,,233.2,,,6.89,,,,,,,,Chulkov+22,2022MNRAS.517.2925C,,,,,,,4.42,199.608,5.01,0.758,,04153-0739,,2
1587,HD26441,Gaia DR3 3203497397487659648,HD26441,HIP19508,-,TIC9264836,-,-,J04107-0452AB,G3/5IV,**,62.6855,-4.8748,750,,HIP19508,G3/5IV+,7.37,,7527.0,0.84,,,,,,,,,,Pourbaix+04,2015Obs...135..321G,,,,69.0,7.2,,7.36,17.2886,57.842,1.275,,04107-0452,,7
1588,HD26441,Gaia DR3 3203497397487659648,HD26441,HIP19508,-,TIC9264836,-,-,J04107-0452AB,G3/5IV,**,62.6855,-4.8748,750,04107-0452,HIP19508,,8.3,8.3,20.7,0.83,,,,67.8,,,,,,ORB6,JAA2022,1.27,154.1,1931.5,67.88,,,7.36,17.2886,57.842,1.275,100.0,04107-0452,,6
1589,HD26441,Gaia DR3 3203497397487659648,HD26441,HIP19508,-,TIC9264836,-,-,J04107-0452AB,G3/5IV,**,62.6855,-4.8748,750,04107-0452,,,8.3,8.3,20.6,0.83,,164.0,,67.8,,,,,,StelleDoppie,ORB6,1.27,154.0,1931.0,68.0,,,7.36,17.2886,57.842,1.275,100.0,04107-0452,,8
1590,HD26441,Gaia DR3 3203497397487659648,HD26441,HIP19508,-,TIC9264836,-,-,J04107-0452AB,G3/5IV,**,62.6855,-4.8748,750,04107-0452,HIP19508,G0            ,8.3,8.3,20.0,0.76,16.09,0.14,,,1.83,2.34,1.05,,,Malkov+12,2012A&A...546A..69M,1.27,,,,,,7.36,17.2886,57.842,1.275,100.0,04107-0452,,3
1591,HD26441,Gaia DR3 3203497397487659648,HD26441,HIP19508,-,TIC9264836,-,-,J04107-0452AB,G3/5IV,**,62.6855,-4.8748,750,04107-0452,HIP19508,G0            ,8.3,8.3,40.3,0.03,16.09,0.19,,,1.83,2.34,1.05,,,Malkov+12,2012A&A...546A..69M,1.27,,,,,,7.36,17.2886,57.842,1.275,100.0,04107-0452,,4
1592,HD26441,Gaia DR3 3203497397487659648,HD26441,HIP19508,-,TIC9264836,-,-,J04107-0452AB,G3/5IV,**,62.6855,-4.8748,750,04107-0452,HIP19508,G0            ,8.3,8.3,40.0,0.0,16.09,0.2,,,1.83,2.34,1.05,,,Malkov+12,2012A&A...546A..69M,1.27,,,,,,7.36,17.2886,57.842,1.275,100.0,04107-0452,,5
1593,HD26441,Gaia DR3 3203497397487659648,HD26441,HIP19508,-,TIC9264836,-,-,J04107-0452AB,G3/5IV,**,62.6855,-4.8748,750,04107-0452,,,7.36,,20.7,,,0.17,,,,,,,,Chulkov+22,2022MNRAS.517.2925C,,,,,,,7.36,17.2886,57.842,1.275,,04107-0452,,2
1594,HD26441,Gaia DR3 3203497397487659648,HD26441,HIP19508,-,TIC9264836,-,-,J04107-0452AB,G3/5IV,**,62.6855,-4.8748,750,04107-0452,,G3IV,8.3,8.3,,,,,,,,,,,,WDS_THE.csv,,1.27,,,,0.2,0.2,7.36,17.2886,57.842,1.275,100.0,04107-0452,,9
1595,HD26441,Gaia DR3 3203497397487659648,HD26441,HIP19508,-,TIC9264836,-,-,J04107-0452AB,G3/5IV,**,62.6855,-4.8748,750,04107-0452,,G3IV,8.3,8.3,20.7,0.7949999999999999,,0.19,,67.8,1.83,2.34,1.05,,,COMPOSITE,,1.27,154.05,1931.25,68.0,3.7,0.2,7.36,17.2886,57.842,1.275,100.0,04107-0452,,1
1596,HD28072A,Gaia DR3 3205679721908034688,HD28072A,-,-,-,-,-,J04257-0214A,-,PM*,66.4244,-2.2324,751,04257-0214,HIP20673,,7.47,9.42,591.9,0.775,,3.4450000000000003,,93.125,,,,,,COMPOSITE,,0.52,103.205,1813.125,273.08000000000004,0.8,,7.356,24.6034,40.645,0.815,16.6,04257-0214,,1
1597,HD28072A,Gaia DR3 3205679721908034688,HD28072A,-,-,-,-,-,J04257-0214A,-,PM*,66.4244,-2.2324,751,04257-0214,,,7.5,9.4,592.0,0.77,,3.4,,93.0,,,,,,StelleDoppie,ORB6,0.53,103.0,1813.0,273.0,,,7.356,24.6034,40.645,0.815,17.38,04257-0214,,4
1598,HD28072A,Gaia DR3 3205679721908034688,HD28072A,-,-,-,-,-,J04257-0214A,-,PM*,66.4244,-2.2324,751,04257-0214,HIP20673,,7.47,9.42,591.9,0.78,,,,93.25,,,,,,ORB6,Izm2019,0.52,103.41,1813.25,273.16,,,7.356,24.6034,40.645,0.815,16.6,04257-0214,,3
1599,HD28072A,Gaia DR3 3205679721908034688,HD28072A,-,-,-,-,-,J04257-0214A,-,PM*,66.4244,-2.2324,751,04257-0214,,,7.25,,591.9,,,3.49,,,,,,,,Chulkov+22,2022MNRAS.517.2925C,,,,,,,7.356,24.6034,40.645,0.815,,04257-0214,,2
1600,HD28072A,Gaia DR3 3205679721908034688,HD28072A,-,-,-,-,-,J04257-0214A,-,PM*,66.4244,-2.2324,751,04257-0214,,F8,7.47,9.42,,,,,,,,,,,,WDS_THE.csv,,0.52,,,,0.8,0.8,7.356,24.6034,40.645,0.815,16.6,04257-0214,,5
1601,HD36003,Gaia DR3 3210731015768096000,HD36003,HIP25623,GJ204,TIC50587969,-,-,J05284-0330A,K5V,PM*,82.1087,-3.4996,755,05284-0330,,,,,,,,,,,,,,,,COMPOSITE,,,,,,,,7.65,77.3499,12.928,0.743,,05284-0330,,1
1602,HD36003,Gaia DR3 3210731015768096000,HD36003,HIP25623,GJ204,TIC50587969,-,-,J05284-0330A,K5V,PM*,82.1087,-3.4996,755,05284-0330,,,,,,,,,,,,,,,,StelleDoppie,ORB6,,,,,,,7.65,77.3499,12.928,0.743,,05284-0330,,2
1603,HD31768,Gaia DR3 3212750058416680320,HD31768,HIP23116,-,TIC244258171,-,-,J04584-0344AB,F5V,**,74.6092,-3.7329,757,04584-0344,,,6.97,,127.0,,,0.74,,,,,,,,Chulkov+22,2022MNRAS.517.2925C,,,,,,,6.967,19.5724,51.092,0.915,,04584-0344,,2
1604,HD31768,Gaia DR3 3212750058416680320,HD31768,HIP23116,-,TIC244258171,-,-,J04584-0344AB,F5V,**,74.6092,-3.7329,757,04584-0344,,,7.12,10.1,127.0,0.3,,,,55.1,,,,,,ORB6,Tok2019d,0.46,36.9,1944.9,283.4,,,6.967,19.5724,51.092,0.915,6.43,04584-0344,,3
1605,HD31768,Gaia DR3 3212750058416680320,HD31768,HIP23116,-,TIC244258171,-,-,J04584-0344AB,F5V,**,74.6092,-3.7329,757,04584-0344,,F5,7.12,10.4,,,,,,,,,,,,WDS_THE.csv,,0.43,,,,0.6,0.7,6.967,19.5724,51.092,0.915,4.88,04584-0344,,4
1606,HD31768,Gaia DR3 3212750058416680320,HD31768,HIP23116,-,TIC244258171,-,-,J04584-0344AB,F5V,**,74.6092,-3.7329,757,04584-0344,,,7.12,10.25,127.0,0.3,,0.74,,55.1,,,,,,COMPOSITE,,0.445,36.9,1944.9,283.4,0.6,,6.967,19.5724,51.092,0.915,6.43,04584-0344,,1
1607,HD34673A,Gaia DR3 3213958769587525888,HD34673A,HIP24819,GJ200A,TIC249076418,-,-,J05192-0304A,K3V,PM*,79.8028,-3.0738,758,05192-0304,,K3V,7.97,,,,,,,,,,,,,WDS_THE.csv,,,,,,1.9,1.9,7.77,63.6435,15.713,0.755,,05192-0304,,3
1608,HD34673A,Gaia DR3 3213958769587525888,HD34673A,HIP24819,GJ200A,TIC249076418,-,-,J05192-0304A,K3V,PM*,79.8028,-3.0738,758,05192-0304,,,7.97,11.4,,,,,,,,,,,,COMPOSITE,,0.34,,,,1.7999999999999998,,7.77,63.6435,15.713,0.755,,05192-0304,,1
1609,HD34673A,Gaia DR3 3213958769587525888,HD34673A,HIP24819,GJ200A,TIC249076418,-,-,J05192-0304A,K3V,PM*,79.8028,-3.0738,758,05192-0304,,K3V,7.97,11.4,,,,,,,,,,,,WDS_THE.csv,,0.34,,,,1.7,1.7,7.77,63.6435,15.713,0.755,4.25,05192-0304,,4
1610,HD34673A,Gaia DR3 3213958769587525888,HD34673A,HIP24819,GJ200A,TIC249076418,-,-,J05192-0304A,K3V,PM*,79.8028,-3.0738,758,05192-0304,,,,,,,,,,,,,,,,StelleDoppie,ORB6,,,,,,,7.77,63.6435,15.713,0.755,,05192-0304,,2
1611,HD31738,Gaia DR3 3228407348810503168,HD31738,HIP23105,-,TIC452749710,-,-,-,G5IVe,RS*,74.5707,0.4539,762,,HIP23105,G5IVe+,7.22,,0.45,0.0,,,,,,,,,,COMPOSITE,,,,,0.0,0.02,,7.265,29.7481,33.616,0.825,,-,,1
1612,HD31738,Gaia DR3 3228407348810503168,HD31738,HIP23105,-,TIC452749710,-,-,-,G5IVe,RS*,74.5707,0.4539,762,,HIP23105,G5IVe+,7.22,,0.5,0.0,,,,,,,,,,Pourbaix+04,2009Obs...129..317G,,,,0.0,0.02,,7.265,29.7481,33.616,0.825,,-,,2
1613,HD31738,Gaia DR3 3228407348810503168,HD31738,HIP23105,-,TIC452749710,-,-,-,G5IVe,RS*,74.5707,0.4539,762,,HIP23105,G5IVe+,7.22,,0.4,0.0,,,,,,,,,,Pourbaix+04,2011Obs...131..283F,,,,0.0,0.02,,7.265,29.7481,33.616,0.825,,-,,3
1614,HD31412,Gaia DR3 3239548665775613056,HD31412,HIP22919,GJ9169,TIC262501618,-,-,"J04559+0440Aa,Ab",F9.5V,**,73.9829,4.6704,767,04559+0440,,F8+M,7.1,11.1,,,,,,,,,,,,WDS_THE.csv,,0.41,,,,0.2,0.4,7.016,27.865,35.887,1.035,2.51,04559+0440,,3
1615,HD31412,Gaia DR3 3239548665775613056,HD31412,HIP22919,GJ9169,TIC262501618,-,-,"J04559+0440Aa,Ab",F9.5V,**,73.9829,4.6704,767,04559+0440,HIP22919,,7.1,11.1,84.3,0.98,,,22.57,61.94,,,,1.2,0.42,COMPOSITE,,0.41,,,,0.37,,7.016,27.865,35.887,1.035,,04559+0440,,1
1616,HD31412,Gaia DR3 3239548665775613056,HD31412,HIP22919,GJ9169,TIC262501618,-,-,"J04559+0440Aa,Ab",F9.5V,**,73.9829,4.6704,767,04559+0440,HIP22919,,,,84.3,0.98,,,22.57,61.94,,,,1.2,0.42,Qier_An+25,2025ApJS..280...61A,,,,,0.54,,7.016,27.865,35.887,1.035,,04559+0440,,2
1617,HD22879,Gaia DR3 3250489115709122560,HD22879,HIP17147,GJ147.1+GJ9121,TIC301564622,-,-,J03404-0313A,G0VmF2,Pe*,55.0919,-3.217,771,03404-0313,,,,,,,,,,,,,,,,StelleDoppie,ORB6,,,,,,,6.688,38.3253,26.092,0.765,,03404-0313,,2
1618,HD22879,Gaia DR3 3250489115709122560,HD22879,HIP17147,GJ147.1+GJ9121,TIC301564622,-,-,J03404-0313A,G0VmF2,Pe*,55.0919,-3.217,771,03404-0313,,,,,,,,,,,,,,,,COMPOSITE,,,,,,,,6.688,38.3253,26.092,0.765,,03404-0313,,1
1619,HD20385,Gaia DR3 3261733202649972992,HD20385,HIP15247,-,TIC49906916,-,-,"J03167-0332Aa,Ab",F6V,**,49.1694,-3.5303,773,03167-0332,,F5,7.5,12.5,,,,,,,,,,,,WDS_THE.csv,,0.33,,,,0.8,0.8,7.48,20.3667,49.1,1.035,1.0,03167-0332,,2
1620,HD20385,Gaia DR3 3261733202649972992,HD20385,HIP15247,-,TIC49906916,-,-,"J03167-0332Aa,Ab",F6V,**,49.1694,-3.5303,773,03167-0332,,F5,7.5,12.5,,,,,,,,,,,,COMPOSITE,,0.33,,,,0.8,0.8,7.48,20.3667,49.1,1.035,1.0,03167-0332,,1
1621,HD20630,Gaia DR3 3269362645115584640,HD20630,HIP15457,GJ137,TIC343813545,-,96Cet+kapCet+kap01Cet,J03194+0322A,G5V,BY*,49.8404,3.3702,776,03194+0322,,,,,,,,,,,,,,,,StelleDoppie,ORB6,,,,,,,4.839,107.8023,9.276,0.994,,03194+0322,,2
1622,HD20630,Gaia DR3 3269362645115584640,HD20630,HIP15457,GJ137,TIC343813545,-,96Cet+kapCet+kap01Cet,J03194+0322A,G5V,BY*,49.8404,3.3702,776,03194+0322,,,,,,,,,,,,,,,,COMPOSITE,,,,,,,,4.839,107.8023,9.276,0.994,,03194+0322,,1
1623,HD22255,Gaia DR3 3276017095645265664,HD22255,HIP16723,-,TIC274150483,-,-,J03352+0543A,F5,Em*,53.7923,5.714,777,03352+0543,,,8.3,14.5,,,,,,,,,,,,COMPOSITE,,0.25,,,,4.1,4.3,7.48,16.1975,61.738,1.055,0.33,03352+0543,,1
1624,HD22255,Gaia DR3 3276017095645265664,HD22255,HIP16723,-,TIC274150483,-,-,J03352+0543A,F5,Em*,53.7923,5.714,777,03352+0543,,,8.3,14.5,,,,,,,,,,,,WDS_THE.csv,,0.25,,,,4.1,4.3,7.48,16.1975,61.738,1.055,0.33,03352+0543,,2
1625,HD26923,Gaia DR3 3285218186904332288,HD26923,HIP19859,-,TIC283792884,-,-,J04155+0611A,G0IV,PM*,63.87,6.1869,780,04155+0611,,G5IV,5.27,18.6,,,,,,,,,,,,COMPOSITE,,0.05,,,,8.4,7.8,6.316,45.3005,22.075,1.075,0.0,04155+0611,,1
1626,HD26923,Gaia DR3 3285218186904332288,HD26923,HIP19859,-,TIC283792884,-,-,J04155+0611A,G0IV,PM*,63.87,6.1869,780,04155+0611,,G5IV,5.27,18.6,,,,,,,,,,,,WDS_THE.csv,,0.05,,,,7.8,7.8,6.316,45.3005,22.075,1.075,0.0,04155+0611,,3
1627,HD26923,Gaia DR3 3285218186904332288,HD26923,HIP19859,-,TIC283792884,-,-,J04155+0611A,G0IV,PM*,63.87,6.1869,780,04155+0611,,,,,,,,,,,,,,,,StelleDoppie,ORB6,,,,,,,6.316,45.3005,22.075,1.075,,04155+0611,,2
1628,HD26923,Gaia DR3 3285218186904332288,HD26923,HIP19859,-,TIC283792884,-,-,J04155+0611A,G0IV,PM*,63.87,6.1869,780,04155+0611,,G5IV,5.27,18.6,,,,,,,,,,,,WDS_THE.csv,,0.05,,,,9.0,9.0,6.316,45.3005,22.075,1.075,0.0,04155+0611,,4
1629,HD30652,Gaia DR3 3288921720025503360,HD30652,HIP22449,GJ178,TIC399665349,-,1Ori+pi.03Ori,J04498+0658A,F6V,PM*,72.46,6.9613,782,04498+0658,,F6V,1.8,18.55,,,,,,,,,,,,COMPOSITE,,0.03,,,,5.75,9.5,3.185,124.6198,8.024,1.233,0.0,04498+0658,,1
1630,HD30652,Gaia DR3 3288921720025503360,HD30652,HIP22449,GJ178,TIC399665349,-,1Ori+pi.03Ori,J04498+0658A,F6V,PM*,72.46,6.9613,782,04498+0658,,F6V,1.8,20.1,,,,,,,,,,,,WDS_THE.csv,,0.02,,,,9.5,9.5,3.185,124.6198,8.024,1.233,0.0,04498+0658,,2
1631,HD30652,Gaia DR3 3288921720025503360,HD30652,HIP22449,GJ178,TIC399665349,-,1Ori+pi.03Ori,J04498+0658A,F6V,PM*,72.46,6.9613,782,04498+0658,,F6V,1.8,17.0,,,,,,,,,,,,WDS_THE.csv,,0.04,,,,2.0,2.0,3.185,124.6198,8.024,1.233,0.0,04498+0658,,3
1632,13Ori,Gaia DR3 3290765291786058496,HD33021,HIP23852,GJ3334,TIC284794221,-,13Ori,J05076+0928A,G3,PM*,76.9096,9.4718,783,05076+0928,,,,,,,,,,,,,,,,StelleDoppie,ORB6,,,,,,,6.177,36.2462,27.589,0.987,,05076+0928,,2
1633,13Ori,Gaia DR3 3290765291786058496,HD33021,HIP23852,GJ3334,TIC284794221,-,13Ori,J05076+0928A,G3,PM*,76.9096,9.4718,783,05076+0928,,,,,,,,,,,,,,,,COMPOSITE,,,,,,,,6.177,36.2462,27.589,0.987,,05076+0928,,1
1634,HD26990,Gaia DR3 3297396274614449920,HD26990,HIP19911,-,TIC283826260,-,-,J04163+0710AB,G0V:,**,64.0688,7.1594,787,04163+0710,HIP19911,,7.7,9.7,5.7,0.805,,0.1,,148.0,,,,,,COMPOSITE,,0.57,358.05,1997.045,47.8,0.1,,7.471,24.8147,40.299,0.905,15.85,04163+0710,,1
1635,HD26990,Gaia DR3 3297396274614449920,HD26990,HIP19911,-,TIC283826260,-,-,J04163+0710AB,G0V:,**,64.0688,7.1594,787,04163+0710,HIP19911,,7.7,9.7,5.7,0.81,,,,148.0,,,,,,ORB6,Tok2015c,0.57,358.1,1997.09,47.6,,,7.471,24.8147,40.299,0.905,15.85,04163+0710,,3
1636,HD26990,Gaia DR3 3297396274614449920,HD26990,HIP19911,-,TIC283826260,-,-,J04163+0710AB,G0V:,**,64.0688,7.1594,787,04163+0710,,G0,7.7,9.7,,,,,,,,,,,,WDS_THE.csv,,0.57,,,,0.1,0.2,7.471,24.8147,40.299,0.905,15.85,04163+0710,,5
1637,HD26990,Gaia DR3 3297396274614449920,HD26990,HIP19911,-,TIC283826260,-,-,J04163+0710AB,G0V:,**,64.0688,7.1594,787,04163+0710,,,7.5,,5.7,,,0.1,,,,,,,,Chulkov+22,2022MNRAS.517.2925C,,,,,,,7.471,24.8147,40.299,0.905,,04163+0710,,2
1638,HD26990,Gaia DR3 3297396274614449920,HD26990,HIP19911,-,TIC283826260,-,-,J04163+0710AB,G0V:,**,64.0688,7.1594,787,04163+0710,,,7.7,9.7,5.7,0.8,,0.1,,148.0,,,,,,StelleDoppie,ORB6,0.57,358.0,1997.0,48.0,,,7.471,24.8147,40.299,0.905,15.85,04163+0710,,4
1639,HD29310,Gaia DR3 3309493720019304576,HD29310,HIP21543,-,TIC245902283,-,-,J04375+1509AB,G0,BY*,69.3833,15.1465,793,04375+1509,,G0,6.2,8.0,,,,,,,,,,,,WDS_THE.csv,,0.66,,,,0.0,0.1,7.545,25.6437,38.996,1.005,19.05,04375+1509,,8
1640,HD29310,Gaia DR3 3309493720019304576,HD29310,HIP21543,-,TIC245902283,-,-,J04375+1509AB,G0,BY*,69.3833,15.1465,793,04375+1509,HIP21543,G0            ,7.6,11.1,72.4,0.74,20.0,0.54,,,,,,,,Malkov+12,2012A&A...546A..69M,0.45,,,,,,7.545,25.6437,38.996,1.005,3.98,04375+1509,,4
1641,HD29310,Gaia DR3 3309493720019304576,HD29310,HIP21543,-,TIC245902283,-,-,J04375+1509AB,G0,BY*,69.3833,15.1465,793,04375+1509,,,7.53,,2.1,,,0.04,,,,,,,,Chulkov+22,2022MNRAS.517.2925C,,,,,,,7.545,25.6437,38.996,1.005,,04375+1509,,2
1642,HD29310,Gaia DR3 3309493720019304576,HD29310,HIP21543,-,TIC245902283,-,-,J04375+1509AB,G0,BY*,69.3833,15.1465,793,04375+1509,HIP21543,,7.6,11.1,124.9,0.2,,,,73.7,,,,,,ORB6,Tok2021b,0.45,324.0,2049.6,260.5,,,7.545,25.6437,38.996,1.005,3.98,04375+1509,,5
1643,HD29310,Gaia DR3 3309493720019304576,HD29310,HIP21543,-,TIC245902283,-,-,J04375+1509AB,G0,BY*,69.3833,15.1465,793,04375+1509,HIP21543,,7.6,,2.1,0.4,,,,144.0,,,,,,ORB6,Tok2021b,,319.3,1999.82,339.2,,,7.545,25.6437,38.996,1.005,,04375+1509,,6
1644,HD29310,Gaia DR3 3309493720019304576,HD29310,HIP21543,-,TIC245902283,-,-,J04375+1509AB,G0,BY*,69.3833,15.1465,793,04375+1509,,,,,,,,,,,,,,,,StelleDoppie,ORB6,,,,,,,7.545,25.6437,38.996,1.005,,04375+1509,,7
1645,HD29310,Gaia DR3 3309493720019304576,HD29310,HIP21543,-,TIC245902283,-,-,J04375+1509AB,G0,BY*,69.3833,15.1465,793,04375+1509,,G0,7.6,11.1,,,,,,,,,,,,WDS_THE.csv,,0.45,,,,0.2,0.6,7.545,25.6437,38.996,1.005,3.98,04375+1509,,9
1646,HD29310,Gaia DR3 3309493720019304576,HD29310,HIP21543,-,TIC245902283,-,-,J04375+1509AB,G0,BY*,69.3833,15.1465,793,04375+1509,,,7.53,,124.9,,,0.67,,,,,,,,Chulkov+22,2022MNRAS.517.2925C,,,,,,,7.545,25.6437,38.996,1.005,,04375+1509,,3
1647,HD29310,Gaia DR3 3309493720019304576,HD29310,HIP21543,-,TIC245902283,-,-,J04375+1509AB,G0,BY*,69.3833,15.1465,793,04375+1509,HIP21543,G0            ,7.6,11.1,72.4,0.4,20.0,0.54,,108.85,,,,,,COMPOSITE,,0.45,321.65,2024.71,299.85,0.1,,7.545,25.6437,38.996,1.005,3.98,04375+1509,,1
1648,HD27836,Gaia DR3 3311151233797884416,HD27836,HIP20553,-,TIC435939639,-,-,J04242+1445AB,G0V(e),BY*,66.052,14.7582,795,04242+1445,,,7.58,,111.8,,,0.73,,,,,,,,Chulkov+22,2022MNRAS.517.2925C,,,,,,,7.58,20.8562,47.947,1.045,,04242+1445,,2
1649,HD27836,Gaia DR3 3311151233797884416,HD27836,HIP20553,-,TIC435939639,-,-,J04242+1445AB,G0V(e),BY*,66.052,14.7582,795,04242+1445,,G1V,7.78,10.8,,,,,,,,,,,,WDS_THE.csv,,0.52,,,,0.3,0.6,7.58,20.8562,47.947,1.045,6.19,04242+1445,,6
1650,HD27836,Gaia DR3 3311151233797884416,HD27836,HIP20553,-,TIC435939639,-,-,J04242+1445AB,G0V(e),BY*,66.052,14.7582,795,04242+1445,,,7.78,10.8,111.8,0.97,,0.73,,116.05,,,,,,COMPOSITE,,0.52,162.8,1995.165,108.05,0.3,,7.58,20.8562,47.947,1.045,5.75,04242+1445,,1
1651,HD27836,Gaia DR3 3311151233797884416,HD27836,HIP20553,-,TIC435939639,-,-,J04242+1445AB,G0V(e),BY*,66.052,14.7582,795,04242+1445,HIP20553,,7.78,10.8,111.8,0.97,,,,116.1,,,,,,ORB6,Zir2008,0.52,162.6,1995.33,108.1,,,7.58,20.8562,47.947,1.045,6.19,04242+1445,,4
1652,HD27836,Gaia DR3 3311151233797884416,HD27836,HIP20553,-,TIC435939639,-,-,J04242+1445AB,G0V(e),BY*,66.052,14.7582,795,04242+1445,HIP20553,G1V           ,7.78,10.8,111.8,0.97,22.77,0.73,,,,,,,,Malkov+12,2012A&A...546A..69M,0.52,,,,,,7.58,20.8562,47.947,1.045,6.19,04242+1445,,3
1653,HD27836,Gaia DR3 3311151233797884416,HD27836,HIP20553,-,TIC435939639,-,-,J04242+1445AB,G0V(e),BY*,66.052,14.7582,795,04242+1445,,,7.7,10.8,112.0,0.97,,0.73,,116.0,,,,,,StelleDoppie,ORB6,0.51,163.0,1995.0,108.0,,,7.58,20.8562,47.947,1.045,5.75,04242+1445,,5
1654,HD27691A,Gaia DR3 3311221224583178368,HD27691A,-,-,-,-,-,J04227+1503A,F8V,SB*,65.6841,15.0561,796,04227+1503,,,7.3,8.6,247.0,0.28,,1.2,,138.0,,,,,,StelleDoppie,ORB6,0.57,197.0,1893.0,56.7,,,7.251,21.1877,47.197,0.775,30.2,04227+1503,,6
1655,HD27691A,Gaia DR3 3311221224583178368,HD27691A,-,-,-,-,-,J04227+1503A,F8V,SB*,65.6841,15.0561,796,04227+1503,,G0V,5.7,8.5,,,,,,,,,,,,WDS_THE.csv,,0.41,,,,-1.0,-1.0,7.251,21.1877,47.197,0.775,7.59,04227+1503,,7
1656,HD27691A,Gaia DR3 3311221224583178368,HD27691A,-,-,-,-,-,J04227+1503A,F8V,SB*,65.6841,15.0561,796,04227+1503,,F9V,7.31,8.63,,,,,,,,,,,,WDS_THE.csv,,0.57,,,,1.0,1.2,7.251,21.1877,47.197,0.775,29.65,04227+1503,,8
1657,HD27691A,Gaia DR3 3311221224583178368,HD27691A,-,-,-,-,-,J04227+1503A,F8V,SB*,65.6841,15.0561,796,04227+1503,HIP20440,,7.31,8.63,246.9,0.28,,,,137.8,,,,,,ORB6,USN2021b,0.57,197.0,1892.78,56.7,,,7.251,21.1877,47.197,0.775,29.65,04227+1503,,4
1658,HD27691A,Gaia DR3 3311221224583178368,HD27691A,-,-,-,-,-,J04227+1503A,F8V,SB*,65.6841,15.0561,796,04227+1503,HIP20440,,5.7,8.5,0.1,0.03,,,,48.31,,,,,,ORB6,CIA2022b,0.41,220.4,59501.5,273.71,,,7.251,21.1877,47.197,0.775,7.59,04227+1503,,5
1659,HD27691A,Gaia DR3 3311221224583178368,HD27691A,-,-,-,-,-,J04227+1503A,F8V,SB*,65.6841,15.0561,796,04227+1503,HIP20440,F9V           ,7.31,8.63,241.0,0.26,22.92,1.16,,,,,,,,Malkov+12,2012A&A...546A..69M,0.57,,,,,,7.251,21.1877,47.197,0.775,29.65,04227+1503,,3
1660,HD27691A,Gaia DR3 3311221224583178368,HD27691A,-,-,-,-,-,J04227+1503A,F8V,SB*,65.6841,15.0561,796,04227+1503,,,6.97,,252.2,,,1.21,,,,,,,,Chulkov+22,2022MNRAS.517.2925C,,,,,,,7.251,21.1877,47.197,0.775,,04227+1503,,2
1661,HD27691A,Gaia DR3 3311221224583178368,HD27691A,-,-,-,-,-,J04227+1503A,F8V,SB*,65.6841,15.0561,796,04227+1503,,,7.3,8.615,246.9,0.27,,1.2,,137.8,,,,,,COMPOSITE,,0.57,197.0,1893.0,56.7,0.0,,7.251,21.1877,47.197,0.775,30.2,04227+1503,,1
1662,55Tau,Gaia DR3 3312324550143212288,HD27383,HIP20215,-,TIC435911720,-,55Tau,J04199+1631AB,F8V,**,64.9786,16.5226,797,04199+1631,,,7.26,8.62,89.7,0.6,,0.59,,53.0,2.57,2.25,1.07,,,COMPOSITE,,0.87,62.0,,134.0,0.3,,6.931,21.7253,46.029,1.195,,04199+1631,,1
1663,55Tau,Gaia DR3 3312324550143212288,HD27383,HIP20215,-,TIC435911720,-,55Tau,J04199+1631AB,F8V,**,64.9786,16.5226,797,04199+1631,,,6.85,,89.7,,,0.59,,,,,,,,Chulkov+22,2022MNRAS.517.2925C,,,,,,,6.931,21.7253,46.029,1.195,,04199+1631,,2
1664,55Tau,Gaia DR3 3312324550143212288,HD27383,HIP20215,-,TIC435911720,-,55Tau,J04199+1631AB,F8V,**,64.9786,16.5226,797,04199+1631,HIP20215,,7.26,8.62,89.7,0.6,,,,53.0,,,,,,ORB6,Sod1999,0.87,62.0,,134.0,,,6.931,21.7253,46.029,1.195,28.58,04199+1631,,5
1665,55Tau,Gaia DR3 3312324550143212288,HD27383,HIP20215,-,TIC435911720,-,55Tau,J04199+1631AB,F8V,**,64.9786,16.5226,797,04199+1631,HIP20215,F9V           ,7.26,8.62,89.7,0.6,21.49,0.59,,,2.57,2.25,1.07,,,Malkov+12,2012A&A...546A..69M,0.87,,,,,,6.931,21.7253,46.029,1.195,28.58,04199+1631,,3
1666,55Tau,Gaia DR3 3312324550143212288,HD27383,HIP20215,-,TIC435911720,-,55Tau,J04199+1631AB,F8V,**,64.9786,16.5226,797,04199+1631,,F9V,7.26,8.62,,,,,,,,,,,,WDS_THE.csv,,0.87,,,,0.3,0.6,6.931,21.7253,46.029,1.195,28.58,04199+1631,,7
1667,55Tau,Gaia DR3 3312324550143212288,HD27383,HIP20215,-,TIC435911720,-,55Tau,J04199+1631AB,F8V,**,64.9786,16.5226,797,04199+1631,HIP20215,F9V           ,7.26,8.62,89.3,0.6,21.49,0.58,,,2.57,2.25,1.07,,,Malkov+12,2012A&A...546A..69M,0.87,,,,,,6.931,21.7253,46.029,1.195,28.58,04199+1631,,4
1668,55Tau,Gaia DR3 3312324550143212288,HD27383,HIP20215,-,TIC435911720,-,55Tau,J04199+1631AB,F8V,**,64.9786,16.5226,797,,HIP20215,,,,89.7,0.6,,0.59,,53.0,,,,,,Soederhjem+99,1999A&A...341..121S,,,,,,,6.931,21.7253,46.029,1.195,,04199+1631,,6
1669,HD28363,Gaia DR3 3312892757136810880,HD28363,HIP20916,-,TIC456892231,-,-,J04290+1610AB,F8V,**,67.2489,16.1591,800,,HIP20916,F8+,6.59,,21.3,0.27,,,,,,,,,,Pourbaix+04,1995AstL...21..396S,,,,348.7,0.18,,6.574,22.1751,45.096,1.245,,04290+1610,,5
1670,HD28363,Gaia DR3 3312892757136810880,HD28363,HIP20916,-,TIC456892231,-,-,J04290+1610AB,F8V,**,67.2489,16.1591,800,04290+1610,,,6.85,8.38,40.7,0.325,,0.39,,92.53,,,,,,COMPOSITE,,0.88,78.4,1960.84,333.08,0.29000000000000004,,6.574,22.1751,45.096,1.245,,04290+1610,,1
1671,HD28363,Gaia DR3 3312892757136810880,HD28363,HIP20916,-,TIC456892231,-,-,J04290+1610AB,F8V,**,67.2489,16.1591,800,04290+1610,,,6.59,,40.8,,,0.37,,,,,,,,Chulkov+22,2022MNRAS.517.2925C,,,,,,,6.574,22.1751,45.096,1.245,,04290+1610,,2
1672,HD28363,Gaia DR3 3312892757136810880,HD28363,HIP20916,-,TIC456892231,-,-,J04290+1610AB,F8V,**,67.2489,16.1591,800,04290+1610,HIP20916,,6.85,8.38,40.8,0.32,,,,93.06,,,,,,ORB6,Trr2019b,0.88,78.4,1960.84,317.46,,,6.574,22.1751,45.096,1.245,24.43,04290+1610,,4
1673,HD28363,Gaia DR3 3312892757136810880,HD28363,HIP20916,-,TIC456892231,-,-,J04290+1610AB,F8V,**,67.2489,16.1591,800,04290+1610,HIP20916,F7V           ,6.85,8.38,40.7,0.33,20.65,0.39,,,,,,,,Malkov+12,2012A&A...546A..69M,0.88,,,,,,6.574,22.1751,45.096,1.245,24.43,04290+1610,,3
1674,HD28363,Gaia DR3 3312892757136810880,HD28363,HIP20916,-,TIC456892231,-,-,J04290+1610AB,F8V,**,67.2489,16.1591,800,04290+1610,,F7V,6.85,8.38,,,,,,,,,,,,WDS_THE.csv,,0.88,,,,0.4,0.4,6.574,22.1751,45.096,1.245,24.43,04290+1610,,7
1675,HD28363,Gaia DR3 3312892757136810880,HD28363,HIP20916,-,TIC456892231,-,-,J04290+1610AB,F8V,**,67.2489,16.1591,800,,HIP20916,,,,40.7,0.33,,0.39,,92.0,,,,,,Soederhjem+99,1999A&A...341..121S,,,,,,,6.574,22.1751,45.096,1.245,,04290+1610,,6
1676,HD43587,Gaia DR3 3317901165746471552,HD43587,HIP29860,GJ231.1A+GJ9208A,TIC265361101,-,-,"J06173+0506Aa,Ab",G0V,SB*,94.3172,5.1,801,06173+0506,,,5.8,11.1,35.5,0.81,,0.65,,41.0,,,,,,StelleDoppie,ORB6,0.29,166.0,1998.0,76.0,,,5.712,51.6165,19.374,0.982,0.76,06173+0506,,6
1677,HD43587,Gaia DR3 3317901165746471552,HD43587,HIP29860,GJ231.1A+GJ9208A,TIC265361101,-,-,"J06173+0506Aa,Ab",G0V,SB*,94.3172,5.1,801,,HIP29860,G0.5Vb+,5.7,,12490.0,0.8,,,,,,,,,,Pourbaix+04,2013AJ....145...41K,,,,75.21,27.62,,5.712,51.6165,19.374,0.982,,06173+0506,,5
1678,HD43587,Gaia DR3 3317901165746471552,HD43587,HIP29860,GJ231.1A+GJ9208A,TIC265361101,-,-,"J06173+0506Aa,Ab",G0V,SB*,94.3172,5.1,801,06173+0506,HIP29860,F9V           ,5.77,0.0,32.1,0.8,51.95,0.6,,,,,,,,Malkov+12,2012A&A...546A..69M,3.71,,,,,,5.712,51.6165,19.374,0.982,20323.57,06173+0506,,3
1679,HD43587,Gaia DR3 3317901165746471552,HD43587,HIP29860,GJ231.1A+GJ9208A,TIC265361101,-,-,"J06173+0506Aa,Ab",G0V,SB*,94.3172,5.1,801,06173+0506,HIP29860,,5.77,11.1,35.6,0.81,,,,41.3,,,,,,ORB6,Tok2018e,0.29,166.8,1998.06,76.0,,,5.712,51.6165,19.374,0.982,0.74,06173+0506,,4
1680,HD43587,Gaia DR3 3317901165746471552,HD43587,HIP29860,GJ231.1A+GJ9208A,TIC265361101,-,-,"J06173+0506Aa,Ab",G0V,SB*,94.3172,5.1,801,06173+0506,,F9V,5.77,11.1,,,,,,,,,,,,WDS_THE.csv,,0.29,,,,0.6,0.8,5.712,51.6165,19.374,0.982,0.74,06173+0506,,7
1681,HD43587,Gaia DR3 3317901165746471552,HD43587,HIP29860,GJ231.1A+GJ9208A,TIC265361101,-,-,"J06173+0506Aa,Ab",G0V,SB*,94.3172,5.1,801,06173+0506,,,5.7,,35.6,,,0.65,,,,,,,,Chulkov+22,2022MNRAS.517.2925C,,,,,,,5.712,51.6165,19.374,0.982,,06173+0506,,2
1682,HD43587,Gaia DR3 3317901165746471552,HD43587,HIP29860,GJ231.1A+GJ9208A,TIC265361101,-,-,"J06173+0506Aa,Ab",G0V,SB*,94.3172,5.1,801,06173+0506,,F9V,5.77,11.1,35.6,0.805,,0.65,,41.15,,,,,,COMPOSITE,,0.29,166.4,1998.03,76.0,14.110000000000001,0.8,5.712,51.6165,19.374,0.982,0.74,06173+0506,,1
1683,HD47157,Gaia DR3 3326573774163806336,HD47157,HIP31655,-,TIC220204291,-,-,J06375+0909A,G5IV-V,PM*,99.3825,9.1443,805,06375+0909,,,7.71,12.1,,,,,,,,,,,,COMPOSITE,,0.4,,,,9.9,,7.61,24.9694,40.049,1.103,,06375+0909,,1
1684,HD47157,Gaia DR3 3326573774163806336,HD47157,HIP31655,-,TIC220204291,-,-,J06375+0909A,G5IV-V,PM*,99.3825,9.1443,805,06375+0909,,,,,,,,,,,,,,,,StelleDoppie,ORB6,,,,,,,7.61,24.9694,40.049,1.103,,06375+0909,,2
1685,HD47157,Gaia DR3 3326573774163806336,HD47157,HIP31655,-,TIC220204291,-,-,J06375+0909A,G5IV-V,PM*,99.3825,9.1443,805,06375+0909,,G5,7.71,12.1,,,,,,,,,,,,WDS_THE.csv,,0.4,,,,9.9,10.7,7.61,24.9694,40.049,1.103,1.75,06375+0909,,3
1686,HD35956,Gaia DR3 3340966243931480448,HD35956,HIP25662,GJ3347,TIC302492175,-,-,J05289+1233A,G0V,SB*,82.2151,12.5508,808,05289+1233,,G0V,6.74,11.24,,,,,,,,,,,,WDS_THE.csv,,0.35,,,,5.4,5.4,6.718,33.7879,29.596,0.975,1.58,05289+1233,,4
1687,HD35956,Gaia DR3 3340966243931480448,HD35956,HIP25662,GJ3347,TIC302492175,-,-,J05289+1233A,G0V,SB*,82.2151,12.5508,808,05289+1233,,,,,,,,,,,,,,,,StelleDoppie,ORB6,,,,,,,6.718,33.7879,29.596,0.975,,05289+1233,,3
1688,HD35956,Gaia DR3 3340966243931480448,HD35956,HIP25662,GJ3347,TIC302492175,-,-,J05289+1233A,G0V,SB*,82.2151,12.5508,808,05289+1233,,G0V,6.74,13.99,,,,,,,,,,,,WDS_THE.csv,,0.18,,,,8.5,12.3,6.718,33.7879,29.596,0.975,0.13,05289+1233,,5
1689,HD35956,Gaia DR3 3340966243931480448,HD35956,HIP25662,GJ3347,TIC302492175,-,-,J05289+1233A,G0V,SB*,82.2151,12.5508,808,,HIP25662,G0V+,6.71,,1426.8,0.62,,,,,,,,,,Pourbaix+04,2013AJ....145...41K,,,,326.55,4.25,,6.718,33.7879,29.596,0.975,,05289+1233,,2
1690,HD35956,Gaia DR3 3340966243931480448,HD35956,HIP25662,GJ3347,TIC302492175,-,-,J05289+1233A,G0V,SB*,82.2151,12.5508,808,05289+1233,,,6.74,12.615,1426.8,0.62,,,,,,,,,,COMPOSITE,,0.265,,,326.55,5.4,,6.718,33.7879,29.596,0.975,,05289+1233,,1
1691,HD41593,Gaia DR3 3345968334645285376,HD41593,HIP28954,GJ227,TIC415563103,-,-,J06067+1533A,K0V,PM*,91.6687,15.5421,810,06067+1533,,,4.82,17.6,,,,,,,,,,,,COMPOSITE,,0.05,,,,8.9,,6.747,63.4065,15.771,0.895,,06067+1533,,1
1692,HD41593,Gaia DR3 3345968334645285376,HD41593,HIP28954,GJ227,TIC415563103,-,-,J06067+1533A,K0V,PM*,91.6687,15.5421,810,06067+1533,,K0V,4.82,17.6,,,,,,,,,,,,WDS_THE.csv,,0.05,,,,8.9,9.1,6.747,63.4065,15.771,0.895,0.0,06067+1533,,3
1693,HD41593,Gaia DR3 3345968334645285376,HD41593,HIP28954,GJ227,TIC415563103,-,-,J06067+1533A,K0V,PM*,91.6687,15.5421,810,06067+1533,,,,,,,,,,,,,,,,StelleDoppie,ORB6,,,,,,,6.747,63.4065,15.771,0.895,,06067+1533,,2
1694,HD39881,Gaia DR3 3346787986201584896,HD39881,HIP28066,GJ224,TIC91928222,-,-,J05561+1356A,G2V,PM*,89.0143,13.9249,811,05561+1356,,G2V+WD,6.67,13.1,,,,,,,,,,,,COMPOSITE,,0.2,,,,9.5,9.5,6.621,36.4474,27.437,0.895,0.27,05561+1356,,1
1695,HD39881,Gaia DR3 3346787986201584896,HD39881,HIP28066,GJ224,TIC91928222,-,-,J05561+1356A,G2V,PM*,89.0143,13.9249,811,05561+1356,,,,,,,,,,,,,,,,StelleDoppie,ORB6,,,,,,,6.621,36.4474,27.437,0.895,,05561+1356,,2
1696,HD39881,Gaia DR3 3346787986201584896,HD39881,HIP28066,GJ224,TIC91928222,-,-,J05561+1356A,G2V,PM*,89.0143,13.9249,811,05561+1356,,G2V+WD,6.67,13.1,,,,,,,,,,,,WDS_THE.csv,,0.2,,,,9.5,9.5,6.621,36.4474,27.437,0.895,0.27,05561+1356,,3
1697,HD47127,Gaia DR3 3352152743956693376,HD47127,HIP31660,-,TIC307943195,-,-,J06376+1211A,G5,PM*,99.3912,12.1806,814,06376+1211,,,,,,,,,,,,,,,,StelleDoppie,ORB6,,,,,,,6.84,37.5607,26.624,0.955,,06376+1211,,2
1698,HD47127,Gaia DR3 3352152743956693376,HD47127,HIP31660,-,TIC307943195,-,-,J06376+1211A,G5,PM*,99.3912,12.1806,814,06376+1211,,,,,,,,,,,,,,,,COMPOSITE,,,,,,,,6.84,37.5607,26.624,0.955,,06376+1211,,1
1699,eGemB,Gaia DR3 3353254695123859456,HD50635B,-,GJ9220B,TIC155463741,-,eGemB,J06546+1311B,G4V,PM*,103.6622,13.1762,815,06546+1311,,,4.75,7.8,1846.9,0.48,,9.55,,116.24000000000001,,,,,,COMPOSITE,,0.45,36.41,1678.3,104.69,7.4,,7.634,33.3248,30.008,0.918,6.31,06546+1311,,1
1700,eGemB,Gaia DR3 3353254695123859456,HD50635B,-,GJ9220B,TIC155463741,-,eGemB,J06546+1311B,G4V,PM*,103.6622,13.1762,815,06546+1311,,,4.73,,1750.0,,,11.96,,,,,,,,Chulkov+22,2022MNRAS.517.2925C,,,,,,,7.634,33.3248,30.008,0.918,,06546+1311,,2
1701,eGemB,Gaia DR3 3353254695123859456,HD50635B,-,GJ9220B,TIC155463741,-,eGemB,J06546+1311B,G4V,PM*,103.6622,13.1762,815,06546+1311,,,4.8,7.8,1749.0,0.84,,11.9,,116.0,,,,,,StelleDoppie,ORB6,0.46,36.0,1678.0,105.0,,,7.634,33.3248,30.008,0.918,6.31,06546+1311,,7
1702,eGemB,Gaia DR3 3353254695123859456,HD50635B,-,GJ9220B,TIC155463741,-,eGemB,J06546+1311B,G4V,PM*,103.6622,13.1762,815,06546+1311,HIP33202,F0Vp          ,4.75,7.8,1943.8,0.15,39.02,8.19,,,,,,,,Malkov+12,2012A&A...546A..69M,0.45,,,,,,7.634,33.3248,30.008,0.918,6.03,06546+1311,,3
1703,eGemB,Gaia DR3 3353254695123859456,HD50635B,-,GJ9220B,TIC155463741,-,eGemB,J06546+1311B,G4V,PM*,103.6622,13.1762,815,06546+1311,HIP33202,F0Vp          ,4.75,7.8,3190.0,0.48,39.02,9.55,,,,,,,,Malkov+12,2012A&A...546A..69M,0.45,,,,,,7.634,33.3248,30.008,0.918,6.03,06546+1311,,4
1704,eGemB,Gaia DR3 3353254695123859456,HD50635B,-,GJ9220B,TIC155463741,-,eGemB,J06546+1311B,G4V,PM*,103.6622,13.1762,815,06546+1311,HIP33202,,4.75,7.8,1750.0,0.84,,,,116.48,,,,,,ORB6,Izm2019,0.45,36.82,1678.6,104.38,,,7.634,33.3248,30.008,0.918,6.03,06546+1311,,6
1705,eGemB,Gaia DR3 3353254695123859456,HD50635B,-,GJ9220B,TIC155463741,-,eGemB,J06546+1311B,G4V,PM*,103.6622,13.1762,815,06546+1311,,F0Vp,4.75,7.8,,,,,,,,,,,,WDS_THE.csv,,0.45,,,,7.4,7.4,7.634,33.3248,30.008,0.918,6.03,06546+1311,,8
1706,eGemB,Gaia DR3 3353254695123859456,HD50635B,-,GJ9220B,TIC155463741,-,eGemB,J06546+1311B,G4V,PM*,103.6622,13.1762,815,06546+1311,HIP33202,F0Vp          ,4.75,7.8,1943.8,0.15,39.02,8.19,,,,,,,,Malkov+12,2012A&A...546A..69M,0.45,,,,,,7.634,33.3248,30.008,0.918,6.03,06546+1311,,5
1707,HD268518,Gaia DR3 3366754464528540416,HD268518,-,-,TIC436942358,-,-,J07041+2034C,G1V,PM*,106.0208,20.5975,817,07041+2034,,F7-G3Ib,4.5,4.5,,,,,,,,,,,,WDS_THE.csv,,0.96,,,,0.1,0.1,7.592,28.6412,34.915,0.955,100.0,07041+2034,,3
1708,HD268518,Gaia DR3 3366754464528540416,HD268518,-,-,TIC436942358,-,-,J07041+2034C,G1V,PM*,106.0208,20.5975,817,07041+2034,,,,,,,,,,,,,,,,StelleDoppie,ORB6,,,,,,,7.592,28.6412,34.915,0.955,,07041+2034,,2
1709,HD268518,Gaia DR3 3366754464528540416,HD268518,-,-,TIC436942358,-,-,J07041+2034C,G1V,PM*,106.0208,20.5975,817,07041+2034,,F7-G3Ib,4.5,4.5,,,,,,,,,,,,COMPOSITE,,0.96,,,,0.1,0.1,7.592,28.6412,34.915,0.955,100.0,07041+2034,,1
1710,HD48565,Gaia DR3 3378123861436589952,HD48565,HIP32329,-,TIC56748852,-,-,-,hF8gF8mF3,SB*,101.2288,20.8606,820,,HIP32329,F8+,7.18,,73.4,0.26,,,,,,,,,,Pourbaix+04,2018MNRAS.475.1375G,,,,221.0,0.34,,7.201,20.0198,49.951,0.875,,-,,2
1711,HD48565,Gaia DR3 3378123861436589952,HD48565,HIP32329,-,TIC56748852,-,-,-,hF8gF8mF3,SB*,101.2288,20.8606,820,,HIP32329,F8+,7.18,,73.4,0.22,,,,,,,,,,Pourbaix+04,2019A&A...626A.128E,,,,214.0,0.34,,7.201,20.0198,49.951,0.875,,-,,3
1712,HD48565,Gaia DR3 3378123861436589952,HD48565,HIP32329,-,TIC56748852,-,-,-,hF8gF8mF3,SB*,101.2288,20.8606,820,,-,hF8gF8mF3+A(pSr),7.18,,10531.0,0.37,,,,,,,,,,Pourbaix+04,2019A&A...626A.128E,,,,222.0,9.2,,7.201,20.0198,49.951,0.875,,-,,4
1713,HD48565,Gaia DR3 3378123861436589952,HD48565,HIP32329,-,TIC56748852,-,-,-,hF8gF8mF3,SB*,101.2288,20.8606,820,,HIP32329,F8+,7.18,,3559.2666666666664,0.2833333333333333,,,,,,,,,,COMPOSITE,,,,,219.0,3.293333333333333,,7.201,20.0198,49.951,0.875,,-,,1
1714,HD47415,Gaia DR3 3383000539103328768,HD47415,HIP31850,-,TIC284327831,-,-,J06395+2436A,F8IV,SB*,99.8812,24.6002,825,,HIP31850,F8IV+F5V,6.36,,5.7,0.005,,,,,,,,,,COMPOSITE,,,,,20.615,0.09,,6.452,27.6925,36.111,1.025,,06395+2436,,1
1715,HD47415,Gaia DR3 3383000539103328768,HD47415,HIP31850,-,TIC284327831,-,-,J06395+2436A,F8IV,SB*,99.8812,24.6002,825,,HIP31850,F8IV+F5V,6.36,,5.7,0.0,,,,,,,,,,Pourbaix+04,1983A&AS...52..293N,,,,0.0,0.09,,6.452,27.6925,36.111,1.025,,06395+2436,,2
1716,HD47415,Gaia DR3 3383000539103328768,HD47415,HIP31850,-,TIC284327831,-,-,J06395+2436A,F8IV,SB*,99.8812,24.6002,825,,HIP31850,F8IV+F5V,6.36,,5.7,0.01,,,,,,,,,,Pourbaix+04,1999A&A...346..532D,,,,41.23,0.09,,6.452,27.6925,36.111,1.025,,06395+2436,,3
1717,HD32851,Gaia DR3 3392062194249991040,HD32851,HIP23789,-,TIC293607951,-,-,J05067+1405AB,F8,**,76.6795,14.0848,828,05067+1405,,F8,7.39,10.64,,,,,,,,,,,,COMPOSITE,,0.67,,,,0.8,0.8,7.3,17.8312,56.081,1.425,5.01,05067+1405,,1
1718,HD32851,Gaia DR3 3392062194249991040,HD32851,HIP23789,-,TIC293607951,-,-,J05067+1405AB,F8,**,76.6795,14.0848,828,05067+1405,,F8,7.39,10.64,,,,,,,,,,,,WDS_THE.csv,,0.67,,,,0.8,0.8,7.3,17.8312,56.081,1.425,5.01,05067+1405,,2
1719,HD39587,Gaia DR3 3399063235755057792,HD39587,HIP27913,GJ222,TIC114776214,-,54Ori+chi01Ori,-,G0V,SB*,88.5957,20.2763,832,,HIP27913,G0V+,4.41,,5136.0,0.45,,,,,,,,,,Pourbaix+04,2002ApJS..141..503N,,,,111.0,34.15,,4.397,114.9497,8.699,0.994,,-,,2
1720,HD39587,Gaia DR3 3399063235755057792,HD39587,HIP27913,GJ222,TIC114776214,-,54Ori+chi01Ori,-,G0V,SB*,88.5957,20.2763,832,,HIP27913,G0V+,4.41,,5205.0,0.44,,,,,,,,,,Pourbaix+04,1991A&A...248..485D,,,,107.1,34.45,,4.397,114.9497,8.699,0.994,,-,,3
1721,HD39587,Gaia DR3 3399063235755057792,HD39587,HIP27913,GJ222,TIC114776214,-,54Ori+chi01Ori,-,G0V,SB*,88.5957,20.2763,832,,HIP27913,G0V+,4.41,,5191.0,0.45,,,,,,,,,,Pourbaix+04,1992PASP..104..101I,,,,111.72,34.39,,4.397,114.9497,8.699,0.994,,-,,4
1722,HD39587,Gaia DR3 3399063235755057792,HD39587,HIP27913,GJ222,TIC114776214,-,54Ori+chi01Ori,-,G0V,SB*,88.5957,20.2763,832,,HIP27913,G0V+,4.41,,5156.3,0.45,,,,,,,,,,Pourbaix+04,2002PASP..114..224H,,,,111.53,34.24,,4.397,114.9497,8.699,0.994,,-,,5
1723,HD39587,Gaia DR3 3399063235755057792,HD39587,HIP27913,GJ222,TIC114776214,-,54Ori+chi01Ori,-,G0V,SB*,88.5957,20.2763,832,,HIP27913,G0V+,4.41,,5172.075,0.4475,,,,,,,,,,COMPOSITE,,,,,110.3375,34.3075,,4.397,114.9497,8.699,0.994,,-,,1
1724,HD30738,Gaia DR3 3405220088550711808,HD30738,HIP22524,-,TIC436656073,-,-,-,F8,SB*,72.7023,16.2105,836,,HIP22524,F8+,7.29,,5.8,0.35,,,,,,,,,,COMPOSITE,,,,,54.9,0.07,,7.29,19.9187,50.204,1.275,,-,,1
1725,HD30738,Gaia DR3 3405220088550711808,HD30738,HIP22524,-,TIC436656073,-,-,-,F8,SB*,72.7023,16.2105,836,,HIP22524,F8+,7.29,,5.8,0.35,,,,,,,,,,Pourbaix+04,1978AJ.....83.1114G,,,,54.9,0.07,,7.29,19.9187,50.204,1.275,,-,,2
1726,HD32923,Gaia DR3 3407611182744289152,HD32923,HIP23835,GJ188+GJ188.0,TIC27136704,-,104Tau+mTau,J05074+1839AB,G1V,**,76.8625,18.645,838,05074+1839,,,4.91,,1.2,,,0.18,,,,,,,,Chulkov+22,2022MNRAS.517.2925C,,,,,,,4.922,62.8252,15.917,0.984,,05074+1839,,2
1727,HD32923,Gaia DR3 3407611182744289152,HD32923,HIP23835,GJ188+GJ188.0,TIC27136704,-,104Tau+mTau,J05074+1839AB,G1V,**,76.8625,18.645,838,05074+1839,,,,,,,,,,,,,,,,StelleDoppie,ORB6,,,,,,,4.922,62.8252,15.917,0.984,,05074+1839,,7
1728,HD32923,Gaia DR3 3407611182744289152,HD32923,HIP23835,GJ188+GJ188.0,TIC27136704,-,104Tau+mTau,J05074+1839AB,G1V,**,76.8625,18.645,838,05074+1839,,G1V,3.2,,,,,,,,,,,,,WDS_THE.csv,,,,,,6.3,6.3,4.922,62.8252,15.917,0.984,,05074+1839,,8
1729,HD32923,Gaia DR3 3407611182744289152,HD32923,HIP23835,GJ188+GJ188.0,TIC27136704,-,104Tau+mTau,J05074+1839AB,G1V,**,76.8625,18.645,838,05074+1839,HIP23835,G1V           ,5.8,5.8,1.2,0.9,64.79,0.18,,73.0,0.65,2.12,1.02,,,COMPOSITE,,0.98,122.3,1911.37,90.3,3.1999999999999997,,4.922,62.8252,15.917,0.984,100.0,05074+1839,,1
1730,HD32923,Gaia DR3 3407611182744289152,HD32923,HIP23835,GJ188+GJ188.0,TIC27136704,-,104Tau+mTau,J05074+1839AB,G1V,**,76.8625,18.645,838,05074+1839,HIP23835,G1V           ,5.8,5.8,1.2,0.9,64.79,0.18,,,0.65,2.12,1.02,,,Malkov+12,2012A&A...546A..69M,0.98,,,,,,4.922,62.8252,15.917,0.984,100.0,05074+1839,,3
1731,HD32923,Gaia DR3 3407611182744289152,HD32923,HIP23835,GJ188+GJ188.0,TIC27136704,-,104Tau+mTau,J05074+1839AB,G1V,**,76.8625,18.645,838,05074+1839,,G1V,5.8,5.8,,,,,,,,,,,,WDS_THE.csv,,0.98,,,,0.1,0.1,4.922,62.8252,15.917,0.984,100.0,05074+1839,,9
1732,HD32923,Gaia DR3 3407611182744289152,HD32923,HIP23835,GJ188+GJ188.0,TIC27136704,-,104Tau+mTau,J05074+1839AB,G1V,**,76.8625,18.645,838,05074+1839,HIP23835,G1V           ,5.8,5.8,1.2,0.9,64.79,0.18,,,0.65,2.12,1.02,,,Malkov+12,2012A&A...546A..69M,0.98,,,,,,4.922,62.8252,15.917,0.984,100.0,05074+1839,,4
1733,HD32923,Gaia DR3 3407611182744289152,HD32923,HIP23835,GJ188+GJ188.0,TIC27136704,-,104Tau+mTau,J05074+1839AB,G1V,**,76.8625,18.645,838,05074+1839,HIP23835,G1V           ,5.8,5.8,2.4,0.0,64.79,0.1,,,0.65,2.12,1.02,,,Malkov+12,2012A&A...546A..69M,0.98,,,,,,4.922,62.8252,15.917,0.984,100.0,05074+1839,,5
1734,HD32923,Gaia DR3 3407611182744289152,HD32923,HIP23835,GJ188+GJ188.0,TIC27136704,-,104Tau+mTau,J05074+1839AB,G1V,**,76.8625,18.645,838,05074+1839,HIP23835,,5.8,5.8,1.2,0.9,,,,73.0,,,,,,ORB6,Egg1956,0.98,122.3,1911.37,90.3,,,4.922,62.8252,15.917,0.984,100.0,05074+1839,,6
1735,HD30455,Gaia DR3 3409827042271407232,HD30455,HIP22349,-,TIC18583347,-,-,-,G2V,SB*,72.1756,18.7094,840,,HIP22349,G2V+,6.79,,45.5,0.39,,,,,,,,,,Pourbaix+04,1925ApJ....61..320S,,,,26.5,0.38,,6.959,31.6526,31.593,0.855,,-,,2
1736,HD30455,Gaia DR3 3409827042271407232,HD30455,HIP22349,-,TIC18583347,-,-,-,G2V,SB*,72.1756,18.7094,840,,HIP22349,G2V+,6.79,,45.5,0.34,,,,,,,,,,COMPOSITE,,,,,43.0,0.38,,6.959,31.6526,31.593,0.855,,-,,1
1737,HD30455,Gaia DR3 3409827042271407232,HD30455,HIP22349,-,TIC18583347,-,-,-,G2V,SB*,72.1756,18.7094,840,,HIP22349,G2V+,6.79,,45.5,0.34,,,,,,,,,,Pourbaix+04,1992AJ....104..774L,,,,43.0,0.38,,6.959,31.6526,31.593,0.855,,-,,3
1738,HD30455,Gaia DR3 3409827042271407232,HD30455,HIP22349,-,TIC18583347,-,-,-,G2V,SB*,72.1756,18.7094,840,,HIP22349,G2V+,6.79,,45.5,0.34,,,,,,,,,,Pourbaix+04,2002AJ....124.1144L,,,,43.0,0.38,,6.959,31.6526,31.593,0.855,,-,,4
1739,HD32092,Gaia DR3 3420438360271164288,HD32092,HIP23395,-,TIC308569032,-,-,J05017+2640AB,G2V,**,75.4346,26.671,842,05017+2640,HIP23395,,7.07,9.01,25.4,0.3,,,,14.4,,,,,,ORB6,Msn2021a,0.53,221.8,2000.76,340.6,,,6.799,27.1582,36.821,0.835,16.75,05017+2640,,4
1740,HD32092,Gaia DR3 3420438360271164288,HD32092,HIP23395,-,TIC308569032,-,-,J05017+2640AB,G2V,**,75.4346,26.671,842,05017+2640,,G2V,7.07,9.01,,,,,,,,,,,,WDS_THE.csv,,0.53,,,,0.2,0.2,6.799,27.1582,36.821,0.835,16.75,05017+2640,,6
1741,HD32092,Gaia DR3 3420438360271164288,HD32092,HIP23395,-,TIC308569032,-,-,J05017+2640AB,G2V,**,75.4346,26.671,842,,HIP23395,,,,25.1,0.29,,0.26,,19.0,,,,,,Soederhjem+99,1999A&A...341..121S,,,,,,,6.799,27.1582,36.821,0.835,,05017+2640,,5
1742,HD32092,Gaia DR3 3420438360271164288,HD32092,HIP23395,-,TIC308569032,-,-,J05017+2640AB,G2V,**,75.4346,26.671,842,05017+2640,HIP23395,G2V           ,7.07,9.01,25.3,0.29,24.63,0.26,,,1.83,2.12,1.0,,,Malkov+12,2012A&A...546A..69M,0.53,,,,,,6.799,27.1582,36.821,0.835,16.75,05017+2640,,3
1743,HD32092,Gaia DR3 3420438360271164288,HD32092,HIP23395,-,TIC308569032,-,-,J05017+2640AB,G2V,**,75.4346,26.671,842,05017+2640,,,6.79,,25.3,,,0.26,,,,,,,,Chulkov+22,2022MNRAS.517.2925C,,,,,,,6.799,27.1582,36.821,0.835,,05017+2640,,2
1744,HD32092,Gaia DR3 3420438360271164288,HD32092,HIP23395,-,TIC308569032,-,-,J05017+2640AB,G2V,**,75.4346,26.671,842,05017+2640,,,7.07,9.01,25.3,0.29,,0.26,,16.7,1.83,2.12,1.0,,,COMPOSITE,,0.53,221.8,2000.76,340.6,0.2,,6.799,27.1582,36.821,0.835,,05017+2640,,1
1745,HD41330,Gaia DR3 3453257133093515648,HD41330,HIP28908,GJ226.3+GJ9199,TIC400316888,-,-,J06061+3523A,G0V,PM*,91.5356,35.3877,847,06061+3523,,,,,,,,,,,,,,,,COMPOSITE,,,,,,,,6.135,38.984,25.652,0.925,,06061+3523,,1
1746,HD41330,Gaia DR3 3453257133093515648,HD41330,HIP28908,GJ226.3+GJ9199,TIC400316888,-,-,J06061+3523A,G0V,PM*,91.5356,35.3877,847,06061+3523,,,,,,,,,,,,,,,,StelleDoppie,ORB6,,,,,,,6.135,38.984,25.652,0.925,,06061+3523,,2
1747,HD38230,Gaia DR3 3456337827237371264,HD38230,HIP27207,GJ217,TIC426400173,-,-,J05460+3717A,K0V,PM*,86.5079,37.2846,848,05460+3717,HIP27207,,,,1380.0,0.27,,,149.0,121.7,,,,0.94,0.8,Qier_An+25,2025ApJS..280...61A,,,,,5.52,,7.34,47.8551,20.896,0.805,,05460+3717,,2
1748,HD38230,Gaia DR3 3456337827237371264,HD38230,HIP27207,GJ217,TIC426400173,-,-,J05460+3717A,K0V,PM*,86.5079,37.2846,848,05460+3717,,,,,,,,,,,,,,,,StelleDoppie,ORB6,,,,,,,7.34,47.8551,20.896,0.805,,05460+3717,,3
1749,HD38230,Gaia DR3 3456337827237371264,HD38230,HIP27207,GJ217,TIC426400173,-,-,J05460+3717A,K0V,PM*,86.5079,37.2846,848,05460+3717,,K0V,5.4,15.2,,,,,,,,,,,,WDS_THE.csv,,0.08,,,,4.8,4.8,7.34,47.8551,20.896,0.805,0.01,05460+3717,,4
1750,HD38230,Gaia DR3 3456337827237371264,HD38230,HIP27207,GJ217,TIC426400173,-,-,J05460+3717A,K0V,PM*,86.5079,37.2846,848,05460+3717,,K0V,5.4,14.5,,,,,,,,,,,,WDS_THE.csv,,0.1,,,,4.3,4.9,7.34,47.8551,20.896,0.805,0.02,05460+3717,,5
1751,HD38230,Gaia DR3 3456337827237371264,HD38230,HIP27207,GJ217,TIC426400173,-,-,J05460+3717A,K0V,PM*,86.5079,37.2846,848,05460+3717,HIP27207,,5.4,14.85,1380.0,0.27,,,149.0,121.7,,,,0.94,0.8,COMPOSITE,,0.09,,,,4.8,,7.34,47.8551,20.896,0.805,,05460+3717,,1
1752,HD108215,Gaia DR3 3527541135097360640,HD108215,HIP60665,-,TIC334968821,-,-,J12260-1457AB,F6V,**,186.4984,-14.9478,849,12260-1457,HIP60665,,7.42,9.39,707.7,0.38,,,,96.9,,,,,,ORB6,FMR2020a,0.73,100.1,2009.44,123.6,,,7.155,16.6629,60.014,1.155,16.29,12260-1457,,4
1753,HD108215,Gaia DR3 3527541135097360640,HD108215,HIP60665,-,TIC334968821,-,-,J12260-1457AB,F6V,**,186.4984,-14.9478,849,12260-1457,,,7.15,,707.7,,,1.44,,,,,,,,Chulkov+22,2022MNRAS.517.2925C,,,,,,,7.155,16.6629,60.014,1.155,,12260-1457,,2
1754,HD108215,Gaia DR3 3527541135097360640,HD108215,HIP60665,-,TIC334968821,-,-,J12260-1457AB,F6V,**,186.4984,-14.9478,849,12260-1457,HIP60665,F7V           ,7.42,9.39,707.7,0.38,14.07,1.44,,,,,,,,Malkov+12,2012A&A...546A..69M,0.73,,,,,,7.155,16.6629,60.014,1.155,16.29,12260-1457,,3
1755,HD108215,Gaia DR3 3527541135097360640,HD108215,HIP60665,-,TIC334968821,-,-,J12260-1457AB,F6V,**,186.4984,-14.9478,849,12260-1457,HIP60665,,7.42,9.39,707.7,0.38,,1.44,,96.9,,,,,,COMPOSITE,,0.73,100.1,2009.44,123.6,0.6,,7.155,16.6629,60.014,1.155,16.29,12260-1457,,1
1756,HD108215,Gaia DR3 3527541135097360640,HD108215,HIP60665,-,TIC334968821,-,-,J12260-1457AB,F6V,**,186.4984,-14.9478,849,12260-1457,,F4V+G5V,7.42,9.39,,,,,,,,,,,,WDS_THE.csv,,0.73,,,,0.6,0.6,7.155,16.6629,60.014,1.155,16.29,12260-1457,,5
1757,HD108799A,Gaia DR3 3528362362908431616,HD108799A,-,GJ469.2A+GJ9409A,-,-,-,J12301-1324A,G0.1,PM*,187.5199,-13.3932,850,12301-1324,,,6.5,9.6,151.0,0.7,,1.4,,30.0,,,,,,StelleDoppie,ORB6,0.48,113.0,1946.0,61.0,,,6.38,41.1595,24.296,0.985,5.75,12301-1324,,6
1758,HD108799A,Gaia DR3 3528362362908431616,HD108799A,-,GJ469.2A+GJ9409A,-,-,-,J12301-1324A,G0.1,PM*,187.5199,-13.3932,850,12301-1324,HIP60994,F9V           ,6.49,9.58,161.6,0.73,40.57,1.38,,,1.8,1.81,1.07,,,Malkov+12,2012A&A...546A..69M,0.48,,,,,,6.38,41.1595,24.296,0.985,5.81,12301-1324,,3
1759,HD108799A,Gaia DR3 3528362362908431616,HD108799A,-,GJ469.2A+GJ9409A,-,-,-,J12301-1324A,G0.1,PM*,187.5199,-13.3932,850,12301-1324,HIP60994,F9V           ,6.49,9.58,151.0,0.71,40.57,1.4,,,1.8,1.81,1.07,,,Malkov+12,2012A&A...546A..69M,0.48,,,,,,6.38,41.1595,24.296,0.985,5.81,12301-1324,,4
1760,HD108799A,Gaia DR3 3528362362908431616,HD108799A,-,GJ469.2A+GJ9409A,-,-,-,J12301-1324A,G0.1,PM*,187.5199,-13.3932,850,12301-1324,HIP60994,,6.49,9.58,151.0,0.7,,,,29.9,,,,,,ORB6,USN2017b,0.48,112.8,1946.09,60.9,,,6.38,41.1595,24.296,0.985,5.81,12301-1324,,5
1761,HD108799A,Gaia DR3 3528362362908431616,HD108799A,-,GJ469.2A+GJ9409A,-,-,-,J12301-1324A,G0.1,PM*,187.5199,-13.3932,850,12301-1324,,F9V,6.49,9.58,,,,,,,,,,,,WDS_THE.csv,,0.48,,,,2.1,2.1,6.38,41.1595,24.296,0.985,5.81,12301-1324,,7
1762,HD108799A,Gaia DR3 3528362362908431616,HD108799A,-,GJ469.2A+GJ9409A,-,-,-,J12301-1324A,G0.1,PM*,187.5199,-13.3932,850,12301-1324,,,6.37,,151.0,,,1.4,,,,,,,,Chulkov+22,2022MNRAS.517.2925C,,,,,,,6.38,41.1595,24.296,0.985,,12301-1324,,2
1763,HD108799A,Gaia DR3 3528362362908431616,HD108799A,-,GJ469.2A+GJ9409A,-,-,-,J12301-1324A,G0.1,PM*,187.5199,-13.3932,850,12301-1324,,,6.49,9.58,151.0,0.705,,1.4,,29.95,1.8,1.81,1.07,,,COMPOSITE,,0.48,112.9,1946.045,60.95,2.1,,6.38,41.1595,24.296,0.985,5.75,12301-1324,,1
1764,HD111031,Gaia DR3 3529518709839090176,HD111031,HIP62345,GJ3746,TIC288529330,-,-,-,G5V,PM*,191.6285,-11.8124,851,-,HIP62345,,,,177.0,0.5,,,34.7,155.8,,,,1.17,0.17,COMPOSITE,,,,,,1.03,,6.893,32.031,31.22,1.065,,-,,1
1765,HD111031,Gaia DR3 3529518709839090176,HD111031,HIP62345,GJ3746,TIC288529330,-,-,-,G5V,PM*,191.6285,-11.8124,851,-,HIP62345,,,,177.0,0.5,,,34.7,155.8,,,,1.17,0.17,Qier_An+25,2025ApJS..280...61A,,,,,1.03,,6.893,32.031,31.22,1.065,,-,,2
1766,HD105590A,Gaia DR3 3574377616021489024,HD105590A,-,GJ9390A,TIC152854208,-,-,J12095-1151A,G4,PM*,182.3689,-11.8571,853,12095-1151,,G3V+K2,6.86,10.0,,,,,,,,,,,,COMPOSITE,,0.48,,,,9.0,9.0,6.578,40.3351,24.792,0.995,5.55,12095-1151,,1
1767,HD105590A,Gaia DR3 3574377616021489024,HD105590A,-,GJ9390A,TIC152854208,-,-,J12095-1151A,G4,PM*,182.3689,-11.8571,853,12095-1151,,G3V+K2,6.86,10.0,,,,,,,,,,,,WDS_THE.csv,,0.48,,,,9.0,9.0,6.578,40.3351,24.792,0.995,5.55,12095-1151,,3
1768,HD105590A,Gaia DR3 3574377616021489024,HD105590A,-,GJ9390A,TIC152854208,-,-,J12095-1151A,G4,PM*,182.3689,-11.8571,853,12095-1151,,,,,,,,,,,,,,,,StelleDoppie,ORB6,,,,,,,6.578,40.3351,24.792,0.995,,12095-1151,,2
1769,HD104304,Gaia DR3 3575733210781078016,HD104304,HIP58576,GJ454,TIC152738837,-,-,J12007-1028A,G8IV,SB*,180.1853,-10.4461,854,12007-1028,,G8IV+M4V,5.55,11.0,,,,,,,,,,,,WDS_THE.csv,,0.28,,,,1.0,1.5,5.551,78.3359,12.766,0.97,0.66,12007-1028,,4
1770,HD104304,Gaia DR3 3575733210781078016,HD104304,HIP58576,GJ454,TIC152738837,-,-,J12007-1028A,G8IV,SB*,180.1853,-10.4461,854,12007-1028,,,,,,,,,,,,,,,,StelleDoppie,ORB6,,,,,,,5.551,78.3359,12.766,0.97,,12007-1028,,3
1771,HD104304,Gaia DR3 3575733210781078016,HD104304,HIP58576,GJ454,TIC152738837,-,-,J12007-1028A,G8IV,SB*,180.1853,-10.4461,854,12007-1028,HIP58576,,,,92.9,0.4,,,22.85,25.93,,,,1.06,0.32,Qier_An+25,2025ApJS..280...61A,,,,,1.59,,5.551,78.3359,12.766,0.97,,12007-1028,,2
1772,HD104304,Gaia DR3 3575733210781078016,HD104304,HIP58576,GJ454,TIC152738837,-,-,J12007-1028A,G8IV,SB*,180.1853,-10.4461,854,12007-1028,HIP58576,,5.55,11.0,92.9,0.4,,,22.85,25.93,,,,1.06,0.32,COMPOSITE,,0.28,,,,1.295,,5.551,78.3359,12.766,0.97,,12007-1028,,1
1773,HD101198,Gaia DR3 3585098090614578688,HD101198,HIP56802,GJ3677,TIC40535161,-,24Crt+iotCrt,J11387-1312A,F6.5V,PM*,174.6668,-13.2019,856,11387-1312,,F7V,5.6,11.0,,,,,,,,,,,,COMPOSITE,,0.32,,,,1.1,1.1,5.489,37.245,26.849,1.126,0.69,11387-1312,,1
1774,HD101198,Gaia DR3 3585098090614578688,HD101198,HIP56802,GJ3677,TIC40535161,-,24Crt+iotCrt,J11387-1312A,F6.5V,PM*,174.6668,-13.2019,856,11387-1312,,F7V,5.6,11.0,,,,,,,,,,,,WDS_THE.csv,,0.32,,,,1.1,1.1,5.489,37.245,26.849,1.126,0.69,11387-1312,,2
1775,HD106116,Gaia DR3 3598278250031419008,HD106116,HIP59532,GJ458.1+GJ9396,TIC56812239,-,-,J12125-0305A,G5V,PM*,183.1202,-3.0845,858,12125-0305,,G4V,7.5,13.0,,,,,,,,,,,,COMPOSITE,,0.28,,,,1.8,1.8,7.43,29.0398,34.435,0.995,0.63,12125-0305,,1
1776,HD106116,Gaia DR3 3598278250031419008,HD106116,HIP59532,GJ458.1+GJ9396,TIC56812239,-,-,J12125-0305A,G5V,PM*,183.1202,-3.0845,858,12125-0305,,,,,,,,,,,,,,,,StelleDoppie,ORB6,,,,,,,7.43,29.0398,34.435,0.995,,12125-0305,,2
1777,HD106116,Gaia DR3 3598278250031419008,HD106116,HIP59532,GJ458.1+GJ9396,TIC56812239,-,-,J12125-0305A,G5V,PM*,183.1202,-3.0845,858,12125-0305,,G4V,7.5,13.0,,,,,,,,,,,,WDS_THE.csv,,0.28,,,,1.8,1.8,7.43,29.0398,34.435,0.995,0.63,12125-0305,,3
1778,HD121325A,Gaia DR3 3618910139048607616,HD121325A,-,-,-,-,-,J13550-0804A,F5e?,PM*,208.7425,-8.0588,861,13550-0804,,,6.7,7.3,1036.0,0.54,,5.1,,74.0,,,,,,StelleDoppie,ORB6,0.91,115.0,2165.0,74.0,,,6.205,28.9235,34.574,1.045,57.54,13550-0804,,5
1779,HD121325A,Gaia DR3 3618910139048607616,HD121325A,-,-,-,-,-,J13550-0804A,F5e?,PM*,208.7425,-8.0588,861,13550-0804,HIP67953,,6.68,7.26,1036.6,0.54,,,,73.8,,,,,,ORB6,Izm2019,0.91,114.68,2165.55,74.11,,,6.205,28.9235,34.574,1.045,58.61,13550-0804,,4
1780,HD121325A,Gaia DR3 3618910139048607616,HD121325A,-,-,-,-,-,J13550-0804A,F5e?,PM*,208.7425,-8.0588,861,13550-0804,,F8V+G0,6.68,7.26,,,,,,,,,,,,WDS_THE.csv,,0.91,,,,2.8,3.7,6.205,28.9235,34.574,1.045,58.61,13550-0804,,6
1781,HD121325A,Gaia DR3 3618910139048607616,HD121325A,-,-,-,-,-,J13550-0804A,F5e?,PM*,208.7425,-8.0588,861,13550-0804,,,6.19,,1036.6,,,5.12,,,,,,,,Chulkov+22,2022MNRAS.517.2925C,,,,,,,6.205,28.9235,34.574,1.045,,13550-0804,,2
1782,HD121325A,Gaia DR3 3618910139048607616,HD121325A,-,-,-,-,-,J13550-0804A,F5e?,PM*,208.7425,-8.0588,861,13550-0804,HIP67953,F8V  G0       ,6.68,7.26,2613.0,0.35,30.23,5.0,,,,,,,,Malkov+12,2012A&A...546A..69M,0.91,,,,,,6.205,28.9235,34.574,1.045,58.61,13550-0804,,3
1783,HD121325A,Gaia DR3 3618910139048607616,HD121325A,-,-,-,-,-,J13550-0804A,F5e?,PM*,208.7425,-8.0588,861,13550-0804,,,6.68,7.26,1036.6,0.54,,5.1,,73.9,,,,,,COMPOSITE,,0.91,114.84,2165.275,74.055,2.8,,6.205,28.9235,34.574,1.045,,13550-0804,,1
1784,HD115080,Gaia DR3 3621929501058107264,HD115080,HIP64638,-,TIC135041892,-,-,J13149-1122A,G1.5V,**,198.7322,-11.3694,863,13149-1122,,,7.35,9.14,122.85,0.45,,0.76,,64.1,,,,,,COMPOSITE,,0.61,120.9,1985.0549999999998,285.15,0.5,,7.078,26.187,38.187,0.925,19.05,13149-1122,,1
1785,HD115080,Gaia DR3 3621929501058107264,HD115080,HIP64638,-,TIC135041892,-,-,J13149-1122A,G1.5V,**,198.7322,-11.3694,863,13149-1122,HIP64638,,7.35,9.14,122.7,0.45,,,,64.2,,,,,,ORB6,Tok2014a,0.61,120.8,1985.11,285.3,,,7.078,26.187,38.187,0.925,19.23,13149-1122,,4
1786,HD115080,Gaia DR3 3621929501058107264,HD115080,HIP64638,-,TIC135041892,-,-,J13149-1122A,G1.5V,**,198.7322,-11.3694,863,13149-1122,,G3,7.35,9.14,,,,,,,,,,,,WDS_THE.csv,,0.61,,,,0.5,0.5,7.078,26.187,38.187,0.925,19.23,13149-1122,,6
1787,HD115080,Gaia DR3 3621929501058107264,HD115080,HIP64638,-,TIC135041892,-,-,J13149-1122A,G1.5V,**,198.7322,-11.3694,863,13149-1122,,,7.02,,122.7,,,0.76,,,,,,,,Chulkov+22,2022MNRAS.517.2925C,,,,,,,7.078,26.187,38.187,0.925,,13149-1122,,2
1788,HD115080,Gaia DR3 3621929501058107264,HD115080,HIP64638,-,TIC135041892,-,-,J13149-1122A,G1.5V,**,198.7322,-11.3694,863,13149-1122,HIP64638,G3            ,7.35,9.14,168.0,0.5,25.48,1.01,,,,,,,,Malkov+12,2012A&A...546A..69M,0.61,,,,,,7.078,26.187,38.187,0.925,19.23,13149-1122,,3
1789,HD115080,Gaia DR3 3621929501058107264,HD115080,HIP64638,-,TIC135041892,-,-,J13149-1122A,G1.5V,**,198.7322,-11.3694,863,13149-1122,,,7.4,9.2,123.0,0.45,,0.76,,64.0,,,,,,StelleDoppie,ORB6,0.61,121.0,1985.0,285.0,,,7.078,26.187,38.187,0.925,19.05,13149-1122,,5
1790,HD112758,Gaia DR3 3626268998574790656,HD112758,HIP63366,GJ491A+GJ491B,TIC319462683,-,-,J12590-0950AB,G9V,**,194.7565,-9.8341,864,12590-0950,,,,,,,,,,,,,,,,StelleDoppie,ORB6,,,,,,,7.54,49.8263,20.07,0.705,,12590-0950,,3
1791,HD112758,Gaia DR3 3626268998574790656,HD112758,HIP63366,GJ491A+GJ491B,TIC319462683,-,-,J12590-0950AB,G9V,**,194.7565,-9.8341,864,,HIP63366,G9V+,7.59,,103.3,0.14,,,,,,,,,,Pourbaix+04,2018A&A...619A..81H,,,,333.0,0.98,,7.54,49.8263,20.07,0.705,,12590-0950,,2
1792,HD112758,Gaia DR3 3626268998574790656,HD112758,HIP63366,GJ491A+GJ491B,TIC319462683,-,-,J12590-0950AB,G9V,**,194.7565,-9.8341,864,,HIP63366,G9V+,7.574999999999999,12.6,103.3,0.14,,,,,,,,,,COMPOSITE,,0.22,,,333.0,0.74,,7.54,49.8263,20.07,0.705,,12590-0950,,1
1793,HD112758,Gaia DR3 3626268998574790656,HD112758,HIP63366,GJ491A+GJ491B,TIC319462683,-,-,J12590-0950AB,G9V,**,194.7565,-9.8341,864,12590-0950,,K0V,7.56,12.6,,,,,,,,,,,,WDS_THE.csv,,0.22,,,,0.5,0.5,7.54,49.8263,20.07,0.705,0.96,12590-0950,,4
1794,HD117126,Gaia DR3 3638745672411053952,HD117126,HIP65708,-,TIC115071316,-,-,-,G3/5V,SB*,202.078,-0.8402,866,,HIP65708,+,7.43,,207.4,0.36,,,,,,,,,,Pourbaix+04,2002AJ....124.1144L,,,,223.3,0.79,,7.44,23.1181,43.256,0.935,,-,,2
1795,HD117126,Gaia DR3 3638745672411053952,HD117126,HIP65708,-,TIC115071316,-,-,-,G3/5V,SB*,202.078,-0.8402,866,,HIP65708,+,7.43,,207.4,0.36,,,,,,,,,,COMPOSITE,,,,,223.3,0.79,,7.44,23.1181,43.256,0.935,,-,,1
1796,HD125906B,Gaia DR3 3639520621950395776,HD125906B,-,-,TIC6131663,-,-,J14226-0746B,G0V,PM*,215.6612,-7.7698,867,14226-0746,,,7.51,7.52,,,,,,,,,,,,COMPOSITE,,0.92,,,,4.8,,6.822,23.802,42.013,0.925,,14226-0746,,1
1797,HD125906B,Gaia DR3 3639520621950395776,HD125906B,-,-,TIC6131663,-,-,J14226-0746B,G0V,PM*,215.6612,-7.7698,867,14226-0746,,,,,,,,,,,,,,,,StelleDoppie,ORB6,,,,,,,6.822,23.802,42.013,0.925,,14226-0746,,2
1798,HD125906B,Gaia DR3 3639520621950395776,HD125906B,-,-,TIC6131663,-,-,J14226-0746B,G0V,PM*,215.6612,-7.7698,867,14226-0746,,G0V+G0V,7.51,7.52,,,,,,,,,,,,WDS_THE.csv,,0.92,,,,4.8,6.0,6.822,23.802,42.013,0.925,99.08,14226-0746,,3
1799,HD125184,Gaia DR3 3639760521643499776,HD125184,HIP69881,GJ541.1,TIC6041460,-,-,J14180-0733A,G5IV,PM*,214.503,-7.5424,869,14180-0733,,,,,,,,,,,,,,,,COMPOSITE,,,,,,,,6.479,30.3492,32.95,1.184,,14180-0733,,1
1800,HD125184,Gaia DR3 3639760521643499776,HD125184,HIP69881,GJ541.1,TIC6041460,-,-,J14180-0733A,G5IV,PM*,214.503,-7.5424,869,14180-0733,,,,,,,,,,,,,,,,StelleDoppie,ORB6,,,,,,,6.479,30.3492,32.95,1.184,,14180-0733,,2
1801,HD125455,Gaia DR3 3642413746280598784,HD125455,HIP70016,GJ544A,TIC203230367,-,-,J14196-0509A,K1V,PM*,214.8953,-5.1512,871,14196-0509,,,,,,,,,,,,,,,,COMPOSITE,,,,,,,,7.58,48.9015,20.449,0.775,,14196-0509,,1
1802,HD125455,Gaia DR3 3642413746280598784,HD125455,HIP70016,GJ544A,TIC203230367,-,-,J14196-0509A,K1V,PM*,214.8953,-5.1512,871,14196-0509,,,,,,,,,,,,,,,,StelleDoppie,ORB6,,,,,,,7.58,48.9015,20.449,0.775,,14196-0509,,2
1803,HD126053,Gaia DR3 3654496279558010624,HD126053,HIP70319,GJ547,TIC446436963,-,-,J14233+0114A,G1.5V,PM*,215.8137,1.2416,874,14233+0114,,,,,,,,,,,,,,,,StelleDoppie,ORB6,,,,,,,6.263,57.2706,17.461,0.835,,14233+0114,,2
1804,HD126053,Gaia DR3 3654496279558010624,HD126053,HIP70319,GJ547,TIC446436963,-,-,J14233+0114A,G1.5V,PM*,215.8137,1.2416,874,14233+0114,,,,,,,,,,,,,,,,COMPOSITE,,,,,,,,6.263,57.2706,17.461,0.835,,14233+0114,,1
1805,HD126961,Gaia DR3 3656209284314369664,HD126961,HIP70782,-,TIC402202339,-,-,J14153+0308C,G0V,PM*,217.1298,2.7888,875,14153+0308,,F8V,7.73,7.92,,,,,,,,,,,,WDS_THE.csv,,1.15,,,,0.9,0.9,7.02,25.1863,39.704,1.205,83.95,14153+0308,,6
1806,HD126961,Gaia DR3 3656209284314369664,HD126961,HIP70782,-,TIC402202339,-,-,J14153+0308C,G0V,PM*,217.1298,2.7888,875,14153+0308,HIP69653,G0V           ,7.73,7.92,214.3,0.24,24.65,1.08,,,1.92,2.15,1.05,,,Malkov+12,2012A&A...546A..69M,1.15,,,,,,7.02,25.1863,39.704,1.205,83.95,14153+0308,,3
1807,HD126961,Gaia DR3 3656209284314369664,HD126961,HIP70782,-,TIC402202339,-,-,J14153+0308C,G0V,PM*,217.1298,2.7888,875,14153+0308,HIP69653,G0V           ,7.73,7.92,220.0,0.21,24.65,1.12,,,1.92,2.15,1.05,,,Malkov+12,2012A&A...546A..69M,1.15,,,,,,7.02,25.1863,39.704,1.205,83.95,14153+0308,,4
1808,HD126961,Gaia DR3 3656209284314369664,HD126961,HIP70782,-,TIC402202339,-,-,J14153+0308C,G0V,PM*,217.1298,2.7888,875,14153+0308,HIP69653,,7.73,7.92,224.7,0.21,,,,147.58,,,,,,ORB6,Izm2019,1.15,6.6,2008.06,184.89,,,7.02,25.1863,39.704,1.205,83.95,14153+0308,,5
1809,HD126961,Gaia DR3 3656209284314369664,HD126961,HIP70782,-,TIC402202339,-,-,J14153+0308C,G0V,PM*,217.1298,2.7888,875,14153+0308,HIP69653,G0V           ,7.73,7.92,221.75,0.21,24.65,1.12,,147.58,1.92,2.15,1.05,,,COMPOSITE,,1.15,6.6,2008.06,184.89,0.9,,7.02,25.1863,39.704,1.205,83.95,14153+0308,,1
1810,HD126961,Gaia DR3 3656209284314369664,HD126961,HIP70782,-,TIC402202339,-,-,J14153+0308C,G0V,PM*,217.1298,2.7888,875,14153+0308,,,7.03,,223.5,,,1.12,,,,,,,,Chulkov+22,2022MNRAS.517.2925C,,,,,,,7.02,25.1863,39.704,1.205,,14153+0308,,2
1811,38Vir,Gaia DR3 3679242575447826432,HD111998,HIP62875,GJ9421,TIC53304943,-,38Vir,J12532-0333AB,F6V,**,193.2965,-3.5531,879,12532-0333,,F5V,6.11,,,,,,,,,,,,,COMPOSITE,,,,,,0.5,0.5,6.11,29.9081,33.436,1.355,,12532-0333,,1
1812,38Vir,Gaia DR3 3679242575447826432,HD111998,HIP62875,GJ9421,TIC53304943,-,38Vir,J12532-0333AB,F6V,**,193.2965,-3.5531,879,12532-0333,,F5V,6.11,,,,,,,,,,,,,WDS_THE.csv,,,,,,0.5,0.5,6.11,29.9081,33.436,1.355,,12532-0333,,2
1813,HD116442,Gaia DR3 3712538708114516736,HD116442,HIP65352,GJ3781,TIC393713800,-,-,J13237+0243A,G9V,PM*,200.9132,2.7233,884,13237+0243,,,,,,,,,,,,,,,,StelleDoppie,ORB6,,,,,,,7.068,60.2817,16.589,0.725,,13237+0243,,2
1814,HD116442,Gaia DR3 3712538708114516736,HD116442,HIP65352,GJ3781,TIC393713800,-,-,J13237+0243A,G9V,PM*,200.9132,2.7233,884,13237+0243,,,,,,,,,,,,,,,,COMPOSITE,,,,,,,,7.068,60.2817,16.589,0.725,,13237+0243,,1
1815,HD122742,Gaia DR3 3724242219117947904,HD122742,HIP68682,GJ538,TIC457880598,-,-,J14035+1047AB,G6V,SB*,210.8848,10.7868,887,14035+1047,,,6.3,10.0,9.9,0.48,,0.32,,97.0,,,,,,StelleDoppie,ORB6,0.39,74.0,2011.0,183.0,,,6.272,66.1469,15.118,0.918,3.31,14035+1047,,8
1816,HD122742,Gaia DR3 3724242219117947904,HD122742,HIP68682,GJ538,TIC457880598,-,-,J14035+1047AB,G6V,SB*,210.8848,10.7868,887,14035+1047,,G6V,6.3,10.0,,,,,,,,,,,,WDS_THE.csv,,0.39,,,,0.2,0.2,6.272,66.1469,15.118,0.918,3.31,14035+1047,,9
1817,HD122742,Gaia DR3 3724242219117947904,HD122742,HIP68682,GJ538,TIC457880598,-,-,J14035+1047AB,G6V,SB*,210.8848,10.7868,887,,HIP68682,G8V+,6.36,,3618.5,0.55,,,,,,,,,,Pourbaix+04,1987AJ.....93..683K,,,,189.0,15.15,,6.272,66.1469,15.118,0.918,,14035+1047,,5
1818,HD122742,Gaia DR3 3724242219117947904,HD122742,HIP68682,GJ538,TIC457880598,-,-,J14035+1047AB,G6V,SB*,210.8848,10.7868,887,,HIP68682,G8V+,6.36,,3607.4,0.52,,,,,,,,,,Pourbaix+04,1991A&A...248..485D,,,,185.1,15.12,,6.272,66.1469,15.118,0.918,,14035+1047,,6
1819,HD122742,Gaia DR3 3724242219117947904,HD122742,HIP68682,GJ538,TIC457880598,-,-,J14035+1047AB,G6V,SB*,210.8848,10.7868,887,14035+1047,,,6.27,,10.0,,,0.11,,,,,,,,Chulkov+22,2022MNRAS.517.2925C,,,,,,,6.272,66.1469,15.118,0.918,,14035+1047,,2
1820,HD122742,Gaia DR3 3724242219117947904,HD122742,HIP68682,GJ538,TIC457880598,-,-,J14035+1047AB,G6V,SB*,210.8848,10.7868,887,,HIP68682,G8V+,6.3,10.0,10.0,0.5,,0.11,,96.95,,,,,,COMPOSITE,,0.39,74.0,2011.085,183.0,15.135,,6.272,66.1469,15.118,0.918,,14035+1047,,1
1821,HD122742,Gaia DR3 3724242219117947904,HD122742,HIP68682,GJ538,TIC457880598,-,-,J14035+1047AB,G6V,SB*,210.8848,10.7868,887,,HIP68682,G8V+,6.36,,3617.0,0.48,,,,,,,,,,Pourbaix+04,2002ApJS..141..503N,,,,183.0,15.15,,6.272,66.1469,15.118,0.918,,14035+1047,,7
1822,HD122742,Gaia DR3 3724242219117947904,HD122742,HIP68682,GJ538,TIC457880598,-,-,J14035+1047AB,G6V,SB*,210.8848,10.7868,887,14035+1047,HIP68682,G8V           ,6.27,,9.9,0.55,58.88,0.11,,,,,,,,Malkov+12,2012A&A...546A..69M,,,,,,,6.272,66.1469,15.118,0.918,,14035+1047,,3
1823,HD122742,Gaia DR3 3724242219117947904,HD122742,HIP68682,GJ538,TIC457880598,-,-,J14035+1047AB,G6V,SB*,210.8848,10.7868,887,14035+1047,HIP68682,,6.3,10.0,9.9,0.48,,,,96.9,,,,,,ORB6,Tok2020e,0.39,74.0,2011.17,183.0,,,6.272,66.1469,15.118,0.918,3.31,14035+1047,,4
1824,HD119825A,Gaia DR3 3725137908777154432,HD119825A,-,-,-,-,-,J13453+0903A,-,PM*,206.3369,9.0577,888,13453+0903,,G5,7.53,10.4,,,,,,,,,,,,WDS_THE.csv,,0.55,,,,1.3,1.6,7.44,16.6844,59.936,1.065,7.11,13453+0903,,5
1825,HD119825A,Gaia DR3 3725137908777154432,HD119825A,-,-,-,-,-,J13453+0903A,-,PM*,206.3369,9.0577,888,13453+0903,,,7.515000000000001,10.4,800.0,0.5,,3.985,,55.1,,,,,,COMPOSITE,,0.55,103.15,2164.2,264.9,1.3,,7.44,16.6844,59.936,1.065,6.92,13453+0903,,1
1826,HD119825A,Gaia DR3 3725137908777154432,HD119825A,-,-,-,-,-,J13453+0903A,-,PM*,206.3369,9.0577,888,13453+0903,,,7.5,10.4,800.0,0.5,,1.79,,55.0,,,,,,StelleDoppie,ORB6,0.55,103.0,2164.0,265.0,,,7.44,16.6844,59.936,1.065,6.92,13453+0903,,4
1827,HD119825A,Gaia DR3 3725137908777154432,HD119825A,-,-,-,-,-,J13453+0903A,-,PM*,206.3369,9.0577,888,13453+0903,,,7.44,,2400.9,,,6.18,,,,,,,,Chulkov+22,2022MNRAS.517.2925C,,,,,,,7.44,16.6844,59.936,1.065,,13453+0903,,2
1828,HD119825A,Gaia DR3 3725137908777154432,HD119825A,-,-,-,-,-,J13453+0903A,-,PM*,206.3369,9.0577,888,13453+0903,HIP67115,,7.53,10.4,800.0,0.5,,,,55.2,,,,,,ORB6,Tok2024d,0.55,103.3,2164.4,264.8,,,7.44,16.6844,59.936,1.065,7.11,13453+0903,,3
1829,HD114174,Gaia DR3 3729017810434416128,HD114174,HIP64150,GJ9429,TIC381726125,-,-,J13088+0513AB,G3IV+D,**,197.2126,5.2072,889,13088+0513,HIP64150,,5.2,10.4,124.0,0.89,,,,88.11,,,,,,ORB6,VSP2021a,0.29,-13.57,1932.06,63.73,,,6.788,37.8677,26.408,0.975,0.83,13088+0513,,4
1830,HD114174,Gaia DR3 3729017810434416128,HD114174,HIP64150,GJ9429,TIC381726125,-,-,J13088+0513AB,G3IV+D,**,197.2126,5.2072,889,13088+0513,,G5IV-+wd,5.2,10.4,,,,,,,,,,,,WDS_THE.csv,,0.29,,,,0.6,0.6,6.788,37.8677,26.408,0.975,0.83,13088+0513,,8
1831,HD114174,Gaia DR3 3729017810434416128,HD114174,HIP64150,GJ9429,TIC381726125,-,-,J13088+0513AB,G3IV+D,**,197.2126,5.2072,889,13088+0513,HIP64150,,5.2,10.4,76.8,0.91,,,,88.7,,,,,,ORB6,VSP2021a,0.29,-12.0,1974.6,71.0,,,6.788,37.8677,26.408,0.975,0.83,13088+0513,,5
1832,HD114174,Gaia DR3 3729017810434416128,HD114174,HIP64150,GJ9429,TIC381726125,-,-,J13088+0513AB,G3IV+D,**,197.2126,5.2072,889,13088+0513,,,6.78,,124.0,,,1.14,,,,,,,,Chulkov+22,2022MNRAS.517.2925C,,,,,,,6.788,37.8677,26.408,0.975,,13088+0513,,2
1833,HD114174,Gaia DR3 3729017810434416128,HD114174,HIP64150,GJ9429,TIC381726125,-,-,J13088+0513AB,G3IV+D,**,197.2126,5.2072,889,13088+0513,HIP64150,,,,104.2,0.69,,,26.34,88.9,,,,1.08,0.6,Qier_An+25,2025ApJS..280...61A,,,,,0.83,,6.788,37.8677,26.408,0.975,,13088+0513,,6
1834,HD114174,Gaia DR3 3729017810434416128,HD114174,HIP64150,GJ9429,TIC381726125,-,-,J13088+0513AB,G3IV+D,**,197.2126,5.2072,889,13088+0513,,,6.78,,76.8,,,1.08,,,,,,,,Chulkov+22,2022MNRAS.517.2925C,,,,,,,6.788,37.8677,26.408,0.975,,13088+0513,,3
1835,HD114174,Gaia DR3 3729017810434416128,HD114174,HIP64150,GJ9429,TIC381726125,-,-,J13088+0513AB,G3IV+D,**,197.2126,5.2072,889,13088+0513,,,5.2,10.4,76.0,0.89,,1.14,,88.0,,,,,,StelleDoppie,ORB6,0.29,-14.0,1975.0,71.0,,,6.788,37.8677,26.408,0.975,0.83,13088+0513,,7
1836,HD114174,Gaia DR3 3729017810434416128,HD114174,HIP64150,GJ9429,TIC381726125,-,-,J13088+0513AB,G3IV+D,**,197.2126,5.2072,889,13088+0513,HIP64150,,5.2,10.4,90.5,0.89,,1.14,26.34,88.405,,,,1.08,0.6,COMPOSITE,,0.29,-13.57,1974.6,71.0,0.715,,6.788,37.8677,26.408,0.975,0.83,13088+0513,,1
1837,HD115383,Gaia DR3 3732539683617410816,HD115383,HIP64792,GJ504,TIC397587084,-,59Vir+59VirA+EVir+eVir,J13168+0925A,G0IV,PM*,199.1938,9.4242,890,13168+0925,,G0V+T/Y,3.81,19.19,,,,,,,,,,,,WDS_THE.csv,,0.03,,,,2.5,2.5,5.188,56.8577,17.588,1.145,0.0,13168+0925,,3
1838,HD115383,Gaia DR3 3732539683617410816,HD115383,HIP64792,GJ504,TIC397587084,-,59Vir+59VirA+EVir+eVir,J13168+0925A,G0IV,PM*,199.1938,9.4242,890,13168+0925,,,3.81,19.19,242.0,0.22,,,,141.0,,,,,,COMPOSITE,,0.03,153.0,2106.4,61.0,2.5,,5.188,56.8577,17.588,1.145,0.0,13168+0925,,1
1839,HD115383,Gaia DR3 3732539683617410816,HD115383,HIP64792,GJ504,TIC397587084,-,59Vir+59VirA+EVir+eVir,J13168+0925A,G0IV,PM*,199.1938,9.4242,890,13168+0925,,,3.81,19.19,242.0,0.22,,,,141.0,,,,,,ORB6,Bwl2020,0.03,153.0,2106.4,61.0,,,5.188,56.8577,17.588,1.145,0.0,13168+0925,,2
1840,HD91962A,Gaia DR3 3762120497774235648,HD91962A,HIP51966,-,TIC321289619,-,-,J10370-0850A,G1V,SB*,159.25,-8.8399,894,10370-0850,,,7.05,,205.0,,,1.33,,,,,,,,Chulkov+22,2022MNRAS.517.2925C,,,,,,,7.09,26.3036,38.018,1.005,,10370-0850,,2
1841,HD91962A,Gaia DR3 3762120497774235648,HD91962A,HIP51966,-,TIC321289619,-,-,J10370-0850A,G1V,SB*,159.25,-8.8399,894,10370-0850,,,7.1,9.8,205.0,0.3,,1.31,,54.2,,,,,,COMPOSITE,,0.54,63.0,2048.6,220.0,0.5,,7.09,26.3036,38.018,1.005,,10370-0850,,1
1842,HD91962A,Gaia DR3 3762120497774235648,HD91962A,HIP51966,-,TIC321289619,-,-,J10370-0850A,G1V,SB*,159.25,-8.8399,894,10370-0850,HIP51966,G0            ,7.23,9.73,283.2,0.3,25.09,1.32,,,,,,,,Malkov+12,2012A&A...546A..69M,0.57,,,,,,7.09,26.3036,38.018,1.005,10.0,10370-0850,,4
1843,HD91962A,Gaia DR3 3762120497774235648,HD91962A,HIP51966,-,TIC321289619,-,-,J10370-0850A,G1V,SB*,159.25,-8.8399,894,10370-0850,HIP51966,,7.19,10.05,8.8,0.13,,,,56.56,,,,,,ORB6,Izm2019,0.52,49.96,2009.7,259.12,,,7.09,26.3036,38.018,1.005,7.18,10370-0850,,5
1844,HD91962A,Gaia DR3 3762120497774235648,HD91962A,HIP51966,-,TIC321289619,-,-,J10370-0850A,G1V,SB*,159.25,-8.8399,894,10370-0850,,,7.05,,8.8,,,0.15,,,,,,,,Chulkov+22,2022MNRAS.517.2925C,,,,,,,7.09,26.3036,38.018,1.005,,10370-0850,,3
1845,HD91962A,Gaia DR3 3762120497774235648,HD91962A,HIP51966,-,TIC321289619,-,-,J10370-0850A,G1V,SB*,159.25,-8.8399,894,10370-0850,HIP51966,,7.1,9.8,205.0,0.3,,,,54.2,,,,,,ORB6,Tok2015b,0.54,63.2,2048.6,219.7,,,7.09,26.3036,38.018,1.005,8.32,10370-0850,,6
1846,HD91962A,Gaia DR3 3762120497774235648,HD91962A,HIP51966,-,TIC321289619,-,-,J10370-0850A,G1V,SB*,159.25,-8.8399,894,10370-0850,,G0V+K5V,7.1,9.8,,,,,,,,,,,,WDS_THE.csv,,0.54,,,,0.9,0.9,7.09,26.3036,38.018,1.005,8.32,10370-0850,,8
1847,HD91962A,Gaia DR3 3762120497774235648,HD91962A,HIP51966,-,TIC321289619,-,-,J10370-0850A,G1V,SB*,159.25,-8.8399,894,10370-0850,,,7.1,9.8,205.0,0.3,,1.3,,54.0,,,,,,StelleDoppie,ORB6,0.54,63.0,2049.0,220.0,,,7.09,26.3036,38.018,1.005,8.32,10370-0850,,7
1848,HD91962A,Gaia DR3 3762120497774235648,HD91962A,HIP51966,-,TIC321289619,-,-,J10370-0850A,G1V,SB*,159.25,-8.8399,894,10370-0850,,G0V+K5V,7.19,10.05,,,,,,,,,,,,WDS_THE.csv,,0.52,,,,0.1,0.1,7.09,26.3036,38.018,1.005,7.18,10370-0850,,9
1849,HD87359,Gaia DR3 3773112865272176512,HD87359,HIP49350,-,TIC26074881,-,-,-,G6V,SB*,151.1116,-7.2184,897,-,HIP49350,,,,195.0,0.35,,,37.3,77.0,,,,1.06,0.31,Qier_An+25,2025ApJS..280...61A,,,,,1.05,,7.49,31.9473,31.302,0.945,,-,,2
1850,HD87359,Gaia DR3 3773112865272176512,HD87359,HIP49350,-,TIC26074881,-,-,-,G6V,SB*,151.1116,-7.2184,897,-,HIP49350,,,,195.0,0.35,,,37.3,77.0,,,,1.06,0.31,COMPOSITE,,,,,,1.05,,7.49,31.9473,31.302,0.945,,-,,1
1851,HD99865A,Gaia DR3 3786240278194454144,HD99865A,HIP56049,-,-,-,-,J11292-0427A,F8/G0V,PM*,172.3104,-4.4517,901,11292-0427,,F8,7.5,14.6,,,,,,,,,,,,WDS_THE.csv,,0.24,,,,4.6,4.6,7.42,17.6734,56.582,1.245,0.14,11292-0427,,2
1852,HD99865A,Gaia DR3 3786240278194454144,HD99865A,HIP56049,-,-,-,-,J11292-0427A,F8/G0V,PM*,172.3104,-4.4517,901,11292-0427,,F8,7.5,14.6,,,,,,,,,,,,COMPOSITE,,0.24,,,,4.6,4.6,7.42,17.6734,56.582,1.245,0.14,11292-0427,,1
1853,HD96064,Gaia DR3 3789271459953459328,HD96064,HIP54155,-,TIC53178075,-,-,J11047-0413A,G8V,BY*,166.1728,-4.2211,903,11047-0413,,G5V,5.9,21.8,,,,,,,,,,,,WDS_THE.csv,,0.02,,,,8.9,8.9,7.64,38.014,26.306,0.905,0.0,11047-0413,,9
1854,HD96064,Gaia DR3 3789271459953459328,HD96064,HIP54155,-,TIC53178075,-,-,J11047-0413A,G8V,BY*,166.1728,-4.2211,903,11047-0413,,G5V,5.9,16.7,,,,,,,,,,,,WDS_THE.csv,,0.08,,,,6.1,6.1,7.64,38.014,26.306,0.905,0.0,11047-0413,,10
1855,HD96064,Gaia DR3 3789271459953459328,HD96064,HIP54155,-,TIC53178075,-,-,J11047-0413A,G8V,BY*,166.1728,-4.2211,903,11047-0413,,G5V,5.9,21.9,,,,,,,,,,,,WDS_THE.csv,,0.02,,,,4.7,4.7,7.64,38.014,26.306,0.905,0.0,11047-0413,,11
1856,HD96064,Gaia DR3 3789271459953459328,HD96064,HIP54155,-,TIC53178075,-,-,J11047-0413A,G8V,BY*,166.1728,-4.2211,903,11047-0413,,G5V,5.9,14.1,,,,,,,,,,,,WDS_THE.csv,,0.14,,,,5.6,5.6,7.64,38.014,26.306,0.905,0.05,11047-0413,,12
1857,HD96064,Gaia DR3 3789271459953459328,HD96064,HIP54155,-,TIC53178075,-,-,J11047-0413A,G8V,BY*,166.1728,-4.2211,903,11047-0413,HIP54155,G8V           ,10.75,11.09,23.3,0.12,38.06,0.34,,,1.36,1.19,0.91,,,Malkov+12,2012A&A...546A..69M,0.84,,,,,,7.64,38.014,26.306,0.905,73.11,11047-0413,,3
1858,HD96064,Gaia DR3 3789271459953459328,HD96064,HIP54155,-,TIC53178075,-,-,J11047-0413A,G8V,BY*,166.1728,-4.2211,903,,HIP54155,,,,23.3,0.08,,0.35,,65.0,,,,,,Soederhjem+99,1999A&A...341..121S,,,,,,,7.64,38.014,26.306,0.905,,11047-0413,,7
1859,HD96064,Gaia DR3 3789271459953459328,HD96064,HIP54155,-,TIC53178075,-,-,J11047-0413A,G8V,BY*,166.1728,-4.2211,903,11047-0413,,,,,,,,,,,,,,,,StelleDoppie,ORB6,,,,,,,7.64,38.014,26.306,0.905,,11047-0413,,8
1860,HD96064,Gaia DR3 3789271459953459328,HD96064,HIP54155,-,TIC53178075,-,-,J11047-0413A,G8V,BY*,166.1728,-4.2211,903,11047-0413,,G5V,8.325,12.594999999999999,23.3,0.08,,0.34,,63.8,1.36,1.19,0.91,,,COMPOSITE,,0.49,71.7,1995.22,111.2,5.85,5.6,7.64,38.014,26.306,0.905,0.05,11047-0413,,1
1861,HD96064,Gaia DR3 3789271459953459328,HD96064,HIP54155,-,TIC53178075,-,-,J11047-0413A,G8V,BY*,166.1728,-4.2211,903,11047-0413,HIP54155,,10.75,11.09,23.3,0.12,,,,62.6,,,,,,ORB6,Doc2001e,0.84,71.7,1995.22,111.2,,,7.64,38.014,26.306,0.905,73.11,11047-0413,,6
1862,HD96064,Gaia DR3 3789271459953459328,HD96064,HIP54155,-,TIC53178075,-,-,J11047-0413A,G8V,BY*,166.1728,-4.2211,903,11047-0413,,,,,23.3,,,0.34,,,,,,,,Chulkov+22,2022MNRAS.517.2925C,,,,,,,7.64,38.014,26.306,0.905,,11047-0413,,2
1863,HD96064,Gaia DR3 3789271459953459328,HD96064,HIP54155,-,TIC53178075,-,-,J11047-0413A,G8V,BY*,166.1728,-4.2211,903,11047-0413,HIP54155,G8V           ,10.75,11.09,23.3,0.08,38.06,0.35,,,1.36,1.19,0.91,,,Malkov+12,2012A&A...546A..69M,0.84,,,,,,7.64,38.014,26.306,0.905,73.11,11047-0413,,4
1864,HD96064,Gaia DR3 3789271459953459328,HD96064,HIP54155,-,TIC53178075,-,-,J11047-0413A,G8V,BY*,166.1728,-4.2211,903,11047-0413,HIP54155,G8V           ,10.75,11.09,23.6,0.08,38.06,0.28,,,1.36,1.19,0.91,,,Malkov+12,2012A&A...546A..69M,0.84,,,,,,7.64,38.014,26.306,0.905,73.11,11047-0413,,5
1865,HD98427A,Gaia DR3 3790864411783833600,HD98427A,HIP55288,-,TIC38114367,-,-,J11194-0139A,F6V,PM*,169.8443,-1.6549,904,11194-0139,,F6IV+dG3,7.1,7.91,,,,,,,,,,,,COMPOSITE,,1.0,,,,9.3,9.3,6.627,20.3093,49.239,1.205,47.42,11194-0139,,1
1866,HD98427A,Gaia DR3 3790864411783833600,HD98427A,HIP55288,-,TIC38114367,-,-,J11194-0139A,F6V,PM*,169.8443,-1.6549,904,11194-0139,,F6IV+dG3,7.1,7.91,,,,,,,,,,,,WDS_THE.csv,,1.0,,,,9.3,9.3,6.627,20.3093,49.239,1.205,47.42,11194-0139,,2
1867,HD96937,Gaia DR3 3811594088617869056,HD96937,HIP54541,GJ3644,TIC301560849,-,-,J11097+0227A,G8V,PM*,167.4176,2.4562,909,11097+0227,,,,,,,,,,,,,,,,COMPOSITE,,,,,,,,7.69,34.045,29.373,0.915,,11097+0227,,1
1868,HD96937,Gaia DR3 3811594088617869056,HD96937,HIP54541,GJ3644,TIC301560849,-,-,J11097+0227A,G8V,PM*,167.4176,2.4562,909,11097+0227,,,,,,,,,,,,,,,,StelleDoppie,ORB6,,,,,,,7.69,34.045,29.373,0.915,,11097+0227,,2
1869,83LeoB,Gaia DR3 3812355294262255104,HD99492,HIP55848,GJ429.0B+GJ429B,TIC363549734,-,83LeoB,J11268+0301B,K3,PM*,171.6928,3.0063,910,11268+0301,,,6.55,7.5,32000.0,0.46,,41.0,,127.0,,,,,,StelleDoppie,ORB6,0.67,164.0,5200.0,112.0,,,7.567,55.0618,18.161,0.835,41.69,11268+0301,,5
1870,83LeoB,Gaia DR3 3812355294262255104,HD99492,HIP55848,GJ429.0B+GJ429B,TIC363549734,-,83LeoB,J11268+0301B,K3,PM*,171.6928,3.0063,910,11268+0301,,,6.49,7.58,32000.0,,,40.76,,,,,,,,Chulkov+22,2022MNRAS.517.2925C,0.65,,,,,,7.567,55.0618,18.161,0.835,36.64,11268+0301,,2
1871,83LeoB,Gaia DR3 3812355294262255104,HD99492,HIP55848,GJ429.0B+GJ429B,TIC363549734,-,83LeoB,J11268+0301B,K3,PM*,171.6928,3.0063,910,11268+0301,HIP55846,G7V           ,6.55,7.5,32000.0,0.46,56.35,40.76,,,,,,,,Malkov+12,2012A&A...546A..69M,0.67,,,,,,7.567,55.0618,18.161,0.835,41.69,11268+0301,,3
1872,83LeoB,Gaia DR3 3812355294262255104,HD99492,HIP55848,GJ429.0B+GJ429B,TIC363549734,-,83LeoB,J11268+0301B,K3,PM*,171.6928,3.0063,910,11268+0301,HIP55846,,6.55,7.5,32000.0,0.46,,,,126.6,,,,,,ORB6,Hop1960a,0.67,164.3,,112.9,,,7.567,55.0618,18.161,0.835,41.69,11268+0301,,4
1873,83LeoB,Gaia DR3 3812355294262255104,HD99492,HIP55848,GJ429.0B+GJ429B,TIC363549734,-,83LeoB,J11268+0301B,K3,PM*,171.6928,3.0063,910,11268+0301,,,6.55,7.5,32000.0,0.46,,40.76,,126.8,,,,,,COMPOSITE,,0.67,164.15,5200.0,112.45,,,7.567,55.0618,18.161,0.835,41.69,11268+0301,,1
1874,HD88072,Gaia DR3 3835743693290897152,HD88072,HIP49756,-,TIC344988456,-,-,-,G3V,PM*,152.3476,2.3711,913,-,HIP49756,,,,440.0,0.2,,,61.0,31.0,,,,1.08,0.13,COMPOSITE,,,,,,1.6,,7.55,27.8181,35.948,0.985,,-,,1
1875,HD88072,Gaia DR3 3835743693290897152,HD88072,HIP49756,-,TIC344988456,-,-,-,G3V,PM*,152.3476,2.3711,913,-,HIP49756,,,,440.0,0.2,,,61.0,31.0,,,,1.08,0.13,Qier_An+25,2025ApJS..280...61A,,,,,1.6,,7.55,27.8181,35.948,0.985,,-,,2
1876,HD81997B,Gaia DR3 3837746380705638656,HD81997B,-,GJ348B,TIC77549396,-,31HyaB+tau01HyaB,J09291-0246B,K0,PM*,142.2884,-2.7508,914,09291-0246,,,,,,,,,,,,,,,,StelleDoppie,ORB6,,,,,,,7.185,55.2676,18.094,0.875,,09291-0246,,2
1877,HD81997B,Gaia DR3 3837746380705638656,HD81997B,-,GJ348B,TIC77549396,-,31HyaB+tau01HyaB,J09291-0246B,K0,PM*,142.2884,-2.7508,914,09291-0246,,,7.185,4.604,2811.0,0.38,,,,,,,,0.875,1.015,COMPOSITE,,1.015,,,156.35000000000002,10.99,,7.185,55.2676,18.094,0.875,,09291-0246,0.875,1
1878,HD90905,Gaia DR3 3855524182352238336,HD90905,HIP51386,-,TIC277895096,-,-,J10297+0129,G1V,PM*,157.426,1.4911,917,10297+0129,,F5,5.5,16.8,,,,,,,,,,,,WDS_THE.csv,,0.08,,,,5.2,5.2,6.885,32.5121,30.758,1.125,0.0,10297+0129,,2
1879,HD90905,Gaia DR3 3855524182352238336,HD90905,HIP51386,-,TIC277895096,-,-,J10297+0129,G1V,PM*,157.426,1.4911,917,10297+0129,,F5,5.5,16.8,,,,,,,,,,,,COMPOSITE,,0.08,,,,5.2,5.2,6.885,32.5121,30.758,1.125,0.0,10297+0129,,1
1880,HD89906A,Gaia DR3 3887696579776144512,HD89906A,-,-,-,-,-,J10227+1521A,-,PM*,155.6825,15.3444,921,10227+1521,,,7.38,10.28,315.0,0.54,,1.82,,144.8,,,,,,COMPOSITE,,0.45,53.15,1941.12,42.05,1.9,,7.26,34.4805,29.002,0.875,,10227+1521,,1
1881,HD89906A,Gaia DR3 3887696579776144512,HD89906A,-,-,-,-,-,J10227+1521A,-,PM*,155.6825,15.3444,921,10227+1521,,G5,7.38,10.28,,,,,,,,,,,,WDS_THE.csv,,0.45,,,,1.9,2.5,7.26,34.4805,29.002,0.875,6.92,10227+1521,,7
1882,HD89906A,Gaia DR3 3887696579776144512,HD89906A,-,-,-,-,-,J10227+1521A,-,PM*,155.6825,15.3444,921,10227+1521,HIP50829,,7.38,10.28,315.0,0.54,,,,144.6,,,,,,ORB6,Sca2009c,0.45,53.3,1941.24,42.1,,,7.26,34.4805,29.002,0.875,6.92,10227+1521,,5
1883,HD89906A,Gaia DR3 3887696579776144512,HD89906A,-,-,-,-,-,J10227+1521A,-,PM*,155.6825,15.3444,921,10227+1521,,,7.4,10.3,314.0,0.54,,1.8,,145.0,,,,,,StelleDoppie,ORB6,0.45,53.0,1941.0,42.0,,,7.26,34.4805,29.002,0.875,6.92,10227+1521,,6
1884,HD89906A,Gaia DR3 3887696579776144512,HD89906A,-,-,-,-,-,J10227+1521A,-,PM*,155.6825,15.3444,921,10227+1521,HIP50829,G5            ,7.38,10.28,315.0,0.54,34.76,1.84,,,,,,,,Malkov+12,2012A&A...546A..69M,0.45,,,,,,7.26,34.4805,29.002,0.875,6.92,10227+1521,,3
1885,HD89906A,Gaia DR3 3887696579776144512,HD89906A,-,-,-,-,-,J10227+1521A,-,PM*,155.6825,15.3444,921,10227+1521,HIP50829,G5            ,7.38,10.28,306.5,0.54,34.76,1.74,,,,,,,,Malkov+12,2012A&A...546A..69M,0.45,,,,,,7.26,34.4805,29.002,0.875,6.92,10227+1521,,4
1886,HD89906A,Gaia DR3 3887696579776144512,HD89906A,-,-,-,-,-,J10227+1521A,-,PM*,155.6825,15.3444,921,10227+1521,,,7.26,,315.0,,,1.84,,,,,,,,Chulkov+22,2022MNRAS.517.2925C,,,,,,,7.26,34.4805,29.002,0.875,,10227+1521,,2
1887,HD102988,Gaia DR3 3919566955099316352,HD102988,HIP57821,-,TIC291073912,-,-,J11514+1148AB,F6V,**,177.853,11.8051,929,11514+1148,,F6V,7.18,10.92,53.3,0.78,,0.33,,42.0,,,,,,COMPOSITE,,0.47,236.4,2008.92,100.0,0.4,0.4,7.004,18.5891,53.795,1.105,3.19,11514+1148,,1
1888,HD102988,Gaia DR3 3919566955099316352,HD102988,HIP57821,-,TIC291073912,-,-,J11514+1148AB,F6V,**,177.853,11.8051,929,11514+1148,,F6V,7.18,10.92,,,,,,,,,,,,WDS_THE.csv,,0.47,,,,0.4,0.4,7.004,18.5891,53.795,1.105,3.19,11514+1148,,4
1889,HD102988,Gaia DR3 3919566955099316352,HD102988,HIP57821,-,TIC291073912,-,-,J11514+1148AB,F6V,**,177.853,11.8051,929,11514+1148,HIP57821,,7.18,10.92,53.3,0.78,,,,42.0,,,,,,ORB6,Tok2018e,0.47,236.4,2008.92,100.0,,,7.004,18.5891,53.795,1.105,3.19,11514+1148,,3
1890,HD102988,Gaia DR3 3919566955099316352,HD102988,HIP57821,-,TIC291073912,-,-,J11514+1148AB,F6V,**,177.853,11.8051,929,11514+1148,,,7.05,,53.3,,,0.33,,,,,,,,Chulkov+22,2022MNRAS.517.2925C,,,,,,,7.004,18.5891,53.795,1.105,,11514+1148,,2
1891,HD111398,Gaia DR3 3928040444539772800,HD111398,HIP62536,-,TIC402133995,-,-,J12489+1206A,G5V,PM*,192.2184,12.0964,930,12489+1206,,,,,,,,,,,,,,,,COMPOSITE,,,,,,,,7.105,27.5912,36.243,0.995,,12489+1206,,1
1892,HD111398,Gaia DR3 3928040444539772800,HD111398,HIP62536,-,TIC402133995,-,-,J12489+1206A,G5V,PM*,192.2184,12.0964,930,12489+1206,,,,,,,,,,,,,,,,StelleDoppie,ORB6,,,,,,,7.105,27.5912,36.243,0.995,,12489+1206,,2
1893,HD115404A,Gaia DR3 3936909723803146368,HD115404A,HIP64797,GJ505A,TIC373765355,-,-,J13169+1701A,K2V,PM*,199.2127,17.0172,931,13169+1701,,,6.66,9.5,607.0,0.31,,6.3,,94.0,,,,,,StelleDoppie,ORB6,0.41,105.0,1819.0,217.0,,,6.501,91.0176,10.987,0.79,7.31,13169+1701,,6
1894,HD115404A,Gaia DR3 3936909723803146368,HD115404A,HIP64797,GJ505A,TIC373765355,-,-,J13169+1701A,K2V,PM*,199.2127,17.0172,931,13169+1701,,,6.66,9.5,607.3,0.31,,6.36,72.0,94.0,,,,0.64,0.55,COMPOSITE,,0.41,104.83,1819.23,217.23000000000002,3.51,,6.501,91.0176,10.987,0.79,7.31,13169+1701,,1
1895,HD115404A,Gaia DR3 3936909723803146368,HD115404A,HIP64797,GJ505A,TIC373765355,-,-,J13169+1701A,K2V,PM*,199.2127,17.0172,931,13169+1701,,,6.49,,607.3,,,6.36,,,,,,,,Chulkov+22,2022MNRAS.517.2925C,,,,,,,6.501,91.0176,10.987,0.79,,13169+1701,,2
1896,HD115404A,Gaia DR3 3936909723803146368,HD115404A,HIP64797,GJ505A,TIC373765355,-,-,J13169+1701A,K2V,PM*,199.2127,17.0172,931,13169+1701,HIP64797,K1V  M1V      ,6.66,9.5,770.0,0.12,90.32,8.06,,,,,,,,Malkov+12,2012A&A...546A..69M,0.41,,,,,,6.501,91.0176,10.987,0.79,7.31,13169+1701,,3
1897,HD115404A,Gaia DR3 3936909723803146368,HD115404A,HIP64797,GJ505A,TIC373765355,-,-,J13169+1701A,K2V,PM*,199.2127,17.0172,931,13169+1701,,K1V+M1V,6.66,9.5,,,,,,,,,,,,WDS_THE.csv,,0.41,,,,1.3,7.7,6.501,91.0176,10.987,0.79,7.31,13169+1701,,7
1898,HD115404A,Gaia DR3 3936909723803146368,HD115404A,HIP64797,GJ505A,TIC373765355,-,-,J13169+1701A,K2V,PM*,199.2127,17.0172,931,13169+1701,HIP64797,,6.66,9.5,607.3,0.31,,,,94.42,,,,,,ORB6,Izm2019,0.41,104.66,1819.46,217.46,,,6.501,91.0176,10.987,0.79,7.31,13169+1701,,4
1899,HD115404A,Gaia DR3 3936909723803146368,HD115404A,HIP64797,GJ505A,TIC373765355,-,-,J13169+1701A,K2V,PM*,199.2127,17.0172,931,13169+1701,HIP64797,,,,560.0,0.36,,,72.0,93.9,,,,0.64,0.55,Qier_An+25,2025ApJS..280...61A,,,,,5.72,,6.501,91.0176,10.987,0.79,,13169+1701,,5
1900,HD114762A,Gaia DR3 3937211745905473024,HD114762A,HIP64426,-,TIC138172859,-,-,J13123+1731A,F9VgF8mF4+M6,SB*,198.0823,17.5171,932,13123+1731,,,,,,,,,,,,,,,,StelleDoppie,ORB6,,,,,,,7.3,26.1979,38.171,0.795,,13123+1731,,2
1901,HD114762A,Gaia DR3 3937211745905473024,HD114762A,HIP64426,-,TIC138172859,-,-,J13123+1731A,F9VgF8mF4+M6,SB*,198.0823,17.5171,932,13123+1731,,hF9gF7mF3,7.36,18.0,,,,,,,,,,,,WDS_THE.csv,,0.07,,,,3.3,3.3,7.3,26.1979,38.171,0.795,0.01,13123+1731,,3
1902,HD114762A,Gaia DR3 3937211745905473024,HD114762A,HIP64426,-,TIC138172859,-,-,J13123+1731A,F9VgF8mF4+M6,SB*,198.0823,17.5171,932,13123+1731,,hF9gF7mF3,7.36,18.0,,,,,,,,,,,,COMPOSITE,,0.07,,,,3.3,3.3,7.3,26.1979,38.171,0.795,0.01,13123+1731,,1
1903,HD107146,Gaia DR3 3946438125929224320,HD107146,HIP60074,-,TIC72408098,-,-,-,G2V,PM*,184.7771,16.5483,934,-,HIP60074,,,,2060.0,0.33,,,183.0,122.0,,,,1.08,0.34,Qier_An+25,2025ApJS..280...61A,,,,,5.84,,7.031,36.4038,27.47,0.975,,-,,2
1904,HD107146,Gaia DR3 3946438125929224320,HD107146,HIP60074,-,TIC72408098,-,-,-,G2V,PM*,184.7771,16.5483,934,-,HIP60074,,,,2060.0,0.33,,,183.0,122.0,,,,1.08,0.34,COMPOSITE,,,,,,5.84,,7.031,36.4038,27.47,0.975,,-,,1
1905,HD112196,Gaia DR3 3954927249048246272,HD112196,HIP63008,-,TIC198285529,-,-,J12547+2206A,F8V,PM*,193.6667,22.1079,935,12547+2206,,F8V+M2-3V,5.7,7.77,,,,,,,,,,,,WDS_THE.csv,,0.67,,,,1.5,1.7,6.983,28.4978,35.09,1.085,14.86,12547+2206,,3
1906,HD112196,Gaia DR3 3954927249048246272,HD112196,HIP63008,-,TIC198285529,-,-,J12547+2206A,F8V,PM*,193.6667,22.1079,935,12547+2206,,,,,,,,,,,,,,,,StelleDoppie,ORB6,,,,,,,6.983,28.4978,35.09,1.085,,12547+2206,,2
1907,HD112196,Gaia DR3 3954927249048246272,HD112196,HIP63008,-,TIC198285529,-,-,J12547+2206A,F8V,PM*,193.6667,22.1079,935,12547+2206,,,5.7,7.77,,,,,,,,,,,,COMPOSITE,,0.67,,,,1.5,,6.983,28.4978,35.09,1.085,,12547+2206,,1
1908,HD110789,Gaia DR3 3955472984773776256,HD110789,HIP62162,-,TIC263639099,-,-,J12444+2200AB,F6V,**,191.0944,21.9934,936,12444+2200,HIP62162,,7.76,10.96,187.0,0.88,,,,70.3,,,,,,ORB6,Tok2021f,0.43,105.3,2014.49,250.3,,,7.59,15.3546,65.127,0.895,5.25,12444+2200,,3
1909,HD110789,Gaia DR3 3955472984773776256,HD110789,HIP62162,-,TIC263639099,-,-,J12444+2200AB,F6V,**,191.0944,21.9934,936,12444+2200,,F6V,7.76,10.96,,,,,,,,,,,,WDS_THE.csv,,0.43,,,,0.2,0.2,7.59,15.3546,65.127,0.895,5.25,12444+2200,,4
1910,HD110789,Gaia DR3 3955472984773776256,HD110789,HIP62162,-,TIC263639099,-,-,J12444+2200AB,F6V,**,191.0944,21.9934,936,12444+2200,,F6V,7.76,10.96,152.35,0.88,,0.49,,70.3,,,,,,COMPOSITE,,0.43,105.3,2014.49,250.3,0.2,0.2,7.59,15.3546,65.127,0.895,5.25,12444+2200,,1
1911,HD110789,Gaia DR3 3955472984773776256,HD110789,HIP62162,-,TIC263639099,-,-,J12444+2200AB,F6V,**,191.0944,21.9934,936,12444+2200,,,7.59,,117.7,,,0.49,,,,,,,,Chulkov+22,2022MNRAS.517.2925C,,,,,,,7.59,15.3546,65.127,0.895,,12444+2200,,2
1912,88Leo,Gaia DR3 3966121308211393920,HD100180,HIP56242,GJ3669,TIC219030951,-,88Leo,"J11317+1422Aa,Ab",F9.5V,**,172.9373,14.3645,941,11317+1422,,G0V,7.0,7.1,,,,,,,,,,,,WDS_THE.csv,,1.03,,,,0.1,0.2,6.207,42.6536,23.445,1.055,91.2,11317+1422,,4
1913,88Leo,Gaia DR3 3966121308211393920,HD100180,HIP56242,GJ3669,TIC219030951,-,88Leo,"J11317+1422Aa,Ab",F9.5V,**,172.9373,14.3645,941,11317+1422,HIP56242,,6.33,9.14,3453.0,0.2,,,,58.0,,,,,,ORB6,Hrt2013b,0.55,138.0,,100.0,,,6.207,42.6536,23.445,1.055,7.52,11317+1422,,3
1914,88Leo,Gaia DR3 3966121308211393920,HD100180,HIP56242,GJ3669,TIC219030951,-,88Leo,"J11317+1422Aa,Ab",F9.5V,**,172.9373,14.3645,941,11317+1422,,,6.27,,3453.0,,,16.25,,,,,,,,Chulkov+22,2022MNRAS.517.2925C,,,,,,,6.207,42.6536,23.445,1.055,,11317+1422,,2
1915,88Leo,Gaia DR3 3966121308211393920,HD100180,HIP56242,GJ3669,TIC219030951,-,88Leo,"J11317+1422Aa,Ab",F9.5V,**,172.9373,14.3645,941,11317+1422,,G0V,6.33,8.120000000000001,3453.0,0.2,,16.25,,58.0,,,,,,COMPOSITE,,0.79,138.0,,100.0,0.1,0.2,6.207,42.6536,23.445,1.055,91.2,11317+1422,,1
1916,HD108944,Gaia DR3 4012531487861716352,HD108944,HIP61072,-,TIC99303738,-,-,J12310+3125,F9V,SB*,187.7531,31.4238,947,12310+3125,,F9V,7.0,12.0,,,,,,,,,,,,WDS_THE.csv,,0.33,,,,1.9,2.1,7.342,22.3175,44.808,1.055,1.0,12310+3125,,2
1917,HD108944,Gaia DR3 4012531487861716352,HD108944,HIP61072,-,TIC99303738,-,-,J12310+3125,F9V,SB*,187.7531,31.4238,947,12310+3125,,F9V,7.0,12.0,,,,,,,,,,,,COMPOSITE,,0.33,,,,1.9,2.1,7.342,22.3175,44.808,1.055,1.0,12310+3125,,1
1918,61UMa,Gaia DR3 4025850731201819392,HD101501,HIP56997,GJ434,TIC101641846,-,61UMa,J11411+3412A,G8V,PM*,175.2626,34.2016,949,11411+3412,,,,,,,,,,,,,,,,COMPOSITE,,,,,,,,5.299,104.4252,9.576,0.826,,11411+3412,,1
1919,61UMa,Gaia DR3 4025850731201819392,HD101501,HIP56997,GJ434,TIC101641846,-,61UMa,J11411+3412A,G8V,PM*,175.2626,34.2016,949,11411+3412,,,,,,,,,,,,,,,,StelleDoppie,ORB6,,,,,,,5.299,104.4252,9.576,0.826,,11411+3412,,2
1920,HD173885,Gaia DR3 4101951676226387584,HD173885,HIP92262,-,TIC427836578,-,-,-,F6V,PM*,282.0492,-14.7083,953,-,HIP92262,,,,15.2,0.28,,,7.39,30.04,,,,1.4,0.36,Qier_An+25,2025ApJS..280...61A,,,,,0.13,,6.86,19.7401,50.658,1.105,,-,,2
1921,HD173885,Gaia DR3 4101951676226387584,HD173885,HIP92262,-,TIC427836578,-,-,-,F6V,PM*,282.0492,-14.7083,953,-,HIP92262,,,,15.2,0.28,,,7.39,30.04,,,,1.4,0.36,COMPOSITE,,,,,,0.13,,6.86,19.7401,50.658,1.105,,-,,1
1922,HD153631,Gaia DR3 4140792817780067200,HD153631,HIP83276,GJ650,TIC434710990,-,-,-,G0V,SB*,255.2948,-13.5671,954,,HIP83276,G0V+,7.14,,386.7,0.19,,,,,,,,,,Pourbaix+04,2018A&A...619A..81H,,,,46.1,1.07,,7.142,19.6553,50.877,1.075,,-,,2
1923,HD153631,Gaia DR3 4140792817780067200,HD153631,HIP83276,GJ650,TIC434710990,-,-,-,G0V,SB*,255.2948,-13.5671,954,,HIP83276,G0V+,7.14,,386.7,0.19,,,,,,,,,,COMPOSITE,,,,,46.1,1.07,,7.142,19.6553,50.877,1.075,,-,,1
1924,HD162739A,Gaia DR3 4148904396147803136,HD162739A,-,-,-,-,-,J17531-1339A,-,*,268.271,-13.6502,956,17531-1339,,F8V,7.41,8.99,,,,,,,,,,,,COMPOSITE,,0.62,,,,1.2,1.4,7.323,16.9874,58.867,0.895,23.33,17531-1339,,1
1925,HD162739A,Gaia DR3 4148904396147803136,HD162739A,-,-,-,-,-,J17531-1339A,-,*,268.271,-13.6502,956,17531-1339,,F8V,7.41,8.99,,,,,,,,,,,,WDS_THE.csv,,0.62,,,,1.2,1.4,7.323,16.9874,58.867,0.895,23.33,17531-1339,,2
1926,HD158719A,Gaia DR3 4163011675739017472,HD158719A,-,-,TIC3205453,-,-,J17313-1058A,-,PM*,262.8243,-10.9715,959,17313-1058,,F5,7.52,13.1,,,,,,,,,,,,WDS_THE.csv,,0.36,,,,5.4,5.6,7.45,17.3209,57.734,1.315,0.59,17313-1058,,2
1927,HD158719A,Gaia DR3 4163011675739017472,HD158719A,-,-,TIC3205453,-,-,J17313-1058A,-,PM*,262.8243,-10.9715,959,17313-1058,,F5,7.52,13.1,,,,,,,,,,,,COMPOSITE,,0.36,,,,5.4,5.6,7.45,17.3209,57.734,1.315,0.59,17313-1058,,1
1928,HD165360A,Gaia DR3 4170909850027869696,HD165360A,HIP88656,-,TIC204712890,-,-,J18060-0807A,F5V,SB*,271.5067,-8.1086,961,18060-0807,,F5V,7.16,13.8,,,,,,,,,,,,COMPOSITE,,0.18,,,,2.6,2.9,7.111,18.0873,55.287,0.845,0.22,18060-0807,,1
1929,HD165360A,Gaia DR3 4170909850027869696,HD165360A,HIP88656,-,TIC204712890,-,-,J18060-0807A,F5V,SB*,271.5067,-8.1086,961,18060-0807,,F5V,7.16,13.8,,,,,,,,,,,,WDS_THE.csv,,0.18,,,,2.6,2.9,7.111,18.0873,55.287,0.845,0.22,18060-0807,,2
1930,HD183870,Gaia DR3 4187837450005193088,HD183870,HIP96085,GJ1240,TIC100711809,-,-,J19321-1116A,K2V,PM*,293.0279,-11.2749,963,19321-1116,,,,,,,,,,,,,,,,StelleDoppie,ORB6,,,,,,,7.53,56.5657,17.679,0.795,,19321-1116,,2
1931,HD183870,Gaia DR3 4187837450005193088,HD183870,HIP96085,GJ1240,TIC100711809,-,-,J19321-1116A,K2V,PM*,293.0279,-11.2749,963,19321-1116,,,,,,,,,,,,,,,,COMPOSITE,,,,,,,,7.53,56.5657,17.679,0.795,,19321-1116,,1
1932,HD186159,Gaia DR3 4194767774869252608,HD186159,HIP97022,-,TIC242901562,-,-,"J19431-0818Ba,Bb",F5IV/V,PM*,295.7789,-8.3296,964,19431-0818,,,7.07,,2.5,,,0.01,,,,,,,,Chulkov+22,2022MNRAS.517.2925C,,,,,,,7.51,15.017,66.591,0.895,,19431-0818,,2
1933,HD186159,Gaia DR3 4194767774869252608,HD186159,HIP97022,-,TIC242901562,-,-,"J19431-0818Ba,Bb",F5IV/V,PM*,295.7789,-8.3296,964,19431-0818,,F8,7.69,10.6,,,,,,,,,,,,WDS_THE.csv,,0.46,,,,0.3,0.5,7.51,15.017,66.591,0.895,6.85,19431-0818,,5
1934,HD186159,Gaia DR3 4194767774869252608,HD186159,HIP97022,-,TIC242901562,-,-,"J19431-0818Ba,Bb",F5IV/V,PM*,295.7789,-8.3296,964,19431-0818,HIP97016,,7.08,,2.5,0.2,,,,142.17,,,,,,ORB6,HIP1997d,,128.24,1991.62,271.87,,,7.51,15.017,66.591,0.895,,19431-0818,,4
1935,HD186159,Gaia DR3 4194767774869252608,HD186159,HIP97022,-,TIC242901562,-,-,"J19431-0818Ba,Bb",F5IV/V,PM*,295.7789,-8.3296,964,19431-0818,HIP97016,F5            ,7.08,10.6,2.5,0.2,13.85,0.01,,142.17,,,,,,COMPOSITE,,0.46,128.24,1991.62,271.87,0.3,,7.51,15.017,66.591,0.895,,19431-0818,,1
1936,HD186159,Gaia DR3 4194767774869252608,HD186159,HIP97022,-,TIC242901562,-,-,"J19431-0818Ba,Bb",F5IV/V,PM*,295.7789,-8.3296,964,19431-0818,HIP97016,F5            ,7.08,,2.5,0.2,13.85,0.01,,,,,,,,Malkov+12,2012A&A...546A..69M,,,,,,,7.51,15.017,66.591,0.895,,19431-0818,,3
1937,HD177758,Gaia DR3 4198685678421509376,HD177758,HIP93827,-,TIC204816649,-,-,J19064-1154A,G2VFe-1.0CH-,PM*,286.6055,-11.8974,967,19064-1154,,G1V,7.31,12.2,,,,,,,,,,,,WDS_THE.csv,,0.27,,,,1.3,1.3,7.261,26.36,37.936,0.835,1.11,19064-1154,,3
1938,HD177758,Gaia DR3 4198685678421509376,HD177758,HIP93827,-,TIC204816649,-,-,J19064-1154A,G2VFe-1.0CH-,PM*,286.6055,-11.8974,967,19064-1154,,G1V,7.31,12.2,,,,,,,,,,,,COMPOSITE,,0.27,,,,1.3,1.3,7.261,26.36,37.936,0.835,1.11,19064-1154,,1
1939,HD177758,Gaia DR3 4198685678421509376,HD177758,HIP93827,-,TIC204816649,-,-,J19064-1154A,G2VFe-1.0CH-,PM*,286.6055,-11.8974,967,19064-1154,,,,,,,,,,,,,,,,StelleDoppie,ORB6,,,,,,,7.261,26.36,37.936,0.835,,19064-1154,,2
1940,HD183658,Gaia DR3 4208110932591708672,HD183658,HIP95962,GJ9659,TIC100374998,-,-,J19309-0631A,G3V,PM*,292.7197,-6.5144,969,19309-0631,,,,,,,,,,,,,,,,StelleDoppie,ORB6,,,,,,,7.27,29.9599,33.378,1.035,,19309-0631,,2
1941,HD183658,Gaia DR3 4208110932591708672,HD183658,HIP95962,GJ9659,TIC100374998,-,-,J19309-0631A,G3V,PM*,292.7197,-6.5144,969,19309-0631,,,,,,,,,,,,,,,,COMPOSITE,,,,,,,,7.27,29.9599,33.378,1.035,,19309-0631,,1
1942,HD194766,Gaia DR3 4228891221313732864,HD194766,HIP100895,-,TIC212681424,-,-,J20275-0206B,F6V,PM*,306.8622,-2.1195,972,20275-0206,,F5V+F9V,7.49,6.71,160.9,0.255,,,,,,,,1.045,1.025,COMPOSITE,,1.025,,,285.35,0.63,0.0,7.49,21.7145,46.052,1.045,69.18,20275-0206,1.045,1
1943,HD194766,Gaia DR3 4228891221313732864,HD194766,HIP100895,-,TIC212681424,-,-,J20275-0206B,F6V,PM*,306.8622,-2.1195,972,20275-0206,,F5V+F9V,7.3,7.7,,,,,,,,,,,,WDS_THE.csv,,0.95,,,,0.0,0.0,7.49,21.7145,46.052,1.045,69.18,20275-0206,,2
1944,HD194765,Gaia DR3 4228891667990334976,HD194765,HIP100896,-,TIC212681450,-,-,J20275-0206A,F7V,SB*,306.8647,-2.1031,973,,HIP100896,F8+,6.7,,160.9,0.25,,,,,,,,,,Pourbaix+04,2012MNRAS.422...14H,,,,106.5,0.63,,6.71,21.051,47.504,1.025,,20275-0206,,2
1945,HD194765,Gaia DR3 4228891667990334976,HD194765,HIP100896,-,TIC212681450,-,-,J20275-0206A,F7V,SB*,306.8647,-2.1031,973,,HIP100896,F8+,6.7,,160.9,0.26,,,,,,,,,,Pourbaix+04,2014Obs...134..109G,,,,104.2,0.63,,6.71,21.051,47.504,1.025,,20275-0206,,3
1946,HD194765,Gaia DR3 4228891667990334976,HD194765,HIP100896,-,TIC212681450,-,-,J20275-0206A,F7V,SB*,306.8647,-2.1031,973,,HIP100896,F8+,6.71,7.49,160.9,0.255,,,,,,,,1.025,1.045,COMPOSITE,,1.045,,,105.35000000000002,0.63,,6.71,21.051,47.504,1.025,,20275-0206,1.025,1
1947,HD190412,Gaia DR3 4237555510387302400,HD190412,HIP98878,-,TIC345571990,-,-,J20048+0109A,G6/8V,SB*,301.1943,1.156,976,,HIP98878,G6/8V+,7.7,11.6,7.5,0.2,,0.175,,32.15,,,,,,COMPOSITE,,0.35,247.85,2018.7,239.3,1.11,,7.69,29.3404,34.083,0.855,,20048+0109,,1
1948,HD190412,Gaia DR3 4237555510387302400,HD190412,HIP98878,-,TIC345571990,-,-,J20048+0109A,G6/8V,SB*,301.1943,1.156,976,20048+0109,,,7.69,,7.5,,,0.15,,,,,,,,Chulkov+22,2022MNRAS.517.2925C,,,,,,,7.69,29.3404,34.083,0.855,,20048+0109,,2
1949,HD190412,Gaia DR3 4237555510387302400,HD190412,HIP98878,-,TIC345571990,-,-,J20048+0109A,G6/8V,SB*,301.1943,1.156,976,20048+0109,,,7.7,11.6,7.5,0.2,,0.2,,32.0,,,,,,StelleDoppie,ORB6,0.35,248.0,2018.7,239.0,,,7.69,29.3404,34.083,0.855,2.75,20048+0109,,6
1950,HD190412,Gaia DR3 4237555510387302400,HD190412,HIP98878,-,TIC345571990,-,-,J20048+0109A,G6/8V,SB*,301.1943,1.156,976,,HIP98878,G6/8V+,,,251.4,0.04,,,,,,,,,,Pourbaix+04,2020AJ....160..251T,,,,267.1,1.11,,7.69,29.3404,34.083,0.855,,20048+0109,,4
1951,HD190412,Gaia DR3 4237555510387302400,HD190412,HIP98878,-,TIC345571990,-,-,J20048+0109A,G6/8V,SB*,301.1943,1.156,976,,HIP98878,G6/8V+,,,2719.7,0.2,,,,,,,,,,Pourbaix+04,2020AJ....160..251T,,,,239.3,5.43,,7.69,29.3404,34.083,0.855,,20048+0109,,5
1952,HD190412,Gaia DR3 4237555510387302400,HD190412,HIP98878,-,TIC345571990,-,-,J20048+0109A,G6/8V,SB*,301.1943,1.156,976,20048+0109,,G5,7.7,11.6,,,,,,,,,,,,WDS_THE.csv,,0.35,,,,0.1,0.1,7.69,29.3404,34.083,0.855,2.75,20048+0109,,7
1953,HD190412,Gaia DR3 4237555510387302400,HD190412,HIP98878,-,TIC345571990,-,-,J20048+0109A,G6/8V,SB*,301.1943,1.156,976,20048+0109,HIP98878,,7.7,11.6,7.5,0.2,,,,32.3,,,,,,ORB6,Tok2020i,0.35,247.7,2018.7,239.3,,,7.69,29.3404,34.083,0.855,2.75,20048+0109,,3
1954,HD184768,Gaia DR3 4239437599419697536,HD184768,HIP96402,-,TIC249736205,-,-,J19360+0005A,G5V,PM*,294.0027,0.0912,978,19360+0005,,G5,7.62,13.7,,,,,,,,,,,,WDS_THE.csv,,0.22,,,,2.5,2.5,7.55,25.1271,39.798,0.905,0.37,19360+0005,,3
1955,HD184768,Gaia DR3 4239437599419697536,HD184768,HIP96402,-,TIC249736205,-,-,J19360+0005A,G5V,PM*,294.0027,0.0912,978,19360+0005,,,,,,,,,,,,,,,,StelleDoppie,ORB6,,,,,,,7.55,25.1271,39.798,0.905,,19360+0005,,2
1956,HD184768,Gaia DR3 4239437599419697536,HD184768,HIP96402,-,TIC249736205,-,-,J19360+0005A,G5V,PM*,294.0027,0.0912,978,19360+0005,,G5,7.62,13.7,,,,,,,,,,,,COMPOSITE,,0.22,,,,2.5,2.5,7.55,25.1271,39.798,0.905,0.37,19360+0005,,1
1957,HD187003,Gaia DR3 4240508901699614976,HD187003,HIP97384,-,TIC136744612,-,-,J19476+0105A,G2/3V,SB*,296.8888,1.0889,980,,HIP97384,G5+,6.8,11.8,7.6,0.0,,,,,,,,,,COMPOSITE,,0.38,,,0.0,0.09,,6.772,21.3727,46.789,1.195,,19476+0105,,1
1958,HD187003,Gaia DR3 4240508901699614976,HD187003,HIP97384,-,TIC136744612,-,-,J19476+0105A,G2/3V,SB*,296.8888,1.0889,980,,HIP97384,G5+,6.8,,7.6,0.0,,,,,,,,,,Pourbaix+04,2001Obs...121...55G,,,,0.0,0.09,,6.772,21.3727,46.789,1.195,,19476+0105,,2
1959,HD187003,Gaia DR3 4240508901699614976,HD187003,HIP97384,-,TIC136744612,-,-,J19476+0105A,G2/3V,SB*,296.8888,1.0889,980,19476+0105,,,,,,,,,,,,,,,,StelleDoppie,ORB6,,,,,,,6.772,21.3727,46.789,1.195,,19476+0105,,4
1960,HD187003,Gaia DR3 4240508901699614976,HD187003,HIP97384,-,TIC136744612,-,-,J19476+0105A,G2/3V,SB*,296.8888,1.0889,980,19476+0105,,G0IV,6.84,11.8,,,,,,,,,,,,WDS_THE.csv,,0.38,,,,0.6,0.6,6.772,21.3727,46.789,1.195,1.04,19476+0105,,5
1961,HD187003,Gaia DR3 4240508901699614976,HD187003,HIP97384,-,TIC136744612,-,-,J19476+0105A,G2/3V,SB*,296.8888,1.0889,980,,HIP97384,G5+,6.8,,7.6,0.0,,,,,,,,,,Pourbaix+04,2003ApJS..147..103G,,,,0.0,0.09,,6.772,21.3727,46.789,1.195,,19476+0105,,3
1962,HD175518,Gaia DR3 4254091856092504192,HD175518,HIP92918,-,TIC57559390,-,-,-,G6IV/V,SB*,283.9707,-5.7452,984,,HIP92918,+,7.46,,52.8,0.38,,,,,,,,,,Pourbaix+04,2002AJ....124.1144L,,,,206.0,0.42,,7.46,30.1293,33.19,0.965,,-,,2
1963,HD175518,Gaia DR3 4254091856092504192,HD175518,HIP92918,-,TIC57559390,-,-,-,G6IV/V,SB*,283.9707,-5.7452,984,,HIP92918,+,7.46,,52.8,0.38,,,,,,,,,,COMPOSITE,,,,,206.0,0.42,,7.46,30.1293,33.19,0.965,,-,,1
1964,HD186704,Gaia DR3 4290328769993455744,HD186704,HIP97255,-,TIC398523562,-,-,J19460+0415A,G0V,SB*,296.4889,4.2485,989,19460+0415,,G0V+dM1e,7.09,11.3,,,,,,,,,,,,WDS_THE.csv,,0.4,,,,9.6,10.2,7.007,34.3321,29.127,1.065,2.07,19460+0415,,4
1965,HD186704,Gaia DR3 4290328769993455744,HD186704,HIP97255,-,TIC398523562,-,-,J19460+0415A,G0V,SB*,296.4889,4.2485,989,19460+0415,,,5.9,10.1,19.4,0.24,,0.28,,84.0,,,,,,StelleDoppie,ORB6,0.4,14.0,2008.0,9.0,,,7.007,34.3321,29.127,1.065,2.09,19460+0415,,3
1966,HD186704,Gaia DR3 4290328769993455744,HD186704,HIP97255,-,TIC398523562,-,-,J19460+0415A,G0V,SB*,296.4889,4.2485,989,19460+0415,HIP97255,,5.9,10.1,19.4,0.24,,,,83.6,,,,,,ORB6,VSP2022b,0.4,14.2,2008.0,8.9,,,7.007,34.3321,29.127,1.065,2.09,19460+0415,,2
1967,HD186704,Gaia DR3 4290328769993455744,HD186704,HIP97255,-,TIC398523562,-,-,J19460+0415A,G0V,SB*,296.4889,4.2485,989,19460+0415,HIP97255,,5.9,10.1,19.4,0.24,,0.28,,83.8,,,,,,COMPOSITE,,0.4,14.1,2008.0,8.95,4.95,,7.007,34.3321,29.127,1.065,2.09,19460+0415,,1
1968,HD186704,Gaia DR3 4290328769993455744,HD186704,HIP97255,-,TIC398523562,-,-,J19460+0415A,G0V,SB*,296.4889,4.2485,989,19460+0415,,G0V,5.9,10.1,,,,,,,,,,,,WDS_THE.csv,,0.4,,,,0.3,0.3,7.007,34.3321,29.127,1.065,2.09,19460+0415,,5
1969,HD187691,Gaia DR3 4303294039306246656,HD187691,HIP97675,GJ768.1A+GJ9671A,TIC408842743,-,54Aql+OAql+omiAql,J19510+1025A,F8V,PM*,297.7568,10.4157,992,19510+1025,,F8V,3.9,,,,,,,,,,,,,WDS_THE.csv,,,,,,6.7,6.7,5.117,51.3133,19.488,1.227,,19510+1025,,2
1970,HD187691,Gaia DR3 4303294039306246656,HD187691,HIP97675,GJ768.1A+GJ9671A,TIC408842743,-,54Aql+OAql+omiAql,J19510+1025A,F8V,PM*,297.7568,10.4157,992,19510+1025,,F8V,3.9,,,,,,,,,,,,,COMPOSITE,,,,,,5.1,6.7,5.117,51.3133,19.488,1.227,,19510+1025,,1
1971,HD187691,Gaia DR3 4303294039306246656,HD187691,HIP97675,GJ768.1A+GJ9671A,TIC408842743,-,54Aql+OAql+omiAql,J19510+1025A,F8V,PM*,297.7568,10.4157,992,19510+1025,,F8V,3.9,,,,,,,,,,,,,WDS_THE.csv,,,,,,3.5,3.5,5.117,51.3133,19.488,1.227,,19510+1025,,3
1972,HD187923,Gaia DR3 4303735493232528640,HD187923,HIP97767,GJ4126,TIC281360699,-,-,J19521+1138A,G0V,PM*,298.0143,11.6283,993,19521+1138,,,,,,,,,,,,,,,,COMPOSITE,,,,,,,,6.159,37.0027,27.025,0.962,,19521+1138,,1
1973,HD187923,Gaia DR3 4303735493232528640,HD187923,HIP97767,GJ4126,TIC281360699,-,-,J19521+1138A,G0V,PM*,298.0143,11.6283,993,19521+1138,,,,,,,,,,,,,,,,StelleDoppie,ORB6,,,,,,,6.159,37.0027,27.025,0.962,,19521+1138,,2
1974,HD182572,Gaia DR3 4315804351350378496,HD182572,HIP95447,GJ759,TIC359981217,-,31Aql+bAql,J19250+1157A,G7IVHdel1,PM*,291.2425,11.9444,995,19250+1157,,,3.53,10.0,,,,,,,,,,,,COMPOSITE,,0.25,,,,3.8,,5.171,67.0153,14.922,1.113,,19250+1157,,1
1975,HD182572,Gaia DR3 4315804351350378496,HD182572,HIP95447,GJ759,TIC359981217,-,31Aql+bAql,J19250+1157A,G7IVHdel1,PM*,291.2425,11.9444,995,19250+1157,,G8IV,3.53,10.0,,,,,,,,,,,,WDS_THE.csv,,0.25,,,,3.8,4.2,5.171,67.0153,14.922,1.113,0.26,19250+1157,,3
1976,HD182572,Gaia DR3 4315804351350378496,HD182572,HIP95447,GJ759,TIC359981217,-,31Aql+bAql,J19250+1157A,G7IVHdel1,PM*,291.2425,11.9444,995,19250+1157,,,,,,,,,,,,,,,,StelleDoppie,ORB6,,,,,,,5.171,67.0153,14.922,1.113,,19250+1157,,2
1977,HD181144,Gaia DR3 4321170827084026368,HD181144,HIP94905,-,TIC401808730,-,-,J19188+1629A,F7V,SB*,289.6882,16.4884,996,,HIP94905,F8IV-V+,6.92,,5.4,0.02,,,,,,,,,,Pourbaix+04,1947PDDO....1..369N,,,,348.7,0.09,,7.018,27.5596,36.285,1.085,,19188+1629,,2
1978,HD181144,Gaia DR3 4321170827084026368,HD181144,HIP94905,-,TIC401808730,-,-,J19188+1629A,F7V,SB*,289.6882,16.4884,996,19188+1629,,F7V,7.07,12.0,,,,,,,,,,,,WDS_THE.csv,,0.35,,,,6.7,6.9,7.018,27.5596,36.285,1.085,1.07,19188+1629,,4
1979,HD181144,Gaia DR3 4321170827084026368,HD181144,HIP94905,-,TIC401808730,-,-,J19188+1629A,F7V,SB*,289.6882,16.4884,996,,HIP94905,F8IV-V+,6.92,12.0,5.4,0.01,,,,,,,,,,COMPOSITE,,0.35,,,174.35,0.09,,7.018,27.5596,36.285,1.085,,19188+1629,,1
1980,HD181144,Gaia DR3 4321170827084026368,HD181144,HIP94905,-,TIC401808730,-,-,J19188+1629A,F7V,SB*,289.6882,16.4884,996,,HIP94905,F8IV-V+,6.92,,5.4,0.0,,,,,,,,,,Pourbaix+04,1987A&A...171..157M,,,,0.0,0.09,,7.018,27.5596,36.285,1.085,,19188+1629,,3
1981,HD144585,Gaia DR3 4341501106288171008,HD144585,HIP78955,-,TIC410994457,-,-,J16071-1404A,G2V,PM*,241.764,-14.0713,999,16071-1404,,,,,,,,,,,,,,,,StelleDoppie,ORB6,,,,,,,6.32,36.2249,27.605,1.177,,16071-1404,,2
1982,HD144585,Gaia DR3 4341501106288171008,HD144585,HIP78955,-,TIC410994457,-,-,J16071-1404A,G2V,PM*,241.764,-14.0713,999,16071-1404,,,,,,,,,,,,,,,,COMPOSITE,,,,,,,,6.32,36.2249,27.605,1.177,,16071-1404,,1
1983,HD144087,Gaia DR3 4343064577465522816,HD144087,HIP78738,GJ9541A,TIC49777149,-,-,J16044-1127A,K1(V),PM*,241.108,-11.4494,1000,16044-1127,,,,,,,,,,,,,,,,StelleDoppie,ORB6,,,,,,,6.963,35.8898,27.863,0.935,,16044-1127,,2
1984,HD144087,Gaia DR3 4343064577465522816,HD144087,HIP78738,GJ9541A,TIC49777149,-,-,J16044-1127A,K1(V),PM*,241.108,-11.4494,1000,16044-1127,,,,,,,,,,,,,,,,COMPOSITE,,,,,,,,6.963,35.8898,27.863,0.935,,16044-1127,,1
1985,ksiScoC,Gaia DR3 4343066192373826176,-,-,GJ9540C,-,-,ksiScoC,J16044-1122C,G1V,PM*,241.0938,-11.3716,1001,16044-1122,,,,,1514.5,,,7.76,,,,,,,,Chulkov+22,2022MNRAS.517.2925C,,,,,,,7.277,35.8528,27.892,0.859,,16044-1122,,2
1986,ksiScoC,Gaia DR3 4343066192373826176,-,-,GJ9540C,-,-,ksiScoC,J16044-1122C,G1V,PM*,241.0938,-11.3716,1001,16044-1122,,F5IV+G1V,4.84,7.3,,,,,,,,,,,,WDS_THE.csv,,0.49,,,,6.4,8.0,7.277,35.8528,27.892,0.859,10.38,16044-1122,,9
1987,ksiScoC,Gaia DR3 4343066192373826176,-,-,GJ9540C,-,-,ksiScoC,J16044-1122C,G1V,PM*,241.0938,-11.3716,1001,16044-1122,HIP78727,,5.16,4.87,45.9,0.74,,,,34.5,,,,,,ORB6,Doc2009g,0.92,25.3,1997.22,163.8,,,7.277,35.8528,27.892,0.859,130.62,16044-1122,,6
1988,ksiScoC,Gaia DR3 4343066192373826176,-,-,GJ9540C,-,-,ksiScoC,J16044-1122C,G1V,PM*,241.0938,-11.3716,1001,16044-1122,,,,,45.9,,,0.65,,,,,,,,Chulkov+22,2022MNRAS.517.2925C,,,,,,,7.277,35.8528,27.892,0.859,,16044-1122,,3
1989,ksiScoC,Gaia DR3 4343066192373826176,-,-,GJ9540C,-,-,ksiScoC,J16044-1122C,G1V,PM*,241.0938,-11.3716,1001,16044-1122,,F5IV+F5IV,4.84,4.86,,,,,,,,,,,,WDS_THE.csv,,0.86,,,,1.1,1.1,7.277,35.8528,27.892,0.859,98.17,16044-1122,,10
1990,ksiScoC,Gaia DR3 4343066192373826176,-,-,GJ9540C,-,-,ksiScoC,J16044-1122C,G1V,PM*,241.0938,-11.3716,1001,16044-1122,HIP78727,F7V           ,5.16,4.87,45.9,0.74,0.0,0.65,,,,,,,,Malkov+12,2012A&A...546A..69M,0.92,,,,,,7.277,35.8528,27.892,0.859,130.62,16044-1122,,4
1991,ksiScoC,Gaia DR3 4343066192373826176,-,-,GJ9540C,-,-,ksiScoC,J16044-1122C,G1V,PM*,241.0938,-11.3716,1001,16044-1122,HIP78727,,5.16,7.3,1514.5,0.04,,,,131.5,,,,,,ORB6,Zir2008,0.52,47.4,2226.1,59.3,,,7.277,35.8528,27.892,0.859,13.93,16044-1122,,7
1992,ksiScoC,Gaia DR3 4343066192373826176,-,-,GJ9540C,-,-,ksiScoC,J16044-1122C,G1V,PM*,241.0938,-11.3716,1001,16044-1122,HIP78727,F7V           ,5.01,6.085,46.0,0.74,0.0,0.65,,35.0,,,,,,COMPOSITE,,0.69,25.3,1997.22,163.8,6.4,,7.277,35.8528,27.892,0.859,130.62,16044-1122,,1
1993,ksiScoC,Gaia DR3 4343066192373826176,-,-,GJ9540C,-,-,ksiScoC,J16044-1122C,G1V,PM*,241.0938,-11.3716,1001,16044-1122,,F5IV+G1V,4.86,7.3,,,,,,,,,,,,WDS_THE.csv,,0.49,,,,6.4,7.1,7.277,35.8528,27.892,0.859,10.57,16044-1122,,11
1994,ksiScoC,Gaia DR3 4343066192373826176,-,-,GJ9540C,-,-,ksiScoC,J16044-1122C,G1V,PM*,241.0938,-11.3716,1001,16044-1122,,,4.8,4.8,46.0,0.74,,0.65,,35.0,,,,,,StelleDoppie,ORB6,0.86,25.0,1997.0,164.0,,,7.277,35.8528,27.892,0.859,100.0,16044-1122,,8
1995,ksiScoC,Gaia DR3 4343066192373826176,-,-,GJ9540C,-,-,ksiScoC,J16044-1122C,G1V,PM*,241.0938,-11.3716,1001,16044-1122,HIP78727,G1V           ,5.16,7.3,1514.5,0.04,0.0,7.76,,,,,,,,Malkov+12,2012A&A...546A..69M,0.52,,,,,,7.277,35.8528,27.892,0.859,13.93,16044-1122,,5
1996,18Sco,Gaia DR3 4345775217221821312,HD146233,HIP79672,GJ616,TIC135656809,-,18Sco,J16156-0822A,G2Va,PM*,243.9053,-8.3694,1002,16156-0822,,,,,,,,,,,,,,,,COMPOSITE,,,,,,,,5.495,70.7371,14.137,1.003,,16156-0822,,1
1997,18Sco,Gaia DR3 4345775217221821312,HD146233,HIP79672,GJ616,TIC135656809,-,18Sco,J16156-0822A,G2Va,PM*,243.9053,-8.3694,1002,16156-0822,,,,,,,,,,,,,,,,StelleDoppie,ORB6,,,,,,,5.495,70.7371,14.137,1.003,,16156-0822,,2
1998,HD150433,Gaia DR3 4354950641755249024,HD150433,HIP81681,GJ634.1+GJ9573,TIC58360410,-,-,J16411-0251A,G5V,PM*,250.2842,-2.8573,1004,16411-0251,,,,,,,,,,,,,,,,COMPOSITE,,,,,,,,7.232,32.9211,30.376,0.825,,16411-0251,,1
1999,HD150433,Gaia DR3 4354950641755249024,HD150433,HIP81681,GJ634.1+GJ9573,TIC58360410,-,-,J16411-0251A,G5V,PM*,250.2842,-2.8573,1004,16411-0251,,,,,,,,,,,,,,,,StelleDoppie,ORB6,,,,,,,7.232,32.9211,30.376,0.825,,16411-0251,,2
2000,HD147512,Gaia DR3 4356054757585316992,HD147512,HIP80218,-,TIC71960105,-,-,J16225-0415A,G8/K0V,PM*,245.6363,-4.2492,1005,16225-0415,,,,,,,,,,,,,,,,COMPOSITE,,,,,,,,7.34,37.16,26.911,0.915,,16225-0415,,1
2001,HD147512,Gaia DR3 4356054757585316992,HD147512,HIP80218,-,TIC71960105,-,-,J16225-0415A,G8/K0V,PM*,245.6363,-4.2492,1005,16225-0415,,,,,,,,,,,,,,,,StelleDoppie,ORB6,,,,,,,7.34,37.16,26.911,0.915,,16225-0415,,2
2002,12Oph,Gaia DR3 4358031335898505472,HD149661,HIP81300,GJ631,TIC58092025,-,12Oph,J16364-0219A,K1V,BY*,249.0894,-2.3246,1006,16364-0219,,,,,,,,,,,,,,,,COMPOSITE,,,,,,,,5.762,101.0719,9.894,0.901,,16364-0219,,1
2003,12Oph,Gaia DR3 4358031335898505472,HD149661,HIP81300,GJ631,TIC58092025,-,12Oph,J16364-0219A,K1V,BY*,249.0894,-2.3246,1006,16364-0219,,,,,,,,,,,,,,,,StelleDoppie,ORB6,,,,,,,5.762,101.0719,9.894,0.901,,16364-0219,,2
2004,HD154363,Gaia DR3 4364527594192166400,HD154363,HIP83591,GJ653,TIC142456308,-,-,J17050-0504A,K4/5V,PM*,256.2641,-5.0665,1007,17050-0504,,,,,,,,,,,,,,,,COMPOSITE,,,,,,,,7.7,95.567,10.464,0.585,,17050-0504,,1
2005,HD154363,Gaia DR3 4364527594192166400,HD154363,HIP83591,GJ653,TIC142456308,-,-,J17050-0504A,K4/5V,PM*,256.2641,-5.0665,1007,17050-0504,,,,,,,,,,,,,,,,StelleDoppie,ORB6,,,,,,,7.7,95.567,10.464,0.585,,17050-0504,,2
2006,HD157347,Gaia DR3 4367026303085396352,HD157347,HIP85042,-,TIC59476871,-,-,J17229-0223A,G3V,PM*,260.7137,-2.3882,1008,17229-0223,,,,,,,,,,,,,,,,StelleDoppie,ORB6,,,,,,,6.295,50.9694,19.62,0.995,,17229-0223,,2
2007,HD157347,Gaia DR3 4367026303085396352,HD157347,HIP85042,-,TIC59476871,-,-,J17229-0223A,G3V,PM*,260.7137,-2.3882,1008,17229-0223,,,,,,,,,,,,,,,,COMPOSITE,,,,,,,,6.295,50.9694,19.62,0.995,,17229-0223,,1
2008,HD157881,Gaia DR3 4375233191015944192,HD157881,HIP85295,GJ673,TIC327860248,-,-,J17258+0207A,K7V,PM*,261.4385,2.1114,1010,17258+0207,,K7V,7.6,,,,,,,,,,,,,COMPOSITE,,,,,,7.3,7.3,7.54,129.6459,7.713,0.666,,17258+0207,,1
2009,HD157881,Gaia DR3 4375233191015944192,HD157881,HIP85295,GJ673,TIC327860248,-,-,J17258+0207A,K7V,PM*,261.4385,2.1114,1010,17258+0207,,K7V,7.6,,,,,,,,,,,,,WDS_THE.csv,,,,,,7.3,7.3,7.54,129.6459,7.713,0.666,,17258+0207,,3
2010,HD157881,Gaia DR3 4375233191015944192,HD157881,HIP85295,GJ673,TIC327860248,-,-,J17258+0207A,K7V,PM*,261.4385,2.1114,1010,17258+0207,,,,,,,,,,,,,,,,StelleDoppie,ORB6,,,,,,,7.54,129.6459,7.713,0.666,,17258+0207,,2
2011,HD149806A,Gaia DR3 4383374219923745024,HD149806A,HIP81375,-,TIC281738302,-,-,J16371+0015A,K0V,PM*,249.2851,0.2543,1013,16371+0015,,,7.08,13.0,700.0,0.41,,,96.0,102.7,,,,0.98,0.83,COMPOSITE,,0.24,,,,4.845000000000001,,7.083,49.2036,20.324,0.935,,16371+0015,,1
2012,HD149806A,Gaia DR3 4383374219923745024,HD149806A,HIP81375,-,TIC281738302,-,-,J16371+0015A,K0V,PM*,249.2851,0.2543,1013,16371+0015,,,,,,,,,,,,,,,,StelleDoppie,ORB6,,,,,,,7.083,49.2036,20.324,0.935,,16371+0015,,3
2013,HD149806A,Gaia DR3 4383374219923745024,HD149806A,HIP81375,-,TIC281738302,-,-,J16371+0015A,K0V,PM*,249.2851,0.2543,1013,16371+0015,HIP81375,,,,700.0,0.41,,,96.0,102.7,,,,0.98,0.83,Qier_An+25,2025ApJS..280...61A,,,,,3.79,,7.083,49.2036,20.324,0.935,,16371+0015,,2
2014,HD149806A,Gaia DR3 4383374219923745024,HD149806A,HIP81375,-,TIC281738302,-,-,J16371+0015A,K0V,PM*,249.2851,0.2543,1013,16371+0015,,K1,7.08,13.0,,,,,,,,,,,,WDS_THE.csv,,0.24,,,,5.9,6.3,7.083,49.2036,20.324,0.935,0.43,16371+0015,,4
2015,HD142661A,Gaia DR3 4409032079673958528,HD142661A,-,-,TIC188374410,-,-,J15559-0210A,F8.5V,PM*,238.9774,-2.1644,1020,15559-0210,HIP78024,F8V           ,7.03,8.65,2331.2,0.38,27.1,6.95,,,,,,,,Malkov+12,2012A&A...546A..69M,0.68,,,,,,6.782,26.0511,38.386,0.985,22.49,15559-0210,,3
2016,HD142661A,Gaia DR3 4409032079673958528,HD142661A,-,-,TIC188374410,-,-,J15559-0210A,F8.5V,PM*,238.9774,-2.1644,1020,15559-0210,,,6.77,,2307.3,,,12.59,,,,,,,,Chulkov+22,2022MNRAS.517.2925C,,,,,,,6.782,26.0511,38.386,0.985,,15559-0210,,2
2017,HD142661A,Gaia DR3 4409032079673958528,HD142661A,-,-,TIC188374410,-,-,J15559-0210A,F8.5V,PM*,238.9774,-2.1644,1020,15559-0210,,F8V,7.03,8.65,,,,,,,,,,,,WDS_THE.csv,,0.68,,,,6.0,6.0,6.782,26.0511,38.386,0.985,22.49,15559-0210,,6
2018,HD142661A,Gaia DR3 4409032079673958528,HD142661A,-,-,TIC188374410,-,-,J15559-0210A,F8.5V,PM*,238.9774,-2.1644,1020,15559-0210,,F8V,7.03,8.65,2319.25,0.38,,6.95,,68.19,,,,,,COMPOSITE,,0.68,112.51,1650.01,109.89,6.0,6.0,6.782,26.0511,38.386,0.985,22.49,15559-0210,,1
2019,HD142661A,Gaia DR3 4409032079673958528,HD142661A,-,-,TIC188374410,-,-,J15559-0210A,F8.5V,PM*,238.9774,-2.1644,1020,15559-0210,HIP78024,,7.03,8.65,2307.3,0.79,,,,68.19,,,,,,ORB6,Izm2019,0.68,112.51,1650.01,109.89,,,6.782,26.0511,38.386,0.985,22.49,15559-0210,,5
2020,HD142661A,Gaia DR3 4409032079673958528,HD142661A,-,-,TIC188374410,-,-,J15559-0210A,F8.5V,PM*,238.9774,-2.1644,1020,15559-0210,HIP78024,F8V           ,7.03,8.65,2331.2,0.38,27.1,6.95,,,,,,,,Malkov+12,2012A&A...546A..69M,0.68,,,,,,6.782,26.0511,38.386,0.985,22.49,15559-0210,,4
2021,HD135204,Gaia DR3 4418203587193988480,HD135204,HIP74537,GJ580,TIC38838329,-,-,J15138-0121AB,G9V,**,228.4621,-1.3514,1024,15138-0121,,G8V,7.4,7.4,,,,,,,,,,,,WDS_THE.csv,,0.91,,,,0.1,0.1,6.597,57.9205,17.265,0.906,100.0,15138-0121,,3
2022,HD135204,Gaia DR3 4418203587193988480,HD135204,HIP74537,GJ580,TIC38838329,-,-,J15138-0121AB,G9V,**,228.4621,-1.3514,1024,15138-0121,,,,,,,,,,,,,,,,StelleDoppie,ORB6,,,,,,,6.597,57.9205,17.265,0.906,,15138-0121,,2
2023,HD135204,Gaia DR3 4418203587193988480,HD135204,HIP74537,GJ580,TIC38838329,-,-,J15138-0121AB,G9V,**,228.4621,-1.3514,1024,15138-0121,,G8V,7.4,7.4,,,,,,,,,,,,COMPOSITE,,0.91,,,,0.1,0.1,6.597,57.9205,17.265,0.906,100.0,15138-0121,,1
2024,HD135599,Gaia DR3 4419140645978987904,HD135599,HIP74702,-,TIC461272840,-,-,J15160+0048A,K0V,BY*,228.9965,0.7964,1025,15160+0048,,,,,,,,,,,,,,,,StelleDoppie,ORB6,,,,,,,6.932,63.2139,15.819,0.846,,15160+0048,,2
2025,HD135599,Gaia DR3 4419140645978987904,HD135599,HIP74702,-,TIC461272840,-,-,J15160+0048A,K0V,BY*,228.9965,0.7964,1025,15160+0048,,K0,4.96,17.1,,,,,,,,,,,,WDS_THE.csv,,0.05,,,,8.5,8.5,6.932,63.2139,15.819,0.846,0.0,15160+0048,,3
2026,HD135599,Gaia DR3 4419140645978987904,HD135599,HIP74702,-,TIC461272840,-,-,J15160+0048A,K0V,BY*,228.9965,0.7964,1025,15160+0048,,,4.96,17.1,,,,,,,,,,,,COMPOSITE,,0.05,,,,8.5,,6.932,63.2139,15.819,0.846,,15160+0048,,1
2027,HD141272,Gaia DR3 4422809716282811776,HD141272,HIP77408,GJ3917,TIC272595871,-,-,J15482+0134A,K0V,BY*,237.0394,1.5717,1026,15482+0134,,G8V,5.6,21.3,,,,,,,,,,,,WDS_THE.csv,,0.02,,,,7.5,8.3,7.44,46.1575,21.665,0.835,0.0,15482+0134,,3
2028,HD141272,Gaia DR3 4422809716282811776,HD141272,HIP77408,GJ3917,TIC272595871,-,-,J15482+0134A,K0V,BY*,237.0394,1.5717,1026,15482+0134,,G8V,5.6,17.0,,,,,,,,,,,,WDS_THE.csv,,0.06,,,,2.3,4.6,7.44,46.1575,21.665,0.835,0.0,15482+0134,,4
2029,HD141272,Gaia DR3 4422809716282811776,HD141272,HIP77408,GJ3917,TIC272595871,-,-,J15482+0134A,K0V,BY*,237.0394,1.5717,1026,15482+0134,,,,,,,,,,,,,,,,StelleDoppie,ORB6,,,,,,,7.44,46.1575,21.665,0.835,,15482+0134,,2
2030,HD141272,Gaia DR3 4422809716282811776,HD141272,HIP77408,GJ3917,TIC272595871,-,-,J15482+0134A,K0V,BY*,237.0394,1.5717,1026,15482+0134,,G8V,5.6,21.4,,,,,,,,,,,,WDS_THE.csv,,0.02,,,,8.0,8.0,7.44,46.1575,21.665,0.835,0.0,15482+0134,,5
2031,HD141272,Gaia DR3 4422809716282811776,HD141272,HIP77408,GJ3917,TIC272595871,-,-,J15482+0134A,K0V,BY*,237.0394,1.5717,1026,15482+0134,,G8V,5.6,22.2,,,,,,,,,,,,WDS_THE.csv,,0.02,,,,4.0,4.0,7.44,46.1575,21.665,0.835,0.0,15482+0134,,6
2032,HD141272,Gaia DR3 4422809716282811776,HD141272,HIP77408,GJ3917,TIC272595871,-,-,J15482+0134A,K0V,BY*,237.0394,1.5717,1026,15482+0134,,G8V,5.6,21.35,,,,,,,,,,,,COMPOSITE,,0.02,,,,5.75,8.3,7.44,46.1575,21.665,0.835,0.0,15482+0134,,1
2033,HD140538A,Gaia DR3 4423865487962417024,HD140538A,HIP77052,GJ596.1+GJ9527+GJ9527A,TIC459427073,-,23Ser+psiSer+psiSerA,J15440+0231A,G2.5V,PM*,236.0076,2.5152,1027,15440+0231,,G3V+M,5.95,12.0,,,,,,,,,,,,WDS_THE.csv,,0.24,,,,3.6,4.5,5.86,67.6007,14.793,0.955,0.38,15440+0231,,8
2034,HD140538A,Gaia DR3 4423865487962417024,HD140538A,HIP77052,GJ596.1+GJ9527+GJ9527A,TIC459427073,-,23Ser+psiSer+psiSerA,J15440+0231A,G2.5V,PM*,236.0076,2.5152,1027,15440+0231,HIP77052,,12.7,12.8,3.0,0.94,,,,126.0,,,,,,ORB6,Msn2023,0.93,190.5,2022.87,331.7,,,5.86,67.6007,14.793,0.955,91.2,15440+0231,,4
2035,HD140538A,Gaia DR3 4423865487962417024,HD140538A,HIP77052,GJ596.1+GJ9527+GJ9527A,TIC459427073,-,23Ser+psiSer+psiSerA,J15440+0231A,G2.5V,PM*,236.0076,2.5152,1027,15440+0231,HIP77052,,5.95,12.0,900.0,0.44,,,,138.1,,,,,,ORB6,Tok2021b,0.24,54.9,1936.1,330.9,,,5.86,67.6007,14.793,0.955,0.38,15440+0231,,5
2036,HD140538A,Gaia DR3 4423865487962417024,HD140538A,HIP77052,GJ596.1+GJ9527+GJ9527A,TIC459427073,-,23Ser+psiSer+psiSerA,J15440+0231A,G2.5V,PM*,236.0076,2.5152,1027,15440+0231,HIP77052,,,,458.0,0.1,,,70.4,144.8,,,,1.09,0.58,Qier_An+25,2025ApJS..280...61A,,,,,3.96,,5.86,67.6007,14.793,0.955,,15440+0231,,6
2037,HD140538A,Gaia DR3 4423865487962417024,HD140538A,HIP77052,GJ596.1+GJ9527+GJ9527A,TIC459427073,-,23Ser+psiSer+psiSerA,J15440+0231A,G2.5V,PM*,236.0076,2.5152,1027,15440+0231,,,5.95,12.0,900.0,0.43,,7.2,,138.0,,,,,,StelleDoppie,ORB6,0.24,55.0,1936.0,331.0,,,5.86,67.6007,14.793,0.955,0.38,15440+0231,,7
2038,HD140538A,Gaia DR3 4423865487962417024,HD140538A,HIP77052,GJ596.1+GJ9527+GJ9527A,TIC459427073,-,23Ser+psiSer+psiSerA,J15440+0231A,G2.5V,PM*,236.0076,2.5152,1027,15440+0231,,,5.86,,900.0,,,7.2,,,,,,,,Chulkov+22,2022MNRAS.517.2925C,,,,,,,5.86,67.6007,14.793,0.955,,15440+0231,,2
2039,HD140538A,Gaia DR3 4423865487962417024,HD140538A,HIP77052,GJ596.1+GJ9527+GJ9527A,TIC459427073,-,23Ser+psiSer+psiSerA,J15440+0231A,G2.5V,PM*,236.0076,2.5152,1027,15440+0231,,G3V+M,5.95,12.0,679.0,0.435,,7.2,70.4,138.05,,,,1.09,0.58,COMPOSITE,,0.24,55.0,1936.1,331.0,3.7800000000000002,4.5,5.86,67.6007,14.793,0.955,0.38,15440+0231,,1
2040,HD140538A,Gaia DR3 4423865487962417024,HD140538A,HIP77052,GJ596.1+GJ9527+GJ9527A,TIC459427073,-,23Ser+psiSer+psiSerA,J15440+0231A,G2.5V,PM*,236.0076,2.5152,1027,15440+0231,,,,,6.6,,,0.19,,,,,,,,Chulkov+22,2022MNRAS.517.2925C,,,,,,,5.86,67.6007,14.793,0.955,,15440+0231,,3
2041,49SerB,Gaia DR3 4464207428577214464,HD145958B,-,GJ615.1B+GJ9548B,TIC119985831,-,49SerB,J16133+1332B,G9V,SB*,243.3268,13.528,1035,16133+1332,,,6.68,,949.7,,,3.98,,,,,,,,Chulkov+22,2022MNRAS.517.2925C,,,,,,,6.68,41.1545,24.299,0.898,,16133+1332,,2
2042,49SerB,Gaia DR3 4464207428577214464,HD145958B,-,GJ615.1B+GJ9548B,TIC119985831,-,49SerB,J16133+1332B,G9V,SB*,243.3268,13.528,1035,16133+1332,,G9V,7.43,7.48,949.7,0.3,,3.98,,52.19,,,,,,COMPOSITE,,0.89,150.2,1713.37,79.08500000000001,1.85,0.2,6.68,41.1545,24.299,0.898,,16133+1332,,1
2043,49SerB,Gaia DR3 4464207428577214464,HD145958B,-,GJ615.1B+GJ9548B,TIC119985831,-,49SerB,J16133+1332B,G9V,SB*,243.3268,13.528,1035,16133+1332,,G9V,7.53,,,,,,,,,,,,,WDS_THE.csv,,,,,,0.2,0.2,6.68,41.1545,24.299,0.898,,16133+1332,,6
2044,49SerB,Gaia DR3 4464207428577214464,HD145958B,-,GJ615.1B+GJ9548B,TIC119985831,-,49SerB,J16133+1332B,G9V,SB*,243.3268,13.528,1035,16133+1332,,G9V,7.43,7.48,,,,,,,,,,,,WDS_THE.csv,,0.89,,,,3.5,4.0,6.68,41.1545,24.299,0.898,95.5,16133+1332,,7
2045,49SerB,Gaia DR3 4464207428577214464,HD145958B,-,GJ615.1B+GJ9548B,TIC119985831,-,49SerB,J16133+1332B,G9V,SB*,243.3268,13.528,1035,16133+1332,HIP79492,,7.43,7.48,949.7,0.3,,,,52.38,,,,,,ORB6,Izm2019,0.89,150.4,1713.74,79.17,,,6.68,41.1545,24.299,0.898,95.5,16133+1332,,4
2046,49SerB,Gaia DR3 4464207428577214464,HD145958B,-,GJ615.1B+GJ9548B,TIC119985831,-,49SerB,J16133+1332B,G9V,SB*,243.3268,13.528,1035,16133+1332,HIP79492,              ,7.43,7.48,1354.0,0.39,42.4,5.09,,,,,,,,Malkov+12,2012A&A...546A..69M,0.89,,,,,,6.68,41.1545,24.299,0.898,95.5,16133+1332,,3
2047,49SerB,Gaia DR3 4464207428577214464,HD145958B,-,GJ615.1B+GJ9548B,TIC119985831,-,49SerB,J16133+1332B,G9V,SB*,243.3268,13.528,1035,16133+1332,,,7.4,7.5,949.0,0.3,,3.9,,52.0,,,,,,StelleDoppie,ORB6,0.88,150.0,1713.0,79.0,,,6.68,41.1545,24.299,0.898,91.2,16133+1332,,5
2048,HD148653A,Gaia DR3 4467355154275146112,HD148653A,-,GJ627A,-,-,-,J16289+1825A,K3V,PM*,247.2194,18.4141,1037,16289+1825,,K3V+K3V,7.69,7.91,,,,,,,,,,,,WDS_THE.csv,,0.69,,,,2.5,2.5,7.631,51.808,19.302,0.73,81.66,16289+1825,,9
2049,HD148653A,Gaia DR3 4467355154275146112,HD148653A,-,GJ627A,-,-,-,J16289+1825A,K3V,PM*,247.2194,18.4141,1037,16289+1825,,,7.7,7.9,229.0,0.76,,2.2,,108.0,,,,,,StelleDoppie,ORB6,0.7,94.0,1921.0,131.0,,,7.631,51.808,19.302,0.73,83.18,16289+1825,,8
2050,HD148653A,Gaia DR3 4467355154275146112,HD148653A,-,GJ627A,-,-,-,J16289+1825A,K3V,PM*,247.2194,18.4141,1037,16289+1825,HIP80725,K1V           ,7.69,7.91,229.5,0.76,50.87,2.23,,108.17,1.63,1.67,0.79,,,COMPOSITE,,0.69,94.14,1921.0149999999999,131.01999999999998,2.5,,7.631,51.808,19.302,0.73,81.66,16289+1825,,1
2051,HD148653A,Gaia DR3 4467355154275146112,HD148653A,-,GJ627A,-,-,-,J16289+1825A,K3V,PM*,247.2194,18.4141,1037,16289+1825,,,6.98,,229.5,,,2.23,,,,,,,,Chulkov+22,2022MNRAS.517.2925C,,,,,,,7.631,51.808,19.302,0.73,,16289+1825,,2
2052,HD148653A,Gaia DR3 4467355154275146112,HD148653A,-,GJ627A,-,-,-,J16289+1825A,K3V,PM*,247.2194,18.4141,1037,16289+1825,HIP80725,K1V           ,7.69,7.91,221.9,0.76,50.87,2.25,,,1.63,1.67,0.79,,,Malkov+12,2012A&A...546A..69M,0.69,,,,,,7.631,51.808,19.302,0.73,81.66,16289+1825,,3
2053,HD148653A,Gaia DR3 4467355154275146112,HD148653A,-,GJ627A,-,-,-,J16289+1825A,K3V,PM*,247.2194,18.4141,1037,16289+1825,HIP80725,K1V           ,7.69,7.91,224.0,0.75,50.87,2.21,,,1.63,1.67,0.79,,,Malkov+12,2012A&A...546A..69M,0.69,,,,,,7.631,51.808,19.302,0.73,81.66,16289+1825,,4
2054,HD148653A,Gaia DR3 4467355154275146112,HD148653A,-,GJ627A,-,-,-,J16289+1825A,K3V,PM*,247.2194,18.4141,1037,16289+1825,HIP80725,K1V           ,7.69,7.91,237.4,0.76,50.87,2.28,,,1.63,1.67,0.79,,,Malkov+12,2012A&A...546A..69M,0.69,,,,,,7.631,51.808,19.302,0.73,81.66,16289+1825,,5
2055,HD148653A,Gaia DR3 4467355154275146112,HD148653A,-,GJ627A,-,-,-,J16289+1825A,K3V,PM*,247.2194,18.4141,1037,16289+1825,HIP80725,,7.69,7.91,229.5,0.76,,,,108.34,,,,,,ORB6,Izm2019,0.69,94.28,1921.03,131.04,,,7.631,51.808,19.302,0.73,81.66,16289+1825,,7
2056,HD148653A,Gaia DR3 4467355154275146112,HD148653A,-,GJ627A,-,-,-,J16289+1825A,K3V,PM*,247.2194,18.4141,1037,16289+1825,HIP80725,K1V           ,7.69,7.91,236.1,0.77,50.87,2.23,,,1.63,1.67,0.79,,,Malkov+12,2012A&A...546A..69M,0.69,,,,,,7.631,51.808,19.302,0.73,81.66,16289+1825,,6
2057,70OphB,Gaia DR3 4468557611977674496,HD165341B,-,GJ702B,TIC1674663308,-,70OphB,J18055+0230B,K4V,PM*,271.3644,2.4989,1038,18055+0230,,K0V+K4V,4.22,6.17,,,,,,,,,,,,WDS_THE.csv,,0.55,,,,6.8,6.8,5.931,195.8563,5.106,0.855,16.6,18055+0230,,8
2058,70OphB,Gaia DR3 4468557611977674496,HD165341B,-,GJ702B,TIC1674663308,-,70OphB,J18055+0230B,K4V,PM*,271.3644,2.4989,1038,18055+0230,,,4.2,6.2,88.4,0.5,,4.5,,121.0,,,,,,StelleDoppie,ORB6,0.54,122.0,1895.0,193.0,,,5.931,195.8563,5.106,0.855,15.85,18055+0230,,7
2059,70OphB,Gaia DR3 4468557611977674496,HD165341B,-,GJ702B,TIC1674663308,-,70OphB,J18055+0230B,K4V,PM*,271.3644,2.4989,1038,18055+0230,HIP88601,K0V  K4V      ,4.22,6.17,88.4,0.5,196.72,4.56,,,1.6,1.61,1.56,,,Malkov+12,2012A&A...546A..69M,0.55,,,,,,5.931,195.8563,5.106,0.855,16.6,18055+0230,,3
2060,70OphB,Gaia DR3 4468557611977674496,HD165341B,-,GJ702B,TIC1674663308,-,70OphB,J18055+0230B,K4V,PM*,271.3644,2.4989,1038,18055+0230,HIP88601,,4.22,6.17,88.4,0.5,,,,120.89,,,,,,ORB6,Izm2019,0.55,121.69,1895.82,193.38,,,5.931,195.8563,5.106,0.855,16.6,18055+0230,,6
2061,70OphB,Gaia DR3 4468557611977674496,HD165341B,-,GJ702B,TIC1674663308,-,70OphB,J18055+0230B,K4V,PM*,271.3644,2.4989,1038,18055+0230,HIP88601,K0V  K4V      ,4.22,6.17,88.4,0.5,196.72,4.55,,,1.6,1.61,1.56,,,Malkov+12,2012A&A...546A..69M,0.55,,,,,,5.931,195.8563,5.106,0.855,16.6,18055+0230,,4
2062,70OphB,Gaia DR3 4468557611977674496,HD165341B,-,GJ702B,TIC1674663308,-,70OphB,J18055+0230B,K4V,PM*,271.3644,2.4989,1038,18055+0230,HIP88601,K0V  K4V      ,4.22,6.17,88.4,0.5,196.72,4.55,,120.945,1.6,1.61,1.56,,,COMPOSITE,,0.55,121.845,1895.4099999999999,193.19,8.1,,5.931,195.8563,5.106,0.855,16.6,18055+0230,,1
2063,70OphB,Gaia DR3 4468557611977674496,HD165341B,-,GJ702B,TIC1674663308,-,70OphB,J18055+0230B,K4V,PM*,271.3644,2.4989,1038,18055+0230,,,4.03,,88.4,,,4.55,,,,,,,,Chulkov+22,2022MNRAS.517.2925C,,,,,,,5.931,195.8563,5.106,0.855,,18055+0230,,2
2064,70OphB,Gaia DR3 4468557611977674496,HD165341B,-,GJ702B,TIC1674663308,-,70OphB,J18055+0230B,K4V,PM*,271.3644,2.4989,1038,18055+0230,,K0V,4.22,,,,,,,,,,,,,WDS_THE.csv,,,,,,9.4,9.4,5.931,195.8563,5.106,0.855,,18055+0230,,9
2065,70OphB,Gaia DR3 4468557611977674496,HD165341B,-,GJ702B,TIC1674663308,-,70OphB,J18055+0230B,K4V,PM*,271.3644,2.4989,1038,18055+0230,HIP88601,K0V  K4V      ,4.22,6.17,88.4,0.5,196.72,4.53,,,1.6,1.61,1.56,,,Malkov+12,2012A&A...546A..69M,0.55,,,,,,5.931,195.8563,5.106,0.855,16.6,18055+0230,,5
2066,HD165401,Gaia DR3 4471087175915086080,HD165401,HIP88622,GJ702.2+GJ9614,TIC399244384,-,-,J18056+0439A,G2V,PM*,271.4061,4.6572,1040,18056+0439,,,,,,,,,,,,,,,,StelleDoppie,ORB6,,,,,,,6.802,41.4741,24.111,0.825,,18056+0439,,3
2067,HD165401,Gaia DR3 4471087175915086080,HD165401,HIP88622,GJ702.2+GJ9614,TIC399244384,-,-,J18056+0439A,G2V,PM*,271.4061,4.6572,1040,18056+0439,HIP88622,,,,64.0,0.98,,,19.2,119.3,,,,1.07,0.65,Qier_An+25,2025ApJS..280...61A,,,,,0.62,,6.802,41.4741,24.111,0.825,,18056+0439,,2
2068,HD165401,Gaia DR3 4471087175915086080,HD165401,HIP88622,GJ702.2+GJ9614,TIC399244384,-,-,J18056+0439A,G2V,PM*,271.4061,4.6572,1040,18056+0439,HIP88622,,,,64.0,0.98,,,19.2,119.3,,,,1.07,0.65,COMPOSITE,,,,,,0.62,,6.802,41.4741,24.111,0.825,,18056+0439,,1
2069,HD165670,Gaia DR3 4482248936925366400,HD165670,HIP88728,-,TIC391368040,-,-,J18068+0853A,F5,SB*,271.7117,8.8759,1041,18068+0853,HIP88728,F5            ,7.7,,2.9,0.0,24.74,0.01,,,,,,,,Malkov+12,2012A&A...546A..69M,,,,,,,6.96,23.1277,43.238,1.185,,18068+0853,,3
2070,HD165670,Gaia DR3 4482248936925366400,HD165670,HIP88728,-,TIC391368040,-,-,J18068+0853A,F5,SB*,271.7117,8.8759,1041,18068+0853,,,6.96,,2.9,,,0.01,,,,,,,,Chulkov+22,2022MNRAS.517.2925C,,,,,,,6.96,23.1277,43.238,1.185,,18068+0853,,2
2071,HD165670,Gaia DR3 4482248936925366400,HD165670,HIP88728,-,TIC391368040,-,-,J18068+0853A,F5,SB*,271.7117,8.8759,1041,18068+0853,,F5+DA,5.74,9.88,,,,,,,,,,,,WDS_THE.csv,,0.46,,,,7.8,8.0,6.96,23.1277,43.238,1.185,2.21,18068+0853,,5
2072,HD165670,Gaia DR3 4482248936925366400,HD165670,HIP88728,-,TIC391368040,-,-,J18068+0853A,F5,SB*,271.7117,8.8759,1041,18068+0853,,F5,7.6,7.9,,,,,,,,,,,,WDS_THE.csv,,1.11,,,,0.0,0.0,6.96,23.1277,43.238,1.185,75.86,18068+0853,,6
2073,HD165670,Gaia DR3 4482248936925366400,HD165670,HIP88728,-,TIC391368040,-,-,J18068+0853A,F5,SB*,271.7117,8.8759,1041,18068+0853,,F5,7.6,8.89,2.9,0.0,,0.01,,119.94,,,,,,COMPOSITE,,0.785,12.19,1988.94,0.0,3.9,0.0,6.96,23.1277,43.238,1.185,75.86,18068+0853,,1
2074,HD165670,Gaia DR3 4482248936925366400,HD165670,HIP88728,-,TIC391368040,-,-,J18068+0853A,F5,SB*,271.7117,8.8759,1041,18068+0853,HIP88728,,7.7,,2.9,0.0,,,,119.94,,,,,,ORB6,HIP1997d,,12.19,1988.94,0.0,,,6.96,23.1277,43.238,1.185,,18068+0853,,4
2075,HD174457,Gaia DR3 4507523307652284288,HD174457,HIP92418,-,TIC235784135,-,-,-,F8,SB*,282.5086,15.3115,1045,,HIP92418,F8V+,7.54,,840.8,0.23,,,,,,,,,,Pourbaix+04,2002ApJS..141..503N,,,,139.0,1.41,,7.52,15.5365,64.365,1.065,,-,,2
2076,HD174457,Gaia DR3 4507523307652284288,HD174457,HIP92418,-,TIC235784135,-,-,-,F8,SB*,282.5086,15.3115,1045,,HIP92418,F8V+,7.54,,840.8,0.23,,,,,,,,,,COMPOSITE,,,,,139.0,1.41,,7.52,15.5365,64.365,1.065,,-,,1
2077,HD171746A,Gaia DR3 4511848202261111424,HD171746A,-,-,-,-,-,J18359+1659A,G2Ve:,PM*,278.9717,16.9757,1047,18359+1659,,F8V,6.94,7.08,,,,,,,,,,,,WDS_THE.csv,,0.97,,,,0.8,1.6,6.873,29.3281,34.097,1.005,87.9,18359+1659,,5
2078,HD171746A,Gaia DR3 4511848202261111424,HD171746A,-,-,-,-,-,J18359+1659A,G2Ve:,PM*,278.9717,16.9757,1047,18359+1659,HIP91159,F8V           ,6.94,7.08,380.0,0.57,30.41,1.84,,,,,,,,Malkov+12,2012A&A...546A..69M,0.97,,,,,,6.873,29.3281,34.097,1.005,87.9,18359+1659,,3
2079,HD171746A,Gaia DR3 4511848202261111424,HD171746A,-,-,-,-,-,J18359+1659A,G2Ve:,PM*,278.9717,16.9757,1047,18359+1659,HIP91159,,6.94,7.08,512.8,0.43,,,,129.8,,,,,,ORB6,Izm2019,0.97,38.51,1764.72,78.74,,,6.873,29.3281,34.097,1.005,87.9,18359+1659,,4
2080,HD171746A,Gaia DR3 4511848202261111424,HD171746A,-,-,-,-,-,J18359+1659A,G2Ve:,PM*,278.9717,16.9757,1047,18359+1659,,,6.21,,512.8,,,1.73,,,,,,,,Chulkov+22,2022MNRAS.517.2925C,,,,,,,6.873,29.3281,34.097,1.005,,18359+1659,,2
2081,HD171746A,Gaia DR3 4511848202261111424,HD171746A,-,-,-,-,-,J18359+1659A,G2Ve:,PM*,278.9717,16.9757,1047,18359+1659,HIP91159,,6.94,7.08,512.8,0.5,,1.7850000000000001,,129.8,,,,,,COMPOSITE,,0.97,38.51,1764.72,78.74,0.8,,6.873,29.3281,34.097,1.005,87.9,18359+1659,,1
2082,HD178428,Gaia DR3 4513165073646443008,HD178428,HIP93966,GJ746,TIC394647304,-,-,J19080+1651A,G4.5V,SB*,286.9888,16.8534,1049,,HIP93966,G5V+,6.08,,22.0,0.08,,,,,,,,,,COMPOSITE,,,,,64.56,0.37,,6.077,47.3289,21.129,0.965,,19080+1651,,1
2083,HD178428,Gaia DR3 4513165073646443008,HD178428,HIP93966,GJ746,TIC394647304,-,-,J19080+1651A,G4.5V,SB*,286.9888,16.8534,1049,,HIP93966,G5V+,6.08,,22.0,0.08,,,,,,,,,,Pourbaix+04,1991A&A...248..485D,,,,57.4,0.37,,6.077,47.3289,21.129,0.965,,19080+1651,,2
2084,HD178428,Gaia DR3 4513165073646443008,HD178428,HIP93966,GJ746,TIC394647304,-,-,J19080+1651A,G4.5V,SB*,286.9888,16.8534,1049,,HIP93966,G5V+,6.08,,22.0,0.09,,,,,,,,,,Pourbaix+04,2013AJ....145...41K,,,,64.56,0.37,,6.077,47.3289,21.129,0.965,,19080+1651,,3
2085,HD178428,Gaia DR3 4513165073646443008,HD178428,HIP93966,GJ746,TIC394647304,-,-,J19080+1651A,G4.5V,SB*,286.9888,16.8534,1049,,HIP93966,G5V+,6.08,,22.0,0.05,,,,,,,,,,Pourbaix+04,1985PASP...97..355B,,,,120.0,0.37,,6.077,47.3289,21.129,0.965,,19080+1651,,4
2086,HD178428,Gaia DR3 4513165073646443008,HD178428,HIP93966,GJ746,TIC394647304,-,-,J19080+1651A,G4.5V,SB*,286.9888,16.8534,1049,19080+1651,,,,,,,,,,,,,,,,StelleDoppie,ORB6,,,,,,,6.077,47.3289,21.129,0.965,,19080+1651,,5
2087,HD178428,Gaia DR3 4513165073646443008,HD178428,HIP93966,GJ746,TIC394647304,-,-,J19080+1651A,G4.5V,SB*,286.9888,16.8534,1049,19080+1651,,G5V,4.4,,,,,,,,,,,,,WDS_THE.csv,,,,,,5.6,5.6,6.077,47.3289,21.129,0.965,,19080+1651,,6
2088,HD178428,Gaia DR3 4513165073646443008,HD178428,HIP93966,GJ746,TIC394647304,-,-,J19080+1651A,G4.5V,SB*,286.9888,16.8534,1049,19080+1651,,G5V,6.15,,,,,,,,,,,,,WDS_THE.csv,,,,,,0.2,0.2,6.077,47.3289,21.129,0.965,,19080+1651,,7
2089,HD161198,Gaia DR3 4556066746008265344,HD161198,HIP86722,GJ692.1+GJ9601,TIC363766517,-,-,"J17433+2137Aa,Ab",G9V,SB*,265.8153,21.6092,1058,17433+2137,,G9V,7.5,,,,,,,,,,,,,WDS_THE.csv,,,,,,0.2,0.2,7.471,45.7443,21.861,0.735,,17433+2137,,7
2090,HD161198,Gaia DR3 4556066746008265344,HD161198,HIP86722,GJ692.1+GJ9601,TIC363766517,-,-,"J17433+2137Aa,Ab",G9V,SB*,265.8153,21.6092,1058,17433+2137,,,7.5,,7.0,0.94,,0.17,,43.0,,,,,,StelleDoppie,ORB6,,309.0,1994.0,129.0,,,7.471,45.7443,21.861,0.735,,17433+2137,,6
2091,HD161198,Gaia DR3 4556066746008265344,HD161198,HIP86722,GJ692.1+GJ9601,TIC363766517,-,-,"J17433+2137Aa,Ab",G9V,SB*,265.8153,21.6092,1058,,HIP86722,K0V+,7.5,,2558.4,0.94,,,,,,,,,,Pourbaix+04,1996A&A...314..846D,,,,129.6,7.72,,7.471,45.7443,21.861,0.735,,17433+2137,,5
2092,HD161198,Gaia DR3 4556066746008265344,HD161198,HIP86722,GJ692.1+GJ9601,TIC363766517,-,-,"J17433+2137Aa,Ab",G9V,SB*,265.8153,21.6092,1058,17433+2137,HIP86722,K0V           ,7.5,,7.0,0.94,44.15,0.17,,,,,,,,Malkov+12,2012A&A...546A..69M,,,,,,,7.471,45.7443,21.861,0.735,,17433+2137,,3
2093,HD161198,Gaia DR3 4556066746008265344,HD161198,HIP86722,GJ692.1+GJ9601,TIC363766517,-,-,"J17433+2137Aa,Ab",G9V,SB*,265.8153,21.6092,1058,17433+2137,,,7.51,,7.1,,,0.17,,,,,,,,Chulkov+22,2022MNRAS.517.2925C,,,,,,,7.471,45.7443,21.861,0.735,,17433+2137,,2
2094,HD161198,Gaia DR3 4556066746008265344,HD161198,HIP86722,GJ692.1+GJ9601,TIC363766517,-,-,"J17433+2137Aa,Ab",G9V,SB*,265.8153,21.6092,1058,17433+2137,,,7.5,,7.1,0.94,,0.17,,42.9,,,,,,COMPOSITE,,,309.1,1994.095,129.6,3.96,,7.471,45.7443,21.861,0.735,,17433+2137,,1
2095,HD161198,Gaia DR3 4556066746008265344,HD161198,HIP86722,GJ692.1+GJ9601,TIC363766517,-,-,"J17433+2137Aa,Ab",G9V,SB*,265.8153,21.6092,1058,17433+2137,HIP86722,,7.5,,7.1,0.94,,,,42.8,,,,,,ORB6,Duq1996,,309.2,1994.19,129.6,,,7.471,45.7443,21.861,0.735,,17433+2137,,4
2096,HD164922,Gaia DR3 4582680493669880704,HD164922,HIP88348,GJ700.2+GJ9613,TIC159019691,-,-,J18025+2619A,G9V,PM*,270.6286,26.313,1064,18025+2619,,,,,,,,,,,,,,,,COMPOSITE,,,,,,,,7.012,45.4954,21.98,0.885,,18025+2619,,1
2097,HD164922,Gaia DR3 4582680493669880704,HD164922,HIP88348,GJ700.2+GJ9613,TIC159019691,-,-,J18025+2619A,G9V,PM*,270.6286,26.313,1064,18025+2619,,,,,,,,,,,,,,,,StelleDoppie,ORB6,,,,,,,7.012,45.4954,21.98,0.885,,18025+2619,,2
2098,HD164595,Gaia DR3 4584639307993378432,HD164595,HIP88194,-,TIC158917706,-,-,J18006+2934A,G2V,PM*,270.162,29.5719,1065,18006+2934,,,,,,,,,,,,,,,,COMPOSITE,,,,,,,,7.086,35.402,28.247,0.905,,18006+2934,,1
2099,HD164595,Gaia DR3 4584639307993378432,HD164595,HIP88194,-,TIC158917706,-,-,J18006+2934A,G2V,PM*,270.162,29.5719,1065,18006+2934,,,,,,,,,,,,,,,,StelleDoppie,ORB6,,,,,,,7.086,35.402,28.247,0.905,,18006+2934,,2
2100,HD168874,Gaia DR3 4586000675189058304,HD168874,HIP89912,-,TIC423193084,-,-,J18208+2732A,G2IV,PM*,275.2052,27.5304,1066,18208+2732,,G1V,7.0,12.0,951.8,0.94,,3.4050000000000002,,119.935,,,,,,COMPOSITE,,0.29,101.44,2021.9,273.135,0.7,0.7,7.01,34.6195,28.885,0.915,1.0,18208+2732,,1
2101,HD168874,Gaia DR3 4586000675189058304,HD168874,HIP89912,-,TIC423193084,-,-,J18208+2732A,G2IV,PM*,275.2052,27.5304,1066,18208+2732,,G1V,7.0,12.0,,,,,,,,,,,,WDS_THE.csv,,0.29,,,,0.7,0.7,7.01,34.6195,28.885,0.915,1.0,18208+2732,,5
2102,HD168874,Gaia DR3 4586000675189058304,HD168874,HIP89912,-,TIC423193084,-,-,J18208+2732A,G2IV,PM*,275.2052,27.5304,1066,18208+2732,HIP89912,,7.0,12.0,951.8,0.94,,,,119.87,,,,,,ORB6,Izm2019,0.29,101.88,2021.8,273.27,,,7.01,34.6195,28.885,0.915,1.0,18208+2732,,3
2103,HD168874,Gaia DR3 4586000675189058304,HD168874,HIP89912,-,TIC423193084,-,-,J18208+2732A,G2IV,PM*,275.2052,27.5304,1066,18208+2732,,,7.0,12.0,951.0,0.94,,3.4,,120.0,,,,,,StelleDoppie,ORB6,0.29,101.0,2022.0,273.0,,,7.01,34.6195,28.885,0.915,1.0,18208+2732,,4
2104,HD168874,Gaia DR3 4586000675189058304,HD168874,HIP89912,-,TIC423193084,-,-,J18208+2732A,G2IV,PM*,275.2052,27.5304,1066,18208+2732,,,6.99,,951.8,,,3.41,,,,,,,,Chulkov+22,2022MNRAS.517.2925C,,,,,,,7.01,34.6195,28.885,0.915,,18208+2732,,2
2105,HD166181,Gaia DR3 4590455518346609792,HD166181,HIP88848,-,TIC320959269,-,-,-,G5,SB*,272.0669,29.6912,1068,,HIP88848,G5V+,7.66,,1.9,0.0,,,,,,,,,,Pourbaix+04,2005AJ....129.1001F,,,,0.0,0.05,,7.494,31.1649,32.087,0.935,,-,,2
2106,HD166181,Gaia DR3 4590455518346609792,HD166181,HIP88848,-,TIC320959269,-,-,-,G5,SB*,272.0669,29.6912,1068,,HIP88848,G5V+,7.66,,1.9,0.03,,,,,,,,,,Pourbaix+04,1974A&A....37..191N,,,,218.5,0.05,,7.494,31.1649,32.087,0.935,,-,,3
2107,HD166181,Gaia DR3 4590455518346609792,HD166181,HIP88848,-,TIC320959269,-,-,-,G5,SB*,272.0669,29.6912,1068,,HIP88848,G6V+,7.56,,2092.2,0.76,,,,,,,,,,Pourbaix+04,2005AJ....129.1001F,,,,288.7,4.99,,7.494,31.1649,32.087,0.935,,-,,4
2108,HD166181,Gaia DR3 4590455518346609792,HD166181,HIP88848,-,TIC320959269,-,-,-,G5,SB*,272.0669,29.6912,1068,,HIP88848,G6V+,7.66,,1.9,0.03,,,,,,,,,,COMPOSITE,,,,,218.5,0.05,,7.494,31.1649,32.087,0.935,,-,,1
2109,HD165908A,Gaia DR3 4590758227641991424,HD165908A,HIP88745,GJ704+GJ704.0+GJ704A,TIC22516402,-,99Her+bHer+bHerA,"J18070+3034Aa,Ab",F6V,SB*,271.7566,30.5621,1071,,HIP88745,,,,56.4,0.75,,1.0,,34.0,,,,,,Soederhjem+99,1999A&A...341..121S,,,,,,,5.059,63.3943,15.774,0.855,,18070+3034,,7
2110,HD165908A,Gaia DR3 4590758227641991424,HD165908A,HIP88745,GJ704+GJ704.0+GJ704A,TIC22516402,-,99Her+bHer+bHerA,"J18070+3034Aa,Ab",F6V,SB*,271.7566,30.5621,1071,18070+3034,,F7V,5.13,,,,,,,,,,,,,WDS_THE.csv,,,,,,0.1,0.1,5.059,63.3943,15.774,0.855,,18070+3034,,9
2111,HD165908A,Gaia DR3 4590758227641991424,HD165908A,HIP88745,GJ704+GJ704.0+GJ704A,TIC22516402,-,99Her+bHer+bHerA,"J18070+3034Aa,Ab",F6V,SB*,271.7566,30.5621,1071,18070+3034,HIP88745,F7V           ,5.13,8.96,56.4,0.75,63.93,1.0,,,1.73,1.85,1.13,,,Malkov+12,2012A&A...546A..69M,0.35,,,,,,5.059,63.3943,15.774,0.855,2.94,18070+3034,,3
2112,HD165908A,Gaia DR3 4590758227641991424,HD165908A,HIP88745,GJ704+GJ704.0+GJ704A,TIC22516402,-,99Her+bHer+bHerA,"J18070+3034Aa,Ab",F6V,SB*,271.7566,30.5621,1071,18070+3034,,F7V,5.13,8.96,,,,,,,,,,,,WDS_THE.csv,,0.35,,,,1.6,1.6,5.059,63.3943,15.774,0.855,2.94,18070+3034,,10
2113,HD165908A,Gaia DR3 4590758227641991424,HD165908A,HIP88745,GJ704+GJ704.0+GJ704A,TIC22516402,-,99Her+bHer+bHerA,"J18070+3034Aa,Ab",F6V,SB*,271.7566,30.5621,1071,18070+3034,HIP88745,F7V           ,5.13,8.96,56.1,0.8,63.93,1.12,,,1.73,1.85,1.13,,,Malkov+12,2012A&A...546A..69M,0.35,,,,,,5.059,63.3943,15.774,0.855,2.94,18070+3034,,4
2114,HD165908A,Gaia DR3 4590758227641991424,HD165908A,HIP88745,GJ704+GJ704.0+GJ704A,TIC22516402,-,99Her+bHer+bHerA,"J18070+3034Aa,Ab",F6V,SB*,271.7566,30.5621,1071,18070+3034,,,5.1,9.0,55.9,0.76,,1.05,,36.0,,,,,,StelleDoppie,ORB6,0.35,223.0,1998.0,295.0,,,5.059,63.3943,15.774,0.855,2.75,18070+3034,,8
2115,HD165908A,Gaia DR3 4590758227641991424,HD165908A,HIP88745,GJ704+GJ704.0+GJ704A,TIC22516402,-,99Her+bHer+bHerA,"J18070+3034Aa,Ab",F6V,SB*,271.7566,30.5621,1071,18070+3034,HIP88745,F7V           ,5.13,8.96,56.4,0.76,63.93,1.03,,,1.73,1.85,1.13,,,Malkov+12,2012A&A...546A..69M,0.35,,,,,,5.059,63.3943,15.774,0.855,2.94,18070+3034,,5
2116,HD165908A,Gaia DR3 4590758227641991424,HD165908A,HIP88745,GJ704+GJ704.0+GJ704A,TIC22516402,-,99Her+bHer+bHerA,"J18070+3034Aa,Ab",F6V,SB*,271.7566,30.5621,1071,18070+3034,,,5.05,,56.0,,,1.05,,,,,,,,Chulkov+22,2022MNRAS.517.2925C,,,,,,,5.059,63.3943,15.774,0.855,,18070+3034,,2
2117,HD165908A,Gaia DR3 4590758227641991424,HD165908A,HIP88745,GJ704+GJ704.0+GJ704A,TIC22516402,-,99Her+bHer+bHerA,"J18070+3034Aa,Ab",F6V,SB*,271.7566,30.5621,1071,18070+3034,HIP88745,,5.13,8.96,56.0,0.76,,,,36.18,,,,,,ORB6,Jao2016,0.35,223.62,1997.8,295.38,,,5.059,63.3943,15.774,0.855,2.94,18070+3034,,6
2118,HD165908A,Gaia DR3 4590758227641991424,HD165908A,HIP88745,GJ704+GJ704.0+GJ704A,TIC22516402,-,99Her+bHer+bHerA,"J18070+3034Aa,Ab",F6V,SB*,271.7566,30.5621,1071,,HIP88745,,5.13,8.96,56.1,0.76,,1.04,,36.0,1.73,1.85,1.13,,,COMPOSITE,,0.35,223.31,1997.9,295.19,0.8500000000000001,,5.059,63.3943,15.774,0.855,,18070+3034,,1
2119,HD166620,Gaia DR3 4610177733290768896,HD166620,HIP88972,GJ706,TIC75946144,-,-,J18096+3827A,K2V,PM*,272.4059,38.4578,1072,18096+3827,,,,,,,,,,,,,,,,StelleDoppie,ORB6,,,,,,,6.394,90.1234,11.096,0.78,,18096+3827,,2
2120,HD166620,Gaia DR3 4610177733290768896,HD166620,HIP88972,GJ706,TIC75946144,-,-,J18096+3827A,K2V,PM*,272.4059,38.4578,1072,18096+3827,,,,,,,,,,,,,,,,COMPOSITE,,,,,,,,6.394,90.1234,11.096,0.78,,18096+3827,,1
2121,HD17925,Gaia DR3 5160075762132996992,HD17925,HIP13402,GJ117,TIC30016911,-,-,J02525-1246A,K1V,RS*,43.1339,-12.7697,1075,02525-1246,,,,,,,,,,,,,,,,COMPOSITE,,,,,,,,6.05,96.52,10.361,0.83,,02525-1246,,1
2122,HD17925,Gaia DR3 5160075762132996992,HD17925,HIP13402,GJ117,TIC30016911,-,-,J02525-1246A,K1V,RS*,43.1339,-12.7697,1075,02525-1246,,,,,,,,,,,,,,,,StelleDoppie,ORB6,,,,,,,6.05,96.52,10.361,0.83,,02525-1246,,2
2123,HD19063,Gaia DR3 5160720453904340736,HD19063,HIP14235,-,TIC141333291,-,-,J03035-1059AB,F5V,**,45.8833,-10.9751,1076,03035-1059,HIP14235,,7.24,10.96,346.0,0.8,,,,120.8,,,,,,ORB6,Lin2016c,0.42,7.6,2039.8,249.4,,,7.105,18.3518,54.491,0.995,3.25,03035-1059,,3
2124,HD19063,Gaia DR3 5160720453904340736,HD19063,HIP14235,-,TIC141333291,-,-,J03035-1059AB,F5V,**,45.8833,-10.9751,1076,03035-1059,,F8,7.24,10.96,,,,,,,,,,,,WDS_THE.csv,,0.42,,,,0.6,0.6,7.105,18.3518,54.491,0.995,3.25,03035-1059,,4
2125,HD19063,Gaia DR3 5160720453904340736,HD19063,HIP14235,-,TIC141333291,-,-,J03035-1059AB,F5V,**,45.8833,-10.9751,1076,03035-1059,,,7.1,,346.0,,,1.22,,,,,,,,Chulkov+22,2022MNRAS.517.2925C,,,,,,,7.105,18.3518,54.491,0.995,,03035-1059,,2
2126,HD19063,Gaia DR3 5160720453904340736,HD19063,HIP14235,-,TIC141333291,-,-,J03035-1059AB,F5V,**,45.8833,-10.9751,1076,03035-1059,,,7.24,10.96,346.0,0.8,,1.22,,120.8,,,,,,COMPOSITE,,0.42,7.6,2039.8,249.4,0.6,,7.105,18.3518,54.491,0.995,,03035-1059,,1
2127,HD22049,Gaia DR3 5164707970261890560,HD22049,HIP16537,GJ144+GJ144.0,TIC118572803,-,18Eri+epsEri,"J03329-0927Aa,Ab",K2V,BY*,53.2327,-9.4583,1077,03329-0927,,,,,,,,,,,,,,,,StelleDoppie,ORB6,,,,,,,3.715,310.5773,3.22,0.786,,03329-0927,,2
2128,HD22049,Gaia DR3 5164707970261890560,HD22049,HIP16537,GJ144+GJ144.0,TIC118572803,-,18Eri+epsEri,"J03329-0927Aa,Ab",K2V,BY*,53.2327,-9.4583,1077,03329-0927,,K2V,3.87,,,,,,,,,,,,,WDS_THE.csv,,,,,,0.0,0.0,3.715,310.5773,3.22,0.786,,03329-0927,,3
2129,HD22049,Gaia DR3 5164707970261890560,HD22049,HIP16537,GJ144+GJ144.0,TIC118572803,-,18Eri+epsEri,"J03329-0927Aa,Ab",K2V,BY*,53.2327,-9.4583,1077,03329-0927,,K2V,3.87,,,,,,,,,,,,,COMPOSITE,,,,,,0.0,0.0,3.715,310.5773,3.22,0.786,,03329-0927,,1
2130,HD16673,Gaia DR3 5173902189571919872,HD16673,HIP12444,GJ3175,TIC4748040,-,-,-,F8VFe-0.4,SB*,40.0518,-9.4529,1079,,HIP12444,F8V+,5.79,,37.1,0.07,,,,,,,,,,Pourbaix+04,2018MNRAS.475.1375G,,,,155.7,0.54,,5.79,45.916,21.779,1.175,,-,,2
2131,HD16673,Gaia DR3 5173902189571919872,HD16673,HIP12444,GJ3175,TIC4748040,-,-,-,F8VFe-0.4,SB*,40.0518,-9.4529,1079,,HIP12444,F8V+,5.79,,37.1,0.07,,,,,,,,,,COMPOSITE,,,,,155.7,0.54,,5.79,45.916,21.779,1.175,,-,,1
2132,HD14044,Gaia DR3 5176115025442071936,HD14044,HIP10584,-,TIC1031383,-,-,J02163-0949A,G2V,PM*,34.0661,-9.8212,1080,02163-0949,,,,,,,,,,,,,,,,COMPOSITE,,,,,,,,6.91,19.483,51.327,1.145,,02163-0949,,1
2133,HD14044,Gaia DR3 5176115025442071936,HD14044,HIP10584,-,TIC1031383,-,-,J02163-0949A,G2V,PM*,34.0661,-9.8212,1080,02163-0949,,,,,,,,,,,,,,,,StelleDoppie,ORB6,,,,,,,6.91,19.483,51.327,1.145,,02163-0949,,2
2134,HD18894,Gaia DR3 5180879930879739392,HD18894,HIP14124,-,TIC141327580,-,-,J03022-0630AB,G0V,SB*,45.5386,-6.4945,1081,,HIP14124,F8V+G5V,6.19,,363.1,0.69,,,,,,,,,,Pourbaix+04,1980Obs...100..113G,,,,299.6,1.65,,6.194,30.4612,32.829,1.215,,03022-0630,,2
2135,HD18894,Gaia DR3 5180879930879739392,HD18894,HIP14124,-,TIC141327580,-,-,J03022-0630AB,G0V,SB*,45.5386,-6.4945,1081,03022-0630,,G0IV-,6.5,7.7,,,,,,,,,,,,WDS_THE.csv,,0.92,,,,0.0,0.0,6.194,30.4612,32.829,1.215,33.11,03022-0630,,4
2136,HD18894,Gaia DR3 5180879930879739392,HD18894,HIP14124,-,TIC141327580,-,-,J03022-0630AB,G0V,SB*,45.5386,-6.4945,1081,,HIP14124,F8V+G5V,6.19,,363.0,0.69,,,,,,,,,,Pourbaix+04,2024A&A...684A..74M,,,,301.14,1.65,,6.194,30.4612,32.829,1.215,,03022-0630,,3
2137,HD18894,Gaia DR3 5180879930879739392,HD18894,HIP14124,-,TIC141327580,-,-,J03022-0630AB,G0V,SB*,45.5386,-6.4945,1081,03022-0630,,G0IV-,6.19,7.7,363.05,0.69,,,,,,,,,,COMPOSITE,,0.92,,,300.37,1.65,0.0,6.194,30.4612,32.829,1.215,33.11,03022-0630,,1
2138,HD18975A,Gaia DR3 5186859453068675456,HD18975A,HIP14194,-,TIC439909836,-,-,J03030-0205A,F8V,PM*,45.7574,-2.0865,1082,03030-0205,,F5,9.135,10.335,3.2,0.57,,,,139.0,,,,,,COMPOSITE,,0.945,162.0,2018.17,281.0,8.6,8.7,7.51,17.5919,56.844,1.205,10.96,03030-0205,,1
2139,HD18975A,Gaia DR3 5186859453068675456,HD18975A,HIP14194,-,TIC439909836,-,-,J03030-0205A,F8V,PM*,45.7574,-2.0865,1082,03030-0205,,F5,7.57,9.97,,,,,,,,,,,,WDS_THE.csv,,0.69,,,,8.6,8.7,7.51,17.5919,56.844,1.205,10.96,03030-0205,,3
2140,HD18975A,Gaia DR3 5186859453068675456,HD18975A,HIP14194,-,TIC439909836,-,-,J03030-0205A,F8V,PM*,45.7574,-2.0865,1082,03030-0205,HIP14194,,10.7,10.7,3.2,0.57,,,,139.0,,,,,,ORB6,Tok2019g,1.2,162.0,2018.17,281.0,,,7.51,17.5919,56.844,1.205,100.0,03030-0205,,2
2141,18Pup,Gaia DR3 5725122999630404096,HD68146,HIP40035,GJ297.2A+GJ9255A,TIC422142487,-,18Pup,J08107-1348A,F6.5V,PM*,122.6659,-13.7992,1085,08107-1348,,M2.5V,8.3,,,,,,,,,,,,,COMPOSITE,,,,,,9.6,9.7,5.531,44.3395,22.553,1.183,,08107-1348,,1
2142,18Pup,Gaia DR3 5725122999630404096,HD68146,HIP40035,GJ297.2A+GJ9255A,TIC422142487,-,18Pup,J08107-1348A,F6.5V,PM*,122.6659,-13.7992,1085,08107-1348,,M2.5V,8.3,,,,,,,,,,,,,WDS_THE.csv,,,,,,9.6,9.7,5.531,44.3395,22.553,1.183,,08107-1348,,2
2143,HD69830,Gaia DR3 5726982995343100928,HD69830,HIP40693,GJ302,TIC307624961,-,-,J08184-1238A,G8:V,PM*,124.5998,-12.6322,1087,08184-1238,,,,,,,,,,,,,,,,StelleDoppie,ORB6,,,,,,,5.96,79.4953,12.579,0.886,,08184-1238,,2
2144,HD69830,Gaia DR3 5726982995343100928,HD69830,HIP40693,GJ302,TIC307624961,-,-,J08184-1238A,G8:V,PM*,124.5998,-12.6322,1087,08184-1238,,,4.36,17.8,,,,,,,,,,,,COMPOSITE,,0.04,,,,6.9,,5.96,79.4953,12.579,0.886,,08184-1238,,1
2145,HD69830,Gaia DR3 5726982995343100928,HD69830,HIP40693,GJ302,TIC307624961,-,-,J08184-1238A,G8:V,PM*,124.5998,-12.6322,1087,08184-1238,,K0V,4.36,17.8,,,,,,,,,,,,WDS_THE.csv,,0.04,,,,6.9,6.9,5.96,79.4953,12.579,0.886,0.0,08184-1238,,3
2146,HD74014,Gaia DR3 5761566656125168512,HD74014,HIP42634,-,TIC149743134,-,-,-,K0III,SB*,130.3273,-4.8089,1093,,HIP42634,K0+,7.73,,6936.3,0.53,,,,,,,,,,COMPOSITE,,,,,-34.7,10.43,,7.59,28.7295,34.807,0.995,,-,,1
2147,HD74014,Gaia DR3 5761566656125168512,HD74014,HIP42634,-,TIC149743134,-,-,-,K0III,SB*,130.3273,-4.8089,1093,,HIP42634,K0+,7.73,,6936.3,0.53,,,,,,,,,,Pourbaix+04,2011A&A...525A..95S,,,,-34.7,10.43,,7.59,28.7295,34.807,0.995,,-,,2
2148,HD137778,Gaia DR3 6317854118838346752,HD137778,HIP75722,GJ586B,TIC37149743,-,-,J15282-0921B,K1V,PM*,232.0509,-9.3579,1096,15282-0921,,,6.89,,2.5,,,0.11,,,,,,,,Chulkov+22,2022MNRAS.517.2925C,,,,,,,7.57,48.3452,20.685,0.865,,15282-0921,,2
2149,HD137778,Gaia DR3 6317854118838346752,HD137778,HIP75722,GJ586B,TIC37149743,-,-,J15282-0921B,K1V,PM*,232.0509,-9.3579,1096,15282-0921,HIP75718,,6.9,10.2,2.5,0.98,,,,54.3,,,,,,ORB6,JAA2022,0.4,272.47,1980.46,254.9,,,7.57,48.3452,20.685,0.865,4.79,15282-0921,,4
2150,HD137778,Gaia DR3 6317854118838346752,HD137778,HIP75722,GJ586B,TIC37149743,-,-,J15282-0921B,K1V,PM*,232.0509,-9.3579,1096,15282-0921,,K1V,5.0,7.3,,,,,,,,,,,,WDS_THE.csv,,0.51,,,,0.5,0.5,7.57,48.3452,20.685,0.865,12.02,15282-0921,,6
2151,HD137778,Gaia DR3 6317854118838346752,HD137778,HIP75722,GJ586B,TIC37149743,-,-,J15282-0921B,K1V,PM*,232.0509,-9.3579,1096,15282-0921,,,6.9,10.2,2.5,0.98,,104.0,,54.0,,,,,,StelleDoppie,ORB6,0.4,272.0,1980.5,254.0,,,7.57,48.3452,20.685,0.865,4.79,15282-0921,,5
2152,HD137778,Gaia DR3 6317854118838346752,HD137778,HIP75722,GJ586B,TIC37149743,-,-,J15282-0921B,K1V,PM*,232.0509,-9.3579,1096,15282-0921,HIP75718,G9V           ,6.89,,2.5,0.97,48.58,0.04,,,,,,,,Malkov+12,2012A&A...546A..69M,,,,,,,7.57,48.3452,20.685,0.865,,15282-0921,,3
2153,HD137778,Gaia DR3 6317854118838346752,HD137778,HIP75722,GJ586B,TIC37149743,-,-,J15282-0921B,K1V,PM*,232.0509,-9.3579,1096,15282-0921,,G9V,6.895,10.2,2.5,0.98,,0.11,,54.15,,,,,,COMPOSITE,,0.4,272.235,1980.48,254.45,0.3,0.1,7.57,48.3452,20.685,0.865,4.79,15282-0921,,1
2154,HD137778,Gaia DR3 6317854118838346752,HD137778,HIP75722,GJ586B,TIC37149743,-,-,J15282-0921B,K1V,PM*,232.0509,-9.3579,1096,15282-0921,,G9V,6.9,10.2,,,,,,,,,,,,WDS_THE.csv,,0.4,,,,0.1,0.1,7.57,48.3452,20.685,0.865,4.79,15282-0921,,7
2155,HD132375A,Gaia DR3 6337304342094223744,HD132375A,HIP73309,-,TIC175838533,-,-,J14589-0459A,F7V,PM*,224.7199,-4.9893,1099,14589-0459,,F8V+M1,6.09,13.2,,,,,,,,,,,,COMPOSITE,,0.24,,,,9.3,9.8,6.093,29.1484,34.307,1.225,0.14,14589-0459,,1
2156,HD132375A,Gaia DR3 6337304342094223744,HD132375A,HIP73309,-,TIC175838533,-,-,J14589-0459A,F7V,PM*,224.7199,-4.9893,1099,14589-0459,,F8V+M1,6.09,13.2,,,,,,,,,,,,WDS_THE.csv,,0.24,,,,9.3,9.8,6.093,29.1484,34.307,1.225,0.14,14589-0459,,2
2157,HD200968A,Gaia DR3 6885342959337741184,HD200968A,HIP104239,GJ819A,TIC214563192,-,-,J21072-1355A,K1IV,PM*,316.7932,-13.9229,1102,21072-1355,,K1V,7.29,9.99,,,,,,,,,,,,WDS_THE.csv,,0.45,,,,3.5,3.5,7.115,57.524,17.384,0.835,8.32,21072-1355,,6
2158,HD200968A,Gaia DR3 6885342959337741184,HD200968A,HIP104239,GJ819A,TIC214563192,-,-,J21072-1355A,K1IV,PM*,316.7932,-13.9229,1102,21072-1355,HIP104239,,7.29,9.99,507.7,0.45,,,,54.0,,,,,,ORB6,Hrt2013c,0.45,335.5,2124.1,349.9,,,7.115,57.524,17.384,0.835,8.32,21072-1355,,3
2159,HD200968A,Gaia DR3 6885342959337741184,HD200968A,HIP104239,GJ819A,TIC214563192,-,-,J21072-1355A,K1IV,PM*,316.7932,-13.9229,1102,21072-1355,,,7.12,,507.7,,,3.88,,,,,,,,Chulkov+22,2022MNRAS.517.2925C,,,,,,,7.115,57.524,17.384,0.835,,21072-1355,,2
2160,HD200968A,Gaia DR3 6885342959337741184,HD200968A,HIP104239,GJ819A,TIC214563192,-,-,J21072-1355A,K1IV,PM*,316.7932,-13.9229,1102,21072-1355,,,7.29,9.99,507.7,0.45,,3.88,94.0,54.0,,,,1.02,0.72,COMPOSITE,,0.45,335.25,2124.05,349.95,3.865,,7.115,57.524,17.384,0.835,8.32,21072-1355,,1
2161,HD200968A,Gaia DR3 6885342959337741184,HD200968A,HIP104239,GJ819A,TIC214563192,-,-,J21072-1355A,K1IV,PM*,316.7932,-13.9229,1102,21072-1355,,,7.3,10.0,507.0,0.45,,3.88,,54.0,,,,,,StelleDoppie,ORB6,0.45,335.0,2124.0,350.0,,,7.115,57.524,17.384,0.835,8.32,21072-1355,,5
2162,HD200968A,Gaia DR3 6885342959337741184,HD200968A,HIP104239,GJ819A,TIC214563192,-,-,J21072-1355A,K1IV,PM*,316.7932,-13.9229,1102,21072-1355,HIP104239,,,,690.0,0.15,,,94.0,65.0,,,,1.02,0.72,Qier_An+25,2025ApJS..280...61A,,,,,4.23,,7.115,57.524,17.384,0.835,,21072-1355,,4
2163,HD204236,Gaia DR3 6898265656937739648,HD204236,HIP105947,-,TIC187413972,-,-,J21274-0701AB,F8/G0V,SB*,321.8469,-7.0158,1106,21274-0701,HIP105947,,7.97,9.14,20.65,0.35,,0.17,,50.135000000000005,2.27,2.18,2.01,,,COMPOSITE,,0.87,152.965,2015.78,149.15,0.1,,7.53,15.4907,64.555,1.135,34.04,21274-0701,,1
2164,HD204236,Gaia DR3 6898265656937739648,HD204236,HIP105947,-,TIC187413972,-,-,J21274-0701AB,F8/G0V,SB*,321.8469,-7.0158,1106,21274-0701,HIP105947,,7.97,9.14,20.7,0.35,,,,50.27,,,,,,ORB6,Msn2023,0.87,152.93,2015.76,149.3,,,7.53,15.4907,64.555,1.135,34.04,21274-0701,,4
2165,HD204236,Gaia DR3 6898265656937739648,HD204236,HIP105947,-,TIC187413972,-,-,J21274-0701AB,F8/G0V,SB*,321.8469,-7.0158,1106,21274-0701,HIP105947,F8   G8       ,7.97,9.14,20.3,0.37,17.48,0.17,,,2.27,2.18,2.01,,,Malkov+12,2012A&A...546A..69M,0.87,,,,,,7.53,15.4907,64.555,1.135,34.04,21274-0701,,3
2166,HD204236,Gaia DR3 6898265656937739648,HD204236,HIP105947,-,TIC187413972,-,-,J21274-0701AB,F8/G0V,SB*,321.8469,-7.0158,1106,21274-0701,,,8.0,9.1,20.6,0.35,,0.2,,50.0,,,,,,StelleDoppie,ORB6,0.88,153.0,2015.8,149.0,,,7.53,15.4907,64.555,1.135,36.31,21274-0701,,7
2167,HD204236,Gaia DR3 6898265656937739648,HD204236,HIP105947,-,TIC187413972,-,-,J21274-0701AB,F8/G0V,SB*,321.8469,-7.0158,1106,,HIP105947,F8V+,7.52,,8.8,0.05,,,,,,,,,,Pourbaix+04,2018AJ....156...48T,,,,117.7,0.07,,7.53,15.4907,64.555,1.135,,21274-0701,,5
2168,HD204236,Gaia DR3 6898265656937739648,HD204236,HIP105947,-,TIC187413972,-,-,J21274-0701AB,F8/G0V,SB*,321.8469,-7.0158,1106,,HIP105947,F8V+,7.52,,7576.0,0.36,,,,,,,,,,Pourbaix+04,2018AJ....156...48T,,,,324.4,6.23,,7.53,15.4907,64.555,1.135,,21274-0701,,6
2169,HD204236,Gaia DR3 6898265656937739648,HD204236,HIP105947,-,TIC187413972,-,-,J21274-0701AB,F8/G0V,SB*,321.8469,-7.0158,1106,21274-0701,,,7.53,,20.8,,,0.17,,,,,,,,Chulkov+22,2022MNRAS.517.2925C,,,,,,,7.53,15.4907,64.555,1.135,,21274-0701,,2
2170,HD204236,Gaia DR3 6898265656937739648,HD204236,HIP105947,-,TIC187413972,-,-,J21274-0701AB,F8/G0V,SB*,321.8469,-7.0158,1106,21274-0701,,F8+G8,7.97,9.14,,,,,,,,,,,,WDS_THE.csv,,0.87,,,,0.1,0.2,7.53,15.4907,64.555,1.135,34.04,21274-0701,,8
2171,HD201099,Gaia DR3 6911186911429095808,HD201099,HIP104294,-,TIC364128662,-,-,J21077-0534A,F7V,PM*,316.9327,-5.5659,1108,21077-0534,,,,,,,,,,,,,,,,StelleDoppie,ORB6,,,,,,,7.59,18.89,52.938,0.895,,21077-0534,,2
2172,HD201099,Gaia DR3 6911186911429095808,HD201099,HIP104294,-,TIC364128662,-,-,J21077-0534A,F7V,PM*,316.9327,-5.5659,1108,21077-0534,,,,,,,,,,,,,,,,COMPOSITE,,,,,,,,7.59,18.89,52.938,0.895,,21077-0534,,1
2173,HD33185,Gaia DR3 156071694130174720,HD33185,HIP24016,-,TIC69756884,-,-,J05096+2947A,F8V,SB*,77.4321,29.7986,1120,,HIP24016,F8V+,6.67,,1469.5,0.9,,,,,,,,,,Pourbaix+04,2012MNRAS.422...14H,,,,271.6,2.76,,6.68,19.081,52.408,1.405,,05096+2947,,2
2174,HD33185,Gaia DR3 156071694130174720,HD33185,HIP24016,-,TIC69756884,-,-,J05096+2947A,F8V,SB*,77.4321,29.7986,1120,05096+2947,,F8V,7.1,7.9,,,,,,,,,,,,WDS_THE.csv,,1.17,,,,0.1,0.1,6.68,19.081,52.408,1.405,47.86,05096+2947,,3
2175,HD33185,Gaia DR3 156071694130174720,HD33185,HIP24016,-,TIC69756884,-,-,J05096+2947A,F8V,SB*,77.4321,29.7986,1120,05096+2947,,F8V,6.885,7.9,1469.5,0.9,,,,,,,,,,COMPOSITE,,1.17,,,271.6,1.43,0.1,6.68,19.081,52.408,1.405,47.86,05096+2947,,1
2176,HD27673,Gaia DR3 271083015576372096,HD27673,HIP20586,-,TIC470441759,-,-,J04245+5051A,F7V,PM*,66.1366,50.8452,1124,04245+5051,HIP20586,,7.05,10.19,633.6,0.44,,,,120.9,,,,,,ORB6,Ksr2021,0.51,95.9,2586.0,223.6,,,6.91,20.3228,49.206,1.045,5.55,04245+5051,,2
2177,HD27673,Gaia DR3 271083015576372096,HD27673,HIP20586,-,TIC470441759,-,-,J04245+5051A,F7V,PM*,66.1366,50.8452,1124,04245+5051,,F2,7.05,10.19,,,,,,,,,,,,WDS_THE.csv,,0.51,,,,0.7,1.1,6.91,20.3228,49.206,1.045,5.55,04245+5051,,3
2178,HD27673,Gaia DR3 271083015576372096,HD27673,HIP20586,-,TIC470441759,-,-,J04245+5051A,F7V,PM*,66.1366,50.8452,1124,04245+5051,,F2,7.05,10.19,633.6,0.44,,,,120.9,,,,,,COMPOSITE,,0.51,95.9,2586.0,223.6,0.7,1.1,6.91,20.3228,49.206,1.045,5.55,04245+5051,,1
2179,HD8997,Gaia DR3 288781167053300480,HD8997,HIP6917,GJ58.2,TIC381316671,-,-,J01291+2143A,K2.5V,RS*,22.2704,21.7232,1126,,HIP6917,K2V+,7.74,,11.0,0.04,,,,,,,,,,COMPOSITE,,,,,186.0,0.19,,7.735,42.9461,23.285,0.755,,01291+2143,,1
2180,HD8997,Gaia DR3 288781167053300480,HD8997,HIP6917,GJ58.2,TIC381316671,-,-,J01291+2143A,K2.5V,RS*,22.2704,21.7232,1126,,HIP6917,K2V+,7.74,,11.0,0.04,,,,,,,,,,Pourbaix+04,1987Obs...107..194G,,,,186.0,0.19,,7.735,42.9461,23.285,0.755,,01291+2143,,2
2181,HD8997,Gaia DR3 288781167053300480,HD8997,HIP6917,GJ58.2,TIC381316671,-,-,J01291+2143A,K2.5V,RS*,22.2704,21.7232,1126,01291+2143,,,,,,,,,,,,,,,,StelleDoppie,ORB6,,,,,,,7.735,42.9461,23.285,0.755,,01291+2143,,5
2182,HD8997,Gaia DR3 288781167053300480,HD8997,HIP6917,GJ58.2,TIC381316671,-,-,J01291+2143A,K2.5V,RS*,22.2704,21.7232,1126,,HIP6917,K2V+,7.74,,11.0,0.04,,,,,,,,,,Pourbaix+04,2018A&A...619A..81H,,,,192.86,0.19,,7.735,42.9461,23.285,0.755,,01291+2143,,3
2183,HD8997,Gaia DR3 288781167053300480,HD8997,HIP6917,GJ58.2,TIC381316671,-,-,J01291+2143A,K2.5V,RS*,22.2704,21.7232,1126,,HIP6917,K2V+,7.74,,11.0,0.04,,,,,,,,,,Pourbaix+04,1988JRASC..82..274S,,,,180.3,0.19,,7.735,42.9461,23.285,0.755,,01291+2143,,4
2184,HD8673A,Gaia DR3 317350357498173312,HD8673A,HIP6702,-,TIC80535228,-,-,J01262+3435A,F7V,PM*,21.5366,34.5797,1129,01262+3435,,F7V+M2V,6.4,13.0,,,,,,,,,,,,WDS_THE.csv,,0.29,,,,0.3,0.3,6.331,26.2036,38.163,1.305,0.23,01262+3435,,2
2185,HD8673A,Gaia DR3 317350357498173312,HD8673A,HIP6702,-,TIC80535228,-,-,J01262+3435A,F7V,PM*,21.5366,34.5797,1129,01262+3435,,F7V+M2V,6.4,13.0,,,,,,,,,,,,COMPOSITE,,0.29,,,,0.3,0.3,6.331,26.2036,38.163,1.305,0.23,01262+3435,,1
2186,HD13151,Gaia DR3 345579051527949568,HD13151,HIP10079,-,TIC292467249,-,-,J02096+4251A,F5,PM*,32.4098,42.8581,1130,02096+4251,,F5,8.45,15.0,,,,,,,,,,,,COMPOSITE,,0.24,,,,7.9,7.9,7.336,18.4368,54.239,1.105,0.24,02096+4251,,1
2187,HD13151,Gaia DR3 345579051527949568,HD13151,HIP10079,-,TIC292467249,-,-,J02096+4251A,F5,PM*,32.4098,42.8581,1130,02096+4251,,F5,8.45,15.0,,,,,,,,,,,,WDS_THE.csv,,0.24,,,,7.9,7.9,7.336,18.4368,54.239,1.105,0.24,02096+4251,,2
2188,HD1326,Gaia DR3 385334230892516480,HD1326,HIP1475,GJ15A,TIC440109725,-,-,J00184+4401A,M2V,PM*,4.5954,44.023,1134,00184+4401,,M2V,8.31,,,,,,,,,,,,,WDS_THE.csv,,,,,,6.4,6.4,8.09,280.7068,3.562,0.475,,00184+4401,,6
2189,HD1326,Gaia DR3 385334230892516480,HD1326,HIP1475,GJ15A,TIC440109725,-,-,J00184+4401A,M2V,PM*,4.5954,44.023,1134,00184+4401,HIP1475,,,,1420.0,0.59,,,105.0,25.0,,,,0.4,0.17,Qier_An+25,2025ApJS..280...61A,,,,,27.67,,8.09,280.7068,3.562,0.475,,00184+4401,,5
2190,HD1326,Gaia DR3 385334230892516480,HD1326,HIP1475,GJ15A,TIC440109725,-,-,J00184+4401A,M2V,PM*,4.5954,44.023,1134,00184+4401,HIP1475,,8.31,11.36,2600.0,0.0,,,,61.4,,,,,,ORB6,Lip1972,0.24,45.3,,0.0,,,8.09,280.7068,3.562,0.475,6.03,00184+4401,,4
2191,HD1326,Gaia DR3 385334230892516480,HD1326,HIP1475,GJ15A,TIC440109725,-,-,J00184+4401A,M2V,PM*,4.5954,44.023,1134,00184+4401,,,8.09,,2600.0,,,41.15,,,,,,,,Chulkov+22,2022MNRAS.517.2925C,,,,,,,8.09,280.7068,3.562,0.475,,00184+4401,,2
2192,HD1326,Gaia DR3 385334230892516480,HD1326,HIP1475,GJ15A,TIC440109725,-,-,J00184+4401A,M2V,PM*,4.5954,44.023,1134,00184+4401,HIP1475,M2V  M6V      ,8.31,11.36,2600.0,0.0,278.76,41.15,,,,,,,,Malkov+12,2012A&A...546A..69M,0.24,,,,,,8.09,280.7068,3.562,0.475,6.03,00184+4401,,3
2193,HD1326,Gaia DR3 385334230892516480,HD1326,HIP1475,GJ15A,TIC440109725,-,-,J00184+4401A,M2V,PM*,4.5954,44.023,1134,00184+4401,,M2V,8.31,11.36,2600.0,0.0,,41.15,105.0,43.2,,,,0.4,0.17,COMPOSITE,,0.24,45.3,,0.0,7.5,6.4,8.09,280.7068,3.562,0.475,,00184+4401,,1
2194,HD1326,Gaia DR3 385334230892516480,HD1326,HIP1475,GJ15A,TIC440109725,-,-,J00184+4401A,M2V,PM*,4.5954,44.023,1134,00184+4401,,M3.5,8.31,,,,,,,,,,,,,WDS_THE.csv,,,,,,7.5,7.5,8.09,280.7068,3.562,0.475,,00184+4401,,7
2195,HD225291A,Gaia DR3 386648181647057152,HD225291A,-,-,-,-,-,J00049+4540A,F6V,PM*,1.2397,45.6738,1135,00049+4540,,F8IV-V,7.64,9.39,,,,,,,,,,,,COMPOSITE,,0.79,,,,3.9,3.9,7.47,13.6393,73.318,1.175,19.95,00049+4540,,1
2196,HD225291A,Gaia DR3 386648181647057152,HD225291A,-,-,-,-,-,J00049+4540A,F6V,PM*,1.2397,45.6738,1135,00049+4540,,F8IV-V,7.64,9.39,,,,,,,,,,,,WDS_THE.csv,,0.79,,,,3.9,3.9,7.47,13.6393,73.318,1.175,19.95,00049+4540,,2
2197,HD15407A,Gaia DR3 457326850673147264,HD15407A,HIP11696,-,TIC372121208,-,-,J02308+5533A,F5V,PM*,37.7111,55.5484,1138,02308+5533,,,,,,,,,,,,,,,,COMPOSITE,,,,,,,,6.967,20.2679,49.339,0.105,,02308+5533,,1
2198,HD15407A,Gaia DR3 457326850673147264,HD15407A,HIP11696,-,TIC372121208,-,-,J02308+5533A,F5V,PM*,37.7111,55.5484,1138,02308+5533,,,,,,,,,,,,,,,,StelleDoppie,ORB6,,,,,,,6.967,20.2679,49.339,0.105,,02308+5533,,2
2199,iotCasB,Gaia DR3 517650353531686144,HD15089B,-,-,-,-,iotCasB,J02291+6724B,F5V,*,37.2648,67.4019,1142,02291+6724,HIP11569,A5pSr         ,4.63,8.18,52.0,0.4,24.55,0.7,,125.58500000000001,,,,,,COMPOSITE,,0.055,182.01,1993.24,220.38,1.5,,6.869,21.0325,47.545,0.105,2.88,02291+6724,,1
2200,iotCasB,Gaia DR3 517650353531686144,HD15089B,-,-,-,-,iotCasB,J02291+6724B,F5V,*,37.2648,67.4019,1142,02291+6724,HIP11569,A5pSr         ,4.63,8.48,47.1,0.63,24.55,0.42,,,,,,,,Malkov+12,2012A&A...546A..69M,0.04,,,,,,6.869,21.0325,47.545,0.105,2.88,02291+6724,,4
2201,iotCasB,Gaia DR3 517650353531686144,HD15089B,-,-,-,-,iotCasB,J02291+6724B,F5V,*,37.2648,67.4019,1142,02291+6724,HIP11569,A5pSr         ,4.63,8.48,52.0,0.3,24.55,0.7,,,,,,,,Malkov+12,2012A&A...546A..69M,0.04,,,,,,6.869,21.0325,47.545,0.105,2.88,02291+6724,,5
2202,iotCasB,Gaia DR3 517650353531686144,HD15089B,-,-,-,-,iotCasB,J02291+6724B,F5V,*,37.2648,67.4019,1142,02291+6724,HIP11569,A5pSr         ,4.63,6.92,870.0,0.4,24.55,2.48,,,,,,,,Malkov+12,2012A&A...546A..69M,0.06,,,,,,6.869,21.0325,47.545,0.105,12.13,02291+6724,,6
2203,iotCasB,Gaia DR3 517650353531686144,HD15089B,-,-,-,-,iotCasB,J02291+6724B,F5V,*,37.2648,67.4019,1142,02291+6724,HIP11569,A5pSr         ,4.63,8.48,49.6,0.0,24.55,0.11,,,,,,,,Malkov+12,2012A&A...546A..69M,0.04,,,,,,6.869,21.0325,47.545,0.105,2.88,02291+6724,,7
2204,iotCasB,Gaia DR3 517650353531686144,HD15089B,-,-,-,-,iotCasB,J02291+6724B,F5V,*,37.2648,67.4019,1142,02291+6724,,F5V,6.92,9.05,,,,,,,,,,,,WDS_THE.csv,,0.06,,,,8.5,8.5,6.869,21.0325,47.545,0.105,14.06,02291+6724,,11
2205,iotCasB,Gaia DR3 517650353531686144,HD15089B,-,-,-,-,iotCasB,J02291+6724B,F5V,*,37.2648,67.4019,1142,02291+6724,,,4.46,,2400.0,,,6.5,,,,,,,,Chulkov+22,2022MNRAS.517.2925C,,,,,,,6.869,21.0325,47.545,0.105,,02291+6724,,2
2206,iotCasB,Gaia DR3 517650353531686144,HD15089B,-,-,-,-,iotCasB,J02291+6724B,F5V,*,37.2648,67.4019,1142,02291+6724,HIP11569,A5pSr         ,4.63,6.92,620.0,0.75,24.55,2.88,,,,,,,,Malkov+12,2012A&A...546A..69M,0.06,,,,,,6.869,21.0325,47.545,0.105,12.13,02291+6724,,8
2207,iotCasB,Gaia DR3 517650353531686144,HD15089B,-,-,-,-,iotCasB,J02291+6724B,F5V,*,37.2648,67.4019,1142,02291+6724,,A4V,4.63,9.05,,,,,,,,,,,,WDS_THE.csv,,0.04,,,,6.9,6.9,6.869,21.0325,47.545,0.105,1.71,02291+6724,,12
2208,iotCasB,Gaia DR3 517650353531686144,HD15089B,-,-,-,-,iotCasB,J02291+6724B,F5V,*,37.2648,67.4019,1142,02291+6724,,A4V+F9V,4.66,7.88,,,,,,,,,,,,WDS_THE.csv,,0.05,,,,0.5,0.6,6.869,21.0325,47.545,0.105,5.15,02291+6724,,13
2209,iotCasB,Gaia DR3 517650353531686144,HD15089B,-,-,-,-,iotCasB,J02291+6724B,F5V,*,37.2648,67.4019,1142,02291+6724,HIP11569,,4.63,8.48,47.6,0.63,,,,148.27,,,,,,ORB6,Izm2019,0.04,176.02,1993.24,327.46,,,6.869,21.0325,47.545,0.105,2.88,02291+6724,,9
2210,iotCasB,Gaia DR3 517650353531686144,HD15089B,-,-,-,-,iotCasB,J02291+6724B,F5V,*,37.2648,67.4019,1142,02291+6724,,A4V+F5V,4.66,6.92,,,,,,,,,,,,WDS_THE.csv,,0.06,,,,1.5,3.0,6.869,21.0325,47.545,0.105,12.47,02291+6724,,14
2211,iotCasB,Gaia DR3 517650353531686144,HD15089B,-,-,-,-,iotCasB,J02291+6724B,F5V,*,37.2648,67.4019,1142,02291+6724,HIP11569,,4.63,6.92,2400.0,0.4,,,,102.9,,,,,,ORB6,Tok2021b,0.06,188.0,,113.3,,,6.869,21.0325,47.545,0.105,12.13,02291+6724,,10
2212,iotCasB,Gaia DR3 517650353531686144,HD15089B,-,-,-,-,iotCasB,J02291+6724B,F5V,*,37.2648,67.4019,1142,02291+6724,,,4.46,,47.6,,,0.42,,,,,,,,Chulkov+22,2022MNRAS.517.2925C,,,,,,,6.869,21.0325,47.545,0.105,,02291+6724,,3
2213,iotCasB,Gaia DR3 517650353531686144,HD15089B,-,-,-,-,iotCasB,J02291+6724B,F5V,*,37.2648,67.4019,1142,02291+6724,,K3,4.5,6.1,,,,,,,,,,,,WDS_THE.csv,,0.07,,,,0.2,0.2,6.869,21.0325,47.545,0.105,22.91,02291+6724,,15
2214,HD8730,Gaia DR3 535625307063146112,HD8730,HIP6914,-,TIC422750471,-,-,J01290+7412A,G5,PM*,22.2588,74.2051,1143,01290+7412,,,,,,,,,,,,,,,,StelleDoppie,ORB6,,,,,,,7.24,16.5304,60.495,1.115,,01290+7412,,2
2215,HD8730,Gaia DR3 535625307063146112,HD8730,HIP6914,-,TIC422750471,-,-,J01290+7412A,G5,PM*,22.2588,74.2051,1143,01290+7412,,,,,,,,,,,,,,,,COMPOSITE,,,,,,,,7.24,16.5304,60.495,1.115,,01290+7412,,1
2216,HD20507,Gaia DR3 544779462917920256,HD20507,HIP15843,-,TIC137326629,-,-,-,F5,SB*,51.0187,74.171,1145,,HIP15843,+,6.93,,26.8,0.13,,,,,,,,,,Pourbaix+04,2006RoAJ...16....3I,,,,273.5,0.18,,6.932,18.5836,53.811,1.275,,-,,2
2217,HD20507,Gaia DR3 544779462917920256,HD20507,HIP15843,-,TIC137326629,-,-,-,F5,SB*,51.0187,74.171,1145,,HIP15843,+,6.93,,26.8,0.14,,,,,,,,,,Pourbaix+04,2002AJ....124.1144L,,,,272.3,0.18,,6.932,18.5836,53.811,1.275,,-,,3
2218,HD20507,Gaia DR3 544779462917920256,HD20507,HIP15843,-,TIC137326629,-,-,-,F5,SB*,51.0187,74.171,1145,,HIP15843,+,6.93,,26.8,0.135,,,,,,,,,,COMPOSITE,,,,,272.9,0.18,,6.932,18.5836,53.811,1.275,,-,,1
2219,HD83509,Gaia DR3 617557340149197056,HD83509,HIP47388,-,TIC386865278,-,-,-,F7V,SB*,144.8218,13.3126,1154,,HIP47388,F7V+,7.03,,25.7,0.62,,,,,,,,,,COMPOSITE,,,,,155.29,0.15,,7.036,16.5384,60.465,1.035,,-,,1
2220,HD83509,Gaia DR3 617557340149197056,HD83509,HIP47388,-,TIC386865278,-,-,-,F7V,SB*,144.8218,13.3126,1154,,HIP47388,F7V+,7.03,,25.7,0.62,,,,,,,,,,Pourbaix+04,2003Obs...123..286G,,,,155.29,0.15,,7.036,16.5384,60.465,1.035,,-,,2
2221,HD68615A,Gaia DR3 648861707505022464,HD68615A,-,-,-,-,-,J08136+1051A,-,PM*,123.3925,10.8472,1156,08136+1051,,F7V,7.37,9.61,,,,,,,,,,,,WDS_THE.csv,,0.62,,,,2.4,2.7,7.17,14.0827,71.009,1.045,12.71,08136+1051,,2
2222,HD68615A,Gaia DR3 648861707505022464,HD68615A,-,-,-,-,-,J08136+1051A,-,PM*,123.3925,10.8472,1156,08136+1051,,F7V,7.37,9.61,,,,,,,,,,,,COMPOSITE,,0.62,,,,2.4,2.7,7.17,14.0827,71.009,1.045,12.71,08136+1051,,1
2223,HD78175B,Gaia DR3 687102859356501248,HD78175B,-,-,TIC243245935,-,-,J09074+2259B,F5V,PM*,136.8614,22.9789,1160,09074+2259,,F4V+F5V,6.92,7.13,,,,,,,,,,,,WDS_THE.csv,,1.18,,,,7.5,7.5,6.417,16.0631,62.254,1.235,82.41,09074+2259,,2
2224,HD78175B,Gaia DR3 687102859356501248,HD78175B,-,-,TIC243245935,-,-,J09074+2259B,F5V,PM*,136.8614,22.9789,1160,09074+2259,,F4V+F5V,6.92,7.13,,,,,,,,,,,,COMPOSITE,,1.18,,,,7.5,7.5,6.417,16.0631,62.254,1.235,82.41,09074+2259,,1
2225,HD83698A,Gaia DR3 800779854724018816,HD83698A,-,-,-,-,-,J09414+3857A,-,PM*,145.3414,38.9502,1167,09414+3857,,G3IV,7.28,8.65,1815.7,0.85,,10.415,,79.86,,,,,,COMPOSITE,,0.76,75.03,1709.81,106.22999999999999,2.7,2.7,6.927,19.3248,51.747,1.045,28.31,09414+3857,,1
2226,HD83698A,Gaia DR3 800779854724018816,HD83698A,-,-,-,-,-,J09414+3857A,-,PM*,145.3414,38.9502,1167,09414+3857,,,7.3,8.7,1815.0,0.85,,10.4,,80.0,,,,,,StelleDoppie,ORB6,0.76,75.0,1710.0,106.0,,,6.927,19.3248,51.747,1.045,27.54,09414+3857,,4
2227,HD83698A,Gaia DR3 800779854724018816,HD83698A,-,-,-,-,-,J09414+3857A,-,PM*,145.3414,38.9502,1167,09414+3857,,,6.91,,1815.7,,,10.43,,,,,,,,Chulkov+22,2022MNRAS.517.2925C,,,,,,,6.927,19.3248,51.747,1.045,,09414+3857,,2
2228,HD83698A,Gaia DR3 800779854724018816,HD83698A,-,-,-,-,-,J09414+3857A,-,PM*,145.3414,38.9502,1167,09414+3857,HIP47527,,7.28,8.65,1815.7,0.85,,,,79.72,,,,,,ORB6,Izm2019,0.76,75.06,1709.62,106.46,,,6.927,19.3248,51.747,1.045,28.31,09414+3857,,3
2229,HD83698A,Gaia DR3 800779854724018816,HD83698A,-,-,-,-,-,J09414+3857A,-,PM*,145.3414,38.9502,1167,09414+3857,,G3IV,7.28,8.65,,,,,,,,,,,,WDS_THE.csv,,0.76,,,,2.7,2.7,6.927,19.3248,51.747,1.045,28.31,09414+3857,,5
2230,38LynB,Gaia DR3 810952158347151488,HD80081B,-,-,-,-,38LynB,"J09188+3648Ba,Bb",A4V,**,139.7104,36.8021,1170,09188+3648,,,3.82,,2782.9,,,6.45,,,,,,,,Chulkov+22,2022MNRAS.517.2925C,,,,,,,6.149,24.3529,41.063,0.885,,09188+3648,,2
2231,38LynB,Gaia DR3 810952158347151488,HD80081B,-,-,-,-,38LynB,"J09188+3648Ba,Bb",A4V,**,139.7104,36.8021,1170,09188+3648,,A1V,3.92,6.09,,,,,,,,,,,,WDS_THE.csv,,0.54,,,,2.5,2.5,6.149,24.3529,41.063,0.885,13.55,09188+3648,,5
2232,38LynB,Gaia DR3 810952158347151488,HD80081B,-,-,-,-,38LynB,"J09188+3648Ba,Bb",A4V,**,139.7104,36.8021,1170,09188+3648,HIP45688,,3.92,6.09,2782.9,0.77,,,,104.32,,,,,,ORB6,Izm2019,0.54,87.3,1545.7,107.28,,,6.149,24.3529,41.063,0.885,13.55,09188+3648,,3
2233,38LynB,Gaia DR3 810952158347151488,HD80081B,-,-,-,-,38LynB,"J09188+3648Ba,Bb",A4V,**,139.7104,36.8021,1170,09188+3648,,A4V,3.92,6.09,2782.9,0.77,,6.475,,104.16,,,,,,COMPOSITE,,0.54,87.15,1545.35,107.14,1.3,0.2,6.149,24.3529,41.063,0.885,,09188+3648,,1
2234,38LynB,Gaia DR3 810952158347151488,HD80081B,-,-,-,-,38LynB,"J09188+3648Ba,Bb",A4V,**,139.7104,36.8021,1170,09188+3648,,,3.9,6.1,2782.0,0.77,,6.5,,104.0,,,,,,StelleDoppie,ORB6,0.53,87.0,1545.0,107.0,,,6.149,24.3529,41.063,0.885,13.18,09188+3648,,4
2235,38LynB,Gaia DR3 810952158347151488,HD80081B,-,-,-,-,38LynB,"J09188+3648Ba,Bb",A4V,**,139.7104,36.8021,1170,09188+3648,,A4V,6.09,,,,,,,,,,,,,WDS_THE.csv,,,,,,0.1,0.2,6.149,24.3529,41.063,0.885,,09188+3648,,6
2236,HD80441A,Gaia DR3 811174736439695232,HD80441A,-,-,-,-,-,J09210+3811A,F3Vs,PM*,140.2474,38.1882,1171,09210+3811,,,6.72,7.08,381.5,0.25,,1.4300000000000002,,29.8,2.01,2.59,2.58,,,COMPOSITE,,1.23,164.4,2001.4,120.4,1.2,,6.614,19.9768,50.058,1.335,,09210+3811,,1
2237,HD80441A,Gaia DR3 811174736439695232,HD80441A,-,-,-,-,-,J09210+3811A,F3Vs,PM*,140.2474,38.1882,1171,09210+3811,,,6.12,,303.3,,,1.34,,,,,,,,Chulkov+22,2022MNRAS.517.2925C,,,,,,,6.614,19.9768,50.058,1.335,,09210+3811,,2
2238,HD80441A,Gaia DR3 811174736439695232,HD80441A,-,-,-,-,-,J09210+3811A,F3Vs,PM*,140.2474,38.1882,1171,09210+3811,HIP45858,F2V  F4V      ,6.72,7.08,303.3,0.25,23.44,1.34,,,2.01,2.59,2.58,,,Malkov+12,2012A&A...546A..69M,1.23,,,,,,6.614,19.9768,50.058,1.335,71.78,09210+3811,,3
2239,HD80441A,Gaia DR3 811174736439695232,HD80441A,-,-,-,-,-,J09210+3811A,F3Vs,PM*,140.2474,38.1882,1171,09210+3811,HIP45858,F2V  F4V      ,6.72,7.08,444.3,0.25,23.44,1.62,,,2.01,2.59,2.58,,,Malkov+12,2012A&A...546A..69M,1.23,,,,,,6.614,19.9768,50.058,1.335,71.78,09210+3811,,4
2240,HD80441A,Gaia DR3 811174736439695232,HD80441A,-,-,-,-,-,J09210+3811A,F3Vs,PM*,140.2474,38.1882,1171,09210+3811,HIP45858,F2V  F4V      ,6.72,7.08,389.1,0.29,23.44,1.52,,,2.01,2.59,2.58,,,Malkov+12,2012A&A...546A..69M,1.23,,,,,,6.614,19.9768,50.058,1.335,71.78,09210+3811,,5
2241,HD80441A,Gaia DR3 811174736439695232,HD80441A,-,-,-,-,-,J09210+3811A,F3Vs,PM*,140.2474,38.1882,1171,09210+3811,HIP45858,,6.72,7.08,381.5,0.2,,,,29.8,,,,,,ORB6,Sca2023a,1.23,164.4,2001.4,120.4,,,6.614,19.9768,50.058,1.335,71.78,09210+3811,,6
2242,HD80441A,Gaia DR3 811174736439695232,HD80441A,-,-,-,-,-,J09210+3811A,F3Vs,PM*,140.2474,38.1882,1171,09210+3811,,F2V+F4V,6.72,7.08,,,,,,,,,,,,WDS_THE.csv,,1.23,,,,1.2,1.2,6.614,19.9768,50.058,1.335,71.78,09210+3811,,7
2243,HD80715,Gaia DR3 812477352773908608,HD80715,HIP45963,GJ1124,TIC156817668,-,-,-,K2.5Vke,BY*,140.6081,40.2011,1172,,HIP45963,K2.5Vke+,7.63,,3.9,0.0,,,,,,,,,,Pourbaix+04,2018A&A...619A..81H,,,,0.0,0.1,,7.62,42.6689,23.436,0.835,,-,,2
2244,HD80715,Gaia DR3 812477352773908608,HD80715,HIP45963,GJ1124,TIC156817668,-,-,-,K2.5Vke,BY*,140.6081,40.2011,1172,,HIP45963,K2.5Vke+,7.63,,3.9,0.0,,,,,,,,,,COMPOSITE,,,,,0.0,0.1,,7.62,42.6689,23.436,0.835,,-,,1
2245,HD55130B,Gaia DR3 883596170039715072,HD55130B,-,-,-,-,-,J07128+2713B,F8V,PM*,108.2043,27.2251,1175,07128+2713,,,7.24,7.27,117.85,0.93,,0.81,,144.7,2.77,2.42,1.1,,,COMPOSITE,,1.27,38.5,1920.34,259.5,0.7,,6.464,21.541,46.423,1.275,,07128+2713,,1
2246,HD55130B,Gaia DR3 883596170039715072,HD55130B,-,-,-,-,-,J07128+2713B,F8V,PM*,108.2043,27.2251,1175,07128+2713,HIP34860,,7.24,7.27,118.4,0.93,,,,144.7,,,,,,ORB6,Sca2015b,1.27,38.5,1920.34,259.5,,,6.464,21.541,46.423,1.275,97.27,07128+2713,,7
2247,HD55130B,Gaia DR3 883596170039715072,HD55130B,-,-,-,-,-,J07128+2713B,F8V,PM*,108.2043,27.2251,1175,07128+2713,HIP34860,F8V           ,7.24,7.27,119.0,0.93,23.54,0.8,,,2.77,2.42,1.1,,,Malkov+12,2012A&A...546A..69M,1.27,,,,,,6.464,21.541,46.423,1.275,97.27,07128+2713,,3
2248,HD55130B,Gaia DR3 883596170039715072,HD55130B,-,-,-,-,-,J07128+2713B,F8V,PM*,108.2043,27.2251,1175,07128+2713,HIP34860,F8V           ,7.24,7.27,116.6,0.95,23.54,0.93,,,2.77,2.42,1.1,,,Malkov+12,2012A&A...546A..69M,1.27,,,,,,6.464,21.541,46.423,1.275,97.27,07128+2713,,4
2249,HD55130B,Gaia DR3 883596170039715072,HD55130B,-,-,-,-,-,J07128+2713B,F8V,PM*,108.2043,27.2251,1175,07128+2713,HIP34860,F8V           ,7.24,7.27,117.3,0.93,23.54,0.81,,,2.77,2.42,1.1,,,Malkov+12,2012A&A...546A..69M,1.27,,,,,,6.464,21.541,46.423,1.275,97.27,07128+2713,,5
2250,HD55130B,Gaia DR3 883596170039715072,HD55130B,-,-,-,-,-,J07128+2713B,F8V,PM*,108.2043,27.2251,1175,07128+2713,HIP34860,F8V           ,7.24,7.27,116.5,0.94,23.54,0.93,,,2.77,2.42,1.1,,,Malkov+12,2012A&A...546A..69M,1.27,,,,,,6.464,21.541,46.423,1.275,97.27,07128+2713,,6
2251,HD55130B,Gaia DR3 883596170039715072,HD55130B,-,-,-,-,-,J07128+2713B,F8V,PM*,108.2043,27.2251,1175,07128+2713,,,6.46,,118.4,,,0.79,,,,,,,,Chulkov+22,2022MNRAS.517.2925C,,,,,,,6.464,21.541,46.423,1.275,,07128+2713,,2
2252,HD55130B,Gaia DR3 883596170039715072,HD55130B,-,-,-,-,-,J07128+2713B,F8V,PM*,108.2043,27.2251,1175,07128+2713,,F8V,7.24,7.27,,,,,,,,,,,,WDS_THE.csv,,1.27,,,,0.7,0.7,6.464,21.541,46.423,1.275,97.27,07128+2713,,8
2253,HD67501A,Gaia DR3 901953203859813888,HD67501A,-,-,-,-,-,J08095+3213A,F5V,**,122.3766,32.2211,1177,08095+3213,,,6.68,,1385.2,,,3.05,,,,,,,,Chulkov+22,2022MNRAS.517.2925C,,,,,,,7.095,18.3667,54.446,1.135,,08095+3213,,2
2254,HD67501A,Gaia DR3 901953203859813888,HD67501A,-,-,-,-,-,J08095+3213A,F5V,**,122.3766,32.2211,1177,08095+3213,HIP39948,F2            ,7.19,7.98,1385.2,0.24,15.46,3.05,,,,,,,,Malkov+12,2012A&A...546A..69M,0.95,,,,,,7.095,18.3667,54.446,1.135,48.31,08095+3213,,3
2255,HD67501A,Gaia DR3 901953203859813888,HD67501A,-,-,-,-,-,J08095+3213A,F5V,**,122.3766,32.2211,1177,08095+3213,,F2,7.19,7.98,,,,,,,,,,,,WDS_THE.csv,,0.95,,,,1.6,1.9,7.095,18.3667,54.446,1.135,48.31,08095+3213,,5
2256,HD67501A,Gaia DR3 901953203859813888,HD67501A,-,-,-,-,-,J08095+3213A,F5V,**,122.3766,32.2211,1177,08095+3213,,F5V,7.1,,,,,,,,,,,,,WDS_THE.csv,,,,,,0.1,0.2,7.095,18.3667,54.446,1.135,,08095+3213,,6
2257,HD67501A,Gaia DR3 901953203859813888,HD67501A,-,-,-,-,-,J08095+3213A,F5V,**,122.3766,32.2211,1177,08095+3213,HIP39948,,7.19,7.98,1385.2,0.24,,,,127.8,,,,,,ORB6,Ole2001,0.95,17.6,3132.32,258.1,,,7.095,18.3667,54.446,1.135,48.31,08095+3213,,4
2258,HD67501A,Gaia DR3 901953203859813888,HD67501A,-,-,-,-,-,J08095+3213A,F5V,**,122.3766,32.2211,1177,08095+3213,HIP39948,,7.19,7.98,1385.2,0.24,,3.05,,127.8,,,,,,COMPOSITE,,0.95,17.6,3132.32,258.1,0.8500000000000001,,7.095,18.3667,54.446,1.135,48.31,08095+3213,,1
2259,HD67587,Gaia DR3 905909246695984256,HD67587,HIP40001,-,TIC165821484,-,-,"J08102+3527Aa,Ab",F8,PM*,122.5479,35.455,1178,08102+3527,,F8,6.9,8.8,,,,,,,,,,,,WDS_THE.csv,,0.69,,,,0.3,0.3,6.657,20.9271,47.785,1.075,17.38,08102+3527,,2
2260,HD67587,Gaia DR3 905909246695984256,HD67587,HIP40001,-,TIC165821484,-,-,"J08102+3527Aa,Ab",F8,PM*,122.5479,35.455,1178,08102+3527,,F8,6.9,8.8,,,,,,,,,,,,COMPOSITE,,0.69,,,,0.3,0.3,6.657,20.9271,47.785,1.075,17.38,08102+3527,,1
2261,HD50720,Gaia DR3 950689984474189184,HD50720,HIP33355,-,TIC197145873,-,-,J06562+4032AB,F5,SB*,104.0614,40.5369,1181,06562+4032,,F7V,6.91,13.15,,,,,,,,,,,,COMPOSITE,,0.25,,,,3.5,1.5,7.53,13.9633,71.616,1.055,0.36,06562+4032,,1
2262,HD50720,Gaia DR3 950689984474189184,HD50720,HIP33355,-,TIC197145873,-,-,J06562+4032AB,F5,SB*,104.0614,40.5369,1181,06562+4032,,F7VgF6mF5,7.62,14.0,,,,,,,,,,,,WDS_THE.csv,,0.24,,,,5.5,5.6,7.53,13.9633,71.616,1.055,0.28,06562+4032,,2
2263,HD50720,Gaia DR3 950689984474189184,HD50720,HIP33355,-,TIC197145873,-,-,J06562+4032AB,F5,SB*,104.0614,40.5369,1181,06562+4032,,F7V,6.2,12.3,,,,,,,,,,,,WDS_THE.csv,,0.26,,,,1.5,1.5,7.53,13.9633,71.616,1.055,0.36,06562+4032,,3
2264,HD48767,Gaia DR3 994163948386708864,HD48767,-,-,TIC11799874,-,-,J06482+5542A,F6V,SB*,102.0512,55.7042,1184,06482+5542,HIP32609,,6.28,6.34,2023.8,0.87,,,,95.82,,,,,,ORB6,Izm2019,1.36,70.14,2202.66,99.85,,,6.219,23.4213,42.696,1.375,94.62,06482+5542,,7
2265,HD48767,Gaia DR3 994163948386708864,HD48767,-,-,TIC11799874,-,-,J06482+5542A,F6V,SB*,102.0512,55.7042,1184,06482+5542,HIP32609,dF5  dF6      ,6.28,6.34,2200.0,0.89,22.59,4.9,,,,,,,,Malkov+12,2012A&A...546A..69M,1.36,,,,,,6.219,23.4213,42.696,1.375,94.62,06482+5542,,3
2266,HD48767,Gaia DR3 994163948386708864,HD48767,-,-,TIC11799874,-,-,J06482+5542A,F6V,SB*,102.0512,55.7042,1184,06482+5542,,dF5+dF6,6.28,6.34,,,,,,,,,,,,WDS_THE.csv,,1.36,,,,4.5,4.5,6.219,23.4213,42.696,1.375,94.62,06482+5542,,8
2267,HD48767,Gaia DR3 994163948386708864,HD48767,-,-,TIC11799874,-,-,J06482+5542A,F6V,SB*,102.0512,55.7042,1184,06482+5542,,,5.54,,2023.8,,,7.39,,,,,,,,Chulkov+22,2022MNRAS.517.2925C,,,,,,,6.219,23.4213,42.696,1.375,,06482+5542,,2
2268,HD48767,Gaia DR3 994163948386708864,HD48767,-,-,TIC11799874,-,-,J06482+5542A,F6V,SB*,102.0512,55.7042,1184,06482+5542,HIP32609,dF5  dF6      ,6.28,6.34,2200.0,0.3,22.59,4.9,,,,,,,,Malkov+12,2012A&A...546A..69M,1.36,,,,,,6.219,23.4213,42.696,1.375,94.62,06482+5542,,4
2269,HD48767,Gaia DR3 994163948386708864,HD48767,-,-,TIC11799874,-,-,J06482+5542A,F6V,SB*,102.0512,55.7042,1184,06482+5542,HIP32609,dF5  dF6      ,6.28,6.34,2200.0,0.89,22.59,4.9,,,,,,,,Malkov+12,2012A&A...546A..69M,1.36,,,,,,6.219,23.4213,42.696,1.375,94.62,06482+5542,,5
2270,HD48767,Gaia DR3 994163948386708864,HD48767,-,-,TIC11799874,-,-,J06482+5542A,F6V,SB*,102.0512,55.7042,1184,06482+5542,HIP32609,dF5  dF6      ,6.28,6.34,2200.0,0.3,22.59,4.9,,,,,,,,Malkov+12,2012A&A...546A..69M,1.36,,,,,,6.219,23.4213,42.696,1.375,94.62,06482+5542,,6
2271,HD48767,Gaia DR3 994163948386708864,HD48767,-,-,TIC11799874,-,-,J06482+5542A,F6V,SB*,102.0512,55.7042,1184,06482+5542,HIP32609,dF5  dF6      ,6.219,5.545,2200.0,0.585,22.59,4.9,,95.82,,,,1.375,1.405,COMPOSITE,,1.405,70.14,2202.66,139.925,2.285,,6.219,23.4213,42.696,1.375,94.62,06482+5542,1.375,1
2272,HD48766,Gaia DR3 994164055761558656,HD48766,-,-,TIC11799872,-,-,J06482+5542B,F4V,PM*,102.0534,55.7045,1185,,HIP32609,F6V+,5.545,6.219,2200.0,0.585,,4.9,,95.82,,,,1.405,1.375,COMPOSITE,,1.375,70.14,2202.66,279.85,2.285,,5.545,23.4978,42.557,1.405,,06482+5542,1.405,1
2273,HD48766,Gaia DR3 994164055761558656,HD48766,-,-,TIC11799872,-,-,J06482+5542B,F4V,PM*,102.0534,55.7045,1185,,HIP32609,F6V+,6.28,,4.3,0.0,,,,,,,,,,Pourbaix+04,1999A&AS..136..373T,,,,0.0,0.07,,5.545,23.4978,42.557,1.405,,06482+5542,,2
2274,HD42994,Gaia DR3 998486339048759936,HD42994,HIP29873,-,TIC312809475,-,-,-,F8,SB*,94.3473,57.4147,1186,,HIP29873,F8+,7.15,,958.1,0.45,,,,,,,,,,Pourbaix+04,2011Obs...131..225G,,,,205.3,1.59,,7.174,15.2962,65.376,1.225,,-,,2
2275,HD42994,Gaia DR3 998486339048759936,HD42994,HIP29873,-,TIC312809475,-,-,-,F8,SB*,94.3473,57.4147,1186,,HIP29873,F8+,7.15,,958.1,0.45,,,,,,,,,,COMPOSITE,,,,,205.3,1.59,,7.174,15.2962,65.376,1.225,,-,,1
2276,37Lyn,Gaia DR3 1019361632454363904,HD80290,HIP45836,-,TIC251091413,-,37Lyn,J09207+5116A,F3V,PM*,140.1823,51.2661,1187,09207+5116,,F5V,6.19,10.0,,,,,,,,,,,,COMPOSITE,,0.43,,,,5.4,5.4,6.14,34.2518,29.196,1.025,2.99,09207+5116,,1
2277,37Lyn,Gaia DR3 1019361632454363904,HD80290,HIP45836,-,TIC251091413,-,37Lyn,J09207+5116A,F3V,PM*,140.1823,51.2661,1187,09207+5116,,F5V,6.19,10.0,,,,,,,,,,,,WDS_THE.csv,,0.43,,,,5.4,5.4,6.14,34.2518,29.196,1.025,2.99,09207+5116,,2
2278,sig02UMaA,Gaia DR3 1068982214258617216,-,-,GJ335A,-,-,sig02UMaA,J09104+6708A,F6IV-V,PM*,137.5981,67.134,1189,09104+6708,,F7V,4.87,8.85,921.0,0.8049999999999999,,6.0649999999999995,,144.03,,,,,,COMPOSITE,,0.5,105.2,1917.06,334.5,4.4,4.4,4.783,48.7404,20.517,1.255,2.56,09104+6708,,1
2279,sig02UMaA,Gaia DR3 1068982214258617216,-,-,GJ335A,-,-,sig02UMaA,J09104+6708A,F6IV-V,PM*,137.5981,67.134,1189,09104+6708,,F7V,4.87,8.85,,,,,,,,,,,,WDS_THE.csv,,0.5,,,,4.4,4.4,4.783,48.7404,20.517,1.255,2.56,09104+6708,,5
2280,sig02UMaA,Gaia DR3 1068982214258617216,-,-,GJ335A,-,-,sig02UMaA,J09104+6708A,F6IV-V,PM*,137.5981,67.134,1189,09104+6708,,,4.8,,921.0,,,5.74,,,,,,,,Chulkov+22,2022MNRAS.517.2925C,,,,,,,4.783,48.7404,20.517,1.255,,09104+6708,,2
2281,sig02UMaA,Gaia DR3 1068982214258617216,-,-,GJ335A,-,-,sig02UMaA,J09104+6708A,F6IV-V,PM*,137.5981,67.134,1189,09104+6708,HIP45038,,4.87,8.85,921.0,0.79,,,,144.03,,,,,,ORB6,Izm2019,0.5,105.2,1917.06,334.5,,,4.783,48.7404,20.517,1.255,2.56,09104+6708,,4
2282,sig02UMaA,Gaia DR3 1068982214258617216,-,-,GJ335A,-,-,sig02UMaA,J09104+6708A,F6IV-V,PM*,137.5981,67.134,1189,09104+6708,HIP45038,F7V           ,4.87,8.85,1141.3,0.82,49.07,6.39,,,,,,,,Malkov+12,2012A&A...546A..69M,0.5,,,,,,4.783,48.7404,20.517,1.255,2.56,09104+6708,,3
2283,HD94686A,Gaia DR3 1132849614900463104,HD94686A,HIP53709,-,TIC156085530,-,-,J10593+7941A,F8V,PM*,164.8374,79.6759,1194,10593+7941,,F9V,7.8,8.8,,,,,,,,,,,,WDS_THE.csv,,0.89,,,,0.0,0.0,7.322,16.0896,62.152,1.115,39.81,10593+7941,,2
2284,HD94686A,Gaia DR3 1132849614900463104,HD94686A,HIP53709,-,TIC156085530,-,-,J10593+7941A,F8V,PM*,164.8374,79.6759,1194,10593+7941,,F9V,7.6,10.07,,,,,,,,,,,,COMPOSITE,,0.67,,,,1.45,2.9,7.322,16.0896,62.152,1.115,2.65,10593+7941,,1
2285,HD94686A,Gaia DR3 1132849614900463104,HD94686A,HIP53709,-,TIC156085530,-,-,J10593+7941A,F8V,PM*,164.8374,79.6759,1194,10593+7941,,F9V,7.4,11.34,,,,,,,,,,,,WDS_THE.csv,,0.45,,,,2.9,2.9,7.322,16.0896,62.152,1.115,2.65,10593+7941,,3
2286,HD96511,Gaia DR3 1134361580827574528,HD96511,HIP54632,-,TIC406831994,-,-,-,G0,SB*,167.7298,81.7317,1195,,HIP54632,G0+,7.06,,18.9,0.27,,,,,,,,,,Pourbaix+04,2017AJ....154..120F,,,,330.79,0.16,,7.166,21.4415,46.639,1.065,,-,,2
2287,HD96511,Gaia DR3 1134361580827574528,HD96511,HIP54632,-,TIC406831994,-,-,-,G0,SB*,167.7298,81.7317,1195,,HIP54632,G0+,7.06,,18.9,0.275,,,,,,,,,,COMPOSITE,,,,,331.88,0.16,,7.166,21.4415,46.639,1.065,,-,,1
2288,HD96511,Gaia DR3 1134361580827574528,HD96511,HIP54632,-,TIC406831994,-,-,-,G0,SB*,167.7298,81.7317,1195,,HIP54632,G0+,7.06,,18.9,0.28,,,,,,,,,,Pourbaix+04,1924ApJ....59..356S,,,,332.97,0.16,,7.166,21.4415,46.639,1.065,,-,,3
2289,HD130604,Gaia DR3 1159348218790870400,HD130604,HIP72447,-,TIC459345813,-,-,J14489+0557AB,F6V+F6V,**,222.2219,5.9544,1203,14489+0557,,,6.83,,225.6,,,0.82,,,,,,,,Chulkov+22,2022MNRAS.517.2925C,,,,,,,6.824,16.1796,61.806,1.295,,14489+0557,,2
2290,HD130604,Gaia DR3 1159348218790870400,HD130604,HIP72447,-,TIC459345813,-,-,J14489+0557AB,F6V+F6V,**,222.2219,5.9544,1203,14489+0557,HIP72447,F6V           ,7.02,8.95,216.2,0.61,17.99,0.8,,,1.86,2.41,1.17,,,Malkov+12,2012A&A...546A..69M,0.83,,,,,,6.824,16.1796,61.806,1.295,16.9,14489+0557,,3
2291,HD130604,Gaia DR3 1159348218790870400,HD130604,HIP72447,-,TIC459345813,-,-,J14489+0557AB,F6V+F6V,**,222.2219,5.9544,1203,14489+0557,,,7.02,8.95,225.6,0.61,,0.81,,106.0,1.86,2.41,1.17,,,COMPOSITE,,0.83,99.66,1964.8,41.54,1.1,,6.824,16.1796,61.806,1.295,,14489+0557,,1
2292,HD130604,Gaia DR3 1159348218790870400,HD130604,HIP72447,-,TIC459345813,-,-,J14489+0557AB,F6V+F6V,**,222.2219,5.9544,1203,14489+0557,HIP72447,,7.02,8.95,225.6,0.61,,,,106.0,,,,,,ORB6,Izm2019,0.83,99.66,1964.8,41.54,,,6.824,16.1796,61.806,1.295,16.9,14489+0557,,4
2293,HD130604,Gaia DR3 1159348218790870400,HD130604,HIP72447,-,TIC459345813,-,-,J14489+0557AB,F6V+F6V,**,222.2219,5.9544,1203,14489+0557,,F6V,7.02,8.95,,,,,,,,,,,,WDS_THE.csv,,0.83,,,,1.1,1.1,6.824,16.1796,61.806,1.295,16.9,14489+0557,,5
2294,HD129517A,Gaia DR3 1171581870493386112,HD129517A,-,-,-,-,-,J14428+0635A,-,PM*,220.6984,6.5907,1204,14428+0635,,,7.44,9.44,1407.7,0.85,,,,52.5,,,,,,ORB6,WSI2006b,0.8,221.34,3298.0,98.6,,,7.363,14.6268,68.368,1.275,15.85,14428+0635,,3
2295,HD129517A,Gaia DR3 1171581870493386112,HD129517A,-,-,-,-,-,J14428+0635A,-,PM*,220.6984,6.5907,1204,14428+0635,,F8V,7.44,9.44,,,,,,,,,,,,WDS_THE.csv,,0.8,,,,0.6,1.9,7.363,14.6268,68.368,1.275,15.85,14428+0635,,5
2296,HD129517A,Gaia DR3 1171581870493386112,HD129517A,-,-,-,-,-,J14428+0635A,-,PM*,220.6984,6.5907,1204,14428+0635,,,,,1407.7,,,2.82,,,,,,,,Chulkov+22,2022MNRAS.517.2925C,,,,,,,7.363,14.6268,68.368,1.275,,14428+0635,,2
2297,HD129517A,Gaia DR3 1171581870493386112,HD129517A,-,-,-,-,-,J14428+0635A,-,PM*,220.6984,6.5907,1204,14428+0635,,,7.4,9.4,1407.0,0.85,,2.82,,53.0,,,,,,StelleDoppie,ORB6,0.8,221.0,3298.0,99.0,,,7.363,14.6268,68.368,1.275,15.85,14428+0635,,4
2298,HD129517A,Gaia DR3 1171581870493386112,HD129517A,-,-,-,-,-,J14428+0635A,-,PM*,220.6984,6.5907,1204,14428+0635,,,7.44,9.44,1407.7,0.85,,2.82,,52.75,,,,,,COMPOSITE,,0.8,221.17000000000002,3298.0,98.8,0.6,,7.363,14.6268,68.368,1.275,15.85,14428+0635,,1
2299,HD133460,Gaia DR3 1267970076306377344,HD133460,HIP73700,-,TIC229887037,-,-,-,F8V,SB*,225.9554,26.0387,1209,,HIP73700,F8V+,7.28,,200.3,0.13,,,,,,,,,,Pourbaix+04,2018MNRAS.475.1375G,,,,201.0,0.55,,7.29,14.5619,68.672,1.315,,-,,2
2300,HD133460,Gaia DR3 1267970076306377344,HD133460,HIP73700,-,TIC229887037,-,-,-,F8V,SB*,225.9554,26.0387,1209,,HIP73700,F8V+,7.28,,200.3,0.13,,,,,,,,,,COMPOSITE,,,,,201.0,0.55,,7.29,14.5619,68.672,1.315,,-,,1
2301,HD150710,Gaia DR3 1312345747129055744,HD150710,HIP81726,-,TIC43254866,-,-,-,F5,SB*,250.3948,30.8758,1214,,HIP81726,F5+,7.08,,28.1,0.26,,,,,,,,,,Pourbaix+04,2003ApJS..147..103G,,,,315.3,0.16,,7.077,17.0842,58.534,1.135,,-,,2
2302,HD150710,Gaia DR3 1312345747129055744,HD150710,HIP81726,-,TIC43254866,-,-,-,F5,SB*,250.3948,30.8758,1214,,HIP81726,F5+,7.08,,28.1,0.26,,,,,,,,,,COMPOSITE,,,,,315.3,0.16,,7.077,17.0842,58.534,1.135,,-,,1
2303,HD151428A,Gaia DR3 1327203001078082304,HD151428A,-,-,TIC224372315,-,-,J16458+3538A,G0,*,251.4507,35.6308,1215,16458+3538,,F6V,7.51,9.39,,,,,,,,,,,,WDS_THE.csv,,0.75,,,,4.1,4.1,7.333,16.9889,58.862,1.155,17.7,16458+3538,,2
2304,HD151428A,Gaia DR3 1327203001078082304,HD151428A,-,-,TIC224372315,-,-,J16458+3538A,G0,*,251.4507,35.6308,1215,16458+3538,,F6V,7.51,9.39,,,,,,,,,,,,COMPOSITE,,0.75,,,,4.1,4.1,7.333,16.9889,58.862,1.155,17.7,16458+3538,,1
2305,HD125193,Gaia DR3 1611444452123347200,HD125193,HIP69699,-,TIC441697305,-,-,J14161+5643C,F8,PM*,213.9996,56.6891,1227,14161+5643,,A7IV,7.16,9.56,,,,,,,,,,,,WDS_THE.csv,,0.77,,,,5.7,5.7,6.665,20.4509,48.898,1.345,10.96,14161+5643,,2
2306,HD125193,Gaia DR3 1611444452123347200,HD125193,HIP69699,-,TIC441697305,-,-,J14161+5643C,F8,PM*,213.9996,56.6891,1227,14161+5643,,A7IV,7.16,9.56,,,,,,,,,,,,COMPOSITE,,0.77,,,,5.7,5.7,6.665,20.4509,48.898,1.345,10.96,14161+5643,,1
2307,HD127806,Gaia DR3 1714573763725923840,HD127806,HIP70618,-,TIC335655675,-,-,J14267+7830A,F5,PM*,216.6798,78.4989,1235,14267+7830,,F5,7.2,12.5,,,,,,,,,,,,COMPOSITE,,0.33,,,,1.0,1.9,7.218,16.0738,62.213,1.135,0.76,14267+7830,,1
2308,HD127806,Gaia DR3 1714573763725923840,HD127806,HIP70618,-,TIC335655675,-,-,J14267+7830A,F5,PM*,216.6798,78.4989,1235,14267+7830,,F5,7.2,12.5,,,,,,,,,,,,WDS_THE.csv,,0.33,,,,1.0,1.9,7.218,16.0738,62.213,1.135,0.76,14267+7830,,2
2309,HD110010,Gaia DR3 1717627794711189760,HD110010,HIP61597,GJ479.1+GJ9414,TIC160309580,-,-,-,G0,SB*,189.3304,79.2156,1236,,HIP61597,dG2e+,7.0,,4059.0,0.17,,,,,,,,,,COMPOSITE,,,,,175.35000000000002,7.655,,6.966,28.6065,34.957,1.165,,-,,1
2310,HD110010,Gaia DR3 1717627794711189760,HD110010,HIP61597,GJ479.1+GJ9414,TIC160309580,-,-,-,G0,SB*,189.3304,79.2156,1236,,HIP61597,dG2e+,7.0,,4000.0,0.14,,,,,,,,,,Pourbaix+04,1991A&A...248..485D,,,,0.1,7.58,,6.966,28.6065,34.957,1.165,,-,,2
2311,HD110010,Gaia DR3 1717627794711189760,HD110010,HIP61597,GJ479.1+GJ9414,TIC160309580,-,-,-,G0,SB*,189.3304,79.2156,1236,,HIP61597,dG2e+,7.0,,4118.0,0.2,,,,,,,,,,Pourbaix+04,2018A&A...619A..81H,,,,350.6,7.73,,6.966,28.6065,34.957,1.165,,-,,3
2312,pi.01UMiA,Gaia DR3 1720995598827435648,HD139777,HIP75809,-,TIC159331746,-,pi.01UMiA,J15292+8027A,G1.5V(n),PM*,232.2966,80.4486,1237,15292+8027,,G9V,5.6,20.3,,,,,,,,,,,,WDS_THE.csv,,0.03,,,,7.4,7.4,6.565,45.8428,21.814,0.965,0.0,15292+8027,,3
2313,pi.01UMiA,Gaia DR3 1720995598827435648,HD139777,HIP75809,-,TIC159331746,-,pi.01UMiA,J15292+8027A,G1.5V(n),PM*,232.2966,80.4486,1237,15292+8027,,,,,,,,,,,,,,,,StelleDoppie,ORB6,,,,,,,6.565,45.8428,21.814,0.965,,15292+8027,,2
2314,pi.01UMiA,Gaia DR3 1720995598827435648,HD139777,HIP75809,-,TIC159331746,-,pi.01UMiA,J15292+8027A,G1.5V(n),PM*,232.2966,80.4486,1237,15292+8027,,G9V,5.6,20.1,,,,,,,,,,,,WDS_THE.csv,,0.03,,,,6.9,6.9,6.565,45.8428,21.814,0.965,0.0,15292+8027,,4
2315,pi.01UMiA,Gaia DR3 1720995598827435648,HD139777,HIP75809,-,TIC159331746,-,pi.01UMiA,J15292+8027A,G1.5V(n),PM*,232.2966,80.4486,1237,15292+8027,,,5.6,20.200000000000003,,,,,,,,,,,,COMPOSITE,,0.03,,,,7.15,,6.565,45.8428,21.814,0.965,,15292+8027,,1
2316,epsEquC,Gaia DR3 1731592451377571712,HD199766C,HIP103571,-,TIC396547166,-,epsEquC,J20591+0418C,F4V,PM*,314.7713,4.2946,1242,20591+0418,,,5.96,6.31,101.4,0.7,,0.65,,94.995,4.17,2.73,1.33,,,COMPOSITE,,1.09,131.60999999999999,2023.115,175.35,4.75,,6.996,18.1682,55.041,1.185,,20591+0418,,1
2317,epsEquC,Gaia DR3 1731592451377571712,HD199766C,HIP103571,-,TIC396547166,-,epsEquC,J20591+0418C,F4V,PM*,314.7713,4.2946,1242,20591+0418,,,5.3,,104.0,,,0.61,,,,,,,,Chulkov+22,2022MNRAS.517.2925C,,,,,,,6.996,18.1682,55.041,1.185,,20591+0418,,2
2318,epsEquC,Gaia DR3 1731592451377571712,HD199766C,HIP103571,-,TIC396547166,-,epsEquC,J20591+0418C,F4V,PM*,314.7713,4.2946,1242,20591+0418,HIP103579,,5.96,,0.1,0.0,,,,97.7,,,,,,ORB6,CIA2022f,,157.2,2021.42,0.0,,,6.996,18.1682,55.041,1.185,,20591+0418,,5
2319,epsEquC,Gaia DR3 1731592451377571712,HD199766C,HIP103571,-,TIC396547166,-,epsEquC,J20591+0418C,F4V,PM*,314.7713,4.2946,1242,20591+0418,HIP103579,,5.96,6.31,98.0,0.71,,,,92.29,,,,,,ORB6,CIA2022f,1.09,106.02,2024.81,350.7,,,6.996,18.1682,55.041,1.185,72.44,20591+0418,,6
2320,epsEquC,Gaia DR3 1731592451377571712,HD199766C,HIP103571,-,TIC396547166,-,epsEquC,J20591+0418C,F4V,PM*,314.7713,4.2946,1242,20591+0418,HIP103569,F6IV          ,5.96,6.31,101.4,0.7,18.49,0.66,,,4.17,2.73,1.33,,,Malkov+12,2012A&A...546A..69M,1.09,,,,,,6.996,18.1682,55.041,1.185,72.44,20591+0418,,3
2321,epsEquC,Gaia DR3 1731592451377571712,HD199766C,HIP103571,-,TIC396547166,-,epsEquC,J20591+0418C,F4V,PM*,314.7713,4.2946,1242,20591+0418,HIP103569,F6IV          ,5.96,6.31,101.5,0.7,18.49,0.65,,,4.17,2.73,1.33,,,Malkov+12,2012A&A...546A..69M,1.09,,,,,,6.996,18.1682,55.041,1.185,72.44,20591+0418,,4
2322,epsEquC,Gaia DR3 1731592451377571712,HD199766C,HIP103571,-,TIC396547166,-,epsEquC,J20591+0418C,F4V,PM*,314.7713,4.2946,1242,20591+0418,,F6IV,6.31,7.05,,,,,,,,,,,,WDS_THE.csv,,1.0,,,,9.4,10.6,6.996,18.1682,55.041,1.185,50.58,20591+0418,,7
2323,epsEquC,Gaia DR3 1731592451377571712,HD199766C,HIP103571,-,TIC396547166,-,epsEquC,J20591+0418C,F4V,PM*,314.7713,4.2946,1242,20591+0418,,F6IV,5.96,6.31,,,,,,,,,,,,WDS_THE.csv,,1.09,,,,0.1,0.1,6.996,18.1682,55.041,1.185,72.44,20591+0418,,8
2324,HD203345,Gaia DR3 1745244296985069184,HD203345,HIP105431,-,TIC303098107,-,-,J21214+1020AB,F5,**,320.3399,10.3323,1243,21214+1020,,,7.5,7.5,6.1,0.86,,0.1,,130.95,2.6,2.43,1.13,,,COMPOSITE,,0.98,278.2,1991.84,20.4,0.1,,6.72,19.6161,50.979,0.985,,21214+1020,,1
2325,HD203345,Gaia DR3 1745244296985069184,HD203345,HIP105431,-,TIC303098107,-,-,J21214+1020AB,F5,**,320.3399,10.3323,1243,21214+1020,,,6.72,,6.1,,,0.1,,,,,,,,Chulkov+22,2022MNRAS.517.2925C,,,,,,,6.72,19.6161,50.979,0.985,,21214+1020,,2
2326,HD203345,Gaia DR3 1745244296985069184,HD203345,HIP105431,-,TIC303098107,-,-,J21214+1020AB,F5,**,320.3399,10.3323,1243,21214+1020,,F7V,7.5,7.5,,,,,,,,,,,,WDS_THE.csv,,0.98,,,,0.1,0.1,6.72,19.6161,50.979,0.985,100.0,21214+1020,,11
2327,HD203345,Gaia DR3 1745244296985069184,HD203345,HIP105431,-,TIC303098107,-,-,J21214+1020AB,F5,**,320.3399,10.3323,1243,21214+1020,HIP105431,F7V           ,7.5,7.5,6.2,0.87,20.88,0.1,,,2.6,2.43,1.13,,,Malkov+12,2012A&A...546A..69M,0.98,,,,,,6.72,19.6161,50.979,0.985,100.0,21214+1020,,3
2328,HD203345,Gaia DR3 1745244296985069184,HD203345,HIP105431,-,TIC303098107,-,-,J21214+1020AB,F5,**,320.3399,10.3323,1243,,HIP105431,F7V+F8V,6.75,,2200.0,0.82,,,,,,,,,,Pourbaix+04,1981BAAS...13..569W,,,,196.0,3.3,,6.72,19.6161,50.979,0.985,,21214+1020,,8
2329,HD203345,Gaia DR3 1745244296985069184,HD203345,HIP105431,-,TIC303098107,-,-,J21214+1020AB,F5,**,320.3399,10.3323,1243,21214+1020,HIP105431,F7V           ,7.5,7.5,6.1,0.86,20.88,0.1,,,2.6,2.43,1.13,,,Malkov+12,2012A&A...546A..69M,0.98,,,,,,6.72,19.6161,50.979,0.985,100.0,21214+1020,,4
2330,HD203345,Gaia DR3 1745244296985069184,HD203345,HIP105431,-,TIC303098107,-,-,J21214+1020AB,F5,**,320.3399,10.3323,1243,21214+1020,HIP105431,,7.5,7.5,6.1,0.8,,,,126.9,,,,,,ORB6,Tok2023a,0.98,278.2,1991.84,9.9,,,6.72,19.6161,50.979,0.985,100.0,21214+1020,,7
2331,HD203345,Gaia DR3 1745244296985069184,HD203345,HIP105431,-,TIC303098107,-,-,J21214+1020AB,F5,**,320.3399,10.3323,1243,,HIP105431,,,,6.1,0.86,,0.1,,135.0,,,,,,Soederhjem+99,1999A&A...341..121S,,,,,,,6.72,19.6161,50.979,0.985,,21214+1020,,10
2332,HD203345,Gaia DR3 1745244296985069184,HD203345,HIP105431,-,TIC303098107,-,-,J21214+1020AB,F5,**,320.3399,10.3323,1243,,HIP105431,F8V+F8V,6.75,,2.3,0.06,,,,,,,,,,Pourbaix+04,1976ApJ...205..194W,,,,20.4,0.03,,6.72,19.6161,50.979,0.985,,21214+1020,,9
2333,HD203345,Gaia DR3 1745244296985069184,HD203345,HIP105431,-,TIC303098107,-,-,J21214+1020AB,F5,**,320.3399,10.3323,1243,21214+1020,HIP105431,F7V           ,7.5,7.5,6.1,0.91,20.88,0.1,,,2.6,2.43,1.13,,,Malkov+12,2012A&A...546A..69M,0.98,,,,,,6.72,19.6161,50.979,0.985,100.0,21214+1020,,5
2334,HD203345,Gaia DR3 1745244296985069184,HD203345,HIP105431,-,TIC303098107,-,-,J21214+1020AB,F5,**,320.3399,10.3323,1243,21214+1020,HIP105431,F7V           ,7.5,7.5,6.1,0.86,20.88,0.1,,,2.6,2.43,1.13,,,Malkov+12,2012A&A...546A..69M,0.98,,,,,,6.72,19.6161,50.979,0.985,100.0,21214+1020,,6
2335,HD185269,Gaia DR3 2031479093959232128,HD185269,HIP96507,-,TIC213721036,-,-,J19372+2830A,G2V,PM*,294.2989,28.4999,1262,19372+2830,,G0IV,6.68,13.9,,,,,,,,,,,,COMPOSITE,,0.26,,,,4.5,4.5,6.68,19.2423,51.969,1.375,0.13,19372+2830,,1
2336,HD185269,Gaia DR3 2031479093959232128,HD185269,HIP96507,-,TIC213721036,-,-,J19372+2830A,G2V,PM*,294.2989,28.4999,1262,19372+2830,,G0IV,6.68,13.9,,,,,,,,,,,,WDS_THE.csv,,0.26,,,,4.5,4.5,6.68,19.2423,51.969,1.375,0.13,19372+2830,,2
2337,HD216582,Gaia DR3 2213324607594749056,HD216582,HIP112946,-,TIC377274993,-,-,J22527+6759B,F5,PM*,343.1257,67.9936,1270,22527+6759,,F2,7.11,10.79,,,,,,,,,,,,WDS_THE.csv,,0.53,,,,0.2,0.2,7.564,16.145,61.939,1.235,3.37,22527+6759,,2
2338,HD216582,Gaia DR3 2213324607594749056,HD216582,HIP112946,-,TIC377274993,-,-,J22527+6759B,F5,PM*,343.1257,67.9936,1270,22527+6759,,F2,7.11,10.79,,,,,,,,,,,,COMPOSITE,,0.53,,,,0.2,0.2,7.564,16.145,61.939,1.235,3.37,22527+6759,,1
2339,HD223778,Gaia DR3 2232348941893483520,HD223778,HIP117712,GJ909A,TIC265344685,-,-,J23524+7533A,K3V,SB*,358.1059,75.5445,1271,23524+7533,,,6.49,11.4,290.0,0.55,,4.14,,49.79,,,,,,COMPOSITE,,0.2,93.455,2015.0,67.0,0.31,,6.389,91.7722,10.897,0.625,,23524+7533,,1
2340,HD223778,Gaia DR3 2232348941893483520,HD223778,HIP117712,GJ909A,TIC265344685,-,-,J23524+7533A,K3V,SB*,358.1059,75.5445,1271,,HIP117712,K3V+K3V,6.4,,7.8,0.0,,,,,,,,,,Pourbaix+04,2018A&A...619A..81H,,,,0.0,0.31,,6.389,91.7722,10.897,0.625,,23524+7533,,5
2341,HD223778,Gaia DR3 2232348941893483520,HD223778,HIP117712,GJ909A,TIC265344685,-,-,J23524+7533A,K3V,SB*,358.1059,75.5445,1271,,HIP117712,K3V+K3V,6.4,,7.8,0.0,,,,,,,,,,Pourbaix+04,1934ApJ....80..181C,,,,0.0,0.31,,6.389,91.7722,10.897,0.625,,23524+7533,,6
2342,HD223778,Gaia DR3 2232348941893483520,HD223778,HIP117712,GJ909A,TIC265344685,-,-,J23524+7533A,K3V,SB*,358.1059,75.5445,1271,23524+7533,,K3V,6.49,11.4,,,,,,,,,,,,WDS_THE.csv,,0.2,,,,2.2,2.2,6.389,91.7722,10.897,0.625,1.09,23524+7533,,8
2343,HD223778,Gaia DR3 2232348941893483520,HD223778,HIP117712,GJ909A,TIC265344685,-,-,J23524+7533A,K3V,SB*,358.1059,75.5445,1271,23524+7533,,,6.5,11.4,290.0,0.55,,4.1,,50.0,,,,,,StelleDoppie,ORB6,0.2,93.0,2015.0,134.0,,,6.389,91.7722,10.897,0.625,1.1,23524+7533,,7
2344,HD223778,Gaia DR3 2232348941893483520,HD223778,HIP117712,GJ909A,TIC265344685,-,-,J23524+7533A,K3V,SB*,358.1059,75.5445,1271,23524+7533,HIP117712,K3V           ,6.49,11.4,290.0,0.55,91.82,4.14,,,,,,,,Malkov+12,2012A&A...546A..69M,0.2,,,,,,6.389,91.7722,10.897,0.625,1.09,23524+7533,,3
2345,HD223778,Gaia DR3 2232348941893483520,HD223778,HIP117712,GJ909A,TIC265344685,-,-,J23524+7533A,K3V,SB*,358.1059,75.5445,1271,23524+7533,,,6.36,,290.0,,,4.14,,,,,,,,Chulkov+22,2022MNRAS.517.2925C,,,,,,,6.389,91.7722,10.897,0.625,,23524+7533,,2
2346,HD223778,Gaia DR3 2232348941893483520,HD223778,HIP117712,GJ909A,TIC265344685,-,-,J23524+7533A,K3V,SB*,358.1059,75.5445,1271,23524+7533,HIP117712,,6.49,11.4,290.0,0.55,,,,49.58,,,,,,ORB6,Hle1994,0.2,93.91,2015.0,134.14,,,6.389,91.7722,10.897,0.625,1.09,23524+7533,,4
2347,HD184467,Gaia DR3 2238597054155896832,HD184467,HIP95995,GJ762.1,TIC287197149,-,-,J19311+5835AB,K2V,SB*,292.7832,58.586,1272,,HIP95995,K1V+,6.8,8.4,1.4,0.38,,0.08,,146.0,1.59,1.63,0.79,,,COMPOSITE,,0.54,245.86,2013.7,177.49,3.13,,6.597,55.2767,18.091,0.745,,19311+5835,,1
2348,HD184467,Gaia DR3 2238597054155896832,HD184467,HIP95995,GJ762.1,TIC287197149,-,-,J19311+5835AB,K2V,SB*,292.7832,58.586,1272,19311+5835,HIP95995,K1V           ,7.02,8.4,1.4,0.38,58.96,0.08,,,1.59,1.63,0.79,,,Malkov+12,2012A&A...546A..69M,0.54,,,,,,6.597,55.2767,18.091,0.745,28.05,19311+5835,,3
2349,HD184467,Gaia DR3 2238597054155896832,HD184467,HIP95995,GJ762.1,TIC287197149,-,-,J19311+5835AB,K2V,SB*,292.7832,58.586,1272,19311+5835,HIP95995,,7.02,8.4,1.4,0.39,,,,146.15,,,,,,ORB6,Kie2018,0.54,245.72,2013.7,180.32,,,6.597,55.2767,18.091,0.745,28.05,19311+5835,,6
2350,HD184467,Gaia DR3 2238597054155896832,HD184467,HIP95995,GJ762.1,TIC287197149,-,-,J19311+5835AB,K2V,SB*,292.7832,58.586,1272,19311+5835,,K1V,7.02,8.4,,,,,,,,,,,,WDS_THE.csv,,0.54,,,,0.1,0.1,6.597,55.2767,18.091,0.745,28.05,19311+5835,,14
2351,HD184467,Gaia DR3 2238597054155896832,HD184467,HIP95995,GJ762.1,TIC287197149,-,-,J19311+5835AB,K2V,SB*,292.7832,58.586,1272,,HIP95995,K1V+,6.59,,494.1,0.36,,,,,,,,,,Pourbaix+04,2000A&AS..145..215P,,,,176.16,3.13,,6.597,55.2767,18.091,0.745,,19311+5835,,7
2352,HD184467,Gaia DR3 2238597054155896832,HD184467,HIP95995,GJ762.1,TIC287197149,-,-,J19311+5835AB,K2V,SB*,292.7832,58.586,1272,19311+5835,HIP95995,K1V           ,7.02,8.4,1.4,0.37,58.96,0.08,,,1.59,1.63,0.79,,,Malkov+12,2012A&A...546A..69M,0.54,,,,,,6.597,55.2767,18.091,0.745,28.05,19311+5835,,4
2353,HD184467,Gaia DR3 2238597054155896832,HD184467,HIP95995,GJ762.1,TIC287197149,-,-,J19311+5835AB,K2V,SB*,292.7832,58.586,1272,,HIP95995,K1V+,6.59,,494.8,0.34,,,,,,,,,,Pourbaix+04,2018A&A...619A..81H,,,,177.49,3.13,,6.597,55.2767,18.091,0.745,,19311+5835,,8
2354,HD184467,Gaia DR3 2238597054155896832,HD184467,HIP95995,GJ762.1,TIC287197149,-,-,J19311+5835AB,K2V,SB*,292.7832,58.586,1272,,HIP95995,K1V+,6.59,,491.9,0.42,,,,,,,,,,Pourbaix+04,1983PASP...95..201M,,,,177.0,3.12,,6.597,55.2767,18.091,0.745,,19311+5835,,9
2355,HD184467,Gaia DR3 2238597054155896832,HD184467,HIP95995,GJ762.1,TIC287197149,-,-,J19311+5835AB,K2V,SB*,292.7832,58.586,1272,,HIP95995,,,,1.4,0.38,,0.08,,142.0,,,,,,Soederhjem+99,1999A&A...341..121S,,,,,,,6.597,55.2767,18.091,0.745,,19311+5835,,12
2356,HD184467,Gaia DR3 2238597054155896832,HD184467,HIP95995,GJ762.1,TIC287197149,-,-,J19311+5835AB,K2V,SB*,292.7832,58.586,1272,19311+5835,HIP95995,K1V           ,7.02,8.4,1.4,0.36,58.96,0.09,,,1.59,1.63,0.79,,,Malkov+12,2012A&A...546A..69M,0.54,,,,,,6.597,55.2767,18.091,0.745,28.05,19311+5835,,5
2357,HD184467,Gaia DR3 2238597054155896832,HD184467,HIP95995,GJ762.1,TIC287197149,-,-,J19311+5835AB,K2V,SB*,292.7832,58.586,1272,19311+5835,,,6.6,,1.4,,,0.08,,,,,,,,Chulkov+22,2022MNRAS.517.2925C,,,,,,,6.597,55.2767,18.091,0.745,,19311+5835,,2
2358,HD184467,Gaia DR3 2238597054155896832,HD184467,HIP95995,GJ762.1,TIC287197149,-,-,J19311+5835AB,K2V,SB*,292.7832,58.586,1272,,HIP95995,K1V+,6.59,,493.8,0.4,,,,,,,,,,Pourbaix+04,1992cadm.conf..573T,,,,176.0,3.13,,6.597,55.2767,18.091,0.745,,19311+5835,,10
2359,HD184467,Gaia DR3 2238597054155896832,HD184467,HIP95995,GJ762.1,TIC287197149,-,-,J19311+5835AB,K2V,SB*,292.7832,58.586,1272,,HIP95995,K1V+,6.59,,494.4,0.39,,,,,,,,,,Pourbaix+04,2018MNRAS.474..731K,,,,180.3,3.13,,6.597,55.2767,18.091,0.745,,19311+5835,,11
2360,HD184467,Gaia DR3 2238597054155896832,HD184467,HIP95995,GJ762.1,TIC287197149,-,-,J19311+5835AB,K2V,SB*,292.7832,58.586,1272,19311+5835,,,7.0,8.4,1.4,0.39,,0.01,,146.0,,,,,,StelleDoppie,ORB6,0.54,246.0,2013.7,180.0,,,6.597,55.2767,18.091,0.745,27.54,19311+5835,,13
2361,HD197433,Gaia DR3 2278045985170934016,HD197433,HIP101750,GJ1255+GJ9703,TIC1981621672+TIC333870949,-,-,J20374+7536A,G8V+K0V,SB*,309.3401,75.6005,1275,,HIP101750,K0V+G5,7.23,7.68,0.3,0.0,,,,,,,,,,Pourbaix+04,1948ApJ...108..490P,0.82,,,0.0,0.02,,7.451,37.6838,26.537,0.915,66.07,20374+7536,,5
2362,HD197433,Gaia DR3 2278045985170934016,HD197433,HIP101750,GJ1255+GJ9703,TIC1981621672+TIC333870949,-,-,J20374+7536A,G8V+K0V,SB*,309.3401,75.6005,1275,20374+7536,,,7.46,,30.7,,,0.47,,,,,,,,Chulkov+22,2022MNRAS.517.2925C,,,,,,,7.451,37.6838,26.537,0.915,,20374+7536,,2
2363,HD197433,Gaia DR3 2278045985170934016,HD197433,HIP101750,GJ1255+GJ9703,TIC1981621672+TIC333870949,-,-,J20374+7536A,G8V+K0V,SB*,309.3401,75.6005,1275,20374+7536,,,7.7,10.5,30.6,0.62,,0.47,,34.0,,,,,,StelleDoppie,ORB6,0.48,26.0,1997.0,47.0,,,7.451,37.6838,26.537,0.915,7.59,20374+7536,,7
2364,HD197433,Gaia DR3 2278045985170934016,HD197433,HIP101750,GJ1255+GJ9703,TIC1981621672+TIC333870949,-,-,J20374+7536A,G8V+K0V,SB*,309.3401,75.6005,1275,20374+7536,HIP101750,,7.68,10.48,30.7,0.63,,,,34.4,,,,,,ORB6,Doc2013k,0.48,26.4,1996.75,46.9,,,7.451,37.6838,26.537,0.915,7.59,20374+7536,,4
2365,HD197433,Gaia DR3 2278045985170934016,HD197433,HIP101750,GJ1255+GJ9703,TIC1981621672+TIC333870949,-,-,J20374+7536A,G8V+K0V,SB*,309.3401,75.6005,1275,20374+7536,,K0V,7.68,10.48,,,,,,,,,,,,WDS_THE.csv,,0.48,,,,0.5,0.5,7.451,37.6838,26.537,0.915,7.59,20374+7536,,8
2366,HD197433,Gaia DR3 2278045985170934016,HD197433,HIP101750,GJ1255+GJ9703,TIC1981621672+TIC333870949,-,-,J20374+7536A,G8V+K0V,SB*,309.3401,75.6005,1275,20374+7536,HIP101750,K0V           ,7.68,10.48,31.0,0.68,36.25,0.48,,,,,,,,Malkov+12,2012A&A...546A..69M,0.48,,,,,,7.451,37.6838,26.537,0.915,7.59,20374+7536,,3
2367,HD197433,Gaia DR3 2278045985170934016,HD197433,HIP101750,GJ1255+GJ9703,TIC1981621672+TIC333870949,-,-,J20374+7536A,G8V+K0V,SB*,309.3401,75.6005,1275,,HIP101750,K0V+G5,7.68,10.48,30.7,0.62,,0.475,,34.0,,,,,,COMPOSITE,,0.48,26.2,1996.875,46.9,0.26,,7.451,37.6838,26.537,0.915,66.07,20374+7536,,1
2368,HD197433,Gaia DR3 2278045985170934016,HD197433,HIP101750,GJ1255+GJ9703,TIC1981621672+TIC333870949,-,-,J20374+7536A,G8V+K0V,SB*,309.3401,75.6005,1275,,HIP101750,,,,32.0,0.58,,0.5,,27.0,,,,,,Soederhjem+99,1999A&A...341..121S,,,,,,,7.451,37.6838,26.537,0.915,,20374+7536,,6
2369,HD220140,Gaia DR3 2282846074981010688,HD220140,HIP115147,-,TIC428988656,-,-,J23194+7900A,G9V,RS*,349.861,79.0035,1276,23194+7900,,,6.615,16.87,,,,,,,,,,,,COMPOSITE,,0.155,,,,7.8999999999999995,,7.53,52.7838,18.945,0.815,,23194+7900,,1
2370,HD220140,Gaia DR3 2282846074981010688,HD220140,HIP115147,-,TIC428988656,-,-,J23194+7900A,G9V,RS*,349.861,79.0035,1276,23194+7900,,G9V,7.73,12.24,,,,,,,,,,,,WDS_THE.csv,,0.29,,,,9.7,10.9,7.53,52.7838,18.945,0.815,1.57,23194+7900,,3
2371,HD220140,Gaia DR3 2282846074981010688,HD220140,HIP115147,-,TIC428988656,-,-,J23194+7900A,G9V,RS*,349.861,79.0035,1276,23194+7900,,,,,,,,,,,,,,,,StelleDoppie,ORB6,,,,,,,7.53,52.7838,18.945,0.815,,23194+7900,,2
2372,HD220140,Gaia DR3 2282846074981010688,HD220140,HIP115147,-,TIC428988656,-,-,J23194+7900A,G9V,RS*,349.861,79.0035,1276,23194+7900,,G9V,5.5,21.5,,,,,,,,,,,,WDS_THE.csv,,0.02,,,,6.1,6.1,7.53,52.7838,18.945,0.815,0.0,23194+7900,,4
2373,HD195850,Gaia DR3 2298513978237548672,HD195850,HIP100321,-,TIC236002958,-,-,-,F5IV,SB*,305.1821,82.368,1280,,HIP100321,F5IV+,8.4,,38.0,0.18,,,,,,,,,,COMPOSITE,,,,,111.27000000000001,0.21,,7.03,17.546,56.993,1.155,,-,,1
2374,HD195850,Gaia DR3 2298513978237548672,HD195850,HIP100321,-,TIC236002958,-,-,-,F5IV,SB*,305.1821,82.368,1280,,HIP100321,F5IV+,8.4,,38.0,0.18,,,,,,,,,,Pourbaix+04,2000A&AS..144..317C,,,,111.5,0.21,,7.03,17.546,56.993,1.155,,-,,2
2375,HD195850,Gaia DR3 2298513978237548672,HD195850,HIP100321,-,TIC236002958,-,-,-,F5IV,SB*,305.1821,82.368,1280,,HIP100321,F5IV+,8.4,,38.0,0.18,,,,,,,,,,Pourbaix+04,2016MNRAS.458.3272K,,,,111.04,0.21,,7.03,17.546,56.993,1.155,,-,,3
2376,HD209942,Gaia DR3 2299477734539451392,HD209942,HIP108456,-,TIC470122265,-,-,J21582+8252A,F6IV-V,SB*,329.5528,82.8696,1281,21582+8252,HIP108456,F6IV-V        ,7.0,7.47,19240.0,0.53,33.44,27.46,,,,,,,,Malkov+12,2012A&A...546A..69M,0.86,,,,,,6.944,24.9343,40.105,0.955,64.86,21582+8252,,4
2377,HD209942,Gaia DR3 2299477734539451392,HD209942,HIP108456,-,TIC470122265,-,-,J21582+8252A,F6IV-V,SB*,329.5528,82.8696,1281,21582+8252,,F5,7.5,11.0,,,,,,,,,,,,WDS_THE.csv,,0.43,,,,0.0,0.0,6.944,24.9343,40.105,0.955,3.98,21582+8252,,10
2378,HD209942,Gaia DR3 2299477734539451392,HD209942,HIP108456,-,TIC470122265,-,-,J21582+8252A,F6IV-V,SB*,329.5528,82.8696,1281,21582+8252,,,6.92,,23.0,,,0.87,,,,,,,,Chulkov+22,2022MNRAS.517.2925C,,,,,,,6.944,24.9343,40.105,0.955,,21582+8252,,2
2379,HD209942,Gaia DR3 2299477734539451392,HD209942,HIP108456,-,TIC470122265,-,-,J21582+8252A,F6IV-V,SB*,329.5528,82.8696,1281,21582+8252,HIP108456,,7.0,7.47,6581.7,0.73,,,,113.82,,,,,,ORB6,Izm2019,0.86,109.5,975.18,284.65,,,6.944,24.9343,40.105,0.955,64.86,21582+8252,,7
2380,HD209942,Gaia DR3 2299477734539451392,HD209942,HIP108456,-,TIC470122265,-,-,J21582+8252A,F6IV-V,SB*,329.5528,82.8696,1281,21582+8252,,,6.92,7.45,6581.7,,,22.96,,,,,,,,Chulkov+22,2022MNRAS.517.2925C,0.85,,,,,,6.944,24.9343,40.105,0.955,61.38,21582+8252,,3
2381,HD209942,Gaia DR3 2299477734539451392,HD209942,HIP108456,-,TIC470122265,-,-,J21582+8252A,F6IV-V,SB*,329.5528,82.8696,1281,21582+8252,,F8V+K5V,7.0,10.6,,,,,,,,,,,,WDS_THE.csv,,0.42,,,,0.1,0.3,6.944,24.9343,40.105,0.955,3.63,21582+8252,,11
2382,HD209942,Gaia DR3 2299477734539451392,HD209942,HIP108456,-,TIC470122265,-,-,J21582+8252A,F6IV-V,SB*,329.5528,82.8696,1281,21582+8252,,,7.0,10.6,24.5,0.62,,,,138.0,,,,,,StelleDoppie,ORB6,0.42,32.0,2016.5,11.0,,,6.944,24.9343,40.105,0.955,3.63,21582+8252,,9
2383,HD209942,Gaia DR3 2299477734539451392,HD209942,HIP108456,-,TIC470122265,-,-,J21582+8252A,F6IV-V,SB*,329.5528,82.8696,1281,21582+8252,HIP108456,,7.0,10.6,24.5,0.62,,,,138.54,,,,,,ORB6,PkO2024,0.42,32.03,2016.51,11.42,,,6.944,24.9343,40.105,0.955,3.63,21582+8252,,8
2384,HD209942,Gaia DR3 2299477734539451392,HD209942,HIP108456,-,TIC470122265,-,-,J21582+8252A,F6IV-V,SB*,329.5528,82.8696,1281,21582+8252,HIP108456,,6.944,7.45,24.5,0.53,,22.96,,138.0,,,,0.955,1.025,COMPOSITE,,1.025,32.03,2016.5,95.71,0.03,,6.944,24.9343,40.105,0.955,3.63,21582+8252,0.955,1
2385,HD209942,Gaia DR3 2299477734539451392,HD209942,HIP108456,-,TIC470122265,-,-,J21582+8252A,F6IV-V,SB*,329.5528,82.8696,1281,21582+8252,HIP108456,F6IV-V        ,7.0,,23.0,0.4,33.44,0.87,,,,,,,,Malkov+12,2012A&A...546A..69M,,,,,,,6.944,24.9343,40.105,0.955,,21582+8252,,5
2386,HD209942,Gaia DR3 2299477734539451392,HD209942,HIP108456,-,TIC470122265,-,-,J21582+8252A,F6IV-V,SB*,329.5528,82.8696,1281,21582+8252,HIP108456,F6IV-V        ,7.0,7.47,19240.0,0.53,33.44,27.46,,,,,,,,Malkov+12,2012A&A...546A..69M,0.86,,,,,,6.944,24.9343,40.105,0.955,64.86,21582+8252,,6
2387,HD209943,Gaia DR3 2299477768899190400,HD209943,HIP108461,-,TIC470122267,-,-,"J21582+8252Ba,Bb",F5,RS*,329.5822,82.8711,1282,,HIP108461,G4p+,7.45,6.944,24.5,0.53,,22.96,,138.0,,,,1.025,0.955,COMPOSITE,,0.955,32.03,2016.5,191.0,0.03,,7.45,25.0457,39.927,1.025,,21582+8252,1.025,1
2388,HD209943,Gaia DR3 2299477768899190400,HD209943,HIP108461,-,TIC470122267,-,-,"J21582+8252Ba,Bb",F5,RS*,329.5822,82.8711,1282,,HIP108461,G4p+,7.49,,1.2,0.0,,,,,,,,,,Pourbaix+04,1927ApJ....65..295S,,,,0.0,0.03,,7.45,25.0457,39.927,1.025,,21582+8252,,2
2389,HD195146,Gaia DR3 2302434355666150528,HD195146,HIP99232,-,TIC470680809,-,-,J20086+8507AB,F8,**,302.1497,85.1242,1284,20086+8507,,F8,7.2,13.0,,,,,,,,,,,,WDS_THE.csv,,0.27,,,,1.2,1.2,7.144,24.5031,40.811,1.045,0.48,20086+8507,,2
2390,HD195146,Gaia DR3 2302434355666150528,HD195146,HIP99232,-,TIC470680809,-,-,J20086+8507AB,F8,**,302.1497,85.1242,1284,20086+8507,,F8,7.3,9.0,,,,,,,,,,,,WDS_THE.csv,,0.71,,,,0.1,0.1,7.144,24.5031,40.811,1.045,20.89,20086+8507,,3
2391,HD195146,Gaia DR3 2302434355666150528,HD195146,HIP99232,-,TIC470680809,-,-,J20086+8507AB,F8,**,302.1497,85.1242,1284,20086+8507,,F8,7.25,11.0,,,,,,,,,,,,COMPOSITE,,0.49,,,,0.65,0.1,7.144,24.5031,40.811,1.045,20.89,20086+8507,,1
2392,HD10009,Gaia DR3 2464859126762143616,HD10009,HIP7580,-,TIC29901695,-,-,J01376-0924AB,F8.5VFe-0.5,SB*,24.4071,-9.4038,1288,,HIP7580,F7V+,6.8,7.2,28.95,0.78,,0.31,,96.7,2.51,2.49,1.13,,,COMPOSITE,,1.06,161.1,1989.92,248.79,14.41,,6.237,22.9702,43.535,1.165,69.18,01376-0924,,1
2393,HD10009,Gaia DR3 2464859126762143616,HD10009,HIP7580,-,TIC29901695,-,-,J01376-0924AB,F8.5VFe-0.5,SB*,24.4071,-9.4038,1288,01376-0924,HIP7580,F7V           ,6.8,7.2,28.9,0.75,24.76,0.29,,,2.51,2.49,1.13,,,Malkov+12,2012A&A...546A..69M,1.06,,,,,,6.237,22.9702,43.535,1.165,69.18,01376-0924,,3
2394,HD10009,Gaia DR3 2464859126762143616,HD10009,HIP7580,-,TIC29901695,-,-,J01376-0924AB,F8.5VFe-0.5,SB*,24.4071,-9.4038,1288,01376-0924,HIP7580,F7V           ,6.8,7.2,29.1,0.78,24.76,0.32,,,2.51,2.49,1.13,,,Malkov+12,2012A&A...546A..69M,1.06,,,,,,6.237,22.9702,43.535,1.165,69.18,01376-0924,,4
2395,HD10009,Gaia DR3 2464859126762143616,HD10009,HIP7580,-,TIC29901695,-,-,J01376-0924AB,F8.5VFe-0.5,SB*,24.4071,-9.4038,1288,01376-0924,HIP7580,F7V           ,6.8,7.2,28.8,0.8,24.76,0.32,,,2.51,2.49,1.13,,,Malkov+12,2012A&A...546A..69M,1.06,,,,,,6.237,22.9702,43.535,1.165,69.18,01376-0924,,5
2396,HD10009,Gaia DR3 2464859126762143616,HD10009,HIP7580,-,TIC29901695,-,-,J01376-0924AB,F8.5VFe-0.5,SB*,24.4071,-9.4038,1288,,HIP7580,,,,29.0,0.78,,0.31,,96.0,,,,,,Soederhjem+99,1999A&A...341..121S,,,,,,,6.237,22.9702,43.535,1.165,,01376-0924,,9
2397,HD10009,Gaia DR3 2464859126762143616,HD10009,HIP7580,-,TIC29901695,-,-,J01376-0924AB,F8.5VFe-0.5,SB*,24.4071,-9.4038,1288,01376-0924,,F7V,6.8,7.2,,,,,,,,,,,,WDS_THE.csv,,1.06,,,,0.2,0.3,6.237,22.9702,43.535,1.165,69.18,01376-0924,,10
2398,HD10009,Gaia DR3 2464859126762143616,HD10009,HIP7580,-,TIC29901695,-,-,J01376-0924AB,F8.5VFe-0.5,SB*,24.4071,-9.4038,1288,01376-0924,HIP7580,,6.8,7.2,28.9,0.75,,,,97.4,,,,,,ORB6,Tok1993,1.06,161.1,1989.92,248.8,,,6.237,22.9702,43.535,1.165,69.18,01376-0924,,6
2399,HD10009,Gaia DR3 2464859126762143616,HD10009,HIP7580,-,TIC29901695,-,-,J01376-0924AB,F8.5VFe-0.5,SB*,24.4071,-9.4038,1288,01376-0924,,,6.24,,28.9,,,0.29,,,,,,,,Chulkov+22,2022MNRAS.517.2925C,,,,,,,6.237,22.9702,43.535,1.165,,01376-0924,,2
2400,HD10009,Gaia DR3 2464859126762143616,HD10009,HIP7580,-,TIC29901695,-,-,J01376-0924AB,F8.5VFe-0.5,SB*,24.4071,-9.4038,1288,,HIP7580,F7V+,7.0,7.4,10533.3,0.75,,,,,,,,,,Pourbaix+04,1993AstL...19...73T,1.06,,,248.79,14.41,,6.237,22.9702,43.535,1.165,69.18,01376-0924,,7
2401,HD10009,Gaia DR3 2464859126762143616,HD10009,HIP7580,-,TIC29901695,-,-,J01376-0924AB,F8.5VFe-0.5,SB*,24.4071,-9.4038,1288,,HIP7580,F7V+,7.0,7.4,10540.0,0.8,,,,,,,,,,Pourbaix+04,2000A&AS..145..215P,1.06,,,71.6,14.42,,6.237,22.9702,43.535,1.165,69.18,01376-0924,,8
2402,37Cet,Gaia DR3 2475331528340199936,HD7439,HIP5799,GJ54.2A+GJ9045A,TIC284120761,-,37Cet,J01144-0755A,F5V,**,18.6002,-7.9228,1289,01144-0755,,F5V,5.2,9.7,,,,,,,,,,,,WDS_THE.csv,,0.39,,,,0.2,0.2,5.15,41.5747,24.053,1.105,1.58,01144-0755,,2
2403,37Cet,Gaia DR3 2475331528340199936,HD7439,HIP5799,GJ54.2A+GJ9045A,TIC284120761,-,37Cet,J01144-0755A,F5V,**,18.6002,-7.9228,1289,01144-0755,,F5V,5.2,9.7,,,,,,,,,,,,COMPOSITE,,0.39,,,,0.2,0.2,5.15,41.5747,24.053,1.105,1.58,01144-0755,,1
2404,HD7345,Gaia DR3 2577061260424130304,HD7345,HIP5743,-,TIC376904847,-,86PscB+zetPscB,J01137+0735B,F7V,SB*,18.4386,7.5782,1296,01137+0735,,A7IV,5.6,6.4,,,,,,,,,,,,WDS_THE.csv,,0.94,,,,0.2,0.2,6.262,24.6896,40.503,1.135,47.86,01137+0735,,3
2405,HD7345,Gaia DR3 2577061260424130304,HD7345,HIP5743,-,TIC376904847,-,86PscB+zetPscB,J01137+0735B,F7V,SB*,18.4386,7.5782,1296,,HIP5743,F7V+G7V,6.27,,9.1,0.04,,,,,,,,,,Pourbaix+04,1984PASP...96..179B,,,,127.0,0.11,,6.262,24.6896,40.503,1.135,,01137+0735,,2
2406,HD7345,Gaia DR3 2577061260424130304,HD7345,HIP5743,-,TIC376904847,-,86PscB+zetPscB,J01137+0735B,F7V,SB*,18.4386,7.5782,1296,01137+0735,,F7V,6.26,12.2,,,,,,,,,,,,WDS_THE.csv,,0.29,,,,0.9,2.0,6.262,24.6896,40.503,1.135,0.42,01137+0735,,4
2407,HD7345,Gaia DR3 2577061260424130304,HD7345,HIP5743,-,TIC376904847,-,86PscB+zetPscB,J01137+0735B,F7V,SB*,18.4386,7.5782,1296,01137+0735,,F7V,6.26,9.3,9.1,0.04,,,,,,,,,,COMPOSITE,,0.615,,,127.0,0.2,2.0,6.262,24.6896,40.503,1.135,0.42,01137+0735,,1
2408,HD7564,Gaia DR3 2579689922143890304,HD7564,HIP5898,-,TIC376923235,-,-,J01158+0947AB,F2,**,18.9447,9.7849,1297,01158+0947,,,7.16,,162.0,,,0.61,,,,,,,,Chulkov+22,2022MNRAS.517.2925C,,,,,,,7.175,16.651,60.056,1.085,,01158+0947,,2
2409,HD7564,Gaia DR3 2579689922143890304,HD7564,HIP5898,-,TIC376923235,-,-,J01158+0947AB,F2,**,18.9447,9.7849,1297,01158+0947,,F4V,7.36,9.89,,,,,,,,,,,,WDS_THE.csv,,0.61,,,,0.2,0.2,7.175,16.651,60.056,1.085,9.73,01158+0947,,5
2410,HD7564,Gaia DR3 2579689922143890304,HD7564,HIP5898,-,TIC376923235,-,-,J01158+0947AB,F2,**,18.9447,9.7849,1297,01158+0947,HIP5898,,7.36,9.89,162.0,0.45,,,,101.7,,,,,,ORB6,RAO2015,0.61,151.2,,262.8,,,7.175,16.651,60.056,1.085,9.73,01158+0947,,4
2411,HD7564,Gaia DR3 2579689922143890304,HD7564,HIP5898,-,TIC376923235,-,-,J01158+0947AB,F2,**,18.9447,9.7849,1297,01158+0947,HIP5898,F4V           ,7.36,9.89,132.5,0.18,17.42,0.57,,,,,,,,Malkov+12,2012A&A...546A..69M,0.61,,,,,,7.175,16.651,60.056,1.085,9.73,01158+0947,,3
2412,HD7564,Gaia DR3 2579689922143890304,HD7564,HIP5898,-,TIC376923235,-,-,J01158+0947AB,F2,**,18.9447,9.7849,1297,01158+0947,HIP5898,F4V           ,7.36,9.89,162.0,0.315,17.42,0.59,,101.7,,,,,,COMPOSITE,,0.61,151.2,,262.8,0.2,,7.175,16.651,60.056,1.085,9.73,01158+0947,,1
2413,HD8321,Gaia DR3 2593298611920443520,HD8321,HIP6439,-,TIC58858845,-,-,J01227+1712A,F5V,SB*,20.6796,17.197,1299,,HIP6439,F5+,7.16,,34.3,0.07,,,,,,,,,,COMPOSITE,,,,,191.5,0.21,,7.16,19.2581,51.926,1.155,,01227+1712,,1
2414,HD8321,Gaia DR3 2593298611920443520,HD8321,HIP6439,-,TIC58858845,-,-,J01227+1712A,F5V,SB*,20.6796,17.197,1299,,HIP6439,F5+,7.16,,34.3,0.07,,,,,,,,,,Pourbaix+04,2014MNRAS.441.2316G,,,,191.5,0.21,,7.16,19.2581,51.926,1.155,,01227+1712,,2
2415,HD214686,Gaia DR3 2608919785932997248,HD214686,HIP111910,-,TIC251020542,-,-,-,F7V,SB*,340.0333,-9.3592,1300,,HIP111910,F7V+F7V,6.89,,21.8,0.41,,,,,,,,,,COMPOSITE,,,,,16.86,0.15,,6.894,18.7269,53.399,1.005,,-,,1
2416,HD214686,Gaia DR3 2608919785932997248,HD214686,HIP111910,-,TIC251020542,-,-,-,F7V,SB*,340.0333,-9.3592,1300,,HIP111910,F7V+F7V,6.89,,21.8,0.41,,,,,,,,,,Pourbaix+04,1978PASP...90..679B,,,,17.4,0.15,,6.894,18.7269,53.399,1.005,,-,,2
2417,HD214686,Gaia DR3 2608919785932997248,HD214686,HIP111910,-,TIC251020542,-,-,-,F7V,SB*,340.0333,-9.3592,1300,,HIP111910,F7V+F7V,6.89,,21.8,0.41,,,,,,,,,,Pourbaix+04,2008AJ....135..555T,,,,16.32,0.15,,6.894,18.7269,53.399,1.005,,-,,3
2418,16Psc,Gaia DR3 2646416259176624000,HD221950,HIP116495,-,TIC422629660,-,16Psc,-,F6V,SB*,354.097,2.1022,1305,,HIP116495,F6V+F6V,5.66,,45.5,0.375,,,,,,,,,,COMPOSITE,,,,,102.97999999999999,0.39,,5.689,30.6828,32.592,0.955,,-,,1
2419,16Psc,Gaia DR3 2646416259176624000,HD221950,HIP116495,-,TIC422629660,-,16Psc,-,F6V,SB*,354.097,2.1022,1305,,HIP116495,F6V+F6V,5.66,,45.5,0.38,,,,,,,,,,Pourbaix+04,2008AJ....135..555T,,,,102.96,0.39,,5.689,30.6828,32.592,0.955,,-,,2
2420,16Psc,Gaia DR3 2646416259176624000,HD221950,HIP116495,-,TIC422629660,-,16Psc,-,F6V,SB*,354.097,2.1022,1305,,HIP116495,F6V+F6V,5.66,,45.5,0.37,,,,,,,,,,Pourbaix+04,1974A&A....37..179C,,,,103.0,0.39,,5.689,30.6828,32.592,0.955,,-,,3
2421,HD217679,Gaia DR3 2652131177020643200,HD217679,HIP113770,-,TIC310844746,-,-,-,F6V,SB*,345.6011,0.4393,1306,,HIP113770,F8+,7.39,,5.3,0.0,,,,,,,,,,COMPOSITE,,,,,0.0,0.05,,7.38,15.1122,66.172,1.115,,-,,1
2422,HD217679,Gaia DR3 2652131177020643200,HD217679,HIP113770,-,TIC310844746,-,-,-,F6V,SB*,345.6011,0.4393,1306,,HIP113770,F8+,7.39,,5.3,0.0,,,,,,,,,,Pourbaix+04,2003ApJS..147..103G,,,,0.0,0.05,,7.38,15.1122,66.172,1.115,,-,,2
2423,HD211575,Gaia DR3 2677942384281073408,HD211575,HIP110091,-,TIC439839143,-,-,J22181-0014AB,F3V,**,334.5178,-0.2377,1308,22181-0014,,F3V,6.7,8.0,,,,,,,,,,,,WDS_THE.csv,,0.95,,,,0.0,0.0,6.385,23.98,41.701,1.285,30.2,22181-0014,,2
2424,HD211575,Gaia DR3 2677942384281073408,HD211575,HIP110091,-,TIC439839143,-,-,J22181-0014AB,F3V,**,334.5178,-0.2377,1308,22181-0014,,F3V,6.7,8.0,,,,,,,,,,,,COMPOSITE,,0.95,,,,0.0,0.0,6.385,23.98,41.701,1.285,30.2,22181-0014,,1
2425,HD216417,Gaia DR3 2717981134566374272,HD216417,HIP112960,-,TIC318705209,-,-,-,F5,SB*,343.1507,10.2203,1310,,HIP112960,F5V+G5V,7.26,,0.9,0.0,,,,,,,,,,COMPOSITE,,,,,0.0,0.02,,7.277,15.8028,63.28,1.095,,-,,1
2426,HD216417,Gaia DR3 2717981134566374272,HD216417,HIP112960,-,TIC318705209,-,-,-,F5,SB*,343.1507,10.2203,1310,,HIP112960,F5V+G5V,7.26,,0.9,0.0,,,,,,,,,,Pourbaix+04,2004AJ....127.1712P,,,,0.0,0.02,,7.277,15.8028,63.28,1.095,,-,,2
2427,64Psc,Gaia DR3 2781872793183604096,HD4676,HIP3810,GJ34.1+GJ9031,TIC303319608,-,64Psc,J00490+1656A,F8V,SB*,12.2446,16.9406,1315,,HIP3810,F8V+,5.07,,13.9,0.24,,,,,,,,,,Pourbaix+04,1991A&A...248..485D,,,,202.3,0.29,,5.067,42.7505,23.392,1.565,,00490+1656,,5
2428,64Psc,Gaia DR3 2781872793183604096,HD4676,HIP3810,GJ34.1+GJ9031,TIC303319608,-,64Psc,J00490+1656A,F8V,SB*,12.2446,16.9406,1315,00490+1656,HIP3810,,5.07,5.2,0.1,0.24,,0.01,,73.8,2.51,2.8,1.1,,,COMPOSITE,,1.53,63.6,1998.25,202.3,0.29,,5.067,42.7505,23.392,1.565,91.2,00490+1656,,1
2429,64Psc,Gaia DR3 2781872793183604096,HD4676,HIP3810,GJ34.1+GJ9031,TIC303319608,-,64Psc,J00490+1656A,F8V,SB*,12.2446,16.9406,1315,00490+1656,,,5.07,,0.1,,,0.01,,,,,,,,Chulkov+22,2022MNRAS.517.2925C,,,,,,,5.067,42.7505,23.392,1.565,,00490+1656,,2
2430,64Psc,Gaia DR3 2781872793183604096,HD4676,HIP3810,GJ34.1+GJ9031,TIC303319608,-,64Psc,J00490+1656A,F8V,SB*,12.2446,16.9406,1315,00490+1656,HIP3810,,5.1,5.2,0.1,0.24,,,,73.8,,,,,,ORB6,Bod1999b,1.53,63.6,1998.25,203.56,,,5.067,42.7505,23.392,1.565,91.2,00490+1656,,4
2431,64Psc,Gaia DR3 2781872793183604096,HD4676,HIP3810,GJ34.1+GJ9031,TIC303319608,-,64Psc,J00490+1656A,F8V,SB*,12.2446,16.9406,1315,00490+1656,HIP3810,F8V           ,5.1,5.2,0.1,0.24,42.64,0.01,,,2.51,2.8,1.1,,,Malkov+12,2012A&A...546A..69M,1.53,,,,,,5.067,42.7505,23.392,1.565,91.2,00490+1656,,3
2432,64Psc,Gaia DR3 2781872793183604096,HD4676,HIP3810,GJ34.1+GJ9031,TIC303319608,-,64Psc,J00490+1656A,F8V,SB*,12.2446,16.9406,1315,,HIP3810,F8V+,5.07,,13.9,0.24,,,,,,,,,,Pourbaix+04,1979A&AS...35..203N,,,,199.6,0.29,,5.067,42.7505,23.392,1.565,,00490+1656,,6
2433,HD221627,Gaia DR3 2820870374678607616,HD221627,HIP116277,-,TIC435254533,-,-,J23336+1749A,G1IV,PM*,353.395,17.8188,1316,23336+1749,,,6.88,11.5,,,,,,,,,,,,COMPOSITE,,0.42,,,,7.2,,6.813,20.6174,48.503,1.205,,23336+1749,,1
2434,HD221627,Gaia DR3 2820870374678607616,HD221627,HIP116277,-,TIC435254533,-,-,J23336+1749A,G1IV,PM*,353.395,17.8188,1316,23336+1749,,,,,,,,,,,,,,,,StelleDoppie,ORB6,,,,,,,6.813,20.6174,48.503,1.205,,23336+1749,,2
2435,HD221627,Gaia DR3 2820870374678607616,HD221627,HIP116277,-,TIC435254533,-,-,J23336+1749A,G1IV,PM*,353.395,17.8188,1316,23336+1749,,G2IV,6.88,11.5,,,,,,,,,,,,WDS_THE.csv,,0.42,,,,7.2,7.4,6.813,20.6174,48.503,1.205,1.42,23336+1749,,3
2436,HD224085,Gaia DR3 2855095251072482432,HD224085,HIP117915,GJ4375,-,-,-,-,K2+IVeFe-1,RS*,358.7669,28.6337,1317,,HIP117915,K2IV-Ve+,7.18,7.78,6.8,0.03,,,,,,,,,,Pourbaix+04,1981ApJ...247..975V,,,,286.0,0.0,,7.51,25.5595,39.124,,57.54,-,,2
2437,HD224085,Gaia DR3 2855095251072482432,HD224085,HIP117915,GJ4375,-,-,-,-,K2+IVeFe-1,RS*,358.7669,28.6337,1317,,HIP117915,K2IV-Ve+,7.18,7.78,6.8,0.03,,,,,,,,,,COMPOSITE,,,,,286.0,0.0,,7.51,25.5595,39.124,,57.54,-,,1
2438,HD222317,Gaia DR3 2866138470985266048,HD222317,HIP116740,-,TIC186876651,-,-,-,G8,RS*,354.8791,28.2465,1318,,HIP116740,G5V+,7.05,,6.3,0.01,,,,,,,,,,COMPOSITE,,,,,84.0,0.07,,7.042,20.9368,47.763,1.095,,-,,1
2439,HD222317,Gaia DR3 2866138470985266048,HD222317,HIP116740,-,TIC186876651,-,-,-,G8,RS*,354.8791,28.2465,1318,,HIP116740,G5V+,7.05,,6.3,0.02,,,,,,,,,,Pourbaix+04,1969A&A.....3..272I,,,,168.0,0.07,,7.042,20.9368,47.763,1.095,,-,,2
2440,HD222317,Gaia DR3 2866138470985266048,HD222317,HIP116740,-,TIC186876651,-,-,-,G8,RS*,354.8791,28.2465,1318,,HIP116740,G5V+,7.05,,6.3,0.0,,,,,,,,,,Pourbaix+04,1992MNRAS.256..575S,,,,0.0,0.07,,7.042,20.9368,47.763,1.095,,-,,3
2441,HD39438,Gaia DR3 3025640770239673216,HD39438,HIP27758,-,TIC176759633,-,-,J05525-0217AB,G0V,**,88.1226,-2.2854,1319,05525-0217,,F5,7.77,8.65,,,,,,,,,,,,WDS_THE.csv,,0.92,,,,0.1,0.1,7.26,16.0508,62.302,1.125,44.46,05525-0217,,5
2442,HD39438,Gaia DR3 3025640770239673216,HD39438,HIP27758,-,TIC176759633,-,-,J05525-0217AB,G0V,**,88.1226,-2.2854,1319,05525-0217,,F5,7.77,8.65,12.0,0.20500000000000002,,0.12,,56.9,1.29,2.19,1.2,,,COMPOSITE,,0.92,153.3,1999.92,91.8,0.1,0.1,7.26,16.0508,62.302,1.125,44.46,05525-0217,,1
2443,HD39438,Gaia DR3 3025640770239673216,HD39438,HIP27758,-,TIC176759633,-,-,J05525-0217AB,G0V,**,88.1226,-2.2854,1319,05525-0217,HIP27758,,7.77,8.65,11.9,0.23,,,,56.9,,,,,,ORB6,Msn2023,0.92,153.3,1999.92,91.8,,,7.26,16.0508,62.302,1.125,44.46,05525-0217,,4
2444,HD39438,Gaia DR3 3025640770239673216,HD39438,HIP27758,-,TIC176759633,-,-,J05525-0217AB,G0V,**,88.1226,-2.2854,1319,05525-0217,,,7.26,,12.0,,,0.12,,,,,,,,Chulkov+22,2022MNRAS.517.2925C,,,,,,,7.26,16.0508,62.302,1.125,,05525-0217,,2
2445,HD39438,Gaia DR3 3025640770239673216,HD39438,HIP27758,-,TIC176759633,-,-,J05525-0217AB,G0V,**,88.1226,-2.2854,1319,05525-0217,HIP27758,F5            ,7.77,8.65,12.1,0.18,20.15,0.12,,,1.29,2.19,1.2,,,Malkov+12,2012A&A...546A..69M,0.92,,,,,,7.26,16.0508,62.302,1.125,44.46,05525-0217,,3
2446,HD53665A,Gaia DR3 3109521073513682048,HD53665A,HIP34239,-,TIC177754717,-,-,J07059-0101A,F6V,PM*,106.4699,-1.0205,1322,07059-0101,,F8V+K7-M0,5.98,9.11,,,,,,,,,,,,WDS_THE.csv,,0.66,,,,1.4,1.4,7.26,15.2461,65.591,1.365,5.6,07059-0101,,2
2447,HD53665A,Gaia DR3 3109521073513682048,HD53665A,HIP34239,-,TIC177754717,-,-,J07059-0101A,F6V,PM*,106.4699,-1.0205,1322,07059-0101,,F8V+K7-M0,5.98,9.11,,,,,,,,,,,,COMPOSITE,,0.66,,,,1.4,1.4,7.26,15.2461,65.591,1.365,5.6,07059-0101,,1
2448,HD49385A,Gaia DR3 3113515118220364288,HD49385A,HIP32608,-,TIC234229567,-,-,J06482+0018A,G0V,PM*,102.0479,0.305,1323,06482+0018,,G0,7.46,11.5,,,,,,,,,,,,COMPOSITE,,0.54,,,,7.0,7.3,7.417,13.6172,73.437,1.365,2.42,06482+0018,,1
2449,HD49385A,Gaia DR3 3113515118220364288,HD49385A,HIP32608,-,TIC234229567,-,-,J06482+0018A,G0V,PM*,102.0479,0.305,1323,06482+0018,,G0,7.46,11.5,,,,,,,,,,,,WDS_THE.csv,,0.54,,,,7.0,7.3,7.417,13.6172,73.437,1.365,2.42,06482+0018,,2
2450,HD62323A,Gaia DR3 3136977596845661952,HD62323A,HIP37645,-,TIC280618896,-,-,"J07435+0329Aa,Ab",F8V,**,115.8796,3.4858,1325,07435+0329,,F8,7.07,10.8,,,,,,,,,,,,WDS_THE.csv,,0.54,,,,0.1,0.1,6.97,17.5478,56.987,1.275,3.22,07435+0329,,2
2451,HD62323A,Gaia DR3 3136977596845661952,HD62323A,HIP37645,-,TIC280618896,-,-,"J07435+0329Aa,Ab",F8V,**,115.8796,3.4858,1325,07435+0329,,F8,7.07,10.38,,,,,,,,,,,,WDS_THE.csv,,0.59,,,,9.6,9.6,6.97,17.5478,56.987,1.275,4.74,07435+0329,,3
2452,HD62323A,Gaia DR3 3136977596845661952,HD62323A,HIP37645,-,TIC280618896,-,-,"J07435+0329Aa,Ab",F8V,**,115.8796,3.4858,1325,07435+0329,,F8,7.07,10.59,,,,,,,,,,,,COMPOSITE,,0.565,,,,4.85,0.1,6.97,17.5478,56.987,1.275,3.22,07435+0329,,1
2453,HD57270,Gaia DR3 3155702211145149824,HD57270,HIP35601,-,TIC207245081,-,-,J07208+0939A,F5IV,PM*,110.2055,9.6538,1327,07208+0939,,F5IV,7.56,13.6,,,,,,,,,,,,WDS_THE.csv,,0.28,,,,3.8,4.1,7.5,13.376,74.761,1.125,0.38,07208+0939,,2
2454,HD57270,Gaia DR3 3155702211145149824,HD57270,HIP35601,-,TIC207245081,-,-,J07208+0939A,F5IV,PM*,110.2055,9.6538,1327,07208+0939,,F5IV,7.56,13.6,,,,,,,,,,,,COMPOSITE,,0.28,,,,3.8,4.1,7.5,13.376,74.761,1.125,0.38,07208+0939,,1
2455,HD35317A,Gaia DR3 3220475746805801856,HD35317A,-,-,-,-,-,J05239-0052A,F7V,SB*,80.9639,-0.8666,1330,05239-0052,HIP25240,F7V           ,7.6,7.82,47.75,0.505,17.95,0.335,,95.05,2.74,2.47,1.13,,,COMPOSITE,,0.97,232.21499999999997,1959.88,208.39999999999998,0.9,,6.776,19.528,51.209,1.005,85.51,05239-0052,,1
2456,HD35317A,Gaia DR3 3220475746805801856,HD35317A,-,-,-,-,-,J05239-0052A,F7V,SB*,80.9639,-0.8666,1330,05239-0052,,,6.13,,923.0,,,2.89,,,,,,,,Chulkov+22,2022MNRAS.517.2925C,,,,,,,6.776,19.528,51.209,1.005,,05239-0052,,2
2457,HD35317A,Gaia DR3 3220475746805801856,HD35317A,-,-,-,-,-,J05239-0052A,F7V,SB*,80.9639,-0.8666,1330,05239-0052,,,,,47.1,,,0.34,,,,,,,,Chulkov+22,2022MNRAS.517.2925C,,,,,,,6.776,19.528,51.209,1.005,,05239-0052,,3
2458,HD35317A,Gaia DR3 3220475746805801856,HD35317A,-,-,-,-,-,J05239-0052A,F7V,SB*,80.9639,-0.8666,1330,05239-0052,,F7IV+G1IV,7.6,7.8,,,,,,,,,,,,WDS_THE.csv,,0.96,,,,0.2,0.2,6.776,19.528,51.209,1.005,83.18,05239-0052,,8
2459,HD35317A,Gaia DR3 3220475746805801856,HD35317A,-,-,-,-,-,J05239-0052A,F7V,SB*,80.9639,-0.8666,1330,05239-0052,,F6V+F5V,6.87,6.96,,,,,,,,,,,,WDS_THE.csv,,0.98,,,,1.6,3.2,6.776,19.528,51.209,1.005,92.04,05239-0052,,9
2460,HD35317A,Gaia DR3 3220475746805801856,HD35317A,-,-,-,-,-,J05239-0052A,F7V,SB*,80.9639,-0.8666,1330,05239-0052,HIP25240,F7V           ,7.67,7.84,24.7,0.75,17.95,0.19,,,2.74,2.47,1.13,,,Malkov+12,2012A&A...546A..69M,0.97,,,,,,6.776,19.528,51.209,1.005,85.51,05239-0052,,4
2461,HD35317A,Gaia DR3 3220475746805801856,HD35317A,-,-,-,-,-,J05239-0052A,F7V,SB*,80.9639,-0.8666,1330,05239-0052,HIP25240,,6.87,6.96,923.0,0.72,,,,102.5,,,,,,ORB6,FMR2013a,0.98,143.4,,139.1,,,6.776,19.528,51.209,1.005,92.04,05239-0052,,6
2462,HD35317A,Gaia DR3 3220475746805801856,HD35317A,-,-,-,-,-,J05239-0052A,F7V,SB*,80.9639,-0.8666,1330,05239-0052,HIP25240,,7.67,7.84,47.1,0.29,,,,87.6,,,,,,ORB6,Tok2018j,0.97,321.03,1959.88,277.7,,,6.776,19.528,51.209,1.005,85.51,05239-0052,,7
2463,HD35317A,Gaia DR3 3220475746805801856,HD35317A,-,-,-,-,-,J05239-0052A,F7V,SB*,80.9639,-0.8666,1330,05239-0052,HIP25240,F7V           ,7.67,7.84,48.4,0.22,17.95,0.33,,,2.74,2.47,1.13,,,Malkov+12,2012A&A...546A..69M,0.97,,,,,,6.776,19.528,51.209,1.005,85.51,05239-0052,,5
2464,94Cet,Gaia DR3 3265335443260522112,HD19994,HIP14954,GJ128,TIC49845357,-,94Cet,J03128-0112A,F8.5V,PM*,48.1935,-1.1961,1333,03128-0112,HIP14954,F8V           ,5.06,11.0,1420.0,0.26,44.29,6.77,,104.55,,,,,,COMPOSITE,,0.32,84.13,,247.74,6.2,,5.063,43.7027,22.882,1.255,0.42,03128-0112,,1
2465,94Cet,Gaia DR3 3265335443260522112,HD19994,HIP14954,GJ128,TIC49845357,-,94Cet,J03128-0112A,F8.5V,PM*,48.1935,-1.1961,1333,03128-0112,HIP14954,F8V           ,5.06,11.0,2029.0,0.26,44.29,9.87,,,,,,,,Malkov+12,2012A&A...546A..69M,0.32,,,,,,5.063,43.7027,22.882,1.255,0.42,03128-0112,,4
2466,94Cet,Gaia DR3 3265335443260522112,HD19994,HIP14954,GJ128,TIC49845357,-,94Cet,J03128-0112A,F8.5V,PM*,48.1935,-1.1961,1333,03128-0112,,,5.07,,1420.0,,,6.77,,,,,,,,Chulkov+22,2022MNRAS.517.2925C,,,,,,,5.063,43.7027,22.882,1.255,,03128-0112,,2
2467,94Cet,Gaia DR3 3265335443260522112,HD19994,HIP14954,GJ128,TIC49845357,-,94Cet,J03128-0112A,F8.5V,PM*,48.1935,-1.1961,1333,03128-0112,HIP14954,F8V           ,5.06,11.0,1420.0,0.26,44.29,6.77,,,,,,,,Malkov+12,2012A&A...546A..69M,0.32,,,,,,5.063,43.7027,22.882,1.255,0.42,03128-0112,,5
2468,94Cet,Gaia DR3 3265335443260522112,HD19994,HIP14954,GJ128,TIC49845357,-,94Cet,J03128-0112A,F8.5V,PM*,48.1935,-1.1961,1333,03128-0112,HIP14954,,5.06,11.0,1420.0,0.26,,,,114.1,,,,,,ORB6,Hle1994,0.32,84.13,,247.74,,,5.063,43.7027,22.882,1.255,0.42,03128-0112,,7
2469,94Cet,Gaia DR3 3265335443260522112,HD19994,HIP14954,GJ128,TIC49845357,-,94Cet,J03128-0112A,F8.5V,PM*,48.1935,-1.1961,1333,03128-0112,HIP14954,F8V           ,11.0,,2.1,,44.29,0.06,,,,,,,,Malkov+12,2012A&A...546A..69M,,,,,,,5.063,43.7027,22.882,1.255,,03128-0112,,6
2470,94Cet,Gaia DR3 3265335443260522112,HD19994,HIP14954,GJ128,TIC49845357,-,94Cet,J03128-0112A,F8.5V,PM*,48.1935,-1.1961,1333,03128-0112,,F8V,3.8,20.4,,,,,,,,,,,,WDS_THE.csv,,0.03,,,,6.2,6.2,5.063,43.7027,22.882,1.255,0.0,03128-0112,,9
2471,94Cet,Gaia DR3 3265335443260522112,HD19994,HIP14954,GJ128,TIC49845357,-,94Cet,J03128-0112A,F8.5V,PM*,48.1935,-1.1961,1333,03128-0112,,F8V,5.06,11.0,,,,,,,,,,,,WDS_THE.csv,,0.32,,,,2.3,2.3,5.063,43.7027,22.882,1.255,0.42,03128-0112,,10
2472,94Cet,Gaia DR3 3265335443260522112,HD19994,HIP14954,GJ128,TIC49845357,-,94Cet,J03128-0112A,F8.5V,PM*,48.1935,-1.1961,1333,03128-0112,HIP14954,,11.0,,2.1,,,,,95.0,,,,,,ORB6,Sef2010a,,,,,,,5.063,43.7027,22.882,1.255,,03128-0112,,8
2473,94Cet,Gaia DR3 3265335443260522112,HD19994,HIP14954,GJ128,TIC49845357,-,94Cet,J03128-0112A,F8.5V,PM*,48.1935,-1.1961,1333,03128-0112,,F8V,3.8,19.8,,,,,,,,,,,,WDS_THE.csv,,0.03,,,,6.3,6.3,5.063,43.7027,22.882,1.255,0.0,03128-0112,,11
2474,94Cet,Gaia DR3 3265335443260522112,HD19994,HIP14954,GJ128,TIC49845357,-,94Cet,J03128-0112A,F8.5V,PM*,48.1935,-1.1961,1333,03128-0112,,,,,2.1,,,0.06,,,,,,,,Chulkov+22,2022MNRAS.517.2925C,,,,,,,5.063,43.7027,22.882,1.255,,03128-0112,,3
2475,HD30869,Gaia DR3 3296520066926319104,HD30869,HIP22607,-,TIC436661956,-,-,J04518+1339AB,F7V,**,72.9583,13.6551,1335,04518+1339,,dF6,6.41,8.89,95.2,0.595,,0.71,,50.3,2.67,2.3,1.0,,,COMPOSITE,,0.74,143.14999999999998,1981.1100000000001,205.9,0.74,0.9,6.26,22.6711,44.109,1.305,10.19,04518+1339,,1
2476,HD30869,Gaia DR3 3296520066926319104,HD30869,HIP22607,-,TIC436661956,-,-,J04518+1339AB,F7V,**,72.9583,13.6551,1335,04518+1339,,dF6,6.41,8.89,,,,,,,,,,,,WDS_THE.csv,,0.74,,,,0.8,0.9,6.26,22.6711,44.109,1.305,10.19,04518+1339,,10
2477,HD30869,Gaia DR3 3296520066926319104,HD30869,HIP22607,-,TIC436661956,-,-,J04518+1339AB,F7V,**,72.9583,13.6551,1335,04518+1339,HIP22607,dF6           ,6.41,8.89,95.2,0.59,24.56,0.71,,,2.67,2.3,1.0,,,Malkov+12,2012A&A...546A..69M,0.74,,,,,,6.26,22.6711,44.109,1.305,10.19,04518+1339,,4
2478,HD30869,Gaia DR3 3296520066926319104,HD30869,HIP22607,-,TIC436661956,-,-,J04518+1339AB,F7V,**,72.9583,13.6551,1335,04518+1339,,,6.3,,97.7,,,0.74,,,,,,,,Chulkov+22,2022MNRAS.517.2925C,,,,,,,6.26,22.6711,44.109,1.305,,04518+1339,,2
2479,HD30869,Gaia DR3 3296520066926319104,HD30869,HIP22607,-,TIC436661956,-,-,J04518+1339AB,F7V,**,72.9583,13.6551,1335,04518+1339,HIP22607,,6.41,8.89,97.7,0.59,,,,50.3,,,,,,ORB6,Tok2019c,0.74,142.6,1982.19,312.3,,,6.26,22.6711,44.109,1.305,10.19,04518+1339,,6
2480,HD30869,Gaia DR3 3296520066926319104,HD30869,HIP22607,-,TIC436661956,-,-,J04518+1339AB,F7V,**,72.9583,13.6551,1335,,HIP22607,,,,95.2,0.59,,0.71,,48.0,,,,,,Soederhjem+99,1999A&A...341..121S,,,,,,,6.26,22.6711,44.109,1.305,,04518+1339,,9
2481,HD30869,Gaia DR3 3296520066926319104,HD30869,HIP22607,-,TIC436661956,-,-,J04518+1339AB,F7V,**,72.9583,13.6551,1335,04518+1339,,,6.3,,0.4,,,0.0,,,,,,,,Chulkov+22,2022MNRAS.517.2925C,,,,,,,6.26,22.6711,44.109,1.305,,04518+1339,,3
2482,HD30869,Gaia DR3 3296520066926319104,HD30869,HIP22607,-,TIC436661956,-,-,J04518+1339AB,F7V,**,72.9583,13.6551,1335,04518+1339,HIP22607,,6.41,,0.4,0.61,,,,94.4,,,,,,ORB6,Ren2013,,143.7,1980.03,205.9,,,6.26,22.6711,44.109,1.305,,04518+1339,,7
2483,HD30869,Gaia DR3 3296520066926319104,HD30869,HIP22607,-,TIC436661956,-,-,J04518+1339AB,F7V,**,72.9583,13.6551,1335,,HIP22607,F5V+G8V,6.27,,143.6,0.61,,,,,,,,,,Pourbaix+04,1986Obs...106...13T,,,,205.9,0.68,,6.26,22.6711,44.109,1.305,,04518+1339,,8
2484,HD30869,Gaia DR3 3296520066926319104,HD30869,HIP22607,-,TIC436661956,-,-,J04518+1339AB,F7V,**,72.9583,13.6551,1335,04518+1339,HIP22607,dF6           ,6.41,8.89,95.0,0.6,24.56,0.73,,,2.67,2.3,1.0,,,Malkov+12,2012A&A...546A..69M,0.74,,,,,,6.26,22.6711,44.109,1.305,10.19,04518+1339,,5
2485,70Tau,Gaia DR3 3312783561888068352,HD27991,HIP20661,-,TIC60876325,-,70Tau,"J04256+1556Aa,Ab",F7V,SB*,66.4055,15.941,1338,04256+1556,,,6.44,,6.3,,,0.1,,,,,,,,Chulkov+22,2022MNRAS.517.2925C,,,,,,,6.444,21.1076,47.376,1.375,,04256+1556,,2
2486,70Tau,Gaia DR3 3312783561888068352,HD27991,HIP20661,-,TIC60876325,-,70Tau,"J04256+1556Aa,Ab",F7V,SB*,66.4055,15.941,1338,,HIP20661,F7V+,6.44,,2295.1,0.72,,,,,,,,,,Pourbaix+04,2000A&AS..145..215P,,,,92.07,4.08,,6.444,21.1076,47.376,1.375,,04256+1556,,7
2487,70Tau,Gaia DR3 3312783561888068352,HD27991,HIP20661,-,TIC60876325,-,70Tau,"J04256+1556Aa,Ab",F7V,SB*,66.4055,15.941,1338,,HIP20661,F7V+,6.44,,2292.0,0.7,,,,,,,,,,Pourbaix+04,1997ApJ...479..268T,,,,94.24,4.08,,6.444,21.1076,47.376,1.375,,04256+1556,,8
2488,70Tau,Gaia DR3 3312783561888068352,HD27991,HIP20661,-,TIC60876325,-,70Tau,"J04256+1556Aa,Ab",F7V,SB*,66.4055,15.941,1338,04256+1556,HIP20661,F7V           ,7.74,7.0,6.3,0.73,21.2,0.1,,,2.5,2.48,1.13,,,Malkov+12,2012A&A...546A..69M,1.63,,,,,,6.444,21.1076,47.376,1.375,197.7,04256+1556,,3
2489,70Tau,Gaia DR3 3312783561888068352,HD27991,HIP20661,-,TIC60876325,-,70Tau,"J04256+1556Aa,Ab",F7V,SB*,66.4055,15.941,1338,04256+1556,HIP20661,,7.74,7.0,6.3,0.73,,,,122.0,,,,,,ORB6,Sod1999,1.63,215.0,1988.7,271.0,,,6.444,21.1076,47.376,1.375,197.7,04256+1556,,6
2490,70Tau,Gaia DR3 3312783561888068352,HD27991,HIP20661,-,TIC60876325,-,70Tau,"J04256+1556Aa,Ab",F7V,SB*,66.4055,15.941,1338,,HIP20661,,,,6.3,0.73,,0.1,,122.0,,,,,,Soederhjem+99,1999A&A...341..121S,,,,,,,6.444,21.1076,47.376,1.375,,04256+1556,,9
2491,70Tau,Gaia DR3 3312783561888068352,HD27991,HIP20661,-,TIC60876325,-,70Tau,"J04256+1556Aa,Ab",F7V,SB*,66.4055,15.941,1338,04256+1556,,F7V,7.74,7.0,,,,,,,,,,,,WDS_THE.csv,,1.63,,,,0.1,0.1,6.444,21.1076,47.376,1.375,197.7,04256+1556,,10
2492,70Tau,Gaia DR3 3312783561888068352,HD27991,HIP20661,-,TIC60876325,-,70Tau,"J04256+1556Aa,Ab",F7V,SB*,66.4055,15.941,1338,04256+1556,HIP20661,F7V           ,7.74,7.0,6.3,0.7,21.2,0.1,,,2.5,2.48,1.13,,,Malkov+12,2012A&A...546A..69M,1.63,,,,,,6.444,21.1076,47.376,1.375,197.7,04256+1556,,4
2493,70Tau,Gaia DR3 3312783561888068352,HD27991,HIP20661,-,TIC60876325,-,70Tau,"J04256+1556Aa,Ab",F7V,SB*,66.4055,15.941,1338,,HIP20661,F7V+,7.74,7.0,6.3,0.72,,0.1,,122.0,2.5,2.48,1.13,,,COMPOSITE,,1.63,215.0,1988.7,94.24,4.08,,6.444,21.1076,47.376,1.375,,04256+1556,,1
2494,70Tau,Gaia DR3 3312783561888068352,HD27991,HIP20661,-,TIC60876325,-,70Tau,"J04256+1556Aa,Ab",F7V,SB*,66.4055,15.941,1338,04256+1556,HIP20661,F7V           ,7.74,7.0,6.3,0.71,21.2,0.1,,,2.5,2.48,1.13,,,Malkov+12,2012A&A...546A..69M,1.63,,,,,,6.444,21.1076,47.376,1.375,197.7,04256+1556,,5
2495,HD28568,Gaia DR3 3312837025641272320,HD28568,HIP21053,-,TIC245819740,-,-,J04306+1612B,F5V,PM*,67.695,16.1487,1339,04306+1612,,A6IV,4.9,7.6,,,,,,,,,,,,COMPOSITE,,0.67,,,,-1.0,-1.0,6.5,22.4528,44.538,1.255,8.32,04306+1612,,1
2496,HD28568,Gaia DR3 3312837025641272320,HD28568,HIP21053,-,TIC245819740,-,-,J04306+1612B,F5V,PM*,67.695,16.1487,1339,04306+1612,,A6IV,4.9,7.6,,,,,,,,,,,,WDS_THE.csv,,0.67,,,,-1.0,-1.0,6.5,22.4528,44.538,1.255,8.32,04306+1612,,2
2497,HD45088,Gaia DR3 3372159045216183552,HD45088,HIP30630,GJ233+GJ233A,TIC430173956,-,-,J06262+1845A,K2Ve,BY*,96.5427,18.7569,1345,06262+1845,HIP30630,K2Ve          ,6.7,11.5,287.2,0.25,67.89,3.6,,82.815,,,,,,COMPOSITE,,0.24,139.29000000000002,2024.94,165.825,0.22,,6.753,68.4142,14.617,0.715,1.2,06262+1845,,1
2498,HD45088,Gaia DR3 3372159045216183552,HD45088,HIP30630,GJ233+GJ233A,TIC430173956,-,-,J06262+1845A,K2Ve,BY*,96.5427,18.7569,1345,06262+1845,HIP30630,K2Ve          ,6.7,11.5,600.0,0.25,67.89,3.23,,,,,,,,Malkov+12,2012A&A...546A..69M,0.24,,,,,,6.753,68.4142,14.617,0.715,1.2,06262+1845,,3
2499,HD45088,Gaia DR3 3372159045216183552,HD45088,HIP30630,GJ233+GJ233A,TIC430173956,-,-,J06262+1845A,K2Ve,BY*,96.5427,18.7569,1345,,HIP30630,dK3+,6.79,,7.0,0.15,,,,,,,,,,Pourbaix+04,1975Obs....95...23G,,,,77.6,0.22,,6.753,68.4142,14.617,0.715,,06262+1845,,5
2500,HD45088,Gaia DR3 3372159045216183552,HD45088,HIP30630,GJ233+GJ233A,TIC430173956,-,-,J06262+1845A,K2Ve,BY*,96.5427,18.7569,1345,06262+1845,HIP30630,,6.7,11.5,287.4,0.57,,,,82.63,,,,,,ORB6,Izm2019,0.24,139.58,2024.88,252.92,,,6.753,68.4142,14.617,0.715,1.2,06262+1845,,4
2501,HD45088,Gaia DR3 3372159045216183552,HD45088,HIP30630,GJ233+GJ233A,TIC430173956,-,-,J06262+1845A,K2Ve,BY*,96.5427,18.7569,1345,06262+1845,,,6.7,11.5,287.0,0.57,,3.6,,83.0,,,,,,StelleDoppie,ORB6,0.24,139.0,2025.0,252.0,,,6.753,68.4142,14.617,0.715,1.2,06262+1845,,7
2502,HD45088,Gaia DR3 3372159045216183552,HD45088,HIP30630,GJ233+GJ233A,TIC430173956,-,-,J06262+1845A,K2Ve,BY*,96.5427,18.7569,1345,06262+1845,,K2Ve,6.7,11.5,,,,,,,,,,,,WDS_THE.csv,,0.24,,,,1.3,2.1,6.753,68.4142,14.617,0.715,1.2,06262+1845,,8
2503,HD45088,Gaia DR3 3372159045216183552,HD45088,HIP30630,GJ233+GJ233A,TIC430173956,-,-,J06262+1845A,K2Ve,BY*,96.5427,18.7569,1345,,HIP30630,dK3+,6.79,,7.0,0.15,,,,,,,,,,Pourbaix+04,2018A&A...619A..81H,,,,79.65,0.22,,6.753,68.4142,14.617,0.715,,06262+1845,,6
2504,HD45088,Gaia DR3 3372159045216183552,HD45088,HIP30630,GJ233+GJ233A,TIC430173956,-,-,J06262+1845A,K2Ve,BY*,96.5427,18.7569,1345,06262+1845,,,6.78,,287.4,,,3.62,,,,,,,,Chulkov+22,2022MNRAS.517.2925C,,,,,,,6.753,68.4142,14.617,0.715,,06262+1845,,2
2505,HD45088,Gaia DR3 3372159045216183552,HD45088,HIP30630,GJ233+GJ233A,TIC430173956,-,-,J06262+1845A,K2Ve,BY*,96.5427,18.7569,1345,06262+1845,,K2Ve,4.9,5.2,,,,,,,,,,,,WDS_THE.csv,,0.67,,,,0.0,0.0,6.753,68.4142,14.617,0.715,75.86,06262+1845,,9
2506,HD43355A,Gaia DR3 3373870675583286912,HD43355A,-,-,TIC429666641,-,-,J06165+1901A,F7IV,PM*,94.1325,19.0132,1346,06165+1901,,F6V,7.29,11.6,,,,,,,,,,,,WDS_THE.csv,,0.41,,,,5.1,5.1,7.231,15.5832,64.172,1.115,1.89,06165+1901,,2
2507,HD43355A,Gaia DR3 3373870675583286912,HD43355A,-,-,TIC429666641,-,-,J06165+1901A,F7IV,PM*,94.1325,19.0132,1346,06165+1901,,F6V,7.29,11.6,,,,,,,,,,,,COMPOSITE,,0.41,,,,5.1,5.1,7.231,15.5832,64.172,1.115,1.89,06165+1901,,1
2508,71Ori,Gaia DR3 3374052988354372992,HD43042,HIP29650,GJ3390,TIC46125330,-,71Ori,J06148+1909A,F5.5IV-V,PM*,93.712,19.1564,1347,06148+1909,,F6V,5.2,11.2,,,,,,,,,,,,WDS_THE.csv,,0.3,,,,5.6,5.6,5.192,45.9214,21.776,1.185,0.4,06148+1909,,2
2509,71Ori,Gaia DR3 3374052988354372992,HD43042,HIP29650,GJ3390,TIC46125330,-,71Ori,J06148+1909A,F5.5IV-V,PM*,93.712,19.1564,1347,06148+1909,,F6V,5.2,11.2,,,,,,,,,,,,COMPOSITE,,0.3,,,,5.6,5.6,5.192,45.9214,21.776,1.185,0.4,06148+1909,,1
2510,HD112398B,Gaia DR3 3688877905079646848,HD112398B,-,-,-,-,-,J12564-0057B,-,PM*,194.111,-0.9546,1363,12564-0057,,F7V,7.33,7.61,,,,,,,,,,,,WDS_THE.csv,,1.38,,,,0.6,1.1,7.429,13.6339,73.347,1.475,77.27,12564-0057,,4
2511,HD112398B,Gaia DR3 3688877905079646848,HD112398B,-,-,-,-,-,J12564-0057B,-,PM*,194.111,-0.9546,1363,12564-0057,,F7V,7.33,7.61,605.0,0.9,,1.55,,75.0,,,,,,COMPOSITE,,1.38,143.6,1749.7,108.1,0.6,1.1,7.429,13.6339,73.347,1.475,77.27,12564-0057,,1
2512,HD112398B,Gaia DR3 3688877905079646848,HD112398B,-,-,-,-,-,J12564-0057B,-,PM*,194.111,-0.9546,1363,12564-0057,HIP63155,,7.33,7.61,605.0,0.9,,,,75.0,,,,,,ORB6,Zir2015a,1.38,143.6,1749.7,108.1,,,7.429,13.6339,73.347,1.475,77.27,12564-0057,,3
2513,HD112398B,Gaia DR3 3688877905079646848,HD112398B,-,-,-,-,-,J12564-0057B,-,PM*,194.111,-0.9546,1363,12564-0057,,,6.62,,605.0,,,1.55,,,,,,,,Chulkov+22,2022MNRAS.517.2925C,,,,,,,7.429,13.6339,73.347,1.475,,12564-0057,,2
2514,HD113984A,Gaia DR3 3690781915621397888,HD113984A,HIP64030,-,TIC381712438,-,-,J13073+0035A,F5V,SB*,196.8321,0.585,1364,13073+0035,,F5V+F9V,7.58,8.16,,,,,,,,,,,,COMPOSITE,,0.8,,,,6.9,6.9,7.529,16.1063,62.088,0.915,58.61,13073+0035,,1
2515,HD113984A,Gaia DR3 3690781915621397888,HD113984A,HIP64030,-,TIC381712438,-,-,J13073+0035A,F5V,SB*,196.8321,0.585,1364,13073+0035,,F5V+F9V,7.58,8.16,,,,,,,,,,,,WDS_THE.csv,,0.8,,,,6.9,6.9,7.529,16.1063,62.088,0.915,58.61,13073+0035,,2
2516,HD81997,Gaia DR3 3837697972130323456,HD81997,HIP46509,GJ348A,TIC77549389,-,31Hya+tau01Hya,J09291-0246A,F5V,SB*,142.2872,-2.7689,1371,,HIP46509,F6V+,4.604,7.185,2811.0,0.38,,,,,,,,1.015,0.875,COMPOSITE,,0.875,,,336.35,10.99,,4.604,54.9187,18.209,1.015,,09291-0246,1.015,1
2517,HD81997,Gaia DR3 3837697972130323456,HD81997,HIP46509,GJ348A,TIC77549389,-,31Hya+tau01Hya,J09291-0246A,F5V,SB*,142.2872,-2.7689,1371,,HIP46509,F6V+,4.6,,2807.0,0.33,,,,,,,,,,Pourbaix+04,1991A&A...248..485D,,,,340.0,10.98,,4.604,54.9187,18.209,1.015,,09291-0246,,2
2518,HD81997,Gaia DR3 3837697972130323456,HD81997,HIP46509,GJ348A,TIC77549389,-,31Hya+tau01Hya,J09291-0246A,F5V,SB*,142.2872,-2.7689,1371,,HIP46509,F6V+,4.6,,2815.0,0.43,,,,,,,,,,Pourbaix+04,2012MNRAS.422...14H,,,,332.7,11.0,,4.604,54.9187,18.209,1.015,,09291-0246,,3
2519,HD115955,Gaia DR3 3938466185591624704,HD115955,HIP65069,-,TIC27112021,-,-,J13203+1746AB,F5,SB*,200.0658,17.7658,1378,13203+1746,HIP65069,F8V           ,7.78,8.38,11.2,0.89,11.91,0.12,,,7.1,2.75,1.1,,,Malkov+12,2012A&A...546A..69M,1.16,,,,,,7.219,16.0625,62.257,1.335,57.54,13203+1746,,3
2520,HD115955,Gaia DR3 3938466185591624704,HD115955,HIP65069,-,TIC27112021,-,-,J13203+1746AB,F5,SB*,200.0658,17.7658,1378,13203+1746,,,7.17,,11.3,,,0.1,,,,,,,,Chulkov+22,2022MNRAS.517.2925C,,,,,,,7.219,16.0625,62.257,1.335,,13203+1746,,2
2521,HD115955,Gaia DR3 3938466185591624704,HD115955,HIP65069,-,TIC27112021,-,-,J13203+1746AB,F5,SB*,200.0658,17.7658,1378,13203+1746,,F8V,7.78,,,,,,,,,,,,,WDS_THE.csv,,,,,,2.2,2.2,7.219,16.0625,62.257,1.335,,13203+1746,,7
2522,HD115955,Gaia DR3 3938466185591624704,HD115955,HIP65069,-,TIC27112021,-,-,J13203+1746AB,F5,SB*,200.0658,17.7658,1378,13203+1746,HIP65069,,7.78,8.38,11.3,0.82,,,,67.8,,,,,,ORB6,Tok2020g,1.16,197.9,2007.13,314.9,,,7.219,16.0625,62.257,1.335,57.54,13203+1746,,5
2523,HD115955,Gaia DR3 3938466185591624704,HD115955,HIP65069,-,TIC27112021,-,-,J13203+1746AB,F5,SB*,200.0658,17.7658,1378,13203+1746,HIP65069,F8V           ,7.78,8.38,11.0,0.93,11.91,0.11,,,7.1,2.75,1.1,,,Malkov+12,2012A&A...546A..69M,1.16,,,,,,7.219,16.0625,62.257,1.335,57.54,13203+1746,,4
2524,HD115955,Gaia DR3 3938466185591624704,HD115955,HIP65069,-,TIC27112021,-,-,J13203+1746AB,F5,SB*,200.0658,17.7658,1378,,HIP65069,G0IV+,7.0,,0.5,0.0,,,,,,,,,,Pourbaix+04,2002AJ....124.1738R,,,,0.0,0.01,,7.219,16.0625,62.257,1.335,,13203+1746,,6
2525,HD115955,Gaia DR3 3938466185591624704,HD115955,HIP65069,-,TIC27112021,-,-,J13203+1746AB,F5,SB*,200.0658,17.7658,1378,13203+1746,,F8V,7.78,8.38,,,,,,,,,,,,WDS_THE.csv,,1.16,,,,0.1,0.1,7.219,16.0625,62.257,1.335,57.54,13203+1746,,8
2526,HD115955,Gaia DR3 3938466185591624704,HD115955,HIP65069,-,TIC27112021,-,-,J13203+1746AB,F5,SB*,200.0658,17.7658,1378,13203+1746,,F8V,7.78,8.38,11.2,0.855,,0.11,,67.8,7.1,2.75,1.1,,,COMPOSITE,,1.16,197.9,2007.13,157.45,0.1,0.1,7.219,16.0625,62.257,1.335,57.54,13203+1746,,1
2527,HD99832A,Gaia DR3 4022691525057422208,HD99832A,HIP56054,-,TIC144373215,-,-,J11293+3025A,F4p,PM*,172.3285,30.4245,1384,11293+3025,HIP56054,,7.22,10.35,254.9,0.65,,1.18,,117.0,,,,,,COMPOSITE,,0.5,246.0,,92.0,0.8,,7.184,15.05,66.445,1.035,5.6,11293+3025,,1
2528,HD99832A,Gaia DR3 4022691525057422208,HD99832A,HIP56054,-,TIC144373215,-,-,J11293+3025A,F4p,PM*,172.3285,30.4245,1384,11293+3025,,F6V,7.22,10.35,,,,,,,,,,,,WDS_THE.csv,,0.5,,,,0.8,1.0,7.184,15.05,66.445,1.035,5.6,11293+3025,,4
2529,HD99832A,Gaia DR3 4022691525057422208,HD99832A,HIP56054,-,TIC144373215,-,-,J11293+3025A,F4p,PM*,172.3285,30.4245,1384,11293+3025,,,7.18,,254.9,,,1.18,,,,,,,,Chulkov+22,2022MNRAS.517.2925C,,,,,,,7.184,15.05,66.445,1.035,,11293+3025,,2
2530,HD99832A,Gaia DR3 4022691525057422208,HD99832A,HIP56054,-,TIC144373215,-,-,J11293+3025A,F4p,PM*,172.3285,30.4245,1384,11293+3025,HIP56054,,7.22,10.35,254.9,0.65,,,,117.0,,,,,,ORB6,RAO2015,0.5,246.0,,92.0,,,7.184,15.05,66.445,1.035,5.6,11293+3025,,3
2531,HD173614,Gaia DR3 4102020052110269184,HD173614,HIP92140,-,TIC427265377,-,-,J18468-1428A,F5V,SB*,281.6932,-14.4654,1385,,HIP92140,F5V+,7.175,11.49,587.8,0.36,,,,,,,,,,COMPOSITE,,0.42,,,0.4,3.535,,7.289,17.6169,56.764,1.085,,18468-1428,,1
2532,HD173614,Gaia DR3 4102020052110269184,HD173614,HIP92140,-,TIC427265377,-,-,J18468-1428A,F5V,SB*,281.6932,-14.4654,1385,18468-1428,,F5V,7.35,11.49,,,,,,,,,,,,WDS_THE.csv,,0.42,,,,5.8,5.8,7.289,17.6169,56.764,1.085,2.21,18468-1428,,3
2533,HD173614,Gaia DR3 4102020052110269184,HD173614,HIP92140,-,TIC427265377,-,-,J18468-1428A,F5V,SB*,281.6932,-14.4654,1385,,HIP92140,F5V+,7.0,,587.8,0.36,,,,,,,,,,Pourbaix+04,2018MNRAS.475.1375G,,,,0.4,1.27,,7.289,17.6169,56.764,1.085,,18468-1428,,2
2534,HD80633,Gaia DR3 5744855763009881728,HD80633,HIP45838,-,TIC60953597,-,-,J09207-0742C,F6/7V,PM*,140.1848,-7.7301,1408,09207-0742,,,,,212.7,,,0.6,,,,,,,,Chulkov+22,2022MNRAS.517.2925C,,,,,,,7.39,15.5633,64.254,1.205,,09207-0742,,2
2535,HD80633,Gaia DR3 5744855763009881728,HD80633,HIP45838,-,TIC60953597,-,-,J09207-0742C,F6/7V,PM*,140.1848,-7.7301,1408,09207-0742,,,9.3,10.4,212.7,0.64,,,,127.0,,,,,,ORB6,Doc2011d,0.94,5.0,1987.66,24.2,,,7.39,15.5633,64.254,1.205,36.31,09207-0742,,3
2536,HD80633,Gaia DR3 5744855763009881728,HD80633,HIP45838,-,TIC60953597,-,-,J09207-0742C,F6/7V,PM*,140.1848,-7.7301,1408,09207-0742,,,9.3,10.4,212.7,0.64,,0.6,,127.0,,,,,,COMPOSITE,,0.94,5.0,1987.66,24.2,,,7.39,15.5633,64.254,1.205,36.31,09207-0742,,1
