,code,star,ins,drs,pipeline,yvx,ra,dec,teff,logg,feh,mhk,mhk_err,rhk,rhk_err,fwhm_ins,fwhm_g2,fwhm_garfield,fwhm_kitty,vsini,sb1,sb2,IF_SPEC,IF_CCF
0,HD100067_SOPHIE_1.0_Snaky,HD100067,SOPHIE,1.0,Snaky,YV0,172.755,32.316611,6130.0,4.26,-0.32,-5.3,39.13,-5.3,0.48,2.9,9.94,8.58,8.01,4.37,0.0,0.0,1,1
1,HD10008_CORALIE14_3.8_Snaky,HD10008,CORALIE14,3.8,Snaky,YV0,24.397778,-6.760425,5370.0,4.52,-0.01,112.8,35.88,-4.41,0.113,4.54,8.51,6.78,6.28,0.97,1.0,0.0,1,1
2,HD10008_HARPS03_3.3.6_Snaky,HD10008,HARPS03,3.3.6,Snaky,YV0,24.397778,-6.760425,5300.0,4.52,-0.05,110.4,4.48,-4.42,0.013,3.31,7.44,5.81,5.36,1.24,0.0,0.0,1,1
3,HD10008_HARPS03_3.5_Snaky,HD10008,HARPS03,3.5,Snaky,YV0,24.397778,-6.760425,5311.0,4.53,-0.04,108.5,7.92,-4.42,0.023,3.27,7.43,5.79,5.34,1.2,0.0,0.0,1,1
4,HD10008_HARPS15_3.3.6_Snaky,HD10008,HARPS15,3.3.6,Snaky,YV0,24.397778,-6.760425,5348.0,4.53,-0.0,119.0,7.57,-4.39,0.021,3.43,7.44,5.81,5.36,1.15,0.0,0.0,1,1
5,HD10008_SOPHIE_1.0_Snaky,HD10008,SOPHIE,1.0,Snaky,YV0,24.397562,-6.760306,5391.0,4.51,0.0,120.1,54.89,-4.4,0.187,4.84,7.98,6.34,5.87,1.05,0.0,0.0,1,1
6,HD100167_SOPHIE_1.0_Snaky,HD100167,SOPHIE,1.0,Snaky,YV0,172.974792,41.439194,5861.0,4.39,-0.0,36.1,22.38,-4.72,0.128,4.43,8.7,7.34,6.91,2.98,0.0,1.0,1,1
7,HD100339_SOPHIE_1.0_Snaky,HD100339,SOPHIE,1.0,Snaky,YV0,173.207083,18.002306,6174.0,4.28,-0.12,-34.9,74.07,-5.93,0.547,4.22,12.68,10.38,9.73,6.26,0.0,0.0,1,1
8,HD100446_SOPHIE_1.0_Snaky,HD100446,SOPHIE,1.0,Snaky,YV0,173.529583,65.242528,6028.0,4.3,-0.42,-14.8,47.67,-5.19,0.409,4.25,7.76,6.68,6.41,1.54,0.0,0.0,1,1
9,HD100563_HARPS03_3.3.6_Snaky,HD100563,HARPS03,3.3.6,Snaky,YV0,173.591454,3.060165,6329.0,4.2,0.08,15.3,3.6,-4.85,0.028,3.27,21.12,19.4,18.48,14.36,0.0,0.0,1,1
10,HD100563_HARPS15_3.3.6_Snaky,HD100563,HARPS15,3.3.6,Snaky,YV0,173.591454,3.060165,6391.0,4.2,0.07,18.2,25.95,-4.91,0.201,3.44,21.16,19.38,18.25,14.12,0.0,0.0,1,1
11,HD101_SOPHIE_1.0_Snaky,HD101,SOPHIE,1.0,Snaky,YV0,1.477917,18.235,5919.0,4.39,-0.23,2.8,17.87,-4.96,0.199,4.15,8.01,6.81,6.45,2.02,0.0,0.0,1,1
12,HD101198_HARPS03_3.3.6_Snaky,HD101198,HARPS03,3.3.6,Snaky,YV0,174.666742,-13.201939,6238.0,4.08,-0.14,-3.2,2.53,-5.02,0.029,3.32,8.48,7.28,6.87,3.89,0.0,0.0,1,1
13,HD101198_HARPS03_3.5_Snaky,HD101198,HARPS03,3.5,Snaky,YV0,174.666742,-13.201939,6238.0,4.08,-0.14,-3.3,2.24,-5.02,0.026,3.28,8.47,7.27,6.87,3.06,0.0,0.0,1,1
14,HD101242_SOPHIE_1.0_Snaky,HD101242,SOPHIE,1.0,Snaky,YV0,174.754167,6.057889,5735.0,4.45,-0.01,32.1,22.18,-4.73,0.131,4.23,8.13,6.76,6.35,1.91,0.0,0.0,1,1
15,HD101472_CORALIE07_3.4_Snaky,HD101472,CORALIE07,3.4,Snaky,YV0,175.152451,-8.405658,3836.0,5.0,0.0,,,,,7.15,10.59,9.47,9.35,6.29,0.0,0.0,1,1
16,HD101472_CORALIE14_3.8_Snaky,HD101472,CORALIE14,3.8,Snaky,YV0,175.152451,-8.405658,6039.0,4.33,-0.12,93.9,35.76,-4.47,0.122,3.75,10.5,8.81,8.26,4.51,0.0,1.0,1,1
17,HD101501_SOPHIE_1.0_Snaky,HD101501,SOPHIE,1.0,Snaky,YV0,175.2625,34.201639,5586.0,4.47,0.02,80.4,10.32,-4.51,0.037,4.16,7.86,6.41,5.97,1.12,0.0,0.0,1,1
18,HD101676_SOPHIE_1.0_Snaky,HD101676,SOPHIE,1.0,Snaky,YV0,175.51625,12.284806,6560.0,4.0,0.0,-23.7,40.26,-5.4,0.391,4.2,8.26,7.13,6.79,0.78,0.0,1.0,1,1
19,HD101690_SOPHIE_1.0_Snaky,HD101690,SOPHIE,1.0,Snaky,YV0,175.530417,4.747333,5903.0,4.38,-0.17,3.9,24.06,-4.98,0.27,4.23,7.76,6.59,6.26,1.41,0.0,0.0,1,1
20,HD10195_SOPHIE_1.0_Snaky,HD10195,SOPHIE,1.0,Snaky,YV0,25.525833,69.086,6000.0,4.37,0.01,107.6,63.54,-4.44,0.192,3.56,12.23,10.12,9.51,6.13,0.0,0.0,1,1
21,HD10211_SOPHIE_1.0_Snaky,HD10211,SOPHIE,1.0,Snaky,YV0,25.2525,49.103944,5987.0,4.26,0.21,-3.0,41.97,-5.04,0.418,3.64,9.71,8.26,7.75,4.12,0.0,0.0,1,1
22,HD102870_HARPS03_3.3.6_Snaky,HD102870,HARPS03,3.3.6,Snaky,YV0,177.673827,1.764722,6080.0,4.12,0.15,11.1,2.76,-4.88,0.022,3.37,8.59,7.26,6.85,3.35,0.0,0.0,1,1
23,HD102870_SOPHIE_1.0_Snaky,HD102870,SOPHIE,1.0,Snaky,YV0,177.672083,1.765389,6107.0,4.17,0.11,10.6,20.78,-4.89,0.144,4.21,9.02,7.63,7.16,3.03,0.0,0.0,1,1
24,HD103095_HARPN_3.0.1_Snaky,HD103095,HARPN,3.0.1,Snaky,YV0,178.244868,37.718678,5037.0,4.72,-1.23,2.7,5.3,-4.96,0.056,3.09,6.19,4.79,4.53,0.32,0.0,0.0,1,1
25,HD103095_SOPHIE_1.0_Snaky,HD103095,SOPHIE,1.0,Snaky,YV0,178.242083,37.718667,5054.0,4.7,-1.22,7.1,34.29,-4.92,0.365,4.2,6.89,5.55,5.21,0.32,0.0,0.0,1,1
26,HD103774_HARPS03_3.3.6_Snaky,HD103774,HARPS03,3.3.6,Snaky,YV0,179.231622,-12.107908,6252.0,4.19,0.1,5.6,17.46,-4.93,0.179,3.32,13.94,11.49,10.74,7.4,0.0,0.0,1,1
27,HD103774_HARPS03_3.5_Snaky,HD103774,HARPS03,3.5,Snaky,YV0,179.231622,-12.107908,6252.0,4.19,0.1,5.8,17.66,-4.93,0.184,3.31,13.95,11.49,10.74,8.82,0.0,0.0,1,1
28,HD103774_HARPS15_3.3.6_Snaky,HD103774,HARPS15,3.3.6,Snaky,YV0,179.231622,-12.107908,6251.0,4.16,0.1,-0.8,22.34,-5.07,0.276,4.14,13.97,11.51,10.74,7.42,0.0,0.0,1,1
29,HD103799_SOPHIE_1.0_Snaky,HD103799,SOPHIE,1.0,Snaky,YV0,179.310833,40.343694,6228.0,4.24,-0.22,-22.8,62.26,-5.7,0.463,4.14,12.51,10.35,9.69,6.19,0.0,1.0,1,1
30,HD10476_HARPN_3.0.1_Snaky,HD10476,HARPN,3.0.1,Snaky,YV0,25.624014,20.268517,5198.0,4.51,-0.07,7.4,4.04,-4.91,0.036,3.09,6.99,5.46,5.02,0.7,0.0,0.0,1,1
31,HD10476_NEID_1.0_Snaky,HD10476,NEID,1.0,Snaky,YV0,25.62263,20.265612,5190.0,4.51,-0.1,-7.7,3.69,-5.08,0.037,3.18,7.07,5.49,5.04,0.7,0.0,0.0,1,1
32,HD10476_SOPHIE_1.0_Snaky,HD10476,SOPHIE,1.0,Snaky,YV0,25.624,20.2685,5183.0,4.53,-0.1,-24.5,70.69,-5.67,0.546,8.07,9.77,8.07,7.47,0.32,0.0,0.0,1,1
33,HD104956_SOPHIE_1.0_Snaky,HD104956,SOPHIE,1.0,Snaky,YV0,181.279708,33.749889,6091.0,4.32,0.13,3.1,64.84,-5.46,0.535,4.06,9.6,8.32,7.8,4.12,0.0,0.0,1,1
34,HD105405_SOPHIE_1.0_Snaky,HD105405,SOPHIE,1.0,Snaky,YV0,182.029458,39.655528,6167.0,4.27,-0.12,-23.4,64.04,-5.73,0.344,3.93,9.41,8.11,7.58,3.75,0.0,0.0,1,1
35,HD10556_SOPHIE_1.0_Snaky,HD10556,SOPHIE,1.0,Snaky,YV0,26.05875,54.886417,5975.0,4.29,0.05,-18.1,69.51,-5.27,0.48,4.08,8.72,7.44,7.02,3.02,0.0,1.0,1,1
36,HD106105_SOPHIE_1.0_Snaky,HD106105,SOPHIE,1.0,Snaky,YV0,183.125,3.404111,6166.0,4.23,-0.05,-31.0,74.02,-5.89,0.565,4.3,9.42,8.06,7.59,3.67,0.0,0.0,1,1
37,HD106116_HARPS03_3.3.6_Snaky,HD106116,HARPS03,3.3.6,Snaky,YV0,183.120177,-3.084474,5693.0,4.37,0.16,2.4,3.06,-4.96,0.031,3.33,7.5,6.11,5.74,1.73,0.0,0.0,1,1
38,HD106116_HARPS03_3.5_Snaky,HD106116,HARPS03,3.5,Snaky,YV0,183.120177,-3.084474,5693.0,4.37,0.16,2.2,3.24,-4.96,0.033,3.31,7.5,6.1,5.73,1.71,0.0,0.0,1,1
39,HD106116_HARPS15_3.3.6_Snaky,HD106116,HARPS15,3.3.6,Snaky,YV0,183.120177,-3.084474,5689.0,4.37,0.16,1.6,3.13,-4.97,0.032,3.37,7.52,6.14,5.77,1.81,0.0,0.0,1,1
40,HD106116_HARPS15_3.5_Snaky,HD106116,HARPS15,3.5,Snaky,YV0,183.120177,-3.084474,5689.0,4.37,0.16,1.5,3.31,-4.97,0.034,3.37,7.53,6.13,5.76,1.8,0.0,0.0,1,1
41,HD106210_SOPHIE_1.0_Snaky,HD106210,SOPHIE,1.0,Snaky,YV0,183.304583,10.821639,5666.0,4.42,-0.15,6.0,18.31,-4.93,0.161,4.18,7.66,6.38,6.03,1.05,0.0,0.0,1,1
42,HD106252_HARPS03_3.5_Snaky,HD106252,HARPS03,3.5,Snaky,YV0,183.372956,10.041635,5867.0,4.36,-0.06,-0.3,12.12,-5.01,0.132,3.37,7.38,6.1,5.79,1.71,0.0,0.0,1,1
43,HD106423_SOPHIE_1.0_Snaky,HD106423,SOPHIE,1.0,Snaky,YV0,183.61375,8.782389,5902.0,4.26,0.24,1.7,64.32,-5.02,0.468,4.09,9.08,7.65,7.18,3.34,0.0,0.0,1,1
44,HD107113_SOPHIE_1.0_Snaky,HD107113,SOPHIE,1.0,Snaky,YV0,184.205833,86.435833,6894.0,4.0,0.0,9.5,38.95,-4.9,0.268,4.26,11.29,9.33,8.71,4.1,0.0,0.0,1,1
45,HD107146_SOPHIE_1.0_Snaky,HD107146,SOPHIE,1.0,Snaky,YV0,184.775,16.548333,5843.0,4.43,-0.09,157.9,24.87,-4.3,0.054,4.18,9.47,7.95,7.45,3.87,0.0,0.0,1,1
46,HD10757_SOPHIE_1.0_Snaky,HD10757,SOPHIE,1.0,Snaky,YV0,26.696667,59.156139,5998.0,4.2,0.12,0.5,28.59,-4.98,0.249,4.32,8.97,7.63,7.15,3.22,0.0,0.0,1,1
47,HD10780_HARPN_3.0.1_Snaky,HD10780,HARPN,3.0.1,Snaky,YV0,26.93681,63.852503,5329.0,4.51,-0.03,41.0,7.41,-4.68,0.039,2.85,7.12,5.55,5.14,0.98,0.0,0.0,1,1
48,HD10780_NEID_1.0_Snaky,HD10780,NEID,1.0,Snaky,YV0,26.942493,63.851442,5341.0,4.49,-0.03,31.1,2.41,-4.74,0.015,3.2,7.22,5.56,5.13,0.89,0.0,0.0,1,1
49,HD10780_SOPHIE_1.0_Snaky,HD10780,SOPHIE,1.0,Snaky,YV0,26.935688,63.852514,5356.0,4.52,0.02,47.8,9.78,-4.65,0.048,4.24,7.67,6.14,5.68,0.58,0.0,1.0,1,1
50,HD108134_SOPHIE_1.0_Snaky,HD108134,SOPHIE,1.0,Snaky,YV0,186.270833,60.697333,5959.0,4.37,-0.29,5.3,22.2,-4.96,0.212,4.21,7.76,6.61,6.29,1.46,0.0,0.0,1,1
51,HD108510_CORALIE14_3.8_Snaky,HD108510,CORALIE14,3.8,Snaky,YV0,186.981209,-8.677996,5980.0,4.35,0.06,23.8,24.94,-4.79,0.173,4.75,9.49,8.02,7.51,3.43,0.0,1.0,1,1
52,HD108574_SOPHIE_1.0_Snaky,HD108574,SOPHIE,1.0,Snaky,YV0,187.019167,44.794306,6102.0,4.35,0.11,78.3,65.73,-4.52,0.276,3.8,10.31,8.73,8.22,4.61,0.0,0.0,1,1
53,HD108954_SOPHIE_1.0_Snaky,HD108954,SOPHIE,1.0,Snaky,YV0,187.708875,53.076583,5945.0,4.34,-0.01,23.4,55.06,-5.18,0.426,3.89,8.64,7.39,6.93,2.97,0.0,0.0,1,1
54,HD109098_HARPS03_3.3.6_Snaky,HD109098,HARPS03,3.3.6,Snaky,YV0,188.01854,-1.772358,5849.0,4.14,0.1,0.2,17.32,-4.99,0.184,3.17,8.14,6.85,6.45,3.0,0.0,0.0,1,1
55,HD109098_HARPS03_3.5_Snaky,HD109098,HARPS03,3.5,Snaky,YV0,188.01854,-1.772358,5841.0,4.14,0.12,0.1,15.99,-4.99,0.174,3.15,8.15,6.85,6.45,2.98,0.0,0.0,1,1
56,HD109344_SOPHIE_1.0_Snaky,HD109344,SOPHIE,1.0,Snaky,YV0,188.412917,44.096194,6127.0,4.28,-0.03,-10.7,52.99,-5.47,0.524,4.18,10.22,8.73,8.19,4.59,0.0,0.0,1,1
57,HD109358_HARPN_3.0.1_Snaky,HD109358,HARPN,3.0.1,Snaky,YV0,188.435601,41.357478,5884.0,4.38,-0.18,0.9,1.86,-4.98,0.019,3.09,7.37,6.17,5.9,2.22,0.0,0.0,1,1
58,HD109358_NEID-HE_1.0_Snaky,HD109358,NEID-HE,1.0,Snaky,YV0,188.431558,41.358736,5880.0,4.38,-0.22,-1.0,5.8,-5.0,0.056,4.07,7.86,6.58,6.2,1.38,0.0,0.0,1,1
59,HD109358_NEID_1.0_Snaky,HD109358,NEID,1.0,Snaky,YV0,188.431558,41.358736,5880.0,4.38,-0.22,-0.5,7.95,-4.99,0.073,3.14,7.43,6.15,5.84,2.07,0.0,0.0,1,1
60,HD109358_SOPHIE_1.0_Snaky,HD109358,SOPHIE,1.0,Snaky,YV0,188.435583,41.357472,5880.0,4.39,-0.18,3.0,15.95,-4.96,0.162,4.19,7.87,6.65,6.28,2.08,0.0,1.0,1,1
61,HD109413_HARPN_3.0.1_Snaky,HD109413,HARPN,3.0.1,Snaky,YV0,188.392303,72.479108,6046.0,4.3,-0.02,29.8,17.15,-4.76,0.106,3.14,10.34,8.87,8.35,5.31,0.0,0.0,1,1
62,HD109413_SOPHIE_1.0_Snaky,HD109413,SOPHIE,1.0,Snaky,YV0,188.392083,72.479111,6123.0,4.27,-0.03,43.0,56.1,-4.74,0.288,4.46,10.72,9.07,8.51,4.96,0.0,1.0,1,1
63,HD109839_SOPHIE_1.0_Snaky,HD109839,SOPHIE,1.0,Snaky,YV0,189.412917,38.684389,6230.0,4.23,-0.05,-33.4,57.61,-5.99,0.51,3.72,12.95,10.73,10.05,6.48,0.0,0.0,1,1
64,HD11007_SOPHIE_1.0_Snaky,HD11007,SOPHIE,1.0,Snaky,YV0,27.172917,32.690222,6097.0,4.24,-0.14,0.3,15.12,-4.98,0.21,4.07,8.37,7.14,6.73,2.32,0.0,0.0,1,1
65,HD110897_HARPN_3.0.1_Snaky,HD110897,HARPN,3.0.1,Snaky,YV0,191.24752,39.278916,5904.0,4.42,-0.51,2.5,13.79,-4.97,0.14,3.11,6.95,5.79,5.56,1.39,0.0,0.0,1,1
66,HD110897_NEID_1.0_Snaky,HD110897,NEID,1.0,Snaky,YV0,191.24552,39.279515,5892.0,4.41,-0.54,-15.1,6.4,-5.19,0.081,3.17,7.01,5.8,5.56,1.23,0.0,0.0,1,1
67,HD110897_SOPHIE_1.0_Snaky,HD110897,SOPHIE,1.0,Snaky,YV0,191.2475,39.278917,5848.0,4.43,-0.56,0.7,24.87,-4.98,0.216,4.1,7.48,6.35,6.07,1.04,0.0,0.0,1,1
68,HD111031_HARPS03_3.3.6_Snaky,HD111031,HARPS03,3.3.6,Snaky,YV0,191.628508,-11.812442,5745.0,4.3,0.28,1.2,2.16,-4.97,0.023,3.29,7.63,6.21,5.82,1.82,0.0,0.0,1,1
69,HD111031_HARPS03_3.5_Snaky,HD111031,HARPS03,3.5,Snaky,YV0,191.628508,-11.812442,5745.0,4.3,0.28,1.3,2.29,-4.97,0.024,3.27,7.62,6.2,5.82,1.81,0.0,0.0,1,1
70,HD111066_SOPHIE_1.0_Snaky,HD111066,SOPHIE,1.0,Snaky,YV0,191.636542,24.145583,6107.0,4.22,0.05,7.4,61.15,-5.41,0.518,4.33,8.38,7.12,6.74,2.18,0.0,0.0,1,1
71,HD11131_HARPS15_3.3.6_Snaky,HD11131,HARPS15,3.3.6,Snaky,YV0,27.347287,-10.703634,5772.0,4.42,-0.06,122.8,12.83,-4.38,0.034,3.44,7.69,6.26,5.93,2.21,0.0,0.0,1,1
72,HD111395_SOPHIE_1.0_Snaky,HD111395,SOPHIE,1.0,Snaky,YV0,192.19625,24.840222,5656.0,4.45,-0.0,52.2,18.4,-4.63,0.089,4.38,8.29,6.83,6.4,2.12,0.0,0.0,1,1
73,HD111398_SOPHIE_1.0_Snaky,HD111398,SOPHIE,1.0,Snaky,YV0,192.217917,12.096389,5735.0,4.28,0.07,1.8,14.83,-4.97,0.145,4.18,7.92,6.57,6.16,1.86,0.0,0.0,1,1
74,HD111470_SOPHIE_1.0_Snaky,HD111470,SOPHIE,1.0,Snaky,YV0,192.362875,5.172139,6033.0,4.28,0.06,-8.9,52.94,-5.37,0.476,4.29,9.09,7.78,7.31,3.99,0.0,0.0,1,1
75,HD111513_SOPHIE_1.0_Snaky,HD111513,SOPHIE,1.0,Snaky,YV0,192.20625,61.378389,5784.0,4.36,0.08,-1.9,12.68,-5.01,0.13,4.17,8.26,6.96,6.53,2.28,0.0,0.0,1,1
76,HD111998_HARPS03_3.3.6_Snaky,HD111998,HARPS03,3.3.6,Snaky,YV0,193.296485,-3.553097,5304.0,3.5,0.07,-1.8,,-5.01,,3.33,44.96,47.03,41.74,44.25,0.0,0.0,1,1
77,HD111998_HARPS03_3.5_Snaky,HD111998,HARPS03,3.5,Snaky,YV0,193.296485,-3.553097,5304.0,3.5,0.07,-2.2,,-5.01,,3.33,44.96,47.07,41.83,44.23,0.0,0.0,1,1
78,HD11226_HARPS03_3.3.6_Snaky,HD11226,HARPS03,3.3.6,Snaky,YV0,27.564368,-6.704089,6075.0,4.25,0.05,0.5,3.02,-4.98,0.032,3.33,7.78,6.54,6.22,2.23,0.0,0.0,1,1
79,HD11226_HARPS03_3.5_Snaky,HD11226,HARPS03,3.5,Snaky,YV0,27.564368,-6.704089,6075.0,4.25,0.05,0.4,3.16,-4.98,0.034,3.34,7.77,6.53,6.22,2.21,0.0,0.0,1,1
80,HD11226_SOPHIE_1.0_Snaky,HD11226,SOPHIE,1.0,Snaky,YV0,27.563833,-6.704194,6216.0,4.06,0.12,13.5,93.38,-5.45,0.568,4.26,8.2,6.94,6.57,1.83,0.0,0.0,1,1
81,HD112735_SOPHIE_1.0_Snaky,HD112735,SOPHIE,1.0,Snaky,YV0,194.67,22.042861,6052.0,4.17,0.13,6.1,17.78,-4.93,0.179,4.02,8.97,7.61,7.15,3.72,0.0,0.0,1,1
82,HD11274_HARPS03_3.3.6_Snaky,HD11274,HARPS03,3.3.6,Snaky,YV0,27.620152,-12.34258,6306.0,4.21,0.07,56.8,58.05,-4.82,0.28,3.43,19.1,17.67,16.92,12.68,0.0,0.0,1,1
83,HD112758_HARPS15_3.3.6_Snaky,HD112758,HARPS15,3.3.6,Snaky,YV0,194.756505,-9.834078,5169.0,4.53,-0.5,-4.5,,-5.04,,3.47,6.63,5.22,4.85,0.36,0.0,0.0,1,1
84,HD112758_HARPS15_3.5_Snaky,HD112758,HARPS15,3.5,Snaky,YV0,194.756505,-9.834078,5176.0,4.54,-0.5,-4.0,,-5.04,,3.44,6.64,5.21,4.85,0.36,0.0,0.0,1,1
85,HD112974_SOPHIE_1.0_Snaky,HD112974,SOPHIE,1.0,Snaky,YV0,195.065,21.554306,6246.0,4.21,-0.05,39.5,74.05,-4.69,0.431,4.12,11.75,9.78,9.12,5.51,0.0,0.0,1,1
86,HD113319_SOPHIE_1.0_Snaky,HD113319,SOPHIE,1.0,Snaky,YV0,195.639167,32.43325,5752.0,4.47,-0.0,108.3,42.9,-4.42,0.142,4.11,8.78,7.35,6.91,3.08,0.0,0.0,1,1
87,HD114174_HARPS03_3.3.6_Snaky,HD114174,HARPS03,3.3.6,Snaky,YV0,197.212595,5.20724,5728.0,4.36,0.04,-0.0,3.38,-4.99,0.036,3.3,7.5,6.15,5.8,1.87,0.0,0.0,1,1
88,HD114174_HARPS03_3.5_Snaky,HD114174,HARPS03,3.5,Snaky,YV0,197.212595,5.20724,5732.0,4.39,0.06,0.2,11.89,-5.0,0.128,3.91,7.5,6.15,5.8,2.04,0.0,0.0,1,1
89,HD114174_HARPS15_3.3.6_Snaky,HD114174,HARPS15,3.3.6,Snaky,YV0,197.212595,5.20724,5732.0,4.37,0.05,0.4,2.78,-4.98,0.029,3.57,7.52,6.18,5.83,1.97,0.0,0.0,1,1
90,HD114174_HARPS15_3.5_Snaky,HD114174,HARPS15,3.5,Snaky,YV0,197.212595,5.20724,3860.0,5.0,0.0,,,,,2.84,7.34,6.04,5.74,2.39,0.0,0.0,1,1
91,HD114174_SOPHIE_1.0_Snaky,HD114174,SOPHIE,1.0,Snaky,YV0,197.212375,5.208861,5741.0,4.41,0.02,0.6,14.86,-5.02,0.159,4.21,7.94,6.61,6.21,1.46,0.0,0.0,1,1
92,HD114446_SOPHIE_1.0_Snaky,HD114446,SOPHIE,1.0,Snaky,YV0,197.389167,56.833389,5974.0,4.22,0.19,9.0,43.62,-4.97,0.395,4.04,13.51,11.12,10.51,8.24,0.0,0.0,1,1
93,HD114710_SOPHIE_1.0_Snaky,HD114710,SOPHIE,1.0,Snaky,YV0,197.968333,27.878194,5939.0,4.36,-0.03,31.0,12.28,-4.74,0.074,4.26,9.28,7.9,7.45,3.76,0.0,0.0,1,1
94,HD114783_HARPS03_3.3.6_Snaky,HD114783,HARPS03,3.3.6,Snaky,YV0,198.18244,-2.265036,5072.0,4.53,0.04,7.0,3.41,-4.92,0.03,3.29,7.13,5.6,5.08,0.99,0.0,0.0,1,1
95,HD114783_HARPS03_3.5_Snaky,HD114783,HARPS03,3.5,Snaky,YV0,198.18244,-2.265036,5071.0,4.53,0.05,7.3,3.97,-4.92,0.035,3.28,7.13,5.59,5.08,0.97,0.0,0.0,1,1
96,HD114783_HARPS15_3.3.6_Snaky,HD114783,HARPS15,3.3.6,Snaky,YV0,198.18244,-2.265036,5080.0,4.53,0.06,7.3,2.51,-4.92,0.023,3.43,7.16,5.61,5.11,0.88,0.0,0.0,1,1
97,HD114783_HARPS15_3.5_Snaky,HD114783,HARPS15,3.5,Snaky,YV0,198.18244,-2.265036,5065.0,4.53,0.05,6.1,2.33,-4.93,0.022,3.44,7.16,5.61,5.1,0.88,0.0,0.0,1,1
98,HD115043_SOPHIE_1.0_Snaky,HD115043,SOPHIE,1.0,Snaky,YV0,198.404208,56.708278,5830.0,4.44,-0.07,109.3,28.84,-4.42,0.116,4.15,12.05,9.87,9.24,5.96,0.0,0.0,1,1
99,HD11505_HARPS03_3.3.6_Snaky,HD11505,HARPS03,3.3.6,Snaky,YV0,28.275828,-1.326941,5765.0,4.3,-0.23,-0.9,3.18,-5.0,0.034,3.33,7.22,5.97,5.67,1.51,0.0,0.0,1,1
100,HD11505_HARPS03_3.5_Snaky,HD11505,HARPS03,3.5,Snaky,YV0,28.275828,-1.326941,5765.0,4.3,-0.23,-0.7,3.44,-5.0,0.037,3.32,7.22,5.96,5.66,1.5,0.0,0.0,1,1
101,HD11505_SOPHIE_1.0_Snaky,HD11505,SOPHIE,1.0,Snaky,YV0,28.275828,-1.326944,5782.0,4.38,-0.24,-4.2,25.23,-5.04,0.271,4.22,7.66,6.45,6.11,1.54,0.0,0.0,1,1
102,HD115383_HARPN_3.0.1_Snaky,HD115383,HARPN,3.0.1,Snaky,YV0,199.193812,9.424156,5987.0,4.26,0.12,133.9,15.41,-4.35,0.039,3.25,11.52,9.67,9.12,6.05,0.0,0.0,1,1
103,HD115383_SOPHIE_1.0_Snaky,HD115383,SOPHIE,1.0,Snaky,YV0,199.195833,9.424167,5987.0,4.3,0.11,120.2,21.05,-4.39,0.056,4.2,11.87,9.85,9.26,5.89,0.0,0.0,1,1
104,HD115404_HARPN_3.0.1_Snaky,HD115404,HARPN,3.0.1,Snaky,YV0,199.212714,17.017178,5010.0,4.56,-0.13,81.1,5.23,-4.51,0.019,3.07,7.46,5.83,5.28,1.68,0.0,0.0,1,1
105,HD115404_HARPS15_3.3.6_Snaky,HD115404,HARPS15,3.3.6,Snaky,YV0,199.212714,17.017178,5012.0,4.56,-0.14,93.3,11.12,-4.47,0.037,3.46,7.58,5.95,5.4,1.4,0.0,0.0,1,1
106,HD115404_HARPS15_3.5_Snaky,HD115404,HARPS15,3.5,Snaky,YV0,199.212714,17.017178,5012.0,4.56,-0.14,90.9,10.0,-4.47,0.033,3.48,7.59,5.95,5.4,1.55,0.0,0.0,1,1
107,HD11592_SOPHIE_1.0_Snaky,HD11592,SOPHIE,1.0,Snaky,YV0,28.490417,10.614,6206.0,4.26,-0.32,-1.5,62.78,-5.08,0.467,4.22,10.69,9.11,8.53,4.9,0.0,0.0,1,1
108,HD116442_NEID-HE_1.0_Snaky,HD116442,NEID-HE,1.0,Snaky,YV0,200.913194,2.724185,5192.0,4.56,-0.46,-8.1,,-5.11,,4.21,7.23,5.77,5.37,0.35,0.0,0.0,1,1
109,HD116442_NEID_1.0_Snaky,HD116442,NEID,1.0,Snaky,YV0,200.913194,2.724185,5204.0,4.55,-0.45,-0.6,2.81,-4.99,0.03,3.16,6.71,5.19,4.83,0.42,0.0,0.0,1,1
110,HD116459_SOPHIE_1.0_Snaky,HD116459,SOPHIE,1.0,Snaky,YV0,198.800833,84.752111,6135.0,4.34,0.1,-10.4,73.6,-5.52,0.521,4.24,10.98,9.35,8.79,5.25,0.0,0.0,1,1
111,HD116956_SOPHIE_1.0_Snaky,HD116956,SOPHIE,1.0,Snaky,YV0,201.439708,56.9705,5353.0,4.55,-0.01,125.0,13.57,-4.38,0.038,4.11,10.14,8.27,7.71,4.84,0.0,0.0,1,1
112,HD117043_SOPHIE_1.0_Snaky,HD117043,SOPHIE,1.0,Snaky,YV0,201.499167,63.26125,5599.0,4.39,0.16,1.0,7.52,-4.98,0.08,4.17,7.75,6.37,5.96,1.08,0.0,0.0,1,1
113,HD117126_CORALIE14_3.8_Snaky,HD117126,CORALIE14,3.8,Snaky,YV0,202.077953,-0.840191,5723.0,4.26,-0.01,-4.6,26.25,-5.07,0.311,4.62,8.48,7.1,6.67,1.43,0.0,1.0,1,1
114,HD117126_HARPS03_3.3.6_Snaky,HD117126,HARPS03,3.3.6,Snaky,YV0,202.077953,-0.840191,5728.0,4.27,-0.01,-0.7,3.05,-4.99,0.033,3.26,7.43,6.1,5.76,1.74,0.0,1.0,1,1
115,HD117126_HARPS03_3.5_Snaky,HD117126,HARPS03,3.5,Snaky,YV0,202.077953,-0.840191,5734.0,4.28,-0.0,-1.0,11.43,-5.02,0.126,3.32,7.42,6.09,5.75,1.69,0.0,0.0,1,1
116,HD117126_HARPS15_3.3.6_Snaky,HD117126,HARPS15,3.3.6,Snaky,YV0,202.077953,-0.840191,5764.0,4.27,0.0,1.2,12.74,-4.98,0.134,3.48,7.45,6.13,5.8,1.79,0.0,0.0,1,1
117,HD117655_SOPHIE_1.0_Snaky,HD117655,SOPHIE,1.0,Snaky,YV0,201.16125,83.3085,5628.0,4.14,0.29,1.4,53.39,-5.17,0.452,4.24,8.37,6.93,6.49,2.14,0.0,0.0,1,1
118,HD117860_CORALIE14_3.8_Snaky,HD117860,CORALIE14,3.8,Snaky,YV0,203.297142,-8.443348,5785.0,4.31,0.12,113.9,29.62,-4.41,0.084,5.02,8.69,7.2,6.74,1.66,0.0,0.0,1,1
119,HD118330_CORALIE14_3.8_Snaky,HD118330,CORALIE14,3.8,Snaky,YV0,204.061033,-0.930989,6194.0,4.01,-0.29,-13.4,24.74,-5.5,0.445,4.96,9.72,8.3,7.68,3.34,0.0,0.0,1,1
120,HD119638_HARPS03_3.3.6_Snaky,HD119638,HARPS03,3.3.6,Snaky,YV0,206.185839,-14.22518,5954.0,4.28,-0.19,-0.8,2.82,-5.0,0.03,3.33,7.58,6.41,6.12,2.5,0.0,0.0,1,1
121,HD119638_HARPS03_3.5_Snaky,HD119638,HARPS03,3.5,Snaky,YV0,206.185839,-14.22518,5954.0,4.28,-0.19,-0.5,3.29,-4.99,0.036,3.29,7.57,6.4,6.11,2.29,0.0,0.0,1,1
122,HD119992_SOPHIE_1.0_Snaky,HD119992,SOPHIE,1.0,Snaky,YV0,206.304583,55.880222,6287.0,4.26,-0.27,-13.8,17.23,-5.17,0.248,4.06,12.51,10.32,9.54,7.56,0.0,0.0,1,1
123,HD120004_SOPHIE_1.0_Snaky,HD120004,SOPHIE,1.0,Snaky,YV0,206.502083,37.525,6047.0,4.3,0.12,-7.9,49.13,-5.1,0.488,4.17,9.77,8.35,7.85,4.21,0.0,0.0,1,1
124,HD120005_SOPHIE_1.0_Snaky,HD120005,SOPHIE,1.0,Snaky,YV0,206.557958,30.89725,6394.0,4.17,0.03,15.7,23.75,-4.85,0.162,3.76,17.8,18.91,18.31,13.32,0.0,1.0,1,1
125,HD120066_HARPS15_3.3.6_Snaky,HD120066,HARPS15,3.3.6,Snaky,YV0,206.73801,6.350374,5861.0,4.15,0.12,0.5,13.9,-5.0,0.15,3.66,8.27,6.98,6.57,3.19,0.0,0.0,1,1
126,HD120066_HARPS15_3.5_Snaky,HD120066,HARPS15,3.5,Snaky,YV0,206.73801,6.350374,5838.0,4.14,0.11,0.3,13.93,-5.0,0.152,3.68,8.28,6.98,6.57,3.21,0.0,0.0,1,1
127,HD120066_SOPHIE_1.0_Snaky,HD120066,SOPHIE,1.0,Snaky,YV0,206.737917,6.350361,5910.0,4.24,0.1,4.3,18.94,-4.94,0.174,4.21,8.66,7.33,6.89,2.82,0.0,0.0,1,1
128,HD120136_HARPN_3.0.1_Snaky,HD120136,HARPN,3.0.1,Snaky,YV0,206.815575,17.456891,6287.0,4.16,0.13,15.4,24.2,-4.87,0.196,3.16,23.2,21.67,20.81,16.89,0.0,0.0,1,1
129,HD120136_HARPS15_3.3.6_Snaky,HD120136,HARPS15,3.3.6,Snaky,YV0,206.815575,17.456891,6284.0,4.17,0.13,22.6,24.0,-4.81,0.17,4.88,23.26,21.73,20.61,17.1,0.0,0.0,1,1
130,HD120136_HARPS15_3.5_Snaky,HD120136,HARPS15,3.5,Snaky,YV0,206.815575,17.456891,6315.0,4.18,0.11,20.1,25.13,-4.84,0.186,4.93,23.26,21.73,20.61,17.06,0.0,0.0,1,1
131,HD120136_SOPHIE_1.0_Snaky,HD120136,SOPHIE,1.0,Snaky,YV0,206.8125,17.456667,6315.0,4.18,0.11,16.3,14.0,-4.84,0.108,4.27,23.19,21.63,20.86,16.59,0.0,0.0,1,1
132,HD121325A_CORALIE14_3.8_Snaky,HD121325A,CORALIE14,3.8,Snaky,YV0,208.742508,-8.058844,6613.0,4.0,0.0,108.1,,-4.44,,4.89,75.28,71.86,183.66,78.16,0.0,0.0,1,1
133,HD121560_SOPHIE_1.0_Snaky,HD121560,SOPHIE,1.0,Snaky,YV0,208.959167,14.056472,6059.0,4.34,-0.39,-4.6,18.45,-5.04,0.206,4.09,8.41,7.27,6.88,3.27,0.0,0.0,1,1
134,HD122040_CORALIE07_3.4_Snaky,HD122040,CORALIE07,3.4,Snaky,YV0,209.865354,-5.423865,6181.0,4.25,-0.11,3.2,22.48,-5.08,0.245,5.15,12.28,10.11,9.46,5.88,0.0,0.0,1,1
135,HD122040_CORALIE14_3.8_Snaky,HD122040,CORALIE14,3.8,Snaky,YV0,209.865354,-5.423865,6220.0,4.22,-0.06,-11.9,21.18,-5.4,0.376,5.08,12.27,10.12,9.45,5.88,0.0,0.0,1,1
136,HD122064_HARPN_3.0.1_Snaky,HD122064,HARPN,3.0.1,Snaky,YV0,209.38358,61.492861,4770.0,4.53,0.08,2.9,3.23,-4.96,0.032,3.1,7.11,5.56,4.95,1.04,0.0,0.0,1,1
137,HD122064_NEID_1.0_Snaky,HD122064,NEID,1.0,Snaky,YV0,209.38329,61.493792,4763.0,4.54,0.02,3.1,1.21,-4.96,0.012,3.2,7.22,5.61,4.97,1.09,0.0,0.0,1,1
138,HD12235_SOPHIE_1.0_Snaky,HD12235,SOPHIE,1.0,Snaky,YV0,30.038125,3.097,5953.0,4.23,0.18,-26.4,85.73,-5.7,0.578,4.14,10.24,8.63,8.07,4.54,0.0,0.0,1,1
139,HD122603_HARPS03_3.3.6_Snaky,HD122603,HARPS03,3.3.6,Snaky,YV0,210.698438,3.545529,6088.0,4.17,0.09,2.1,18.42,-4.98,0.195,3.39,9.6,8.22,7.71,4.56,0.0,0.0,1,1
140,HD122652_SOPHIE_1.0_Snaky,HD122652,SOPHIE,1.0,Snaky,YV0,210.631833,31.660833,6015.0,4.32,-0.02,43.2,17.45,-4.67,0.09,4.16,8.99,7.65,7.2,3.34,0.0,0.0,1,1
141,HD122742_SOPHIE_1.0_Snaky,HD122742,SOPHIE,1.0,Snaky,YV0,210.884583,10.787528,5518.0,4.44,0.0,11.0,11.59,-4.89,0.098,4.25,7.73,6.36,5.96,1.28,0.0,0.0,1,1
142,HD123300_SOPHIE_1.0_Snaky,HD123300,SOPHIE,1.0,Snaky,YV0,211.215417,58.867528,5909.0,4.33,0.14,-10.2,59.8,-5.39,0.492,3.72,8.74,7.42,6.97,3.38,0.0,0.0,1,1
143,HD124292_ESPRESSO19_3.2.5_Snaky,HD124292,ESPRESSO19,3.2.5,Snaky,YV0,213.188493,-3.320084,5459.0,4.46,-0.14,-1.2,,-5.0,,2.73,6.89,5.44,5.11,0.89,0.0,0.0,1,1
144,HD124292_ESPRESSO19_3.3.1_Snaky,HD124292,ESPRESSO19,3.3.1,Snaky,YV0,213.188493,-3.320084,5459.0,4.46,-0.14,-1.1,,-5.0,,2.76,6.89,5.44,5.11,0.9,0.0,0.0,1,1
145,HD124292_HARPS03_3.3.6_Snaky,HD124292,HARPS03,3.3.6,Snaky,YV0,213.188493,-3.320084,5459.0,4.46,-0.14,-1.1,2.18,-5.0,0.024,3.33,6.99,5.58,5.24,0.97,0.0,0.0,1,1
146,HD124292_HARPS03_3.5_Snaky,HD124292,HARPS03,3.5,Snaky,YV0,213.188493,-3.320084,5459.0,4.46,-0.14,-1.1,2.42,-5.0,0.027,3.31,6.99,5.57,5.23,0.95,0.0,0.0,1,1
147,HD124292_HARPS15_3.3.6_Snaky,HD124292,HARPS15,3.3.6,Snaky,YV0,213.188493,-3.320084,5453.0,4.46,-0.14,-1.5,2.51,-5.0,0.028,3.32,7.01,5.6,5.26,0.93,0.0,0.0,1,1
148,HD124292_HARPS15_3.5_Snaky,HD124292,HARPS15,3.5,Snaky,YV0,213.188493,-3.320084,5453.0,4.46,-0.14,-1.5,3.01,-5.0,0.033,3.39,7.02,5.59,5.25,0.92,0.0,0.0,1,1
149,HD124553_CORALIE14_3.8_Snaky,HD124553,CORALIE14,3.8,Snaky,YV0,213.588785,-5.94772,8720.0,4.0,0.0,,,,,5.57,,,,,0.0,1.0,1,0
150,HD124553_HARPS15_3.3.6_Snaky,HD124553,HARPS15,3.3.6,Snaky,YV0,213.588785,-5.94772,6024.0,4.11,0.22,13.8,4.65,-4.86,0.037,3.44,8.55,7.17,6.75,3.23,0.0,0.0,1,1
151,HD124553_HARPS15_3.5_Snaky,HD124553,HARPS15,3.5,Snaky,YV0,213.588785,-5.94772,6024.0,4.11,0.22,13.7,5.47,-4.86,0.043,3.46,8.56,7.17,6.75,3.23,0.0,0.0,1,1
152,HD124553_SOPHIE_1.0_Snaky,HD124553,SOPHIE,1.0,Snaky,YV0,213.589542,-5.947917,6044.0,4.17,0.24,15.4,23.8,-4.92,0.191,4.16,8.92,7.52,7.04,2.86,0.0,0.0,1,1
153,HD124694_SOPHIE_1.0_Snaky,HD124694,SOPHIE,1.0,Snaky,YV0,213.464375,46.325139,5982.0,4.26,0.07,86.7,63.82,-4.5,0.192,4.57,26.99,26.79,25.65,22.92,0.0,0.0,1,1
154,HD12482_SOPHIE_1.0_Snaky,HD12482,SOPHIE,1.0,Snaky,YV0,31.069583,60.244306,6021.0,4.33,-0.02,7.9,36.86,-4.94,0.29,3.59,10.16,8.75,8.21,4.7,0.0,0.0,1,1
155,HD125184_CORALIE14_3.8_Snaky,HD125184,CORALIE14,3.8,Snaky,YV0,214.503028,-7.542392,5680.0,4.12,0.29,8.9,17.35,-4.91,0.149,4.09,8.87,7.32,6.82,1.84,0.0,0.0,1,1
156,HD125184_HARPS03_3.3.6_Snaky,HD125184,HARPS03,3.3.6,Snaky,YV0,214.503028,-7.542392,5664.0,4.12,0.28,6.5,2.7,-4.92,0.025,3.33,7.9,6.43,6.02,2.25,0.0,0.0,1,1
157,HD125184_HARPS03_3.5_Snaky,HD125184,HARPS03,3.5,Snaky,YV0,214.503028,-7.542392,5664.0,4.12,0.28,6.4,2.8,-4.92,0.026,3.32,7.89,6.42,6.02,2.24,0.0,0.0,1,1
158,HD125184_HARPS15_3.3.6_Snaky,HD125184,HARPS15,3.3.6,Snaky,YV0,214.503028,-7.542392,5664.0,4.12,0.28,9.2,2.52,-4.9,0.022,3.35,7.92,6.42,5.99,2.26,0.0,0.0,1,1
159,HD125184_HARPS15_3.5_Snaky,HD125184,HARPS15,3.5,Snaky,YV0,214.503028,-7.542392,5664.0,4.12,0.28,8.9,2.66,-4.9,0.023,3.37,7.92,6.42,5.98,2.25,0.0,0.0,1,1
160,HD125184_SOPHIE_1.0_Snaky,HD125184,SOPHIE,1.0,Snaky,YV0,214.502917,-7.542389,5690.0,4.23,0.28,1.0,24.31,-4.98,0.251,4.16,8.28,6.86,6.41,1.98,0.0,0.0,1,1
161,HD125193_SOPHIE_1.0_Snaky,HD125193,SOPHIE,1.0,Snaky,YV0,213.999583,56.689139,6002.0,4.24,0.19,-32.8,58.1,-5.97,0.536,4.16,8.88,7.56,7.11,3.12,0.0,0.0,1,1
162,HD12536_SOPHIE_1.0_Snaky,HD12536,SOPHIE,1.0,Snaky,YV0,30.757083,3.358611,5834.0,4.24,0.12,-14.0,74.25,-5.41,0.532,4.06,8.88,7.49,7.0,3.13,0.0,0.0,1,1
163,HD125455_HARPS03_3.3.6_Snaky,HD125455,HARPS03,3.3.6,Snaky,YV0,214.895264,-5.151192,5121.0,4.53,-0.16,7.3,4.35,-4.92,0.04,3.33,6.94,5.41,4.97,0.52,0.0,0.0,1,1
164,HD125455_HARPS03_3.5_Snaky,HD125455,HARPS03,3.5,Snaky,YV0,214.895264,-5.151192,5121.0,4.53,-0.16,7.1,4.47,-4.92,0.041,3.31,6.93,5.4,4.96,0.51,0.0,0.0,1,1
165,HD125455_HARPS15_3.3.6_Snaky,HD125455,HARPS15,3.3.6,Snaky,YV0,214.895264,-5.151192,5092.0,4.53,-0.17,-0.8,4.77,-5.0,0.052,3.35,6.93,5.42,4.98,0.52,0.0,0.0,1,1
166,HD125455_HARPS15_3.5_Snaky,HD125455,HARPS15,3.5,Snaky,YV0,214.895264,-5.151192,5092.0,4.53,-0.17,-0.8,,-5.0,,3.34,6.94,5.42,4.98,0.49,0.0,0.0,1,1
167,HD12569_SOPHIE_1.0_Snaky,HD12569,SOPHIE,1.0,Snaky,YV0,31.27875,60.345389,6021.0,4.24,0.03,3.2,58.19,-4.96,0.471,3.98,9.96,8.47,7.93,4.35,0.0,0.0,1,1
168,HD125906A_CORALIE14_3.8_Snaky,HD125906A,CORALIE14,3.8,Snaky,YV0,215.661089,-7.768177,5936.0,4.29,-0.13,0.9,29.18,-5.24,0.364,5.23,8.43,7.09,6.74,1.4,0.0,0.0,1,1
169,HD125906B_CORALIE07_3.4_Snaky,HD125906B,CORALIE07,3.4,Snaky,YV0,215.661248,-7.769788,3710.0,5.0,0.0,,,,,4.01,8.64,8.15,7.82,4.38,1.0,0.0,1,1
170,HD126053_CORALIE07_3.4_Snaky,HD126053,CORALIE07,3.4,Snaky,YV0,,,,,,,,,,,,,,,,,0,0
171,HD126053_HARPN_3.0.1_Snaky,HD126053,HARPN,3.0.1,Snaky,YV0,215.813686,1.241567,5689.0,4.47,-0.32,-0.5,11.25,-5.0,0.122,3.1,6.88,5.62,5.38,1.1,0.0,0.0,1,1
172,HD126053_HARPS03_3.3.6_Snaky,HD126053,HARPS03,3.3.6,Snaky,YV0,215.813686,1.241567,5698.0,4.46,-0.31,0.0,11.55,-4.99,0.125,2.74,6.96,5.69,5.42,1.02,0.0,0.0,1,1
173,HD126053_NEID_1.0_Snaky,HD126053,NEID,1.0,Snaky,YV0,215.814649,1.239508,5743.0,4.47,-0.35,-2.4,5.48,-5.01,0.061,3.15,6.97,5.63,5.34,1.02,0.0,0.0,1,1
174,HD126053_SOPHIE_1.0_Snaky,HD126053,SOPHIE,1.0,Snaky,YV0,215.81375,1.241556,5632.0,4.45,-0.41,10.9,35.63,-5.15,0.352,4.11,7.48,6.04,5.66,0.51,0.0,0.0,1,1
175,HD126323_SOPHIE_1.0_Snaky,HD126323,SOPHIE,1.0,Snaky,YV0,215.620417,60.965722,5958.0,4.32,-0.0,-1.6,18.55,-5.01,0.222,4.14,8.35,7.1,6.71,2.46,0.0,0.0,1,1
176,HD126512_SOPHIE_1.0_Snaky,HD126512,SOPHIE,1.0,Snaky,YV0,216.375417,20.590167,5854.0,4.24,-0.59,1.4,14.12,-4.97,0.139,4.06,7.61,6.51,6.21,1.75,0.0,0.0,1,1
177,HD12661_SOPHIE_1.0_Snaky,HD12661,SOPHIE,1.0,Snaky,YV0,31.142867,25.414308,5653.0,4.33,0.28,1.1,15.75,-4.98,0.156,4.11,8.01,6.59,6.15,1.32,0.0,0.0,1,1
178,HD126675_SOPHIE_1.0_Snaky,HD126675,SOPHIE,1.0,Snaky,YV0,216.315417,53.584944,6154.0,4.29,-0.07,14.9,53.42,-4.86,0.433,4.08,8.11,6.91,6.56,2.55,0.0,0.0,1,1
179,HD126945_SOPHIE_1.0_Snaky,HD126945,SOPHIE,1.0,Snaky,YV0,217.062917,16.118611,5738.0,4.27,0.3,-9.1,25.66,-5.22,0.401,3.68,8.72,7.27,6.81,3.17,0.0,0.0,1,1
180,HD126961_SOPHIE_1.0_Snaky,HD126961,SOPHIE,1.0,Snaky,YV0,217.130208,2.788694,6048.0,4.32,0.0,-7.5,51.94,-5.33,0.455,4.81,10.87,9.21,8.66,5.19,0.0,0.0,1,1
181,HD127334_HARPN_3.0.1_Snaky,HD127334,HARPN,3.0.1,Snaky,YV0,217.403371,41.795914,5703.0,4.32,0.26,1.8,2.1,-4.97,0.021,3.09,7.44,6.0,5.63,1.75,0.0,0.0,1,1
182,HD127334_NEID-HE_1.0_Snaky,HD127334,NEID-HE,1.0,Snaky,YV0,217.404302,41.794964,5704.0,4.3,0.22,0.3,3.9,-4.98,0.042,4.07,7.91,6.45,6.02,1.17,0.0,0.0,1,1
183,HD127334_NEID_1.0_Snaky,HD127334,NEID,1.0,Snaky,YV0,217.404302,41.794964,5713.0,4.33,0.22,,,,,3.16,7.5,6.01,5.62,1.58,0.0,0.0,0,1
184,HD127334_SOPHIE_1.0_Snaky,HD127334,SOPHIE,1.0,Snaky,YV0,217.402833,41.796444,5680.0,4.33,0.23,2.5,12.5,-4.98,0.127,4.2,7.92,6.52,6.12,1.23,0.0,0.0,1,1
185,HD127540_SOPHIE_1.0_Snaky,HD127540,SOPHIE,1.0,Snaky,YV0,217.92,12.856389,6198.0,4.26,-0.04,-5.2,54.28,-5.22,0.501,4.18,10.7,9.11,8.57,4.92,0.0,0.0,1,1
186,HD12800_NEID_1.0_Snaky,HD12800,NEID,1.0,Snaky,YV0,32.288596,71.550977,6026.0,4.36,-0.25,2.9,6.69,-4.96,0.064,3.12,7.68,6.46,6.16,2.52,0.0,0.0,1,1
187,HD12800_SOPHIE_1.0_Snaky,HD12800,SOPHIE,1.0,Snaky,YV0,32.282917,71.552,5962.0,4.35,-0.2,-9.6,35.12,-5.12,0.355,4.08,8.11,6.95,6.62,2.28,0.0,0.0,1,1
188,HD128165_HARPN_3.0.1_Snaky,HD128165,HARPN,3.0.1,Snaky,YV0,218.370283,52.908791,4784.0,4.56,-0.08,15.9,3.34,-4.84,0.026,3.09,7.1,5.49,4.88,0.97,0.0,0.0,1,1
189,HD128165_SOPHIE_1.0_Snaky,HD128165,SOPHIE,1.0,Snaky,YV0,218.37025,52.908778,4791.0,4.56,-0.07,12.1,5.82,-4.87,0.05,4.04,7.82,6.04,5.36,0.51,0.0,0.0,1,1
190,HD128311_SOPHIE_1.0_Snaky,HD128311,SOPHIE,1.0,Snaky,YV0,219.004167,9.746528,4888.0,4.55,0.02,71.4,27.83,-4.54,0.102,4.11,8.84,7.08,6.37,2.65,0.0,0.0,1,1
191,HD128332_SOPHIE_1.0_Snaky,HD128332,SOPHIE,1.0,Snaky,YV0,218.565833,57.065306,6123.0,4.3,-0.17,-15.0,48.32,-5.26,0.481,4.17,9.55,8.25,7.74,4.06,0.0,0.0,1,1
192,HD128385_SOPHIE_1.0_Snaky,HD128385,SOPHIE,1.0,Snaky,YV0,218.397917,65.395306,6214.0,4.23,-0.14,0.7,19.3,-4.98,0.211,4.13,8.54,7.35,6.96,2.46,0.0,1.0,1,1
193,HD12846_SOPHIE_1.0_Snaky,HD12846,SOPHIE,1.0,Snaky,YV0,31.626,24.333986,5660.0,4.45,-0.23,10.9,31.55,-4.92,0.26,5.33,8.58,7.12,6.65,3.44,0.0,0.0,1,1
194,HD128596_SOPHIE_1.0_Snaky,HD128596,SOPHIE,1.0,Snaky,YV0,219.529708,-12.910556,5810.0,4.18,0.13,-406.9,81.56,-6.72,0.088,4.23,8.56,7.12,6.75,2.95,0.0,0.0,1,1
195,HD129354_SOPHIE_1.0_Snaky,HD129354,SOPHIE,1.0,Snaky,YV0,220.242083,38.150694,6294.0,4.19,-0.26,-25.4,46.93,-5.73,0.464,3.86,9.98,8.58,8.01,4.06,0.0,0.0,1,1
196,HD129499_SOPHIE_1.0_Snaky,HD129499,SOPHIE,1.0,Snaky,YV0,219.915417,66.34675,6015.0,4.31,0.07,0.9,13.21,-4.98,0.139,4.16,8.69,7.38,6.96,2.88,0.0,0.0,1,1
197,HD129814_HARPS03_3.3.6_Snaky,HD129814,HARPS03,3.3.6,Snaky,YV0,221.048721,18.462118,5828.0,4.36,0.01,14.3,5.01,-4.86,0.04,3.33,7.52,6.2,5.87,1.94,0.0,0.0,1,1
198,HD129814_HARPS03_3.5_Snaky,HD129814,HARPS03,3.5,Snaky,YV0,221.048721,18.462118,5833.0,4.36,0.02,15.1,13.53,-4.86,0.106,4.46,7.52,6.19,5.86,1.93,0.0,0.0,1,1
199,HD129814_HARPS15_3.3.6_Snaky,HD129814,HARPS15,3.3.6,Snaky,YV0,221.048721,18.462118,5846.0,4.36,0.02,11.9,6.01,-4.88,0.05,3.39,7.55,6.23,5.9,2.17,0.0,0.0,1,1
200,HD129814_HARPS15_3.5_Snaky,HD129814,HARPS15,3.5,Snaky,YV0,221.048721,18.462118,5879.0,4.33,0.02,12.0,14.06,-4.89,0.117,3.52,7.55,6.22,5.89,1.97,0.0,0.0,1,1
201,HD130087_SOPHIE_1.0_Snaky,HD130087,SOPHIE,1.0,Snaky,YV0,221.486833,10.052083,5917.0,4.27,0.2,-4.8,23.34,-5.27,0.334,4.24,9.91,8.48,7.95,4.41,0.0,0.0,1,1
202,HD130125_SOPHIE_1.0_Snaky,HD130125,SOPHIE,1.0,Snaky,YV0,221.567917,3.504056,6052.0,4.32,-0.1,-8.3,71.16,-5.24,0.499,4.13,9.22,7.9,7.43,3.66,0.0,0.0,1,1
203,HD13014_SOPHIE_1.0_Snaky,HD13014,SOPHIE,1.0,Snaky,YV0,32.10875,43.191,5955.0,4.25,0.14,10.5,61.02,-4.93,0.487,4.13,10.85,9.16,8.56,5.15,0.0,1.0,1,1
204,HD130396_SOPHIE_1.0_Snaky,HD130396,SOPHIE,1.0,Snaky,YV0,221.882917,19.050028,6131.0,4.29,-0.15,26.7,61.75,-4.77,0.438,4.12,9.04,7.77,7.32,3.38,0.0,0.0,1,1
205,HD13043_SOPHIE_1.0_Snaky,HD13043,SOPHIE,1.0,Snaky,YV0,31.893417,-0.616583,5903.0,4.31,0.13,5.0,43.92,-5.34,0.464,4.24,8.35,7.07,6.63,2.36,0.0,0.0,1,1
206,HD130818_SOPHIE_1.0_Snaky,HD130818,SOPHIE,1.0,Snaky,YV0,222.429167,23.032306,4933.0,3.5,-0.0,-11.0,14.04,-5.13,0.226,3.77,80.04,73.42,202.76,81.64,0.0,0.0,1,1
207,HD130948A_HARPN_3.0.1_Snaky,HD130948A,HARPN,3.0.1,Snaky,YV0,222.565879,23.911843,5956.0,4.38,-0.01,122.2,5.54,-4.38,0.015,3.11,10.69,9.01,8.46,6.21,0.0,0.0,1,1
208,HD130987_SOPHIE_1.0_Snaky,HD130987,SOPHIE,1.0,Snaky,YV0,222.396667,46.5745,6145.0,4.21,-0.14,-3.5,56.58,-5.2,0.481,4.05,8.49,7.31,6.95,2.57,0.0,0.0,1,1
209,HD131042_SOPHIE_1.0_Snaky,HD131042,SOPHIE,1.0,Snaky,YV0,222.670417,22.907639,5726.0,4.41,-0.17,-1.1,16.3,-5.0,0.172,4.2,7.59,6.34,5.99,1.03,0.0,0.0,1,1
210,HD131194_SOPHIE_1.0_Snaky,HD131194,SOPHIE,1.0,Snaky,YV0,222.557083,52.414389,6272.0,4.27,0.02,2.3,59.73,-4.98,0.469,4.07,12.82,10.62,9.91,7.8,0.0,0.0,1,1
211,HD131511_SOPHIE_1.0_Snaky,HD131511,SOPHIE,1.0,Snaky,YV0,223.349,19.152778,5218.0,4.54,-0.02,96.1,5.41,-4.46,0.017,4.19,9.1,7.4,6.81,3.25,0.0,1.0,1,1
212,HD131526_SOPHIE_1.0_Snaky,HD131526,SOPHIE,1.0,Snaky,YV0,223.087083,48.67075,5974.0,4.24,0.24,-3.9,60.67,-5.04,0.485,4.13,9.01,7.56,7.08,3.1,0.0,0.0,1,1
213,HD132254_SOPHIE_1.0_Snaky,HD132254,SOPHIE,1.0,Snaky,YV0,224.096,49.628444,6150.0,4.25,0.01,2.3,17.82,-4.96,0.154,4.14,12.83,10.65,9.97,6.49,0.0,0.0,1,1
214,HD132375A_CORALIE07_3.4_Snaky,HD132375A,CORALIE07,3.4,Snaky,YV0,224.719923,-4.989253,5683.0,4.32,-0.01,-199.7,81.64,-6.43,0.207,5.6,12.77,10.76,9.94,6.64,0.0,0.0,1,1
215,HD132375A_CORALIE14_3.8_Snaky,HD132375A,CORALIE14,3.8,Snaky,YV0,224.719923,-4.989253,6167.0,4.24,0.03,0.4,22.97,-5.02,0.315,5.21,12.8,10.57,9.91,6.38,0.0,0.0,1,1
216,HD1326_HARPN_3.0.1_Snaky,HD1326,HARPN,3.0.1,Snaky,YV0,4.595354,44.022955,3718.0,5.0,0.0,,,,,3.23,5.85,4.97,4.31,0.33,0.0,0.0,1,1
217,HD1326_NEID_1.0_Snaky,HD1326,NEID,1.0,Snaky,YV0,4.612668,44.024729,3602.0,4.6,-0.18,2.2,,-4.96,,3.46,5.95,5.05,4.37,0.33,0.0,0.0,1,1
218,HD132756_SOPHIE_1.0_Snaky,HD132756,SOPHIE,1.0,Snaky,YV0,225.146083,8.600944,5241.0,3.5,-0.03,-18.1,15.0,-5.25,0.332,4.06,30.32,28.45,26.43,9.98,1.0,0.0,1,1
219,HD133161_SOPHIE_1.0_Snaky,HD133161,SOPHIE,1.0,Snaky,YV0,225.63825,16.05475,5951.0,4.26,0.16,17.5,45.86,-4.88,0.334,3.77,9.14,7.75,7.29,3.97,0.0,0.0,1,1
220,HD133460_SOPHIE_1.0_Snaky,HD133460,SOPHIE,1.0,Snaky,YV0,225.955417,26.038611,6061.0,4.21,0.06,-60.0,38.8,-6.19,0.534,4.03,10.62,9.15,8.69,5.79,0.0,0.0,1,1
221,HD133621_SOPHIE_1.0_Snaky,HD133621,SOPHIE,1.0,Snaky,YV0,225.114583,71.765444,5758.0,4.28,-0.41,1.6,36.33,-4.98,0.414,4.08,7.64,6.46,6.11,1.58,0.0,1.0,1,1
222,HD13382_SOPHIE_1.0_Snaky,HD13382,SOPHIE,1.0,Snaky,YV0,32.846417,21.377333,5587.0,4.28,0.1,52.1,60.73,-4.9,0.313,4.57,8.66,7.04,6.59,2.61,0.0,0.0,1,1
223,HD133826_SOPHIE_1.0_Snaky,HD133826,SOPHIE,1.0,Snaky,YV0,225.745,65.778278,6042.0,4.28,-0.12,34.6,18.17,-4.72,0.097,4.19,9.01,7.68,7.22,3.95,0.0,0.0,1,1
224,HD13403_SOPHIE_1.0_Snaky,HD13403,SOPHIE,1.0,Snaky,YV0,33.232917,57.2045,5754.0,4.34,-0.24,0.0,21.35,-4.99,0.195,4.08,7.63,6.4,6.05,1.43,0.0,0.0,1,1
225,HD134044_SOPHIE_1.0_Snaky,HD134044,SOPHIE,1.0,Snaky,YV0,226.64625,36.456083,6143.0,4.29,-0.0,0.7,18.63,-4.98,0.234,3.87,9.24,7.93,7.47,3.55,0.0,0.0,1,1
226,HD134083_SOPHIE_1.0_Snaky,HD134083,SOPHIE,1.0,Snaky,YV0,226.824583,24.869583,6681.0,4.0,0.0,27.3,47.58,-4.76,0.257,4.12,69.76,67.46,184.47,70.91,0.0,0.0,1,1
227,HD13507_SOPHIE_1.0_Snaky,HD13507,SOPHIE,1.0,Snaky,YV0,33.229167,40.668333,5726.0,4.49,-0.01,120.3,23.66,-4.39,0.064,4.1,8.82,7.38,6.91,3.09,0.0,0.0,1,1
228,HD135101A_HARPS03_3.3.6_Snaky,HD135101A,HARPS03,3.3.6,Snaky,YV0,228.18117,19.286039,5686.0,4.18,0.09,0.3,2.95,-4.98,0.031,3.15,7.53,6.15,5.79,1.78,0.0,0.0,1,1
229,HD135101A_HARPS03_3.5_Snaky,HD135101A,HARPS03,3.5,Snaky,YV0,228.18117,19.286039,5693.0,4.16,0.09,0.0,11.76,-5.01,0.127,3.37,7.53,6.14,5.78,1.74,0.0,0.0,1,1
230,HD135101A_HARPS15_3.3.6_Snaky,HD135101A,HARPS15,3.3.6,Snaky,YV0,228.18117,19.286039,5693.0,4.16,0.09,0.4,3.16,-4.98,0.033,3.54,7.55,6.17,5.82,1.83,0.0,0.0,1,1
231,HD135101A_HARPS15_3.5_Snaky,HD135101A,HARPS15,3.5,Snaky,YV0,228.18117,19.286039,5679.0,4.18,0.1,-0.3,12.56,-5.0,0.134,3.54,7.56,6.17,5.81,1.9,0.0,0.0,1,1
232,HD135101B_SOPHIE_1.0_Snaky,HD135101B,SOPHIE,1.0,Snaky,YV0,228.1825,19.292444,5541.0,4.45,0.05,-7.3,37.87,-5.08,0.372,4.05,7.64,6.25,5.85,0.86,0.0,0.0,1,1
233,HD135204_CORALIE14_3.8_Snaky,HD135204,CORALIE14,3.8,Snaky,YV0,228.462061,-1.351388,5439.0,4.45,-0.02,-3.3,18.2,-5.03,0.198,4.8,8.11,6.63,6.15,0.52,0.0,0.0,1,1
234,HD135204_HARPS15_3.3.6_Snaky,HD135204,HARPS15,3.3.6,Snaky,YV0,228.462061,-1.351388,5402.0,4.46,-0.07,0.1,1.53,-4.99,0.016,3.48,6.97,5.54,5.17,0.62,0.0,0.0,1,1
235,HD13531A_SOPHIE_1.0_Snaky,HD13531A,SOPHIE,1.0,Snaky,YV0,33.304167,40.5075,5656.0,4.5,-0.04,126.1,20.12,-4.37,0.055,4.03,10.33,8.59,8.03,4.67,0.0,0.0,1,1
236,HD13540_SOPHIE_1.0_Snaky,HD13540,SOPHIE,1.0,Snaky,YV0,33.729583,66.321,6558.0,4.0,0.0,-21.6,63.08,-5.43,0.477,4.05,9.69,8.36,7.83,2.48,0.0,0.0,1,1
237,HD135599_SOPHIE_1.0_Snaky,HD135599,SOPHIE,1.0,Snaky,YV0,228.99625,0.796361,5232.0,4.53,-0.08,64.8,19.76,-4.57,0.077,4.1,8.5,6.88,6.35,2.33,0.0,0.0,1,1
238,HD13579_SOPHIE_1.0_Snaky,HD13579,SOPHIE,1.0,Snaky,YV0,33.924,67.673056,5078.0,4.53,0.18,51.0,4.09,-4.63,0.019,4.12,8.15,6.49,5.88,1.38,0.0,0.0,1,1
239,HD136064_SOPHIE_1.0_Snaky,HD136064,SOPHIE,1.0,Snaky,YV0,228.65875,67.346722,6033.0,4.23,0.02,-32.9,53.98,-5.98,0.477,4.11,9.87,8.44,7.92,4.31,0.0,0.0,1,1
240,HD136118_SOPHIE_1.0_Snaky,HD136118,SOPHIE,1.0,Snaky,YV0,229.731271,-1.592402,6205.0,4.25,-0.04,2.9,65.06,-5.32,0.499,3.76,11.5,9.62,9.03,5.45,0.0,0.0,1,1
241,HD136202_SOPHIE_1.0_Snaky,HD136202,SOPHIE,1.0,Snaky,YV0,229.828333,1.765417,6066.0,4.22,0.04,-5.3,54.84,-5.17,0.474,3.68,9.21,7.86,7.39,3.51,0.0,0.0,1,1
242,HD136257_CORALIE07_3.4_Snaky,HD136257,CORALIE07,3.4,Snaky,YV0,230.000355,-8.661706,5997.0,4.33,0.03,-2.7,18.48,-5.13,0.228,4.94,9.86,8.36,7.8,3.77,0.0,0.0,1,1
243,HD136257_CORALIE14_3.8_Snaky,HD136257,CORALIE14,3.8,Snaky,YV0,230.000355,-8.661706,3126.0,5.0,0.0,,,,,4.46,9.52,8.16,7.62,4.12,0.0,0.0,1,1
244,HD136749_SOPHIE_1.0_Snaky,HD136749,SOPHIE,1.0,Snaky,YV0,229.828333,61.374944,6065.0,4.27,0.08,12.1,54.67,-4.88,0.458,3.81,9.82,8.44,7.9,4.27,0.0,0.0,1,1
245,HD136923_SOPHIE_1.0_Snaky,HD136923,SOPHIE,1.0,Snaky,YV0,230.69575,18.918778,5355.0,4.52,-0.08,26.9,27.2,-4.83,0.181,4.12,7.57,6.12,5.7,0.71,0.0,0.0,1,1
246,HD137778_HARPN_3.0.1_Snaky,HD137778,HARPN,3.0.1,Snaky,YV0,232.050879,-9.357862,5113.0,4.51,0.15,90.8,4.51,-4.48,0.015,3.16,7.61,5.92,5.34,1.76,0.0,0.0,1,1
247,HD137870_SOPHIE_1.0_Snaky,HD137870,SOPHIE,1.0,Snaky,YV0,231.682083,45.603889,6180.0,4.24,-0.08,5.9,52.4,-4.97,0.397,3.72,12.93,10.72,9.94,6.48,0.0,1.0,1,1
248,HD138004_SOPHIE_1.0_Snaky,HD138004,SOPHIE,1.0,Snaky,YV0,231.918208,42.881444,5795.0,4.43,-0.08,4.0,23.84,-4.95,0.233,4.32,7.64,6.37,6.04,1.06,0.0,0.0,1,1
249,HD13825_SOPHIE_1.0_Snaky,HD13825,SOPHIE,1.0,Snaky,YV0,33.851667,24.271306,5653.0,4.4,0.15,1.2,9.79,-4.97,0.102,4.1,7.9,6.51,6.1,1.7,0.0,0.0,1,1
250,HD138367_SOPHIE_1.0_Snaky,HD138367,SOPHIE,1.0,Snaky,YV0,232.217083,57.445194,6158.0,4.24,-0.16,-5.4,44.07,-5.06,0.402,4.1,13.16,10.87,10.14,8.15,0.0,0.0,1,1
251,HD138573_HARPS03_3.3.6_Snaky,HD138573,HARPS03,3.3.6,Snaky,YV0,233.181888,10.968299,5715.0,4.4,-0.02,-0.9,3.4,-5.0,0.037,3.22,7.23,5.92,5.6,1.41,0.0,0.0,1,1
252,HD138573_HARPS03_3.5_Snaky,HD138573,HARPS03,3.5,Snaky,YV0,233.181888,10.968299,5720.0,4.39,-0.01,-1.1,11.16,-5.02,0.123,3.38,7.23,5.9,5.59,1.36,0.0,0.0,1,1
253,HD138573_HARPS15_3.3.6_Snaky,HD138573,HARPS15,3.3.6,Snaky,YV0,233.181888,10.968299,5715.0,4.4,-0.02,-0.7,2.67,-4.99,0.029,3.46,7.25,5.93,5.62,1.37,0.0,0.0,1,1
254,HD138573_HARPS15_3.5_Snaky,HD138573,HARPS15,3.5,Snaky,YV0,233.181888,10.968299,5722.0,4.42,-0.02,-1.3,11.7,-5.03,0.13,3.5,7.26,5.92,5.62,1.38,0.0,0.0,1,1
255,HD138573_SOPHIE_1.0_Snaky,HD138573,SOPHIE,1.0,Snaky,YV0,233.181667,10.968278,5712.0,4.42,-0.08,0.2,18.17,-4.99,0.189,4.16,7.65,6.36,6.01,1.06,0.0,0.0,1,1
256,HD138763_HARPS03_3.3.6_Snaky,HD138763,HARPS03,3.3.6,Snaky,YV0,233.5867,-5.695094,5949.0,4.4,-0.03,131.7,10.35,-4.36,0.026,3.22,13.54,11.09,10.36,7.29,0.0,0.0,1,1
257,HD1388_HARPS03_3.3.6_Snaky,HD1388,HARPS03,3.3.6,Snaky,YV0,4.495288,-13.455641,5917.0,4.34,-0.0,1.2,2.68,-4.97,0.028,3.33,7.91,6.65,6.29,2.7,0.0,0.0,1,1
258,HD1388_HARPS03_3.5_Snaky,HD1388,HARPS03,3.5,Snaky,YV0,4.495288,-13.455641,5917.0,4.34,-0.0,1.2,2.81,-4.97,0.029,3.31,7.9,6.65,6.28,2.69,0.0,0.0,1,1
259,HD1388_HARPS15_3.3.6_Snaky,HD1388,HARPS15,3.3.6,Snaky,YV0,4.495288,-13.455641,5917.0,4.34,-0.0,1.0,3.13,-4.98,0.033,3.42,7.93,6.68,6.31,2.8,0.0,0.0,1,1
260,HD1388_HARPS15_3.5_Snaky,HD1388,HARPS15,3.5,Snaky,YV0,4.495288,-13.455641,5917.0,4.34,-0.0,0.9,3.33,-4.98,0.035,3.42,7.94,6.68,6.31,2.8,0.0,0.0,1,1
261,HD13931_SOPHIE_1.0_Snaky,HD13931,SOPHIE,1.0,Snaky,YV0,34.197248,43.77322,5822.0,4.3,0.02,0.8,19.09,-5.0,0.28,3.99,8.02,6.72,6.33,1.68,0.0,0.0,1,1
262,HD139323_SOPHIE_1.0_Snaky,HD139323,SOPHIE,1.0,Snaky,YV0,233.985667,39.831111,5090.0,4.5,0.26,11.7,8.99,-4.88,0.073,4.17,7.87,6.3,5.69,0.89,0.0,0.0,1,1
263,HD139324_SOPHIE_1.0_Snaky,HD139324,SOPHIE,1.0,Snaky,YV0,234.0525,35.705389,5900.0,4.31,0.12,1.4,17.38,-4.97,0.172,4.17,8.09,6.79,6.39,1.74,0.0,0.0,1,1
264,HD139389_SOPHIE_1.0_Snaky,HD139389,SOPHIE,1.0,Snaky,YV0,234.2225,29.991333,6623.0,4.0,0.0,35.9,,-4.71,,4.07,35.48,36.53,55.63,31.82,0.0,0.0,1,1
265,HD139457_SOPHIE_1.0_Snaky,HD139457,SOPHIE,1.0,Snaky,YV0,234.496375,10.24075,6095.0,4.24,-0.33,1.4,38.29,-5.16,0.453,4.19,8.04,6.92,6.57,1.95,0.0,0.0,1,1
266,HD139590_HARPS03_3.3.6_Snaky,HD139590,HARPS03,3.3.6,Snaky,YV0,234.754399,-0.311501,6119.0,4.32,0.12,-1.1,14.65,-5.0,0.171,3.02,8.56,7.31,6.91,3.48,0.0,0.0,1,1
267,HD139590_HARPS03_3.5_Snaky,HD139590,HARPS03,3.5,Snaky,YV0,234.754399,-0.311501,6114.0,4.31,0.1,0.5,17.29,-4.98,0.197,2.85,8.56,7.3,6.89,3.48,0.0,0.0,1,1
268,HD139590_HARPS15_3.3.6_Snaky,HD139590,HARPS15,3.3.6,Snaky,YV0,234.754399,-0.311501,6114.0,4.31,0.1,1.3,17.81,-4.97,0.206,3.39,8.6,7.33,6.93,3.48,0.0,0.0,1,1
269,HD139590_HARPS15_3.5_Snaky,HD139590,HARPS15,3.5,Snaky,YV0,234.754399,-0.311501,6119.0,4.32,0.12,-1.9,16.79,-5.01,0.203,3.39,8.59,7.32,6.92,3.47,0.0,0.0,1,1
270,HD139590_SOPHIE_1.0_Snaky,HD139590,SOPHIE,1.0,Snaky,YV0,234.754375,-0.311472,6132.0,4.34,0.13,-0.8,36.34,-5.0,0.345,4.18,8.95,7.64,7.2,3.12,0.0,0.0,1,1
271,HD13974_SOPHIE_1.0_Snaky,HD13974,SOPHIE,1.0,Snaky,YV0,34.263458,34.224233,5907.0,4.39,-0.59,49.4,15.38,-4.64,0.071,4.11,7.42,6.28,6.05,1.31,1.0,1.0,1,1
272,HD139777_SOPHIE_1.0_Snaky,HD139777,SOPHIE,1.0,Snaky,YV0,232.299583,80.448583,5762.0,4.49,0.03,138.4,39.45,-4.34,0.094,4.44,10.06,8.49,7.93,4.51,0.0,0.0,1,1
273,HD139813_SOPHIE_1.0_Snaky,HD139813,SOPHIE,1.0,Snaky,YV0,232.35125,80.45025,5355.0,4.55,-0.03,84.2,45.29,-4.51,0.201,4.52,9.89,8.16,7.53,4.24,0.0,0.0,1,1
274,HD140283_HARPS03_3.3.6_Snaky,HD140283,HARPS03,3.3.6,Snaky,YV0,235.762905,-10.933499,8612.0,4.0,0.0,,,,,3.41,,,,,0.0,0.0,1,0
275,HD140324_SOPHIE_1.0_Snaky,HD140324,SOPHIE,1.0,Snaky,YV0,235.727083,4.102,5995.0,4.27,-0.17,-31.9,57.22,-5.92,0.477,4.09,8.85,7.65,7.17,3.93,0.0,0.0,1,1
276,HD140412_SOPHIE_1.0_Snaky,HD140412,SOPHIE,1.0,Snaky,YV0,234.672083,68.822,6192.0,4.24,-0.38,-21.6,82.25,-5.66,0.539,3.81,10.14,8.69,8.05,5.46,0.0,0.0,1,1
277,HD14044_CORALIE07_3.4_Snaky,HD14044,CORALIE07,3.4,Snaky,YV0,,,,,,,,,,,,,,,,,0,0
278,HD140538_HARPN_3.0.1_Snaky,HD140538,HARPN,3.0.1,Snaky,YV0,236.007577,2.515167,5682.0,4.44,0.04,45.1,2.56,-4.66,0.013,3.11,7.27,5.81,5.47,1.44,0.0,0.0,1,1
279,HD140538_HARPS03_3.3.6_Snaky,HD140538,HARPS03,3.3.6,Snaky,YV0,236.007577,2.515167,5689.0,4.44,0.04,28.7,9.42,-4.75,0.056,3.34,7.3,5.89,5.54,1.31,0.0,0.0,1,1
280,HD140538_HARPS03_3.5_Snaky,HD140538,HARPS03,3.5,Snaky,YV0,236.007577,2.515167,5687.0,4.45,0.06,24.3,2.63,-4.78,0.018,3.33,7.28,5.86,5.51,1.37,0.0,0.0,1,1
281,HD140538_HARPS15_3.3.6_Snaky,HD140538,HARPS15,3.3.6,Snaky,YV0,236.007577,2.515167,5689.0,4.44,0.04,30.6,9.22,-4.74,0.06,3.37,7.32,5.91,5.56,1.27,0.0,0.0,1,1
282,HD140538_HARPS15_3.5_Snaky,HD140538,HARPS15,3.5,Snaky,YV0,236.007577,2.515167,5681.0,4.46,0.05,25.1,10.98,-4.78,0.073,3.47,7.32,5.89,5.54,1.43,0.0,0.0,1,1
283,HD140572_SOPHIE_1.0_Snaky,HD140572,SOPHIE,1.0,Snaky,YV0,235.887917,22.9205,6223.0,4.24,-0.05,-2.8,52.33,-5.09,0.487,4.16,10.69,9.13,8.56,4.89,0.0,0.0,1,1
284,HD140812_SOPHIE_1.0_Snaky,HD140812,SOPHIE,1.0,Snaky,YV0,236.232917,21.444389,6541.0,4.0,0.0,-15.6,35.62,-5.57,0.525,4.18,14.0,11.24,10.5,6.36,0.0,0.0,1,1
285,HD141004_HARPN_3.0.1_Snaky,HD141004,HARPN,3.0.1,Snaky,YV0,236.610893,7.353069,5915.0,4.24,0.03,6.7,14.98,-4.93,0.138,2.88,7.89,6.64,6.29,2.83,0.0,0.0,1,1
286,HD141004_HARPS15_3.3.6_Snaky,HD141004,HARPS15,3.3.6,Snaky,YV0,236.610893,7.353069,5893.0,4.2,0.01,10.3,14.1,-4.9,0.12,3.44,7.97,6.69,6.32,2.78,0.0,0.0,1,1
287,HD141004_HARPS15_3.5_Snaky,HD141004,HARPS15,3.5,Snaky,YV0,236.610893,7.353069,5893.0,4.2,0.01,9.7,14.35,-4.9,0.125,3.44,7.97,6.69,6.32,2.77,0.0,0.0,1,1
288,HD141004_NEID-HE_1.0_Snaky,HD141004,NEID-HE,1.0,Snaky,YV0,236.60992,7.352768,5915.0,4.26,0.0,7.2,5.6,-4.92,0.052,4.16,8.35,7.02,6.6,2.3,0.0,0.0,1,1
289,HD141004_NEID_1.0_Snaky,HD141004,NEID,1.0,Snaky,YV0,236.60992,7.352768,5951.0,4.25,0.01,7.9,6.32,-4.91,0.056,3.04,7.94,6.59,6.2,2.64,0.0,0.0,1,1
290,HD141004_SOPHIE_1.0_Snaky,HD141004,SOPHIE,1.0,Snaky,YV0,236.610833,7.353083,5934.0,4.27,0.05,-1.5,23.15,-5.05,0.281,5.73,8.35,7.09,6.69,0.48,0.0,0.0,1,1
291,HD141039_SOPHIE_1.0_Snaky,HD141039,SOPHIE,1.0,Snaky,YV0,236.090417,52.983556,5889.0,4.31,0.03,1.0,18.42,-4.98,0.217,4.0,7.93,6.65,6.27,1.44,0.0,0.0,1,1
292,HD141128_HARPS03_3.3.6_Snaky,HD141128,HARPS03,3.3.6,Snaky,YV0,236.908752,-9.480442,6383.0,4.04,-0.15,29.3,,-4.76,,3.11,8.89,7.56,7.14,4.18,0.0,0.0,1,1
293,HD141128_HARPS15_3.3.6_Snaky,HD141128,HARPS15,3.3.6,Snaky,YV0,236.908752,-9.480442,6287.0,4.18,-0.07,18.7,25.66,-4.9,0.196,3.45,8.88,7.56,7.16,3.4,0.0,0.0,1,1
294,HD141272_SOPHIE_1.0_Snaky,HD141272,SOPHIE,1.0,Snaky,YV0,237.039167,1.571722,5357.0,4.56,-0.01,111.4,16.3,-4.41,0.049,4.31,8.42,6.9,6.38,2.35,0.0,0.0,1,1
295,HD141399_SOPHIE_1.0_Snaky,HD141399,SOPHIE,1.0,Snaky,YV0,236.724167,46.986278,5563.0,4.28,0.35,1.6,36.62,-4.97,0.403,4.13,8.16,6.69,6.22,1.57,0.0,0.0,1,1
296,HD142093_SOPHIE_1.0_Snaky,HD142093,SOPHIE,1.0,Snaky,YV0,238.002083,15.235917,5830.0,4.44,-0.18,4.2,40.09,-4.94,0.232,4.09,7.97,6.72,6.33,1.78,0.0,0.0,1,1
297,HD142373_SOPHIE_1.0_Snaky,HD142373,SOPHIE,1.0,Snaky,YV0,238.168917,42.4515,6035.0,4.32,-0.28,-6.7,25.72,-5.36,0.39,4.1,7.86,6.71,6.37,1.56,0.0,0.0,1,1
298,HD142661A_CORALIE14_3.8_Snaky,HD142661A,CORALIE14,3.8,Snaky,YV0,238.977432,-2.16441,6009.0,4.25,0.09,13.8,36.21,-5.12,0.337,5.2,9.94,8.41,7.88,3.97,0.0,0.0,1,1
299,HD142860_HARPS03_3.3.6_Snaky,HD142860,HARPS03,3.3.6,Snaky,YV0,239.113261,15.661617,6317.0,4.25,-0.02,-8.4,21.48,-5.17,0.341,3.35,15.57,12.64,11.59,8.28,0.0,0.0,1,1
300,HD142860_SOPHIE_1.0_Snaky,HD142860,SOPHIE,1.0,Snaky,YV0,239.1125,15.664722,6261.0,4.22,-0.18,-4.9,26.48,-5.04,0.296,4.18,15.82,12.77,11.71,8.16,0.0,0.0,1,1
301,HD14305_SOPHIE_1.0_Snaky,HD14305,SOPHIE,1.0,Snaky,YV0,34.78625,19.687694,6042.0,4.34,-0.1,11.6,60.14,-4.89,0.46,4.1,8.89,7.6,7.14,3.27,0.0,0.0,1,1
302,HD143105_SOPHIE_1.0_Snaky,HD143105,SOPHIE,1.0,Snaky,YV0,238.402083,68.720111,6188.0,4.26,0.11,5.0,58.59,-4.94,0.471,4.19,14.79,12.14,11.39,7.79,0.0,0.0,1,1
303,HD14348_SOPHIE_1.0_Snaky,HD14348,SOPHIE,1.0,Snaky,YV0,34.970417,31.337472,6002.0,4.25,0.17,9.0,18.68,-4.9,0.171,4.15,10.4,8.83,8.32,4.78,0.0,0.0,1,1
304,HD143761_NEID_1.0_Snaky,HD143761,NEID,1.0,Snaky,YV0,240.260064,33.300186,5877.0,4.24,-0.19,-9.9,6.23,-5.11,0.088,3.17,7.34,6.06,5.77,1.97,0.0,0.0,1,1
305,HD143761_SOPHIE_1.0_Snaky,HD143761,SOPHIE,1.0,Snaky,YV0,240.26125,33.3035,5832.0,4.29,-0.19,0.5,18.02,-5.0,0.232,4.17,7.77,6.58,6.23,1.39,0.0,0.0,1,1
306,HD144061_SOPHIE_1.0_Snaky,HD144061,SOPHIE,1.0,Snaky,YV0,239.5875,70.894444,5751.0,4.45,-0.23,10.1,20.86,-4.89,0.159,4.36,7.54,6.29,5.96,0.92,0.0,0.0,1,1
307,HD144087_CORALIE14_3.8_Snaky,HD144087,CORALIE14,3.8,Snaky,YV0,241.108025,-11.449382,5486.0,4.49,0.09,37.4,17.72,-4.72,0.099,4.84,8.71,7.12,6.61,1.59,0.0,0.0,1,1
308,HD144172_SOPHIE_1.0_Snaky,HD144172,SOPHIE,1.0,Snaky,YV0,241.123333,0.672222,6270.0,4.11,-0.4,-10.6,66.95,-5.22,0.394,4.03,9.15,7.82,7.38,2.98,0.0,0.0,1,1
309,HD144287_SOPHIE_1.0_Snaky,HD144287,SOPHIE,1.0,Snaky,YV0,241.015417,25.254833,5406.0,4.48,-0.12,-1.3,20.0,-5.0,0.151,3.76,7.53,6.12,5.7,0.71,0.0,1.0,1,1
310,HD144579_HARPN_3.0.1_Snaky,HD144579,HARPN,3.0.1,Snaky,YV0,241.236641,39.156509,5333.0,4.55,-0.62,-3.7,2.1,-5.03,0.025,3.09,6.45,5.05,4.75,0.38,0.0,0.0,1,1
311,HD144579_SOPHIE_1.0_Snaky,HD144579,SOPHIE,1.0,Snaky,YV0,241.236667,39.1565,5281.0,4.58,-0.61,-9.0,24.94,-5.1,0.213,8.57,9.31,8.15,7.69,0.31,0.0,0.0,1,1
312,HD144585_HARPN_3.0.1_Snaky,HD144585,HARPN,3.0.1,Snaky,YV0,241.76404,-14.071298,5787.0,4.13,0.26,5.4,11.89,-4.93,0.112,3.16,7.72,6.28,5.89,2.34,0.0,0.0,1,1
313,HD144585_HARPS03_3.3.6_Snaky,HD144585,HARPS03,3.3.6,Snaky,YV0,241.76404,-14.071298,5782.0,4.13,0.26,2.6,2.33,-4.96,0.024,3.33,7.78,6.36,5.98,2.04,0.0,0.0,1,1
314,HD144585_HARPS03_3.5_Snaky,HD144585,HARPS03,3.5,Snaky,YV0,241.76404,-14.071298,5782.0,4.13,0.26,2.5,2.39,-4.96,0.025,3.32,7.78,6.35,5.97,2.02,0.0,0.0,1,1
315,HD144821_SOPHIE_1.0_Snaky,HD144821,SOPHIE,1.0,Snaky,YV0,242.069375,-13.768833,6125.0,4.27,-0.02,55.7,87.86,-5.15,0.477,4.43,9.5,8.05,7.48,3.69,0.0,0.0,1,1
316,HD145229_SOPHIE_1.0_Snaky,HD145229,SOPHIE,1.0,Snaky,YV0,242.360917,11.574444,5952.0,4.31,-0.06,270.8,96.55,-4.68,0.345,4.02,8.79,7.49,7.08,3.2,0.0,0.0,1,1
317,HD145368_SOPHIE_1.0_Snaky,HD145368,SOPHIE,1.0,Snaky,YV0,241.002083,73.148389,6241.0,4.22,-0.05,30.6,57.7,-4.75,0.362,3.53,11.97,9.95,9.32,5.73,0.0,0.0,1,1
318,HD145435_SOPHIE_1.0_Snaky,HD145435,SOPHIE,1.0,Snaky,YV0,242.322917,41.095194,6159.0,4.25,0.03,0.1,28.75,-5.01,0.322,4.25,8.99,7.69,7.23,3.11,0.0,0.0,1,1
319,HD145645_SOPHIE_1.0_Snaky,HD145645,SOPHIE,1.0,Snaky,YV0,242.725417,30.985417,5684.0,4.15,0.17,1.4,30.04,-5.05,0.37,4.23,8.25,6.92,6.49,2.16,0.0,0.0,1,1
320,HD145675_SOPHIE_1.0_Snaky,HD145675,SOPHIE,1.0,Snaky,YV0,242.601292,43.817639,5249.0,4.47,0.3,6.5,7.02,-4.92,0.069,4.13,7.95,6.42,5.88,1.16,0.0,0.0,1,1
321,HD1461_HARPS03_3.2.5_Snaky,HD1461,HARPS03,3.2.5,Snaky,YV0,4.674447,-8.053001,5724.0,4.35,0.16,1.3,2.32,-4.97,0.024,3.33,7.56,6.17,5.8,2.07,0.0,0.0,1,1
322,HD1461_HARPS03_3.3.6_Snaky,HD1461,HARPS03,3.3.6,Snaky,YV0,4.674447,-8.053001,5724.0,4.35,0.16,1.3,2.32,-4.97,0.024,3.33,7.56,6.17,5.8,1.85,0.0,0.0,1,1
323,HD1461_HARPS03_3.5_Snaky,HD1461,HARPS03,3.5,Snaky,YV0,4.674447,-8.053001,5724.0,4.35,0.16,1.1,2.42,-4.97,0.025,3.32,7.55,6.17,5.79,1.84,0.0,0.0,1,1
324,HD1461_HARPS15_3.3.6_Snaky,HD1461,HARPS15,3.3.6,Snaky,YV0,4.674447,-8.053001,5724.0,4.35,0.16,5.5,4.7,-4.93,0.047,3.37,7.59,6.2,5.83,1.97,0.0,0.0,1,1
325,HD1461_HARPS15_3.5_Snaky,HD1461,HARPS15,3.5,Snaky,YV0,4.674447,-8.053001,5724.0,4.35,0.16,6.3,2.92,-4.92,0.027,3.42,7.6,6.2,5.83,1.96,0.0,0.0,1,1
326,HD1461_SOPHIE_1.0_Snaky,HD1461,SOPHIE,1.0,Snaky,YV0,4.673417,-8.052639,5714.0,4.3,0.16,-0.6,17.1,-5.01,0.177,3.76,8.0,6.65,6.23,1.48,0.0,0.0,1,1
327,HD146233_CORALIE14_3.8_Snaky,HD146233,CORALIE14,3.8,Snaky,YV0,243.905292,-8.369439,5792.0,4.39,0.06,4.2,18.4,-4.97,0.189,4.69,8.63,7.16,6.72,1.6,0.0,0.0,1,1
328,HD146233_ESPRESSO18_3.2.5_Snaky,HD146233,ESPRESSO18,3.2.5,Snaky,YV0,243.905292,-8.369439,5746.0,4.37,0.03,1.8,11.89,-4.99,0.123,2.75,7.47,6.1,5.76,1.95,0.0,0.0,1,1
329,HD146233_ESPRESSO18_3.3.1_Snaky,HD146233,ESPRESSO18,3.3.1,Snaky,YV0,243.905292,-8.369439,5746.0,4.37,0.03,1.9,11.81,-4.99,0.121,2.75,7.47,6.1,5.76,1.94,0.0,0.0,1,1
330,HD146233_HARPN_3.0.1_Snaky,HD146233,HARPN,3.0.1,Snaky,YV0,243.905292,-8.369439,5761.0,4.36,0.05,4.8,3.72,-4.94,0.038,3.08,7.5,6.17,5.84,2.19,0.0,0.0,1,1
331,HD146233_HARPS03_3.2.5_Snaky,HD146233,HARPS03,3.2.5,Snaky,YV0,243.905292,-8.369439,5741.0,4.37,0.04,4.1,3.12,-4.94,0.029,3.36,7.57,6.25,5.9,2.11,0.0,0.0,1,1
332,HD146233_HARPS03_3.3.6_Snaky,HD146233,HARPS03,3.3.6,Snaky,YV0,243.905292,-8.369439,5741.0,4.37,0.04,4.0,3.16,-4.95,0.03,3.36,7.57,6.25,5.9,2.1,0.0,0.0,1,1
333,HD146233_HARPS03_3.5_Snaky,HD146233,HARPS03,3.5,Snaky,YV0,243.905292,-8.369439,5741.0,4.37,0.04,5.4,2.95,-4.93,0.028,3.33,7.57,6.24,5.89,2.08,0.0,0.0,1,1
334,HD146233_HARPS15_3.2.5_Snaky,HD146233,HARPS15,3.2.5,Snaky,YV0,243.905292,-8.369439,5741.0,4.37,0.04,2.7,2.53,-4.96,0.025,3.43,7.59,6.27,5.92,2.19,0.0,0.0,1,1
335,HD146233_HARPS15_3.3.6_Snaky,HD146233,HARPS15,3.3.6,Snaky,YV0,243.905292,-8.369439,5741.0,4.37,0.04,2.8,2.5,-4.96,0.025,3.43,7.59,6.27,5.92,2.19,0.0,0.0,1,1
336,HD146233_HARPS15_3.5_Snaky,HD146233,HARPS15,3.5,Snaky,YV0,243.905292,-8.369439,5755.0,4.37,0.04,2.8,2.31,-4.96,0.023,3.42,7.59,6.27,5.92,2.18,0.0,0.0,1,1
337,HD146233_NEID_1.0_Snaky,HD146233,NEID,1.0,Snaky,YV0,243.906304,-8.371572,5746.0,4.38,0.0,6.2,4.73,-4.92,0.043,3.21,7.58,6.2,5.84,2.16,0.0,0.0,1,1
338,HD146233_SOPHIE_1.0_Snaky,HD146233,SOPHIE,1.0,Snaky,YV0,243.905417,-8.369444,5765.0,4.42,-0.02,8.1,33.51,-4.91,0.338,4.23,8.02,6.68,6.29,1.69,0.0,0.0,1,1
339,HD146362_SOPHIE_1.0_Snaky,HD146362,SOPHIE,1.0,Snaky,YV0,243.668333,33.8575,5840.0,4.44,-0.11,73.6,19.47,-4.54,0.083,4.13,8.02,6.67,6.29,2.07,0.0,1.0,1,1
340,HD147044_SOPHIE_1.0_Snaky,HD147044,SOPHIE,1.0,Snaky,YV0,244.524667,34.482917,5855.0,4.38,-0.01,5.9,30.72,-5.17,0.332,4.07,7.84,6.58,6.23,1.38,0.0,0.0,1,1
341,HD147062_SOPHIE_1.0_Snaky,HD147062,SOPHIE,1.0,Snaky,YV0,244.857917,5.538111,5961.0,4.24,0.21,26.2,76.44,-4.93,0.462,3.83,9.23,7.8,7.31,3.49,0.0,0.0,1,1
342,HD147512_CORALIE07_3.4_Snaky,HD147512,CORALIE07,3.4,Snaky,YV0,,,,,,,,,,,,,,,,,0,0
343,HD147512_CORALIE14_3.8_Snaky,HD147512,CORALIE14,3.8,Snaky,YV0,245.636342,-4.249247,5539.0,4.45,-0.01,3.1,10.97,-4.97,0.109,5.06,8.33,6.86,6.4,1.01,0.0,0.0,1,1
344,HD147512_HARPS03_3.3.6_Snaky,HD147512,HARPS03,3.3.6,Snaky,YV0,245.636342,-4.249247,5529.0,4.44,-0.08,-1.1,2.2,-5.0,0.024,3.32,7.15,5.77,5.43,1.17,0.0,0.0,1,1
345,HD147512_HARPS03_3.5_Snaky,HD147512,HARPS03,3.5,Snaky,YV0,245.636342,-4.249247,5517.0,4.45,-0.07,-1.4,2.3,-5.0,0.026,3.31,7.15,5.76,5.41,1.15,0.0,0.0,1,1
346,HD147512_SOPHIE_1.0_Snaky,HD147512,SOPHIE,1.0,Snaky,YV0,245.636333,-4.249244,5502.0,4.45,-0.12,0.4,19.7,-4.98,0.21,4.21,7.62,6.28,5.9,1.34,0.0,1.0,1,1
347,HD148049_HARPN_3.0.1_Snaky,HD148049,HARPN,3.0.1,Snaky,YV0,245.77953,50.344218,6044.0,4.2,-0.3,-1.1,9.47,-5.0,0.111,3.07,7.91,6.79,6.45,3.23,0.0,0.0,1,1
348,HD148049_SOPHIE_1.0_Snaky,HD148049,SOPHIE,1.0,Snaky,YV0,245.779529,50.344217,6093.0,4.28,-0.25,8.9,40.38,-4.91,0.431,3.99,8.36,7.24,6.88,2.63,0.0,0.0,1,1
349,HD148329_SOPHIE_1.0_Snaky,HD148329,SOPHIE,1.0,Snaky,YV0,246.072667,55.331972,6048.0,4.3,-0.1,10.0,26.5,-5.03,0.25,4.11,8.26,7.09,6.7,2.35,0.0,0.0,1,1
350,HD148816_HARPS03_3.3.6_Snaky,HD148816,HARPS03,3.3.6,Snaky,YV0,247.618578,4.178223,5904.0,4.19,-0.73,-0.5,4.69,-4.99,0.051,3.24,7.12,6.06,5.83,1.56,0.0,0.0,1,1
351,HD148816_HARPS03_3.5_Snaky,HD148816,HARPS03,3.5,Snaky,YV0,247.618578,4.178223,5904.0,4.19,-0.73,-0.2,5.01,-4.99,0.055,3.23,7.12,6.05,5.82,1.56,0.0,0.0,1,1
352,HD148816_SOPHIE_1.0_Snaky,HD148816,SOPHIE,1.0,Snaky,YV0,247.618333,4.178222,5804.0,4.13,-0.88,-2.7,46.38,-5.04,0.452,4.1,7.54,6.46,6.19,1.17,0.0,0.0,1,1
353,HD149105_SOPHIE_1.0_Snaky,HD149105,SOPHIE,1.0,Snaky,YV0,247.562667,47.953056,5946.0,4.26,-0.07,8.5,30.34,-5.12,0.308,4.11,8.97,7.7,7.2,3.42,0.0,0.0,1,1
354,HD149200_HARPS03_3.3.6_Snaky,HD149200,HARPS03,3.3.6,Snaky,YV0,248.347417,-4.26198,6160.0,4.18,0.08,0.5,13.77,-4.98,0.158,3.27,10.91,9.32,8.76,5.6,0.0,0.0,1,1
355,HD149200_HARPS03_3.5_Snaky,HD149200,HARPS03,3.5,Snaky,YV0,248.347417,-4.26198,6191.0,4.16,0.08,0.5,14.45,-4.98,0.177,3.23,10.91,9.32,8.76,5.56,0.0,0.0,1,1
356,HD149200_HARPS15_3.3.6_Snaky,HD149200,HARPS15,3.3.6,Snaky,YV0,248.347417,-4.26198,6135.0,4.16,0.09,4.6,25.06,-5.01,0.271,3.48,10.93,9.33,8.75,5.65,0.0,0.0,1,1
357,HD149200_HARPS15_3.5_Snaky,HD149200,HARPS15,3.5,Snaky,YV0,248.347417,-4.26198,6097.0,4.17,0.08,-0.8,26.12,-5.12,0.333,3.39,10.94,9.33,8.75,5.69,0.0,0.0,1,1
358,HD149661_CORALIE07_3.4_Snaky,HD149661,CORALIE07,3.4,Snaky,YV0,249.089373,-2.324587,8720.0,4.0,0.0,,,,,4.99,,,,,0.0,0.0,1,0
359,HD149661_HARPS03_3.3.6_Snaky,HD149661,HARPS03,3.3.6,Snaky,YV0,249.089373,-2.324587,5250.0,4.51,0.0,64.5,6.51,-4.57,0.028,3.24,7.39,5.76,5.28,1.14,0.0,0.0,1,1
360,HD149661_HARPS03_3.5_Snaky,HD149661,HARPS03,3.5,Snaky,YV0,249.089373,-2.324587,5246.0,4.51,-0.01,52.4,5.33,-4.63,0.025,3.38,7.35,5.76,5.3,1.15,0.0,0.0,1,1
361,HD149661_SOPHIE_1.0_Snaky,HD149661,SOPHIE,1.0,Snaky,YV0,249.089167,-2.324583,5249.0,4.53,-0.01,61.9,20.85,-4.59,0.089,4.23,7.81,6.28,5.79,0.9,0.0,0.0,1,1
362,HD149890_SOPHIE_1.0_Snaky,HD149890,SOPHIE,1.0,Snaky,YV0,249.108333,30.941667,6025.0,4.3,-0.19,9.9,61.79,-4.97,0.455,3.77,7.86,6.69,6.32,1.45,0.0,0.0,1,1
363,HD150177_HARPS03_3.3.6_Snaky,HD150177,HARPS03,3.3.6,Snaky,YV0,249.91304,-9.554587,6119.0,4.1,-0.58,9.3,3.96,-4.9,0.034,3.25,8.64,7.54,7.13,3.77,0.0,0.0,1,1
364,HD150177_HARPS03_3.5_Snaky,HD150177,HARPS03,3.5,Snaky,YV0,249.91304,-9.554587,6119.0,4.1,-0.58,8.8,4.49,-4.9,0.039,3.24,8.64,7.53,7.13,3.76,0.0,0.0,1,1
365,HD15029_SOPHIE_1.0_Snaky,HD15029,SOPHIE,1.0,Snaky,YV0,36.39125,11.971194,6156.0,4.18,-0.27,-14.6,65.09,-5.58,0.545,3.99,10.38,8.93,8.32,4.73,0.0,0.0,1,1
366,HD150433_HARPS03_3.3.6_Snaky,HD150433,HARPS03,3.3.6,Snaky,YV0,250.284228,-2.857278,5639.0,4.41,-0.35,-3.4,3.03,-5.03,0.036,3.31,6.99,5.73,5.45,1.1,0.0,0.0,1,1
367,HD150433_HARPS03_3.5_Snaky,HD150433,HARPS03,3.5,Snaky,YV0,250.284228,-2.857278,5639.0,4.41,-0.35,-3.4,3.29,-5.03,0.038,3.3,6.99,5.73,5.44,1.09,0.0,0.0,1,1
368,HD150433_HARPS15_3.3.6_Snaky,HD150433,HARPS15,3.3.6,Snaky,YV0,250.284228,-2.857278,5639.0,4.41,-0.35,-3.1,2.68,-5.02,0.031,3.47,7.02,5.76,5.48,1.08,0.0,0.0,1,1
369,HD150433_HARPS15_3.5_Snaky,HD150433,HARPS15,3.5,Snaky,YV0,250.284228,-2.857278,5639.0,4.41,-0.35,-2.9,2.96,-5.02,0.034,3.46,7.02,5.76,5.47,1.07,0.0,0.0,1,1
370,HD150706_SOPHIE_1.0_Snaky,HD150706,SOPHIE,1.0,Snaky,YV0,247.823333,79.789778,5833.0,4.43,-0.12,87.4,13.91,-4.49,0.046,3.99,8.83,7.47,7.04,3.25,0.0,0.0,1,1
371,HD15095_SOPHIE_1.0_Snaky,HD15095,SOPHIE,1.0,Snaky,YV0,36.546196,10.637825,5972.0,4.39,-0.25,4.6,28.01,-4.94,0.243,4.06,7.84,6.65,6.3,1.52,0.0,1.0,1,1
372,HD151044_SOPHIE_1.0_Snaky,HD151044,SOPHIE,1.0,Snaky,YV0,250.615833,49.936444,6061.0,4.3,-0.06,-3.8,37.83,-5.04,0.333,4.41,9.54,8.17,7.67,4.0,0.0,0.0,1,1
373,HD151288_HARPN_3.0.1_Snaky,HD151288,HARPN,3.0.1,Snaky,YV0,251.27646,33.509226,4118.0,4.57,-0.02,16.2,2.0,-4.84,0.015,3.1,6.87,5.67,4.95,1.21,0.0,0.0,1,1
374,HD151288_SOPHIE_1.0_Snaky,HD151288,SOPHIE,1.0,Snaky,YV0,251.276583,33.508306,3882.0,5.0,0.0,,,,,4.5,7.63,6.35,5.53,0.99,0.0,0.0,1,1
375,HD151541_SOPHIE_1.0_Snaky,HD151541,SOPHIE,1.0,Snaky,YV0,250.660708,68.102167,5363.0,4.5,-0.22,-41.6,78.65,-5.89,0.577,4.05,7.42,5.99,5.57,0.5,0.0,0.0,1,1
376,HD15228_SOPHIE_1.0_Snaky,HD15228,SOPHIE,1.0,Snaky,YV0,36.8475,10.198306,6322.0,4.14,-0.2,6.5,57.5,-5.13,0.494,4.17,16.21,13.1,11.98,8.31,0.0,0.0,1,1
377,HD152391_HARPS03_3.3.6_Snaky,HD152391,HARPS03,3.3.6,Snaky,YV0,253.24501,-0.026421,5428.0,4.48,-0.02,98.1,7.97,-4.45,0.024,3.27,8.1,6.59,6.13,2.8,0.0,0.0,1,1
378,HD152391_HARPS03_3.5_Snaky,HD152391,HARPS03,3.5,Snaky,YV0,253.24501,-0.026421,5428.0,4.48,-0.02,98.5,8.11,-4.45,0.025,3.28,8.09,6.58,6.12,2.78,0.0,0.0,1,1
379,HD152391_SOPHIE_1.0_Snaky,HD152391,SOPHIE,1.0,Snaky,YV0,253.245,-0.026417,5418.0,4.54,-0.02,98.1,18.53,-4.45,0.058,3.44,8.54,7.01,6.52,2.52,0.0,0.0,1,1
380,HD152446_SOPHIE_1.0_Snaky,HD152446,SOPHIE,1.0,Snaky,YV0,253.171375,18.062153,6297.0,4.23,0.01,-25.0,61.01,-5.75,0.47,4.2,13.97,11.45,10.56,6.97,0.0,0.0,1,1
381,HD152792_SOPHIE_1.0_Snaky,HD152792,SOPHIE,1.0,Snaky,YV0,253.384292,42.825639,3308.0,5.0,0.0,,,,,,7.21,7.12,6.11,3.01,1.0,0.0,1,1
382,HD15326_SOPHIE_1.0_Snaky,HD15326,SOPHIE,1.0,Snaky,YV0,37.190833,29.687,6151.0,4.24,0.03,1.2,34.01,-4.99,0.342,3.98,11.15,9.41,8.81,5.26,0.0,0.0,1,1
383,HD153344_HARPN_3.0.1_Snaky,HD153344,HARPN,3.0.1,Snaky,YV0,253.691569,62.099935,5724.0,4.17,0.08,-1.2,11.09,-5.02,0.123,3.11,7.51,6.13,5.78,2.03,0.0,0.0,1,1
384,HD153344_SOPHIE_1.0_Snaky,HD153344,SOPHIE,1.0,Snaky,YV0,253.692083,62.099917,5758.0,4.24,0.09,5.0,15.97,-4.94,0.156,4.23,8.0,6.67,6.25,1.5,0.0,0.0,1,1
385,HD153376_SOPHIE_1.0_Snaky,HD153376,SOPHIE,1.0,Snaky,YV0,254.657917,15.454361,5930.0,4.3,0.11,18.6,48.65,-4.83,0.338,4.61,9.37,7.98,7.5,3.84,0.0,0.0,1,1
386,HD153597_SOPHIE_1.0_Snaky,HD153597,SOPHIE,1.0,Snaky,YV0,254.005667,65.134667,6198.0,4.26,-0.18,39.5,24.9,-4.72,0.136,4.28,13.9,11.33,10.54,8.72,0.0,0.0,1,1
387,HD153627_SOPHIE_1.0_Snaky,HD153627,SOPHIE,1.0,Snaky,YV0,255.068208,10.822806,5947.0,4.3,-0.18,36.6,44.8,-4.9,0.28,3.99,8.02,6.79,6.44,2.5,0.0,0.0,1,1
388,HD153631_CORALIE07_3.4_Snaky,HD153631,CORALIE07,3.4,Snaky,YV0,255.29482,-13.567113,5903.0,4.37,-0.05,12.6,25.07,-4.9,0.237,,8.53,7.15,6.73,1.3,0.0,0.0,1,1
389,HD153631_HARPS03_3.3.6_Snaky,HD153631,HARPS03,3.3.6,Snaky,YV0,255.29482,-13.567113,5912.0,4.33,-0.03,0.8,3.51,-4.98,0.037,3.36,7.44,6.17,5.85,1.78,0.0,1.0,1,1
390,HD153631_HARPS15_3.3.6_Snaky,HD153631,HARPS15,3.3.6,Snaky,YV0,255.29482,-13.567113,5918.0,4.33,-0.02,0.2,14.65,-5.03,0.157,3.44,7.48,6.2,5.88,1.88,0.0,0.0,1,1
391,HD153970_SOPHIE_1.0_Snaky,HD153970,SOPHIE,1.0,Snaky,YV0,255.120417,45.778806,6128.0,4.28,-0.13,-4.1,46.71,-5.1,0.467,4.18,9.07,7.83,7.35,3.48,0.0,0.0,1,1
392,HD154345_NEID_1.0_Snaky,HD154345,NEID,1.0,Snaky,YV0,255.652462,47.085554,5448.0,4.47,-0.16,6.7,4.54,-4.92,0.041,3.14,7.1,5.59,5.23,1.04,0.0,0.0,1,1
393,HD154345_SOPHIE_1.0_Snaky,HD154345,SOPHIE,1.0,Snaky,YV0,255.651667,47.081889,5453.0,4.47,-0.17,9.6,8.56,-4.89,0.074,4.03,7.56,6.17,5.78,0.67,0.0,0.0,1,1
394,HD154355_SOPHIE_1.0_Snaky,HD154355,SOPHIE,1.0,Snaky,YV0,255.38,58.556306,6194.0,4.21,0.0,-25.9,45.33,-5.79,0.509,4.14,10.6,9.01,8.45,4.77,0.0,0.0,1,1
395,HD154363_CORALIE14_3.8_Snaky,HD154363,CORALIE14,3.8,Snaky,YV0,256.264145,-5.06651,4377.0,4.59,-0.27,44.6,10.16,-4.66,0.055,4.67,8.43,6.77,5.88,0.86,0.0,0.0,1,1
396,HD154363_HARPS03_3.3.6_Snaky,HD154363,HARPS03,3.3.6,Snaky,YV0,256.264145,-5.06651,4364.0,4.59,-0.29,5.8,2.71,-4.93,0.025,3.34,6.9,5.51,4.83,0.62,0.0,0.0,1,1
397,HD154363_HARPS03_3.5_Snaky,HD154363,HARPS03,3.5,Snaky,YV0,256.264145,-5.06651,4364.0,4.59,-0.29,6.0,,-4.93,,3.33,6.9,5.5,4.82,0.59,0.0,0.0,1,1
398,HD154363_HARPS15_3.3.6_Snaky,HD154363,HARPS15,3.3.6,Snaky,YV0,256.264145,-5.06651,4377.0,4.59,-0.27,2.3,1.11,-4.96,0.011,3.48,6.92,5.52,4.84,0.58,0.0,0.0,1,1
399,HD154363_HARPS15_3.5_Snaky,HD154363,HARPS15,3.5,Snaky,YV0,256.264145,-5.06651,4371.0,4.6,-0.27,2.2,0.73,-4.96,0.007,3.4,6.92,5.52,4.84,0.57,0.0,0.0,1,1
400,HD154363_NEID_1.0_Snaky,HD154363,NEID,1.0,Snaky,YV0,256.260183,-5.071414,4427.0,4.59,-0.29,4.7,1.6,-4.94,0.015,3.18,6.92,5.46,4.76,0.55,0.0,0.0,1,1
401,HD154417_CORALIE07_3.4_Snaky,HD154417,CORALIE07,3.4,Snaky,YV0,256.320077,0.702561,5885.0,4.4,0.03,56.1,39.79,-4.68,0.183,5.39,10.74,9.08,8.53,4.92,0.0,0.0,1,1
402,HD154417_HARPS03_3.3.6_Snaky,HD154417,HARPS03,3.3.6,Snaky,YV0,256.320077,0.702561,5934.0,4.35,-0.02,81.3,6.07,-4.51,0.022,3.09,9.95,8.41,7.9,4.93,0.0,0.0,1,1
403,HD154417_HARPS03_3.5_Snaky,HD154417,HARPS03,3.5,Snaky,YV0,256.320077,0.702561,6019.0,4.35,0.04,101.9,16.81,-4.44,0.051,3.41,9.95,8.42,7.92,4.91,0.0,0.0,1,1
404,HD154417_SOPHIE_1.0_Snaky,HD154417,SOPHIE,1.0,Snaky,YV0,256.320042,0.702556,5961.0,4.38,-0.03,97.3,44.87,-4.46,0.17,4.09,10.29,8.66,8.13,4.66,0.0,0.0,1,1
405,HD154962_CORALIE07_3.4_Snaky,HD154962,CORALIE07,3.4,Snaky,YV0,257.227165,-3.882996,5780.0,4.18,0.3,-0.1,16.18,-5.05,0.179,5.16,9.11,7.6,7.07,2.1,0.0,0.0,1,1
406,HD154962_HARPS03_3.3.6_Snaky,HD154962,HARPS03,3.3.6,Snaky,YV0,257.227165,-3.882996,5741.0,4.09,0.29,3.2,1.79,-4.95,0.018,3.23,8.12,6.7,6.27,2.62,0.0,0.0,1,1
407,HD154962_HARPS03_3.5_Snaky,HD154962,HARPS03,3.5,Snaky,YV0,257.227165,-3.882996,5741.0,4.09,0.29,3.1,2.25,-4.96,0.022,3.19,8.12,6.69,6.26,2.6,0.0,0.0,1,1
408,HD155060_SOPHIE_1.0_Snaky,HD155060,SOPHIE,1.0,Snaky,YV0,256.983083,32.105583,6002.0,4.38,-0.11,-2.4,19.96,-5.14,0.249,4.1,8.53,7.31,6.9,3.23,0.0,0.0,1,1
409,HD155193_SOPHIE_1.0_Snaky,HD155193,SOPHIE,1.0,Snaky,YV0,257.42125,10.038694,6167.0,4.2,0.02,-0.6,64.77,-5.0,0.478,4.16,8.86,7.54,7.09,2.79,0.0,0.0,1,1
410,HD155228_SOPHIE_1.0_Snaky,HD155228,SOPHIE,1.0,Snaky,YV0,257.362917,22.091806,6211.0,4.18,-0.14,-10.8,53.11,-5.17,0.501,3.95,10.77,9.17,8.58,5.89,0.0,1.0,1,1
411,HD155423_SOPHIE_1.0_Snaky,HD155423,SOPHIE,1.0,Snaky,YV0,257.84425,4.690278,6036.0,4.23,0.15,3.0,27.03,-5.04,0.382,5.07,14.86,12.16,11.41,9.35,0.0,0.0,1,1
412,HD155515_CORALIE14_3.8_Snaky,HD155515,CORALIE14,3.8,Snaky,YV0,258.131011,-10.278114,6047.0,4.35,-0.25,9.5,27.59,-5.05,0.265,4.89,9.33,8.02,7.5,3.4,0.0,0.0,1,1
413,HD155859_SOPHIE_1.0_Snaky,HD155859,SOPHIE,1.0,Snaky,YV0,256.49975,75.103472,5929.0,4.26,0.03,-5.6,73.77,-5.56,0.558,4.21,8.43,7.14,6.75,3.08,0.0,0.0,1,1
414,HD1562_SOPHIE_1.0_Snaky,HD1562,SOPHIE,1.0,Snaky,YV0,5.001667,38.227389,5712.0,4.46,-0.29,-1.7,13.32,-5.01,0.143,4.13,7.5,6.26,5.93,0.82,0.0,0.0,1,1
415,HD157089_HARPN_3.0.1_Snaky,HD157089,HARPN,3.0.1,Snaky,YV0,260.279402,1.443051,5815.0,4.19,-0.52,-3.4,13.27,-5.07,0.156,3.13,7.16,6.04,5.78,1.95,0.0,0.0,1,1
416,HD157089_SOPHIE_1.0_Snaky,HD157089,SOPHIE,1.0,Snaky,YV0,260.279583,1.443056,5880.0,4.21,-0.47,-7.6,77.47,-5.28,0.53,4.13,7.67,6.55,6.25,1.31,0.0,0.0,1,1
417,HD157214_HARPN_3.0.1_Snaky,HD157214,HARPN,3.0.1,Snaky,YV0,260.164864,32.467744,5703.0,4.33,-0.37,-2.3,11.04,-5.03,0.126,3.09,6.98,5.72,5.45,1.3,0.0,0.0,1,1
418,HD157214_NEID_1.0_Snaky,HD157214,NEID,1.0,Snaky,YV0,260.165557,32.463262,5715.0,4.34,-0.39,-2.5,4.33,-5.01,0.049,3.17,7.05,5.74,5.46,1.16,0.0,0.0,1,1
419,HD157347_CORALIE14_3.8_Snaky,HD157347,CORALIE14,3.8,Snaky,YV0,260.713699,-2.388177,5688.0,4.44,0.06,-4.6,15.99,-5.07,0.215,4.96,8.39,6.98,6.53,1.3,0.0,0.0,1,1
420,HD157347_ESPRESSO19_3.2.5_Snaky,HD157347,ESPRESSO19,3.2.5,Snaky,YV0,260.713699,-2.388177,5701.0,4.39,0.03,0.1,,-4.99,,2.73,7.24,5.84,5.51,1.43,0.0,0.0,1,1
421,HD157347_ESPRESSO19_3.3.1_Snaky,HD157347,ESPRESSO19,3.3.1,Snaky,YV0,260.713699,-2.388177,5701.0,4.39,0.03,-0.1,,-4.99,,2.73,7.24,5.84,5.51,1.42,0.0,0.0,1,1
422,HD157347_HARPN_3.0.1_Snaky,HD157347,HARPN,3.0.1,Snaky,YV0,260.713699,-2.388177,5700.0,4.39,0.04,2.5,11.7,-4.96,0.118,3.17,7.26,5.9,5.57,1.65,0.0,0.0,1,1
423,HD157347_HARPS03_3.3.6_Snaky,HD157347,HARPS03,3.3.6,Snaky,YV0,260.713699,-2.388177,5694.0,4.38,0.03,-0.8,2.66,-5.0,0.029,3.32,7.34,6.0,5.66,1.56,0.0,0.0,1,1
424,HD157347_HARPS03_3.5_Snaky,HD157347,HARPS03,3.5,Snaky,YV0,260.713699,-2.388177,5694.0,4.38,0.03,-0.8,2.62,-5.0,0.029,3.33,7.34,5.99,5.65,1.53,0.0,0.0,1,1
425,HD157347_HARPS15_3.3.6_Snaky,HD157347,HARPS15,3.3.6,Snaky,YV0,260.713699,-2.388177,5694.0,4.38,0.03,-0.6,2.24,-4.99,0.024,3.42,7.36,6.02,5.68,1.57,0.0,0.0,1,1
426,HD157347_HARPS15_3.5_Snaky,HD157347,HARPS15,3.5,Snaky,YV0,260.713699,-2.388177,5694.0,4.38,0.03,0.2,2.36,-4.98,0.025,3.5,7.37,6.02,5.68,1.56,0.0,0.0,1,1
427,HD157347_NEID_1.0_Snaky,HD157347,NEID,1.0,Snaky,YV0,260.713909,-2.388643,5719.0,4.38,0.02,-0.4,4.65,-4.99,0.05,3.25,7.35,5.93,5.59,1.53,0.0,0.0,1,1
428,HD157347_SOPHIE_1.0_Snaky,HD157347,SOPHIE,1.0,Snaky,YV0,260.7125,-2.388056,5704.0,4.43,0.0,2.1,37.75,-4.98,0.319,4.21,7.78,6.46,6.08,1.15,0.0,0.0,1,1
429,HD157373_SOPHIE_1.0_Snaky,HD157373,SOPHIE,1.0,Snaky,YV0,260.14,48.188806,6337.0,4.15,-0.48,-6.8,61.4,-5.07,0.403,3.86,14.99,11.98,10.79,7.17,0.0,1.0,1,1
430,HD157466_SOPHIE_1.0_Snaky,HD157466,SOPHIE,1.0,Snaky,YV0,260.615042,24.879833,5991.0,4.36,-0.3,-10.6,23.31,-5.29,0.405,3.92,8.23,7.19,6.82,2.69,0.0,0.0,1,1
431,HD157881_HARPN_3.0.1_Snaky,HD157881,HARPN,3.0.1,Snaky,YV0,261.438468,2.111423,4118.0,4.57,-0.02,20.7,2.69,-4.81,0.019,3.08,6.93,5.72,5.0,1.37,0.0,0.0,1,1
432,HD157881_NEID_1.0_Snaky,HD157881,NEID,1.0,Snaky,YV0,261.435968,2.106322,4300.0,4.56,-0.15,29.3,0.79,-4.75,0.005,3.15,7.06,5.8,5.04,1.31,0.0,0.0,1,1
433,HD157881_SOPHIE_1.0_Snaky,HD157881,SOPHIE,1.0,Snaky,YV0,261.438458,2.111417,3842.0,5.0,0.0,8.6,,-4.9,,4.36,7.72,6.45,5.62,1.15,0.0,0.0,1,1
434,HD158096_SOPHIE_1.0_Snaky,HD158096,SOPHIE,1.0,Snaky,YV0,261.155,50.68575,5720.0,4.3,0.04,-3.4,40.93,-5.03,0.457,4.04,7.91,6.57,6.19,1.36,0.0,0.0,1,1
435,HD15814_HARPS03_3.3.6_Snaky,HD15814,HARPS03,3.3.6,Snaky,YV0,38.225591,15.034536,6071.0,4.3,-0.27,-6.4,16.86,-5.08,0.237,3.49,8.5,7.33,6.91,3.67,1.0,1.0,1,1
436,HD158259_SOPHIE_1.0_Snaky,HD158259,SOPHIE,1.0,Snaky,YV0,261.35,52.790667,5932.0,4.35,-0.02,11.1,12.89,-4.88,0.107,4.03,7.98,6.71,6.31,2.12,0.0,0.0,1,1
437,HD15830_SOPHIE_1.0_Snaky,HD15830,SOPHIE,1.0,Snaky,YV0,38.544167,42.78525,5658.0,4.45,-0.05,7.0,15.21,-4.92,0.137,4.18,7.58,6.23,5.86,0.93,0.0,0.0,1,1
438,HD158332_SOPHIE_1.0_Snaky,HD158332,SOPHIE,1.0,Snaky,YV0,261.89375,26.794944,5399.0,4.45,0.26,4.9,11.34,-4.94,0.105,4.17,7.81,6.36,5.9,1.11,0.0,0.0,1,1
439,HD158633_HARPN_3.0.1_Snaky,HD158633,HARPN,3.0.1,Snaky,YV0,261.250409,67.306708,5275.0,4.54,-0.43,0.4,3.04,-4.98,0.032,3.15,6.58,5.13,4.81,0.45,0.0,0.0,1,1
440,HD158633_SOPHIE_1.0_Snaky,HD158633,SOPHIE,1.0,Snaky,YV0,261.250375,67.306694,5296.0,4.54,-0.43,-0.1,8.78,-4.99,0.09,4.14,7.18,5.79,5.42,0.34,0.0,0.0,1,1
441,HD159062_HARPN_3.0.1_Snaky,HD159062,HARPN,3.0.1,Snaky,YV0,262.56845,47.402194,5418.0,4.51,-0.37,-1.3,7.67,-5.01,0.085,3.08,6.69,5.3,5.01,0.55,0.0,0.0,1,1
442,HD159062_SOPHIE_1.0_Snaky,HD159062,SOPHIE,1.0,Snaky,YV0,262.568333,47.402222,5410.0,4.51,-0.4,1.6,16.15,-4.97,0.135,4.05,7.26,5.94,5.59,0.44,0.0,0.0,1,1
443,HD159063_SOPHIE_1.0_Snaky,HD159063,SOPHIE,1.0,Snaky,YV0,262.975583,16.824056,6210.0,4.07,0.16,-104.7,53.59,-6.38,0.295,4.15,17.55,16.12,15.78,11.13,0.0,0.0,1,1
444,HD159222_HARPN_3.0.1_Snaky,HD159222,HARPN,3.0.1,Snaky,YV0,263.004133,34.271148,5782.0,4.32,0.1,18.5,5.59,-4.82,0.043,3.06,7.91,6.58,6.21,2.82,0.0,0.0,1,1
445,HD159222_SOPHIE_1.0_Snaky,HD159222,SOPHIE,1.0,Snaky,YV0,263.004125,34.271139,5790.0,4.3,0.11,15.3,16.33,-4.87,0.128,4.13,8.37,7.04,6.62,2.41,0.0,0.0,1,1
446,HD15942_HARPS03_3.3.6_Snaky,HD15942,HARPS03,3.3.6,Snaky,YV0,38.515167,12.18086,5781.0,4.2,0.3,9.3,12.33,-4.9,0.107,3.36,7.94,6.49,6.09,2.3,0.0,0.0,1,1
447,HD15942_HARPS03_3.5_Snaky,HD15942,HARPS03,3.5,Snaky,YV0,38.515167,12.18086,5781.0,4.2,0.3,9.0,12.23,-4.9,0.108,3.35,7.93,6.49,6.08,2.29,0.0,0.0,1,1
448,HD15942_SOPHIE_1.0_Snaky,HD15942,SOPHIE,1.0,Snaky,YV0,38.515,12.180861,5761.0,4.24,0.29,9.8,46.65,-4.9,0.419,4.11,8.29,6.88,6.43,1.96,0.0,0.0,1,1
449,HD159909_HARPN_3.0.1_Snaky,HD159909,HARPN,3.0.1,Snaky,YV0,264.209173,10.574532,5739.0,4.33,0.07,9.2,12.16,-4.91,0.107,3.1,7.43,6.03,5.68,1.86,0.0,0.0,1,1
450,HD160245_SOPHIE_1.0_Snaky,HD160245,SOPHIE,1.0,Snaky,YV0,264.337083,35.799111,6147.0,4.22,0.13,28.5,61.35,-5.02,0.431,4.43,15.04,12.25,11.47,9.57,0.0,1.0,1,1
451,HD160506_SOPHIE_1.0_Snaky,HD160506,SOPHIE,1.0,Snaky,YV0,264.515833,45.557389,5967.0,4.38,-0.13,-8.1,60.93,-5.13,0.45,3.76,11.57,9.97,9.57,7.17,0.0,1.0,1,1
452,HD161163_SOPHIE_1.0_Snaky,HD161163,SOPHIE,1.0,Snaky,YV0,265.555,38.070611,5943.0,4.37,-0.25,-3.7,59.86,-5.48,0.525,4.71,8.09,6.77,6.37,2.22,1.0,1.0,1,1
453,HD161198_SOPHIE_1.0_Snaky,HD161198,SOPHIE,1.0,Snaky,YV0,265.8155,21.610722,5337.0,4.5,-0.42,-13.4,26.95,-5.22,0.343,4.15,7.18,5.84,5.47,0.36,0.0,1.0,1,1
454,HD16141_HARPS03_3.3.6_Snaky,HD16141,HARPS03,3.3.6,Snaky,YV0,38.833038,-3.560603,5774.0,4.12,0.16,0.4,12.11,-4.99,0.13,3.07,7.69,6.32,5.96,2.05,0.0,0.0,1,1
455,HD16141_HARPS03_3.5_Snaky,HD16141,HARPS03,3.5,Snaky,YV0,38.833038,-3.560603,5766.0,4.12,0.15,1.1,12.01,-4.98,0.125,3.04,7.69,6.32,5.95,2.05,0.0,0.0,1,1
456,HD16141_HARPS15_3.3.6_Snaky,HD16141,HARPS15,3.3.6,Snaky,YV0,38.833038,-3.560603,5766.0,4.12,0.15,1.0,5.28,-4.98,0.057,3.45,7.72,6.35,5.99,2.18,0.0,0.0,1,1
457,HD16141_HARPS15_3.5_Snaky,HD16141,HARPS15,3.5,Snaky,YV0,38.833038,-3.560603,5787.0,4.15,0.18,3.0,15.92,-4.97,0.165,3.32,7.74,6.36,6.0,2.16,0.0,0.0,1,1
458,HD161555_HARPS03_3.3.6_Snaky,HD161555,HARPS03,3.3.6,Snaky,YV0,266.632504,-7.985659,5874.0,4.15,0.18,2.5,11.3,-4.96,0.112,3.18,8.01,6.65,6.25,2.53,0.0,0.0,1,1
459,HD161555_HARPS03_3.5_Snaky,HD161555,HARPS03,3.5,Snaky,YV0,266.632504,-7.985659,5865.0,4.17,0.18,2.1,11.35,-4.97,0.114,3.15,8.0,6.65,6.25,2.54,0.0,0.0,1,1
460,HD16160_ESPRESSO18_3.2.5_Snaky,HD16160,ESPRESSO18,3.2.5,Snaky,YV0,39.020422,6.886773,4766.0,4.55,-0.13,0.8,,-4.98,,2.74,6.86,5.3,4.73,0.9,0.0,0.0,1,1
461,HD16160_ESPRESSO18_3.3.1_Snaky,HD16160,ESPRESSO18,3.3.1,Snaky,YV0,39.020422,6.886773,4766.0,4.55,-0.13,0.8,,-4.98,,2.74,6.86,5.3,4.73,0.57,0.0,0.0,1,1
462,HD16160_HARPN_3.0.1_Snaky,HD16160,HARPN,3.0.1,Snaky,YV0,39.020422,6.886773,4753.0,4.57,-0.18,1.3,2.9,-4.97,0.03,3.11,6.93,5.38,4.82,0.67,0.0,0.0,1,1
463,HD16160_HARPS03_3.3.6_Snaky,HD16160,HARPS03,3.3.6,Snaky,YV0,39.020422,6.886773,4753.0,4.57,-0.18,0.5,2.69,-4.98,0.029,3.34,6.98,5.47,4.91,0.61,0.0,0.0,1,1
464,HD16160_HARPS03_3.5_Snaky,HD16160,HARPS03,3.5,Snaky,YV0,39.020422,6.886773,4766.0,4.57,-0.18,1.1,2.75,-4.97,0.03,3.33,6.98,5.47,4.9,0.59,0.0,0.0,1,1
465,HD16160_HARPS15_3.3.6_Snaky,HD16160,HARPS15,3.3.6,Snaky,YV0,39.020422,6.886773,4836.0,4.53,-0.1,3.9,3.04,-4.95,0.03,3.47,7.1,5.53,4.95,0.62,0.0,0.0,1,1
466,HD16160_HARPS15_3.5_Snaky,HD16160,HARPS15,3.5,Snaky,YV0,39.020422,6.886773,4836.0,4.53,-0.1,3.9,3.25,-4.95,0.032,3.47,7.08,5.5,4.92,0.54,0.0,0.0,1,1
467,HD16160_SOPHIE_1.0_Snaky,HD16160,SOPHIE,1.0,Snaky,YV0,39.015958,6.883361,4835.0,4.53,-0.09,2.7,3.27,-4.96,0.033,4.23,7.57,6.05,5.45,0.46,0.0,0.0,1,1
468,HD16175_SOPHIE_1.0_Snaky,HD16175,SOPHIE,1.0,Snaky,YV0,39.257917,42.062639,5950.0,4.25,0.27,2.7,48.16,-4.96,0.363,4.08,9.73,8.21,7.71,4.07,0.0,0.0,1,1
469,HD161897_SOPHIE_1.0_Snaky,HD161897,SOPHIE,1.0,Snaky,YV0,265.2775,72.420333,5578.0,4.47,-0.01,19.0,17.71,-4.82,0.126,4.17,7.72,6.34,5.95,1.04,0.0,0.0,1,1
470,HD162004_SOPHIE_1.0_Snaky,HD162004,SOPHIE,1.0,Snaky,YV0,265.492083,72.156889,6110.0,4.28,-0.04,-5.3,37.0,-5.05,0.327,4.18,10.85,9.25,8.62,6.08,0.0,0.0,1,1
471,HD16232_SOPHIE_1.0_Snaky,HD16232,SOPHIE,1.0,Snaky,YV0,39.24,24.648083,5000.0,3.5,-0.02,8.8,,-4.9,,4.13,66.82,66.3,163.97,67.04,1.0,0.0,1,1
472,HD162826_SOPHIE_1.0_Snaky,HD162826,SOPHIE,1.0,Snaky,YV0,267.808333,40.072472,6181.0,4.29,-0.02,-3.1,21.57,-5.1,0.298,4.34,8.76,7.54,7.12,2.88,0.0,0.0,1,1
473,HD162917_SOPHIE_1.0_Snaky,HD162917,SOPHIE,1.0,Snaky,YV0,268.309583,6.10125,5897.0,3.73,0.25,10.7,,-4.88,,4.09,44.11,44.44,98.06,42.32,1.0,0.0,1,1
474,HD163102_CORALIE07_3.4_Snaky,HD163102,CORALIE07,3.4,Snaky,YV0,268.624293,-3.462455,6192.0,4.16,-0.09,-9.3,20.82,-5.33,0.338,5.27,11.95,10.01,9.33,5.69,0.0,0.0,1,1
475,HD163102_HARPS03_3.3.6_Snaky,HD163102,HARPS03,3.3.6,Snaky,YV0,268.624293,-3.462455,6229.0,4.2,-0.06,-9.0,22.09,-5.15,0.353,3.25,11.11,9.44,8.82,5.63,0.0,0.0,1,1
476,HD163102_HARPS03_3.5_Snaky,HD163102,HARPS03,3.5,Snaky,YV0,268.624293,-3.462455,6234.0,4.2,-0.06,-7.7,21.76,-5.14,0.328,3.19,11.1,9.44,8.81,5.62,0.0,0.0,1,1
477,HD163750_SOPHIE_1.0_Snaky,HD163750,SOPHIE,1.0,Snaky,YV0,269.327917,12.626611,6227.0,4.24,-0.05,-54.8,88.29,-6.48,0.52,3.91,10.17,8.72,8.18,5.3,0.0,1.0,1,1
478,HD16397_SOPHIE_1.0_Snaky,HD16397,SOPHIE,1.0,Snaky,YV0,39.616083,30.816639,5769.0,4.39,-0.55,-5.9,30.71,-5.07,0.263,4.18,7.4,6.25,5.93,0.95,0.0,0.0,1,1
479,HD164595_HARPS15_3.3.6_Snaky,HD164595,HARPS15,3.3.6,Snaky,YV0,270.16206,29.571922,5725.0,4.41,-0.07,-2.2,11.87,-5.04,0.135,3.55,7.16,5.84,5.54,1.18,0.0,0.0,1,1
480,HD164595_SOPHIE_1.0_Snaky,HD164595,SOPHIE,1.0,Snaky,YV0,270.161667,29.571917,5707.0,4.42,-0.1,-0.8,12.56,-5.0,0.131,4.13,7.57,6.28,5.93,0.87,0.0,0.0,1,1
481,HD164651_HARPN_3.0.1_Snaky,HD164651,HARPN,3.0.1,Snaky,YV0,270.57451,0.104191,5541.0,4.45,-0.03,4.1,9.23,-4.96,0.089,3.07,7.16,5.76,5.42,1.41,0.0,0.0,1,1
482,HD164651_SOPHIE_1.0_Snaky,HD164651,SOPHIE,1.0,Snaky,YV0,270.574167,0.104167,5582.0,4.44,-0.05,-14.6,32.83,-5.21,0.38,3.87,7.66,6.33,5.95,1.05,0.0,0.0,1,1
483,HD164922_SOPHIE_1.0_Snaky,HD164922,SOPHIE,1.0,Snaky,YV0,270.628583,26.313,5360.0,4.4,0.18,8.2,20.12,-4.97,0.185,4.12,7.73,6.31,5.86,1.01,0.0,0.0,1,1
484,HD165281_SOPHIE_1.0_Snaky,HD165281,SOPHIE,1.0,Snaky,YV0,270.972917,30.377194,6213.0,4.23,-0.06,-69.6,54.0,-6.9,0.492,4.02,11.66,9.81,9.12,5.58,0.0,0.0,1,1
485,HD165341A_HARPS03_3.3.6_Snaky,HD165341A,HARPS03,3.3.6,Snaky,YV0,271.363535,2.500146,5298.0,4.5,0.03,55.6,1.71,-4.61,0.008,3.37,7.56,5.98,5.52,1.61,0.0,0.0,1,1
486,HD165341A_HARPS03_3.5_Snaky,HD165341A,HARPS03,3.5,Snaky,YV0,271.363535,2.500146,5299.0,4.49,0.04,56.3,6.57,-4.61,0.03,3.35,7.55,5.97,5.51,1.58,0.0,0.0,1,1
487,HD165341B_HARPS03_3.3.6_Snaky,HD165341B,HARPS03,3.3.6,Snaky,YV0,271.364429,2.498947,5021.0,4.5,-0.02,54.6,3.92,-4.62,0.018,3.37,8.0,6.51,6.1,2.93,0.0,0.0,1,1
488,HD165341B_HARPS03_3.5_Snaky,HD165341B,HARPS03,3.5,Snaky,YV0,271.364429,2.498947,5021.0,4.5,-0.02,55.2,3.89,-4.61,0.018,3.36,7.99,6.5,6.1,2.92,0.0,0.0,1,1
489,HD165401_HARPN_3.0.1_Snaky,HD165401,HARPN,3.0.1,Snaky,YV0,271.406059,4.657166,5797.0,4.41,-0.42,34.6,11.57,-4.72,0.067,3.11,7.27,6.08,5.8,2.04,0.0,0.0,1,1
490,HD166_HARPN_3.0.1_Snaky,HD166,HARPN,3.0.1,Snaky,YV0,1.653267,29.021503,5855.0,4.43,-0.16,-10.8,17.99,-5.31,0.303,3.17,7.09,5.84,5.56,1.52,0.0,0.0,1,1
491,HD166435_SOPHIE_1.0_Snaky,HD166435,SOPHIE,1.0,Snaky,YV0,272.3375,29.951667,5803.0,4.47,-0.02,163.5,20.06,-4.28,0.045,4.0,12.14,9.91,9.29,6.04,0.0,0.0,1,1
492,HD166620_HARPN_3.0.1_Snaky,HD166620,HARPN,3.0.1,Snaky,YV0,272.405901,38.457776,5000.0,4.55,-0.18,-1.6,1.16,-5.0,0.013,3.09,6.8,5.23,4.75,0.52,0.0,0.0,1,1
493,HD166620_NEID_1.0_Snaky,HD166620,NEID,1.0,Snaky,YV0,272.404161,38.455761,4997.0,4.56,-0.22,-0.2,1.48,-4.99,0.016,3.17,6.91,5.31,4.83,0.49,0.0,0.0,1,1
494,HD166620_SOPHIE_1.0_Snaky,HD166620,SOPHIE,1.0,Snaky,YV0,272.405875,38.45775,5018.0,4.54,-0.18,-2.8,,-5.04,,4.08,7.37,5.89,5.39,0.43,0.0,0.0,1,1
495,HD16673_SOPHIE_1.0_Snaky,HD16673,SOPHIE,1.0,Snaky,YV0,40.05175,-9.452889,5934.0,4.34,-0.04,12.3,83.2,-4.95,0.47,7.26,12.91,10.53,9.79,6.02,0.0,0.0,1,1
496,HD167407_SOPHIE_1.0_Snaky,HD167407,SOPHIE,1.0,Snaky,YV0,271.509167,76.131806,5996.0,4.3,0.07,3.9,51.69,-5.01,0.485,4.2,9.32,7.9,7.41,3.65,0.0,0.0,1,1
497,HD167588_SOPHIE_1.0_Snaky,HD167588,SOPHIE,1.0,Snaky,YV0,273.683333,29.207306,6066.0,4.22,-0.17,1.1,44.25,-4.98,0.287,3.95,9.09,7.83,7.34,3.52,0.0,0.0,1,1
498,HD168009_HARPN_3.0.1_Snaky,HD168009,HARPN,3.0.1,Snaky,YV0,273.885264,45.209317,5790.0,4.35,0.05,5.1,7.85,-4.94,0.074,3.04,7.52,6.2,5.86,2.22,0.0,0.0,1,1
499,HD168009_NEID_1.0_Snaky,HD168009,NEID,1.0,Snaky,YV0,273.884792,45.208823,5791.0,4.37,0.01,-6.3,5.18,-5.06,0.066,3.08,7.58,6.21,5.86,2.17,0.0,0.0,1,1
500,HD168009_SOPHIE_1.0_Snaky,HD168009,SOPHIE,1.0,Snaky,YV0,273.88525,45.209306,5780.0,4.35,0.05,8.8,16.28,-4.93,0.144,4.29,8.01,6.71,6.32,1.72,0.0,0.0,1,1
501,HD168443_CORALIE07_3.4_Snaky,HD168443,CORALIE07,3.4,Snaky,YV0,275.016388,-9.595726,4692.0,3.5,0.06,-11.5,,-5.13,,3.17,7.7,4.05,4.84,9.46,0.0,0.0,1,1
502,HD168443_CORALIE14_3.8_Snaky,HD168443,CORALIE14,3.8,Snaky,YV0,275.016388,-9.595726,,,,,,,,,8.55,6.92,6.27,,0.0,0.0,0,1
503,HD168443_HARPS03_3.3.6_Snaky,HD168443,HARPS03,3.3.6,Snaky,YV0,275.016388,-9.595726,5615.0,4.16,0.11,0.1,2.76,-4.99,0.03,3.35,7.52,6.1,5.72,1.67,0.0,0.0,1,1
504,HD168443_HARPS03_3.5_Snaky,HD168443,HARPS03,3.5,Snaky,YV0,275.016388,-9.595726,5615.0,4.16,0.11,0.5,1.93,-4.98,0.021,3.34,7.52,6.09,5.71,1.65,0.0,0.0,1,1
505,HD168874_SOPHIE_1.0_Snaky,HD168874,SOPHIE,1.0,Snaky,YV0,275.205,27.530306,5806.0,4.43,-0.05,112.3,57.23,-4.41,0.162,4.26,11.48,9.54,8.97,5.66,0.0,0.0,1,1
506,HD16895_SOPHIE_1.0_Snaky,HD16895,SOPHIE,1.0,Snaky,YV0,41.049583,49.228444,6300.0,4.26,0.02,-15.6,16.81,-5.2,0.253,4.12,13.45,11.09,10.34,8.31,0.0,0.0,1,1
507,HD169244_SOPHIE_1.0_Snaky,HD169244,SOPHIE,1.0,Snaky,YV0,275.537083,36.30175,6147.0,4.18,-0.2,-7.8,48.17,-5.16,0.406,4.13,9.13,7.92,7.47,3.56,0.0,0.0,1,1
508,HD169925_SOPHIE_1.0_Snaky,HD169925,SOPHIE,1.0,Snaky,YV0,273.89375,79.064889,5958.0,4.23,0.22,-4.3,55.76,-5.06,0.469,3.83,9.77,8.32,7.82,4.2,0.0,0.0,1,1
509,HD170778_SOPHIE_1.0_Snaky,HD170778,SOPHIE,1.0,Snaky,YV0,277.266375,43.939278,5887.0,4.43,-0.04,113.4,16.48,-4.41,0.046,6.95,13.02,10.54,9.84,6.55,0.0,0.0,1,1
510,HD171067_SOPHIE_1.0_Snaky,HD171067,SOPHIE,1.0,Snaky,YV0,278.043333,13.736556,5646.0,4.46,-0.09,4.3,16.92,-4.94,0.158,4.17,7.57,6.22,5.85,0.94,0.0,0.0,1,1
511,HD171488_HARPS03_3.3.6_Snaky,HD171488,HARPS03,3.3.6,Snaky,YV0,278.583762,18.690065,4940.0,3.5,0.01,456.1,,-3.9,,2.9,65.62,62.79,151.06,64.94,0.0,0.0,1,1
512,HD171488_HARPS15_3.3.6_Snaky,HD171488,HARPS15,3.3.6,Snaky,YV0,278.583762,18.690065,4940.0,3.5,0.01,411.3,,-3.94,,3.42,65.3,62.57,143.93,64.54,0.0,0.0,1,1
513,HD171488_SOPHIE_1.0_Snaky,HD171488,SOPHIE,1.0,Snaky,YV0,278.583333,18.69,4940.0,3.5,0.01,385.1,,-3.96,,4.07,66.42,63.11,131.37,63.82,0.0,0.0,1,1
514,HD171620_SOPHIE_1.0_Snaky,HD171620,SOPHIE,1.0,Snaky,YV0,278.627917,34.415611,6053.0,4.28,-0.4,1.4,34.67,-5.05,0.377,4.06,8.37,7.25,6.87,2.67,0.0,0.0,1,1
515,HD171888_SOPHIE_1.0_Snaky,HD171888,SOPHIE,1.0,Snaky,YV0,279.289292,0.951139,6048.0,4.18,0.2,-19.9,63.6,-5.69,0.565,4.19,9.6,8.17,7.6,3.84,0.0,0.0,1,1
516,HD172085_SOPHIE_1.0_Snaky,HD172085,SOPHIE,1.0,Snaky,YV0,279.29375,24.433306,6009.0,4.23,0.18,11.2,35.76,-4.9,0.292,3.78,9.08,7.7,7.2,3.29,0.0,0.0,1,1
517,HD172669_SOPHIE_1.0_Snaky,HD172669,SOPHIE,1.0,Snaky,YV0,279.097396,66.913246,5781.0,4.43,-0.03,52.1,24.49,-4.63,0.127,4.23,8.2,6.86,6.44,2.13,0.0,0.0,1,1
518,HD172675_SOPHIE_1.0_Snaky,HD172675,SOPHIE,1.0,Snaky,YV0,280.335,4.558167,6265.0,4.24,-0.01,20.0,57.57,-4.97,0.416,2.97,13.62,11.2,10.33,8.76,0.0,0.0,1,1
519,HD173701_SOPHIE_1.0_Snaky,HD173701,SOPHIE,1.0,Snaky,YV0,281.14625,43.83325,5329.0,4.44,0.26,12.7,9.19,-4.87,0.075,4.07,7.91,6.39,5.88,1.26,0.0,0.0,1,1
520,HD173885_HARPS03_3.3.6_Snaky,HD173885,HARPS03,3.3.6,Snaky,YV0,282.049175,-14.708336,6234.0,4.07,-0.18,-4.3,14.15,-5.04,0.192,3.32,8.98,7.77,7.32,3.85,0.0,0.0,1,1
521,HD173885_HARPS03_3.5_Snaky,HD173885,HARPS03,3.5,Snaky,YV0,282.049175,-14.708336,6234.0,4.07,-0.18,-3.2,12.94,-5.02,0.159,3.27,8.98,7.76,7.31,3.84,0.0,0.0,1,1
522,HD173885_HARPS15_3.3.6_Snaky,HD173885,HARPS15,3.3.6,Snaky,YV0,282.049175,-14.708336,6234.0,4.07,-0.18,-7.3,13.63,-5.08,0.18,3.43,9.01,7.8,7.34,3.83,0.0,0.0,1,1
523,HD173885_HARPS15_3.5_Snaky,HD173885,HARPS15,3.5,Snaky,YV0,282.049175,-14.708336,6217.0,4.13,-0.17,-3.3,21.52,-5.05,0.286,3.32,9.02,7.8,7.33,3.91,0.0,0.0,1,1
524,HD174160_SOPHIE_1.0_Snaky,HD174160,SOPHIE,1.0,Snaky,YV0,282.067917,23.514694,6176.0,4.24,-0.08,-18.2,37.97,-5.52,0.498,3.75,11.01,9.32,8.69,5.14,0.0,0.0,1,1
525,HD174719_SOPHIE_1.0_Snaky,HD174719,SOPHIE,1.0,Snaky,YV0,282.951667,3.031,5617.0,4.47,-0.21,8.5,15.87,-4.93,0.141,4.22,7.39,6.08,5.77,0.59,0.0,0.0,1,1
526,HD175726_SOPHIE_1.0_Snaky,HD175726,SOPHIE,1.0,Snaky,YV0,284.154167,4.265,6071.0,4.37,0.01,136.4,29.47,-4.35,0.076,4.07,18.99,17.57,17.08,12.43,0.0,0.0,1,1
527,HD17591_SOPHIE_1.0_Snaky,HD17591,SOPHIE,1.0,Snaky,YV0,43.094583,63.409806,5991.0,4.4,-0.06,150.6,41.99,-4.31,0.1,4.22,11.88,9.83,9.24,5.89,0.0,0.0,1,1
528,HD176377_SOPHIE_1.0_Snaky,HD176377,SOPHIE,1.0,Snaky,YV0,284.7125,30.180639,5829.0,4.42,-0.23,14.2,19.26,-4.9,0.155,4.31,7.92,6.69,6.3,1.73,0.0,0.0,1,1
529,HD176441_SOPHIE_1.0_Snaky,HD176441,SOPHIE,1.0,Snaky,YV0,284.927083,16.252611,6275.0,4.19,-0.18,-19.2,47.12,-5.49,0.52,3.7,9.0,7.77,7.31,2.93,0.0,0.0,1,1
530,HD17674_SOPHIE_1.0_Snaky,HD17674,SOPHIE,1.0,Snaky,YV0,42.767917,30.28675,5905.0,4.38,-0.17,-0.9,17.28,-5.0,0.201,4.17,7.87,6.68,6.34,1.67,1.0,0.0,1,1
531,HD176841_SOPHIE_1.0_Snaky,HD176841,SOPHIE,1.0,Snaky,YV0,284.205208,68.292361,5735.0,4.33,0.28,26.4,55.43,-5.15,0.409,4.08,8.53,7.17,6.7,3.0,0.0,0.0,1,1
532,HD176969_SOPHIE_1.0_Snaky,HD176969,SOPHIE,1.0,Snaky,YV0,285.209167,42.2525,6162.0,4.31,-0.06,-0.1,57.97,-5.12,0.504,4.17,9.18,7.88,7.43,3.48,0.0,0.0,1,1
533,HD177153_HARPN_3.0.1_Snaky,HD177153,HARPN,3.0.1,Snaky,YV0,285.415325,41.490091,6032.0,4.31,-0.02,-2.3,17.11,-5.04,0.206,3.09,8.44,7.23,6.83,3.56,0.0,0.0,1,1
534,HD177153_SOPHIE_1.0_Snaky,HD177153,SOPHIE,1.0,Snaky,YV0,285.415292,41.490083,5981.0,4.31,0.02,-11.0,59.43,-5.61,0.558,4.13,8.88,7.56,7.09,3.22,0.0,0.0,1,1
535,HD177305_SOPHIE_1.0_Snaky,HD177305,SOPHIE,1.0,Snaky,YV0,285.860417,17.067361,5905.0,4.38,-0.22,-4.4,26.96,-5.04,0.273,3.7,7.7,6.52,6.19,1.26,0.0,0.0,1,1
536,HD177758_CORALIE07_3.4_Snaky,HD177758,CORALIE07,3.4,Snaky,YV0,286.605498,-11.897414,5847.0,4.27,-0.63,-1.9,16.11,-5.03,0.21,5.43,8.16,6.98,6.66,0.98,0.0,0.0,1,1
537,HD177758_CORALIE14_3.8_Snaky,HD177758,CORALIE14,3.8,Snaky,YV0,286.605498,-11.897414,5846.0,4.29,-0.46,-9.8,21.15,-5.35,0.352,5.16,8.11,6.93,6.61,1.18,0.0,0.0,1,1
538,HD177758_HARPS03_3.3.6_Snaky,HD177758,HARPS03,3.3.6,Snaky,YV0,286.605498,-11.897414,5876.0,4.24,-0.62,-1.3,4.14,-5.0,0.045,3.19,7.04,5.94,5.75,1.42,0.0,0.0,1,1
539,HD177758_HARPS03_3.5_Snaky,HD177758,HARPS03,3.5,Snaky,YV0,286.605498,-11.897414,5876.0,4.24,-0.62,-1.0,4.61,-5.0,0.051,3.18,7.04,5.91,5.73,1.38,0.0,0.0,1,1
540,HD177758_SOPHIE_1.0_Snaky,HD177758,SOPHIE,1.0,Snaky,YV0,286.605458,-11.897389,5936.0,4.33,-0.41,10.9,34.12,-5.14,0.337,7.68,9.38,8.18,7.73,4.15,0.0,0.0,1,1
541,HD17925_CORALIE14_3.8_Snaky,HD17925,CORALIE14,3.8,Snaky,YV0,43.133867,-12.769713,5053.0,4.52,0.03,126.7,4.97,-4.37,0.013,4.7,10.19,8.14,7.49,3.99,0.0,0.0,1,1
542,HD17925_HARPS03_3.3.6_Snaky,HD17925,HARPS03,3.3.6,Snaky,YV0,43.133867,-12.769713,5101.0,4.53,0.03,123.6,5.22,-4.38,0.014,3.22,9.08,7.41,6.82,4.04,0.0,0.0,1,1
543,HD17925_HARPS03_3.5_Snaky,HD17925,HARPS03,3.5,Snaky,YV0,43.133867,-12.769713,5101.0,4.53,0.03,121.6,3.38,-4.38,0.009,3.1,9.08,7.39,6.8,4.1,0.0,0.0,1,1
544,HD17925_HARPS15_3.3.6_Snaky,HD17925,HARPS15,3.3.6,Snaky,YV0,43.133867,-12.769713,5077.0,4.52,0.02,121.1,4.47,-4.39,0.012,3.33,9.12,7.45,6.85,4.12,0.0,0.0,1,1
545,HD17948_SOPHIE_1.0_Snaky,HD17948,SOPHIE,1.0,Snaky,YV0,43.98625,61.521056,6842.0,4.0,0.0,-5.9,31.82,-5.06,0.295,3.92,12.19,10.08,9.35,7.18,0.0,0.0,1,1
546,HD179957_NEID_1.0_Snaky,HD179957,NEID,1.0,Snaky,YV0,288.018255,49.856601,5736.0,4.37,0.0,0.3,4.45,-4.98,0.049,3.04,7.31,5.9,5.57,1.61,0.0,0.0,1,1
547,HD180161_SOPHIE_1.0_Snaky,HD180161,SOPHIE,1.0,Snaky,YV0,288.046667,57.672,5420.0,4.51,0.11,97.8,32.67,-4.45,0.097,4.2,8.1,6.51,6.02,1.28,0.0,0.0,1,1
548,HD180409_HARPS03_3.3.6_Snaky,HD180409,HARPS03,3.3.6,Snaky,YV0,289.217556,-10.971777,5940.0,4.38,-0.18,-2.1,4.07,-5.01,0.046,3.31,7.66,6.51,6.2,2.51,0.0,0.0,1,1
549,HD180409_HARPS03_3.5_Snaky,HD180409,HARPS03,3.5,Snaky,YV0,289.217556,-10.971777,5940.0,4.38,-0.18,-1.3,5.03,-5.0,0.054,3.3,7.66,6.5,6.19,2.49,0.0,0.0,1,1
550,HD180684_SOPHIE_1.0_Snaky,HD180684,SOPHIE,1.0,Snaky,YV0,289.202417,18.976333,6017.0,4.26,0.03,17.3,59.94,-5.17,0.468,3.82,10.71,9.09,8.44,5.01,0.0,0.0,1,1
551,HD18144_SOPHIE_1.0_Snaky,HD18144,SOPHIE,1.0,Snaky,YV0,43.8225,16.309167,5494.0,4.43,0.02,14.6,12.98,-4.85,0.101,4.16,7.66,6.23,5.83,0.93,0.0,0.0,1,1
552,HD181655_SOPHIE_1.0_Snaky,HD181655,SOPHIE,1.0,Snaky,YV0,289.912083,37.330528,5695.0,4.47,0.01,-0.9,13.17,-5.0,0.149,4.2,8.64,7.2,6.72,2.76,0.0,0.0,1,1
553,HD182101_SOPHIE_1.0_Snaky,HD182101,SOPHIE,1.0,Snaky,YV0,290.70125,9.913139,6395.0,4.2,0.04,34.7,33.73,-4.8,0.203,4.17,20.15,18.79,17.85,13.11,0.0,0.0,1,1
554,HD182488_HARPN_3.0.1_Snaky,HD182488,HARPN,3.0.1,Snaky,YV0,290.891721,33.221966,5357.0,4.47,0.12,3.1,7.29,-4.96,0.072,2.8,7.14,5.63,5.22,1.01,0.0,0.0,1,1
555,HD182488_SOPHIE_1.0_Snaky,HD182488,SOPHIE,1.0,Snaky,YV0,290.891708,33.221956,5402.0,4.47,0.15,8.4,30.59,-4.93,0.289,4.42,8.7,7.08,6.57,3.95,0.0,0.0,1,1
556,HD182572_NEID_1.0_Snaky,HD182572,NEID,1.0,Snaky,YV0,291.245674,11.947182,5604.0,4.13,0.3,5.3,3.62,-4.93,0.034,3.14,7.79,6.23,5.79,2.03,0.0,1.0,1,1
557,HD182807_SOPHIE_1.0_Snaky,HD182807,SOPHIE,1.0,Snaky,YV0,291.357083,24.912806,6142.0,4.28,-0.15,-10.4,66.67,-5.38,0.491,3.36,8.75,7.59,7.17,3.11,0.0,0.0,1,1
558,HD1832_HARPN_3.0.1_Snaky,HD1832,HARPN,3.0.1,Snaky,YV0,5.75087,22.375,5768.0,4.38,0.01,14.4,12.91,-4.86,0.101,3.14,7.47,6.12,5.79,2.11,0.0,0.0,1,1
559,HD1832_SOPHIE_1.0_Snaky,HD1832,SOPHIE,1.0,Snaky,YV0,5.750417,22.375,5784.0,4.39,-0.02,7.6,9.27,-4.91,0.081,3.97,7.92,6.61,6.21,1.43,0.0,0.0,1,1
560,HD183341_SOPHIE_1.0_Snaky,HD183341,SOPHIE,1.0,Snaky,YV0,292.19325,11.026972,5862.0,4.34,0.05,11.2,51.8,-5.31,0.47,3.98,8.27,7.0,6.61,2.85,0.0,0.0,1,1
561,HD1835_HARPS03_3.3.6_Snaky,HD1835,HARPS03,3.3.6,Snaky,YV0,5.715785,-12.209436,5656.0,4.42,0.12,94.7,7.4,-4.46,0.025,3.26,10.93,9.16,8.61,5.75,0.0,0.0,1,1
562,HD1835_HARPS03_3.5_Snaky,HD1835,HARPS03,3.5,Snaky,YV0,5.715785,-12.209436,5649.0,4.43,0.12,93.1,9.84,-4.47,0.032,3.32,10.96,9.19,8.64,5.79,0.0,0.0,1,1
563,HD1835_HARPS15_3.3.6_Snaky,HD1835,HARPS15,3.3.6,Snaky,YV0,5.715785,-12.209436,5643.0,4.43,0.11,111.7,6.53,-4.41,0.019,3.36,11.01,9.15,8.59,5.78,0.0,0.0,1,1
564,HD1835_HARPS15_3.5_Snaky,HD1835,HARPS15,3.5,Snaky,YV0,5.715785,-12.209436,5643.0,4.43,0.11,111.8,6.72,-4.41,0.019,3.36,11.0,9.21,8.65,5.85,0.0,0.0,1,1
565,HD183650_SOPHIE_1.0_Snaky,HD183650,SOPHIE,1.0,Snaky,YV0,292.339333,31.608639,5641.0,4.14,0.3,-84.7,34.12,-6.46,0.269,4.24,8.28,6.87,6.38,1.92,0.0,0.0,1,1
566,HD183658_HARPN_3.0.1_Snaky,HD183658,HARPN,3.0.1,Snaky,YV0,292.719663,-6.514424,5782.0,4.37,0.06,3.9,11.47,-4.96,0.113,3.12,7.31,5.96,5.65,1.76,0.0,0.0,1,1
567,HD183658_HARPS03_3.3.6_Snaky,HD183658,HARPS03,3.3.6,Snaky,YV0,292.719663,-6.514424,5752.0,4.37,0.02,0.2,3.75,-4.99,0.04,3.34,7.37,6.05,5.73,1.82,0.0,0.0,1,1
568,HD183658_HARPS03_3.5_Snaky,HD183658,HARPS03,3.5,Snaky,YV0,292.719663,-6.514424,5752.0,4.37,0.02,-0.5,3.85,-4.99,0.041,3.26,7.35,6.04,5.72,1.62,0.0,0.0,1,1
569,HD183658_HARPS15_3.3.6_Snaky,HD183658,HARPS15,3.3.6,Snaky,YV0,292.719663,-6.514424,5744.0,4.37,0.03,0.9,3.16,-4.98,0.033,3.4,7.39,6.07,5.76,1.7,0.0,0.0,1,1
570,HD183658_HARPS15_3.5_Snaky,HD183658,HARPS15,3.5,Snaky,YV0,292.719663,-6.514424,5776.0,4.37,0.06,3.0,3.12,-4.96,0.031,3.45,7.39,6.06,5.74,1.62,0.0,0.0,1,1
571,HD183870_CORALIE07_3.4_Snaky,HD183870,CORALIE07,3.4,Snaky,YV0,293.027934,-11.274941,5029.0,4.52,0.06,43.3,15.62,-4.68,0.081,5.41,8.9,7.2,6.52,1.48,0.0,0.0,1,1
572,HD183870_CORALIE14_3.8_Snaky,HD183870,CORALIE14,3.8,Snaky,YV0,293.027934,-11.274941,4981.0,4.54,-0.03,71.1,13.6,-4.55,0.053,5.6,8.88,7.09,6.45,1.6,0.0,0.0,1,1
573,HD183870_HARPS03_3.3.6_Snaky,HD183870,HARPS03,3.3.6,Snaky,YV0,293.027934,-11.274941,4997.0,4.54,-0.02,75.5,3.74,-4.53,0.014,3.36,7.73,6.12,5.55,1.73,0.0,0.0,1,1
574,HD183870_HARPS03_3.5_Snaky,HD183870,HARPS03,3.5,Snaky,YV0,293.027934,-11.274941,4997.0,4.54,-0.02,76.4,3.96,-4.53,0.015,3.35,7.72,6.11,5.54,1.99,0.0,0.0,1,1
575,HD184385_SOPHIE_1.0_Snaky,HD184385,SOPHIE,1.0,Snaky,YV0,293.356458,21.840306,5499.0,4.45,0.03,62.5,24.07,-4.58,0.102,4.18,8.2,6.48,5.99,1.92,0.0,0.0,1,1
576,HD184467_SOPHIE_1.0_Snaky,HD184467,SOPHIE,1.0,Snaky,YV0,292.785583,58.586972,5360.0,4.53,-0.73,6.0,9.94,-4.93,0.097,3.74,7.17,5.82,5.3,12.64,0.0,1.0,1,1
577,HD184499_SOPHIE_1.0_Snaky,HD184499,SOPHIE,1.0,Snaky,YV0,293.362833,33.201861,5736.0,4.19,-0.45,-1313.8,,-6.9,,4.33,7.65,6.5,6.21,1.28,0.0,0.0,1,1
578,HD184768_HARPS03_3.3.6_Snaky,HD184768,HARPS03,3.3.6,Snaky,YV0,294.002718,0.091187,5670.0,4.31,-0.03,-0.9,2.32,-5.0,0.025,3.37,7.29,5.95,5.63,1.48,0.0,0.0,1,1
579,HD184768_HARPS03_3.5_Snaky,HD184768,HARPS03,3.5,Snaky,YV0,294.002718,0.091187,5670.0,4.31,-0.03,-0.8,2.43,-5.0,0.027,3.35,7.29,5.94,5.63,1.47,0.0,0.0,1,1
580,HD184768_SOPHIE_1.0_Snaky,HD184768,SOPHIE,1.0,Snaky,YV0,294.002917,0.091167,5734.0,4.37,-0.02,-7.8,87.41,-5.57,0.548,4.2,7.72,6.42,6.06,1.11,0.0,0.0,1,1
581,HD184960_HARPN_3.0.1_Snaky,HD184960,HARPN,3.0.1,Snaky,YV0,293.582455,51.236619,6213.0,4.17,-0.12,-4.9,19.54,-5.06,0.269,3.14,12.65,10.49,9.81,7.79,0.0,0.0,1,1
582,HD184960_SOPHIE_1.0_Snaky,HD184960,SOPHIE,1.0,Snaky,YV0,293.582458,51.236611,6220.0,4.17,-0.12,-6.8,13.93,-5.07,0.178,4.15,12.96,10.72,9.97,6.45,0.0,0.0,1,1
583,HD184962_SOPHIE_1.0_Snaky,HD184962,SOPHIE,1.0,Snaky,YV0,294.095833,15.892306,6057.0,4.37,0.01,86.9,65.13,-4.54,0.23,4.64,17.98,8.07,7.42,3.73,1.0,0.0,1,1
584,HD185144_HARPN_3.0.1_Snaky,HD185144,HARPN,3.0.1,Snaky,YV0,293.089959,69.661176,5274.0,4.5,-0.2,11.7,3.36,-4.88,0.028,3.12,6.74,5.24,4.88,0.52,0.0,0.0,1,1
585,HD185144_NEID_1.0_Snaky,HD185144,NEID,1.0,Snaky,YV0,293.09736,69.653693,5282.0,4.51,-0.24,10.6,2.52,-4.89,0.021,2.87,6.83,5.27,4.9,0.47,0.0,0.0,1,1
586,HD185720_CORALIE07_3.4_Snaky,HD185720,CORALIE07,3.4,Snaky,YV0,295.188011,-7.512345,6210.0,4.07,0.16,6.7,24.32,-5.05,0.243,5.33,19.51,17.84,17.09,12.74,0.0,0.0,1,1
587,HD185720_CORALIE14_3.8_Snaky,HD185720,CORALIE14,3.8,Snaky,YV0,295.188011,-7.512345,6169.0,4.06,0.2,46.7,56.14,-4.91,0.31,4.67,19.56,17.59,17.08,12.62,0.0,0.0,1,1
588,HD186104_SOPHIE_1.0_Snaky,HD186104,SOPHIE,1.0,Snaky,YV0,295.624,1.5865,5662.0,4.28,0.13,-15.5,32.14,-5.6,0.512,4.25,7.77,6.41,6.05,1.47,0.0,0.0,1,1
589,HD186257_SOPHIE_1.0_Snaky,HD186257,SOPHIE,1.0,Snaky,YV0,295.489167,36.225694,6291.0,4.27,-0.47,-13.6,52.73,-5.44,0.46,3.5,13.0,10.6,9.81,6.24,0.0,0.0,1,1
590,HD186408_HARPN_3.0.1_Snaky,HD186408,HARPN,3.0.1,Snaky,YV0,295.453972,50.525061,5749.0,4.23,0.08,1.6,11.84,-4.98,0.122,3.1,7.67,6.33,5.98,2.42,0.0,0.0,1,1
591,HD186408_NEID_1.0_Snaky,HD186408,NEID,1.0,Snaky,YV0,295.45297,50.524376,5791.0,4.3,0.09,0.8,4.6,-4.98,0.048,3.22,7.73,6.37,6.0,2.36,0.0,0.0,1,1
592,HD186408_SOPHIE-HE_1.0_Snaky,HD186408,SOPHIE-HE,1.0,Snaky,YV0,295.453958,50.525056,5781.0,4.36,0.08,,,,,7.87,9.95,8.4,7.88,0.21,0.0,0.0,0,1
593,HD186427_HARPN_3.0.1_Snaky,HD186427,HARPN,3.0.1,Snaky,YV0,295.466553,50.517525,5760.0,4.34,0.08,2.1,11.98,-4.97,0.122,3.1,7.38,6.03,5.71,1.9,0.0,0.0,1,1
594,HD186427_NEID_1.0_Snaky,HD186427,NEID,1.0,Snaky,YV0,295.465642,50.516824,5755.0,4.35,0.05,1.1,7.77,-4.97,0.073,3.25,7.45,6.02,5.67,1.72,0.0,0.0,1,1
595,HD186704_HARPS03_3.3.6_Snaky,HD186704,HARPS03,3.3.6,Snaky,YV0,,,,,,,,,,3.35,,,,,,,0,0
596,HD186704_HARPS15_3.3.6_Snaky,HD186704,HARPS15,3.3.6,Snaky,YV0,296.488919,4.248457,5864.0,4.45,0.02,154.0,15.19,-4.31,0.034,3.6,22.31,20.97,20.29,16.62,0.0,0.0,1,1
597,HD186704_SOPHIE_1.0_Snaky,HD186704,SOPHIE,1.0,Snaky,YV0,296.4875,4.248611,5876.0,4.44,0.02,159.6,37.81,-4.29,0.089,4.13,22.51,21.21,20.74,16.46,0.0,0.0,1,1
598,HD187013_SOPHIE_1.0_Snaky,HD187013,SOPHIE,1.0,Snaky,YV0,296.606667,33.728694,6255.0,4.18,-0.13,-1.5,27.12,-5.0,0.248,4.09,14.7,11.96,11.07,9.09,0.0,0.0,1,1
599,HD187160_HARPN_3.0.1_Snaky,HD187160,HARPN,3.0.1,Snaky,YV0,296.672255,44.3485,5915.0,4.43,-0.09,28.3,19.13,-4.78,0.122,3.16,11.24,9.79,9.27,7.66,0.0,0.0,1,1
600,HD187160_SOPHIE_1.0_Snaky,HD187160,SOPHIE,1.0,Snaky,YV0,296.671667,44.348528,5958.0,4.4,-0.43,21.3,26.79,-4.8,0.182,3.86,9.06,7.99,7.53,5.63,1.0,1.0,1,1
601,HD187237_SOPHIE_1.0_Snaky,HD187237,SOPHIE,1.0,Snaky,YV0,297.003333,27.869528,5725.0,4.4,0.0,23.8,6.84,-4.79,0.048,4.11,8.25,6.9,6.48,2.23,0.0,0.0,1,1
602,HD187462_SOPHIE_1.0_Snaky,HD187462,SOPHIE,1.0,Snaky,YV0,297.285667,27.731667,5872.0,4.2,0.09,-7.2,59.09,-5.57,0.549,4.18,8.36,7.05,6.7,2.78,0.0,0.0,1,1
603,HD18757_SOPHIE_1.0_Snaky,HD18757,SOPHIE,1.0,Snaky,YV0,46.04,61.705833,5657.0,4.43,-0.3,-1.5,9.99,-5.0,0.13,4.01,7.47,6.22,5.88,1.0,0.0,0.0,1,1
604,HD187637_HARPN_3.0.1_Snaky,HD187637,HARPN,3.0.1,Snaky,YV0,297.325578,41.582461,6188.0,4.2,-0.14,-7.2,18.79,-5.14,0.275,3.1,8.73,7.58,7.17,3.77,0.0,0.0,1,1
605,HD187637_SOPHIE_1.0_Snaky,HD187637,SOPHIE,1.0,Snaky,YV0,297.325,41.5825,6217.0,4.22,-0.16,-19.4,51.12,-5.54,0.493,3.34,9.15,7.87,7.4,4.17,0.0,0.0,1,1
606,HD18768_HARPN_3.0.1_Snaky,HD18768,HARPN,3.0.1,Snaky,YV0,45.717794,47.110551,6003.0,4.17,-0.36,3.3,15.01,-4.99,0.15,3.06,7.4,6.24,5.96,2.14,0.0,0.0,1,1
607,HD18768_SOPHIE_1.0_Snaky,HD18768,SOPHIE,1.0,Snaky,YV0,45.7175,47.110556,6023.0,4.28,-0.3,6.9,36.74,-4.92,0.238,3.86,7.91,6.75,6.38,1.64,0.0,0.0,1,1
608,HD187691_HARPS03_3.3.6_Snaky,HD187691,HARPS03,3.3.6,Snaky,YV0,297.756848,10.41572,6107.0,4.17,0.11,2.2,2.59,-4.96,0.026,3.35,8.65,7.4,7.0,3.57,0.0,0.0,1,1
609,HD187691_HARPS03_3.5_Snaky,HD187691,HARPS03,3.5,Snaky,YV0,297.756848,10.41572,6107.0,4.17,0.11,2.1,3.53,-4.96,0.035,3.15,8.65,7.4,6.99,3.55,0.0,0.0,1,1
610,HD187691_SOPHIE_1.0_Snaky,HD187691,SOPHIE,1.0,Snaky,YV0,297.756667,10.415722,6074.0,4.18,0.11,3.4,22.99,-4.97,0.26,3.92,9.07,7.76,7.32,3.34,0.0,0.0,1,1
611,HD187748_SOPHIE_1.0_Snaky,HD187748,SOPHIE,1.0,Snaky,YV0,297.064167,59.422889,5903.0,4.39,0.02,112.5,57.95,-4.42,0.211,4.3,11.36,9.47,8.93,6.45,0.0,0.0,1,1
612,HD187897_SOPHIE_1.0_Snaky,HD187897,SOPHIE,1.0,Snaky,YV0,298.03875,7.460028,5795.0,4.38,0.03,64.4,13.86,-4.58,0.057,4.25,9.22,7.78,7.27,3.61,0.0,0.0,1,1
613,HD187923_NEID_1.0_Snaky,HD187923,NEID,1.0,Snaky,YV0,298.012814,11.626885,5782.0,4.24,-0.12,1.7,4.35,-4.97,0.044,3.12,7.42,6.07,5.75,1.86,0.0,0.0,1,1
614,HD187923_SOPHIE_1.0_Snaky,HD187923,SOPHIE,1.0,Snaky,YV0,298.014167,11.628306,5773.0,4.3,-0.1,-1.8,12.39,-5.01,0.132,4.18,7.84,6.59,6.23,1.86,0.0,0.0,1,1
615,HD18803_SOPHIE_1.0_Snaky,HD18803,SOPHIE,1.0,Snaky,YV0,45.607917,26.609222,5614.0,4.42,0.06,16.5,7.44,-4.84,0.061,4.21,7.86,6.48,6.08,1.5,0.0,0.0,1,1
616,HD18894_CORALIE14_3.8_Snaky,HD18894,CORALIE14,3.8,Snaky,YV0,45.53864,-6.494533,5811.0,4.28,0.25,88.8,93.66,-5.07,0.474,5.24,11.82,9.86,9.23,5.91,0.0,0.0,1,1
617,HD18894_HARPS15_3.3.6_Snaky,HD18894,HARPS15,3.3.6,Snaky,YV0,45.53864,-6.494533,5944.0,4.37,0.04,18.4,21.28,-4.83,0.186,3.56,14.56,10.81,10.54,8.11,1.0,1.0,1,1
618,HD189067_SOPHIE_1.0_Snaky,HD189067,SOPHIE,1.0,Snaky,YV0,299.332083,24.088167,5897.0,4.29,0.03,3.4,15.26,-4.95,0.148,4.18,8.07,6.8,6.42,1.84,0.0,0.0,1,1
619,HD189733A_ESPRESSO19_3.3.1_Snaky,HD189733A,ESPRESSO19,3.3.1,Snaky,YV0,300.182137,22.710854,5014.0,4.54,-0.03,78.8,,-4.52,,2.62,8.08,6.42,5.82,2.54,0.0,0.0,1,1
620,HD189733A_HARPN_3.0.1_Snaky,HD189733A,HARPN,3.0.1,Snaky,YV0,300.182137,22.710854,5017.0,4.54,-0.03,75.1,14.95,-4.53,0.061,3.33,8.31,6.53,5.92,2.92,0.0,0.0,1,1
621,HD189733A_HARPS03_3.3.6_Snaky,HD189733A,HARPS03,3.3.6,Snaky,YV0,300.182137,22.710854,5017.0,4.54,-0.03,78.3,5.21,-4.52,0.019,3.23,8.15,6.54,5.95,2.59,0.0,0.0,1,1
622,HD189733A_HARPS03_3.5_Snaky,HD189733A,HARPS03,3.5,Snaky,YV0,300.182137,22.710854,5013.0,4.54,-0.02,76.9,5.38,-4.52,0.02,3.22,8.15,6.53,5.94,2.77,0.0,0.0,1,1
623,HD189733A_HARPS15_3.3.6_Snaky,HD189733A,HARPS15,3.3.6,Snaky,YV0,300.182137,22.710854,5013.0,4.54,-0.02,77.2,4.88,-4.52,0.018,3.5,8.17,6.55,5.95,2.87,0.0,0.0,1,1
624,HD189733A_HARPS15_3.5_Snaky,HD189733A,HARPS15,3.5,Snaky,YV0,300.182137,22.710854,5013.0,4.54,-0.02,76.2,4.53,-4.53,0.017,3.51,8.18,6.55,5.95,2.86,0.0,0.0,1,1
625,HD189733A_SOPHIE_1.0_Snaky,HD189733A,SOPHIE,1.0,Snaky,YV0,300.182083,22.710861,5012.0,4.52,-0.04,75.9,26.24,-4.53,0.103,4.04,8.57,6.9,6.29,2.39,0.0,0.0,1,1
626,HD190007_HARPN_3.0.1_Snaky,HD190007,HARPN,3.0.1,Snaky,YV0,300.696023,3.326184,4606.0,4.54,0.03,33.8,3.66,-4.72,0.022,3.08,7.36,5.8,5.07,1.47,0.0,0.0,1,1
627,HD190007_SOPHIE_1.0_Snaky,HD190007,SOPHIE,1.0,Snaky,YV0,300.696,3.326167,4642.0,4.52,0.06,41.5,24.32,-4.68,0.153,4.2,7.89,6.42,5.65,1.15,0.0,0.0,1,1
628,HD190360_NEID_1.0_Snaky,HD190360,NEID,1.0,Snaky,YV0,300.909248,29.894541,5582.0,4.32,0.19,1.3,4.02,-4.97,0.042,3.1,7.55,6.05,5.63,1.76,0.0,0.0,1,1
629,HD190360_SOPHIE_1.0_Snaky,HD190360,SOPHIE,1.0,Snaky,YV0,300.905833,29.896806,5569.0,4.33,0.21,1.4,7.34,-4.97,0.074,4.17,7.97,6.54,6.1,1.74,0.0,0.0,1,1
630,HD190404_HARPN_3.0.1_Snaky,HD190404,HARPN,3.0.1,Snaky,YV0,300.967195,23.340686,5078.0,4.6,-0.61,-3.3,1.31,-5.02,0.015,3.06,6.44,4.97,4.58,0.32,0.0,0.0,1,1
631,HD190404_SOPHIE_1.0_Snaky,HD190404,SOPHIE,1.0,Snaky,YV0,300.967188,23.34068,5135.0,4.56,-0.52,-2.5,10.53,-5.02,0.118,5.43,8.28,6.65,6.08,3.0,0.0,0.0,1,1
632,HD19063_CORALIE14_3.8_Snaky,HD19063,CORALIE14,3.8,Snaky,YV0,45.883312,-10.975068,6592.0,4.0,0.0,7.5,30.78,-5.14,0.323,4.96,12.33,10.15,9.51,5.0,0.0,0.0,1,1
633,HD191022_SOPHIE_1.0_Snaky,HD191022,SOPHIE,1.0,Snaky,YV0,301.41875,48.566806,5855.0,4.29,0.11,0.7,38.73,-4.98,0.272,3.99,8.05,6.72,6.32,2.12,0.0,0.0,1,1
634,HD191649_SOPHIE_1.0_Snaky,HD191649,SOPHIE,1.0,Snaky,YV0,302.178333,50.586333,6076.0,4.34,-0.22,-6.3,17.78,-5.06,0.251,4.28,9.16,7.9,7.42,3.64,0.0,0.0,1,1
635,HD191785_HARPN_3.0.1_Snaky,HD191785,HARPN,3.0.1,Snaky,YV0,302.775308,16.187998,5187.0,4.49,-0.09,0.1,1.63,-4.99,0.017,3.07,6.88,5.39,4.95,0.63,0.0,0.0,1,1
636,HD191785_HARPS15_3.3.6_Snaky,HD191785,HARPS15,3.3.6,Snaky,YV0,302.775308,16.187998,5171.0,4.49,-0.1,-0.7,6.31,-5.0,0.069,3.93,7.0,5.51,5.08,0.58,0.0,0.0,1,1
637,HD191785_HARPS15_3.5_Snaky,HD191785,HARPS15,3.5,Snaky,YV0,302.775308,16.187998,5171.0,4.49,-0.1,-1.2,5.92,-5.0,0.066,3.95,7.0,5.51,5.08,0.59,0.0,0.0,1,1
638,HD191785_NEID_1.0_Snaky,HD191785,NEID,1.0,Snaky,YV0,302.773448,16.189714,5098.0,4.51,-0.15,-0.5,2.34,-4.99,0.025,2.89,6.99,5.43,4.99,0.62,0.0,0.0,1,1
639,HD191862_HARPS03_3.3.6_Snaky,HD191862,HARPS03,3.3.6,Snaky,YV0,303.107794,-12.617497,6263.0,4.19,-0.27,-5.2,1.96,-5.05,0.024,3.31,13.86,11.38,10.56,7.3,0.0,0.0,1,1
640,HD191862_HARPS03_3.5_Snaky,HD191862,HARPS03,3.5,Snaky,YV0,303.107794,-12.617497,6244.0,4.16,-0.27,-2.7,20.69,-5.04,0.267,3.39,13.87,11.37,10.52,7.29,0.0,0.0,1,1
641,HD192557_SOPHIE_1.0_Snaky,HD192557,SOPHIE,1.0,Snaky,YV0,303.557917,35.361694,6101.0,4.3,0.06,-2.0,35.32,-5.13,0.409,4.18,8.42,7.2,6.78,2.35,0.0,0.0,1,1
642,HD19256_SOPHIE_1.0_Snaky,HD19256,SOPHIE,1.0,Snaky,YV0,47.107083,57.012917,5954.0,4.24,0.25,5.0,13.32,-4.94,0.134,4.15,8.22,6.87,6.46,2.38,0.0,0.0,1,1
643,HD193017_CORALIE07_3.4_Snaky,HD193017,CORALIE07,3.4,Snaky,YV0,304.54169,-4.728665,3587.0,4.52,-0.08,-0.3,0.2,-4.99,0.002,4.85,10.02,8.37,7.73,4.43,0.0,0.0,1,1
644,HD193017_CORALIE14_3.8_Snaky,HD193017,CORALIE14,3.8,Snaky,YV0,304.54169,-4.728665,6029.0,4.32,-0.01,50.1,23.15,-4.64,0.111,5.38,9.93,8.41,7.87,3.98,0.0,0.0,1,1
645,HD19308_SOPHIE_1.0_Snaky,HD19308,SOPHIE,1.0,Snaky,YV0,46.91375,36.617611,5797.0,4.34,0.11,0.9,11.89,-4.98,0.128,4.17,8.08,6.76,6.35,1.79,0.0,0.0,1,1
646,HD193664_SOPHIE_1.0_Snaky,HD193664,SOPHIE,1.0,Snaky,YV0,304.380417,66.853667,5886.0,4.43,-0.15,5.7,10.86,-4.93,0.104,4.22,7.96,6.7,6.32,1.7,0.0,0.0,1,1
647,HD19373_NEID_1.0_Snaky,HD19373,NEID,1.0,Snaky,YV0,47.275135,49.612886,5986.0,4.25,0.07,-8.0,6.47,-5.08,0.067,3.2,8.54,7.19,6.78,3.5,0.0,0.0,1,1
648,HD19373_SOPHIE_1.0_Snaky,HD19373,SOPHIE,1.0,Snaky,YV0,47.26675,49.613278,5953.0,4.26,0.12,5.6,7.33,-4.93,0.075,4.18,8.95,7.58,7.12,3.23,0.0,0.0,1,1
649,HD194012_SOPHIE_1.0_Snaky,HD194012,SOPHIE,1.0,Snaky,YV0,305.717917,14.551111,6137.0,4.32,-0.18,24.7,51.02,-4.79,0.28,3.66,12.77,10.57,9.9,6.47,0.0,0.0,1,1
650,HD194035_SOPHIE_1.0_Snaky,HD194035,SOPHIE,1.0,Snaky,YV0,305.687833,19.850083,5715.0,4.14,0.28,0.5,20.71,-5.1,0.237,4.29,8.3,6.93,6.47,2.05,0.0,0.0,1,1
651,HD19467_HARPS03_3.3.6_Snaky,HD19467,HARPS03,3.3.6,Snaky,YV0,46.827396,-13.761782,5759.0,4.33,-0.08,0.3,2.93,-4.98,0.031,3.34,7.28,6.0,5.69,1.55,0.0,0.0,1,1
652,HD19467_HARPS03_3.5_Snaky,HD19467,HARPS03,3.5,Snaky,YV0,46.827396,-13.761782,5734.0,4.32,-0.09,-1.0,3.41,-5.0,0.037,3.31,7.27,5.98,5.67,1.53,0.0,0.0,1,1
653,HD19467_HARPS15_3.3.6_Snaky,HD19467,HARPS15,3.3.6,Snaky,YV0,46.827396,-13.761782,5722.0,4.32,-0.1,-1.1,2.19,-5.0,0.024,3.44,7.31,6.02,5.72,1.8,0.0,0.0,1,1
654,HD19467_HARPS15_3.5_Snaky,HD19467,HARPS15,3.5,Snaky,YV0,46.827396,-13.761782,5719.0,4.36,-0.1,-1.0,10.68,-5.02,0.118,3.45,7.31,6.01,5.71,1.6,0.0,0.0,1,1
655,HD19467_SOPHIE_1.0_Snaky,HD19467,SOPHIE,1.0,Snaky,YV0,46.827417,-13.761139,5728.0,4.42,-0.14,15.1,70.35,-5.36,0.518,4.34,7.79,6.45,6.09,1.16,0.0,0.0,1,1
656,HD194765_SOPHIE_1.0_Snaky,HD194765,SOPHIE,1.0,Snaky,YV0,306.864833,-2.102917,6525.0,4.0,0.0,-35.3,39.69,-6.08,0.499,4.22,11.64,6.7,4.57,18.42,1.0,1.0,1,1
657,HD194766_CORALIE14_3.8_Snaky,HD194766,CORALIE14,3.8,Snaky,YV0,306.862223,-2.119519,6164.0,4.29,-0.08,-13.3,23.11,-5.47,0.426,5.04,8.83,7.55,7.12,2.22,0.0,0.0,1,1
658,HD195005_CORALIE07_3.4_Snaky,HD195005,CORALIE07,3.4,Snaky,YV0,307.208203,-1.734559,6030.0,4.3,-0.04,51.2,22.08,-4.65,0.105,5.0,10.12,8.57,8.05,4.12,0.0,0.0,1,1
659,HD195019_HARPS03_3.3.6_Snaky,HD195019,HARPS03,3.3.6,Snaky,YV0,307.077652,18.769494,5761.0,4.23,0.08,0.4,12.07,-5.01,0.129,3.34,7.58,6.24,5.9,1.99,0.0,0.0,1,1
660,HD195019_HARPS03_3.5_Snaky,HD195019,HARPS03,3.5,Snaky,YV0,307.077652,18.769494,5764.0,4.21,0.09,2.9,15.48,-4.97,0.161,3.35,7.58,6.23,5.88,1.95,0.0,0.0,1,1
661,HD195019_HARPS15_3.3.6_Snaky,HD195019,HARPS15,3.3.6,Snaky,YV0,307.077652,18.769494,5789.0,4.24,0.09,1.0,4.24,-4.98,0.044,3.46,7.62,6.27,5.92,2.1,0.0,0.0,1,1
662,HD195019_HARPS15_3.5_Snaky,HD195019,HARPS15,3.5,Snaky,YV0,307.077652,18.769494,5768.0,4.22,0.09,0.9,11.91,-4.98,0.124,3.48,7.63,6.28,5.93,2.12,0.0,0.0,1,1
663,HD195034_HARPS03_3.3.6_Snaky,HD195034,HARPS03,3.3.6,Snaky,YV0,307.049231,22.128992,5730.0,4.39,-0.02,11.6,12.25,-4.89,0.103,3.36,7.56,6.24,5.92,2.14,0.0,0.0,1,1
664,HD195034_SOPHIE_1.0_Snaky,HD195034,SOPHIE,1.0,Snaky,YV0,307.049167,22.128972,5722.0,4.43,-0.07,6.7,15.76,-4.92,0.141,4.2,7.99,6.7,6.34,1.83,0.0,0.0,1,1
665,HD195104_SOPHIE_1.0_Snaky,HD195104,SOPHIE,1.0,Snaky,YV0,307.298729,4.456556,6041.0,4.34,-0.13,-12.3,64.68,-5.56,0.452,4.69,9.83,8.55,8.02,4.48,0.0,0.0,1,1
666,HD195146_SOPHIE_1.0_Snaky,HD195146,SOPHIE,1.0,Snaky,YV0,302.151667,85.124278,6022.0,4.29,-0.05,-8.1,22.81,-5.17,0.309,4.45,8.97,7.66,7.19,3.33,0.0,0.0,1,1
667,HD195663_SOPHIE_1.0_Snaky,HD195663,SOPHIE,1.0,Snaky,YV0,307.577917,54.681,6109.0,4.25,-0.03,35.1,53.56,-4.74,0.35,4.17,11.48,9.71,9.15,5.66,0.0,0.0,1,1
668,HD195838_CORALIE14_3.8_Snaky,HD195838,CORALIE14,3.8,Snaky,YV0,308.548735,-13.721091,6121.0,4.23,0.05,0.5,18.15,-5.06,0.203,5.08,11.05,9.34,8.75,5.06,0.0,0.0,1,1
669,HD195838_SOPHIE_1.0_Snaky,HD195838,SOPHIE,1.0,Snaky,YV0,308.548583,-13.72125,6087.0,4.25,-0.05,-68.2,92.57,-6.36,0.289,4.33,10.56,9.03,8.42,4.92,0.0,0.0,1,1
670,HD195850_SOPHIE_1.0_Snaky,HD195850,SOPHIE,1.0,Snaky,YV0,305.181958,82.368167,6373.0,4.23,-0.26,-18.1,59.56,-5.42,0.478,3.93,18.72,14.78,13.27,8.42,1.0,1.0,1,1
671,HD195987_SOPHIE_1.0_Snaky,HD195987,SOPHIE,1.0,Snaky,YV0,308.215167,41.898497,8086.0,3.97,-0.6,157.0,93.82,-4.3,0.433,4.11,7.7,5.95,5.54,5.89,0.0,1.0,1,1
672,HD195988_SOPHIE_1.0_Snaky,HD195988,SOPHIE,1.0,Snaky,YV0,308.255417,41.473611,5937.0,4.28,-0.16,1.2,14.0,-4.97,0.144,4.22,7.93,6.73,6.35,2.18,0.0,0.0,1,1
673,HD196218_SOPHIE_1.0_Snaky,HD196218,SOPHIE,1.0,Snaky,YV0,308.928333,3.302861,6180.0,4.28,-0.08,-4.3,73.55,-5.2,0.492,3.82,8.35,7.22,6.82,2.98,0.0,1.0,1,1
674,HD196789_SOPHIE_1.0_Snaky,HD196789,SOPHIE,1.0,Snaky,YV0,309.495,42.845611,6232.0,4.23,-0.01,-10.7,49.43,-5.27,0.493,4.18,12.09,10.16,9.5,7.09,0.0,0.0,1,1
675,HD196850_SOPHIE_1.0_Snaky,HD196850,SOPHIE,1.0,Snaky,YV0,309.667083,38.635083,5827.0,4.42,-0.12,-1.0,11.93,-5.0,0.124,4.13,7.87,6.64,6.29,1.61,0.0,0.0,1,1
676,HD197076_HARPN_3.0.1_Snaky,HD197076,HARPN,3.0.1,Snaky,YV0,310.188086,19.935536,5839.0,4.41,-0.04,11.2,22.87,-4.89,0.189,3.09,7.35,6.08,5.78,2.03,0.0,0.0,1,1
677,HD197076_HARPS03_3.3.6_Snaky,HD197076,HARPS03,3.3.6,Snaky,YV0,310.188086,19.935536,5805.0,4.42,-0.11,8.3,5.07,-4.91,0.045,3.4,7.42,6.13,5.81,1.86,0.0,0.0,1,1
678,HD197076_HARPS15_3.3.6_Snaky,HD197076,HARPS15,3.3.6,Snaky,YV0,310.188086,19.935536,5805.0,4.42,-0.11,6.6,3.84,-4.92,0.036,3.43,7.44,6.15,5.83,1.95,0.0,0.0,1,1
679,HD197076_HARPS15_3.5_Snaky,HD197076,HARPS15,3.5,Snaky,YV0,310.188086,19.935536,5815.0,4.41,-0.1,7.2,13.12,-4.92,0.119,3.45,7.44,6.15,5.83,1.95,0.0,0.0,1,1
680,HD197210_CORALIE07_3.4_Snaky,HD197210,CORALIE07,3.4,Snaky,YV0,310.622536,-5.301241,5585.0,4.48,-0.06,-3.1,17.7,-5.06,0.216,5.26,8.26,6.83,6.38,0.67,0.0,0.0,1,1
681,HD197210_HARPN_3.0.1_Snaky,HD197210,HARPN,3.0.1,Snaky,YV0,310.622536,-5.301241,5535.0,4.45,-0.06,10.5,4.74,-4.89,0.041,3.08,7.03,5.6,5.25,0.96,0.0,0.0,1,1
682,HD197210_HARPS03_3.2.5_Snaky,HD197210,HARPS03,3.2.5,Snaky,YV0,310.622536,-5.301241,5529.0,4.45,-0.07,8.2,3.75,-4.91,0.034,3.33,7.1,5.68,5.33,1.01,0.0,0.0,1,1
683,HD197210_HARPS03_3.3.6_Snaky,HD197210,HARPS03,3.3.6,Snaky,YV0,310.622536,-5.301241,5529.0,4.45,-0.07,8.1,3.76,-4.91,0.034,3.33,7.1,5.68,5.33,1.0,0.0,0.0,1,1
684,HD197210_HARPS03_3.5_Snaky,HD197210,HARPS03,3.5,Snaky,YV0,310.622536,-5.301241,5529.0,4.45,-0.07,8.3,3.91,-4.91,0.036,3.31,7.09,5.67,5.32,0.99,0.0,0.0,1,1
685,HD197210_HARPS15_3.2.5_Snaky,HD197210,HARPS15,3.2.5,Snaky,YV0,310.622536,-5.301241,5540.0,4.45,-0.04,4.7,4.02,-4.94,0.039,3.22,7.11,5.7,5.36,0.98,0.0,0.0,1,1
686,HD197210_HARPS15_3.3.6_Snaky,HD197210,HARPS15,3.3.6,Snaky,YV0,310.622536,-5.301241,5540.0,4.45,-0.04,4.7,4.01,-4.94,0.039,3.22,7.11,5.7,5.36,0.99,0.0,0.0,1,1
687,HD197310_SOPHIE_1.0_Snaky,HD197310,SOPHIE,1.0,Snaky,YV0,310.421145,35.545625,5743.0,4.45,-0.0,-1.0,28.84,-5.03,0.281,4.14,7.85,6.57,6.22,1.44,0.0,0.0,1,1
688,HD197373_SOPHIE_1.0_Snaky,HD197373,SOPHIE,1.0,Snaky,YV0,310.074583,60.504806,5856.0,3.73,0.25,16.9,,-4.84,,3.79,45.52,46.13,170.48,43.08,0.0,0.0,1,1
689,HD197488_SOPHIE_1.0_Snaky,HD197488,SOPHIE,1.0,Snaky,YV0,310.585,45.823472,5982.0,4.26,0.13,1.0,46.9,-5.04,0.465,4.13,9.17,7.83,7.36,3.55,0.0,0.0,1,1
690,HD197623_HARPN_3.0.1_Snaky,HD197623,HARPN,3.0.1,Snaky,YV0,311.237969,0.291943,5851.0,4.26,0.26,5.5,13.24,-4.94,0.125,3.08,7.84,6.44,6.06,2.46,0.0,0.0,1,1
691,HD197623_HARPS03_3.3.6_Snaky,HD197623,HARPS03,3.3.6,Snaky,YV0,311.237969,0.291943,5851.0,4.26,0.26,5.6,4.86,-4.93,0.043,3.39,7.88,6.49,6.11,2.3,0.0,0.0,1,1
692,HD197623_HARPS03_3.5_Snaky,HD197623,HARPS03,3.5,Snaky,YV0,311.237969,0.291943,5841.0,4.23,0.25,5.8,5.12,-4.93,0.046,3.37,7.88,6.48,6.1,2.28,0.0,0.0,1,1
693,HD197623_SOPHIE_1.0_Snaky,HD197623,SOPHIE,1.0,Snaky,YV0,311.237917,0.291944,5850.0,4.2,0.22,-4.1,82.19,-5.46,0.537,3.96,8.24,6.87,6.45,1.86,0.0,0.0,1,1
694,HD19769_SOPHIE_1.0_Snaky,HD19769,SOPHIE,1.0,Snaky,YV0,48.126167,43.860639,5915.0,4.35,0.01,12.3,16.32,-4.9,0.135,4.13,8.39,7.1,6.71,2.82,0.0,0.0,1,1
695,HD198089_SOPHIE_1.0_Snaky,HD198089,SOPHIE,1.0,Snaky,YV0,311.90775,12.986167,5907.0,4.39,-0.17,-8.4,26.46,-5.4,0.418,4.18,7.77,6.59,6.26,1.96,0.0,0.0,1,1
696,HD198109_SOPHIE_1.0_Snaky,HD198109,SOPHIE,1.0,Snaky,YV0,311.91,16.238444,6116.0,4.19,-0.44,0.7,50.13,-5.24,0.504,4.23,8.64,7.48,7.12,2.97,0.0,0.0,1,1
697,HD198390_HARPS03_3.3.6_Snaky,HD198390,HARPS03,3.3.6,Snaky,YV0,312.407364,12.545127,6211.0,4.22,-0.37,2.4,1.85,-4.96,0.018,3.02,12.72,10.54,9.77,6.63,0.0,0.0,1,1
698,HD198390_HARPS03_3.5_Snaky,HD198390,HARPS03,3.5,Snaky,YV0,312.407364,12.545127,6278.0,4.22,-0.31,-2.0,21.16,-5.03,0.265,3.34,12.72,10.55,9.8,6.57,0.0,0.0,1,1
699,HD198390_SOPHIE_1.0_Snaky,HD198390,SOPHIE,1.0,Snaky,YV0,312.407083,12.544889,6571.0,4.0,0.0,-9.7,32.39,-5.11,0.35,4.15,13.01,10.65,9.89,7.99,0.0,0.0,1,1
700,HD199598_SOPHIE_1.0_Snaky,HD199598,SOPHIE,1.0,Snaky,YV0,314.415417,26.405056,6040.0,4.36,0.08,53.3,18.32,-4.63,0.085,4.18,8.08,6.74,6.36,1.53,0.0,0.0,1,1
701,HD199766C_SOPHIE_1.0_Snaky,HD199766C,SOPHIE,1.0,Snaky,YV0,314.770833,4.294611,6588.0,4.0,0.0,-0.2,,-5.14,,4.06,41.88,25.29,68.13,71.8,0.0,0.0,1,1
702,HD19994_CORALIE07_3.4_Snaky,HD19994,CORALIE07,3.4,Snaky,YV0,48.193485,-1.196099,6016.0,4.24,0.14,1.9,26.69,-5.18,0.317,5.36,13.85,11.34,10.66,7.2,0.0,0.0,1,1
703,HD19994_HARPS03_3.3.6_Snaky,HD19994,HARPS03,3.3.6,Snaky,YV0,48.193485,-1.196099,6047.0,4.18,0.16,11.4,2.24,-4.88,0.019,3.35,13.19,10.93,10.29,7.14,0.0,0.0,1,1
704,HD19994_HARPS03_3.5_Snaky,HD19994,HARPS03,3.5,Snaky,YV0,48.193487,-1.196097,6042.0,4.2,0.15,11.1,2.96,-4.88,0.025,3.27,13.2,10.93,10.27,7.14,0.0,0.0,1,1
705,HD19994_HARPS15_3.2.5_Snaky,HD19994,HARPS15,3.2.5,Snaky,YV0,48.193485,-1.196099,6029.0,4.22,0.15,13.7,3.11,-4.86,0.025,3.44,13.22,10.94,10.28,7.16,0.0,0.0,1,1
706,HD19994_HARPS15_3.3.6_Snaky,HD19994,HARPS15,3.3.6,Snaky,YV0,48.193485,-1.196099,6029.0,4.22,0.15,13.7,3.11,-4.86,0.025,3.44,13.22,10.94,10.28,7.16,0.0,0.0,1,1
707,HD199960_CORALIE07_3.4_Snaky,HD199960,CORALIE07,3.4,Snaky,YV0,315.141003,-4.730261,5918.0,4.27,0.23,9.2,20.86,-4.97,0.19,5.33,9.15,7.74,7.27,2.54,0.0,0.0,1,1
708,HD199960_CORALIE14_3.8_Snaky,HD199960,CORALIE14,3.8,Snaky,YV0,315.141003,-4.730261,5876.0,4.26,0.25,2.3,19.37,-5.05,0.206,5.01,9.08,7.59,7.08,2.53,0.0,0.0,1,1
709,HD199960_HARPS03_3.3.6_Snaky,HD199960,HARPS03,3.3.6,Snaky,YV0,315.141003,-4.730261,5865.0,4.22,0.24,5.5,2.69,-4.93,0.025,3.24,8.15,6.79,6.38,2.83,0.0,0.0,1,1
710,HD199960_HARPS03_3.5_Snaky,HD199960,HARPS03,3.5,Snaky,YV0,315.141003,-4.730261,5865.0,4.22,0.24,5.4,2.73,-4.93,0.026,3.26,8.14,6.78,6.37,2.81,0.0,0.0,1,1
711,HD200254_SOPHIE_1.0_Snaky,HD200254,SOPHIE,1.0,Snaky,YV0,315.4625,21.105444,5733.0,4.28,0.26,2.6,45.85,-5.11,0.463,4.12,8.28,6.85,6.44,2.36,0.0,0.0,1,1
712,HD200580_SOPHIE_1.0_Snaky,HD200580,SOPHIE,1.0,Snaky,YV0,316.031458,2.995389,5913.0,4.24,-0.78,-1.1,20.92,-5.03,0.255,3.58,7.85,6.93,6.64,3.71,1.0,1.0,1,1
713,HD200877_SOPHIE_1.0_Snaky,HD200877,SOPHIE,1.0,Snaky,YV0,316.452083,15.327194,6243.0,4.15,-0.26,-12.6,46.93,-5.19,0.41,3.75,10.47,8.91,8.33,4.57,0.0,0.0,1,1
714,HD200968A_CORALIE14_3.8_Snaky,HD200968A,CORALIE14,3.8,Snaky,YV0,316.793255,-13.922924,5171.0,4.49,0.11,80.4,30.76,-4.51,0.098,4.83,8.46,6.81,6.23,1.23,0.0,0.0,1,1
715,HD201091_HARPN_3.0.1_Snaky,HD201091,HARPN,3.0.1,Snaky,YV0,316.724748,38.749416,4486.0,4.57,-0.27,16.6,3.25,-4.84,0.024,3.12,7.0,5.52,4.82,0.72,0.0,0.0,1,1
716,HD201091_NEID_1.0_Snaky,HD201091,NEID,1.0,Snaky,YV0,316.747738,38.763411,4572.0,4.57,-0.3,16.2,2.99,-4.84,0.023,3.17,7.07,5.54,4.82,0.72,0.0,0.0,1,1
717,HD201091_SOPHIE_1.0_Snaky,HD201091,SOPHIE,1.0,Snaky,YV0,316.724692,38.74943,4525.0,4.57,-0.28,23.3,7.91,-4.79,0.054,4.23,7.7,6.19,5.39,0.73,0.0,0.0,1,1
718,HD201092_HARPN_3.0.1_Snaky,HD201092,HARPN,3.0.1,Snaky,YV0,316.730267,38.742045,4082.0,4.61,-0.26,13.2,1.57,-4.86,0.013,3.11,6.56,5.38,4.71,0.62,0.0,0.0,1,1
719,HD201092_NEID_1.0_Snaky,HD201092,NEID,1.0,Snaky,YV0,316.752932,38.755634,4246.0,4.6,-0.32,13.0,2.39,-4.87,0.02,3.11,6.76,5.48,4.72,0.59,0.0,0.0,1,1
720,HD201545_SOPHIE_1.0_Snaky,HD201545,SOPHIE,1.0,Snaky,YV0,317.44125,19.21075,6190.0,4.23,-0.1,-20.1,54.83,-5.59,0.528,4.17,9.39,8.09,7.53,3.62,0.0,0.0,1,1
721,HD201701_SOPHIE_1.0_Snaky,HD201701,SOPHIE,1.0,Snaky,YV0,317.429167,46.158694,6234.0,4.21,-0.04,-20.4,52.84,-5.51,0.474,4.11,11.55,9.66,8.99,5.39,0.0,0.0,1,1
722,HD201891_SOPHIE_1.0_Snaky,HD201891,SOPHIE,1.0,Snaky,YV0,317.995833,17.72775,6657.0,4.0,0.0,-58.5,75.19,-6.85,0.483,4.07,7.17,6.2,6.02,0.64,0.0,0.0,1,1
723,HD20209_SOPHIE_1.0_Snaky,HD20209,SOPHIE,1.0,Snaky,YV0,49.0075,35.045194,6112.0,4.26,-0.28,-7.6,37.48,-5.13,0.397,4.01,10.16,8.73,8.21,5.45,0.0,1.0,1,1
724,HD202108_SOPHIE_1.0_Snaky,HD202108,SOPHIE,1.0,Snaky,YV0,318.24,30.8095,5650.0,4.47,-0.21,20.7,13.66,-4.81,0.096,4.07,7.78,6.49,6.14,1.31,0.0,0.0,1,1
725,HD202884_SOPHIE_1.0_Snaky,HD202884,SOPHIE,1.0,Snaky,YV0,319.655,8.959667,6076.0,4.34,-0.23,13.4,69.35,-4.96,0.413,3.5,10.87,9.32,8.72,5.3,0.0,0.0,1,1
726,HD203185_SOPHIE_1.0_Snaky,HD203185,SOPHIE,1.0,Snaky,YV0,320.082917,16.8115,6238.0,4.21,-0.04,20.5,53.87,-4.84,0.386,3.93,15.85,12.87,11.81,8.25,0.0,0.0,1,1
727,HD203345_SOPHIE_1.0_Snaky,HD203345,SOPHIE,1.0,Snaky,YV0,320.34,10.332306,5799.0,4.14,-0.89,-3.6,37.44,-5.42,0.477,4.31,8.22,7.01,6.59,2.79,0.0,0.0,1,1
728,HD20367_SOPHIE_1.0_Snaky,HD20367,SOPHIE,1.0,Snaky,YV0,49.417167,31.127194,6032.0,4.35,0.08,145.8,18.28,-4.33,0.042,4.16,8.48,7.02,6.62,2.73,0.0,0.0,1,1
729,HD204277_SOPHIE_1.0_Snaky,HD204277,SOPHIE,1.0,Snaky,YV0,321.777917,16.124167,6122.0,4.29,-0.07,97.8,52.22,-4.45,0.175,4.1,9.92,8.41,7.91,5.02,0.0,0.0,1,1
730,HD20430_HARPS03_3.3.6_Snaky,HD20430,HARPS03,3.3.6,Snaky,YV0,49.359942,7.655811,5966.0,4.25,0.19,66.0,16.1,-4.57,0.066,3.41,10.37,8.77,8.27,5.25,0.0,0.0,1,1
731,HD20430_HARPS15_3.3.6_Snaky,HD20430,HARPS15,3.3.6,Snaky,YV0,49.359942,7.655811,5985.0,4.25,0.18,64.2,13.16,-4.57,0.053,3.46,10.37,8.76,8.26,5.24,0.0,0.0,1,1
732,HD20430_SOPHIE_1.0_Snaky,HD20430,SOPHIE,1.0,Snaky,YV0,49.36,7.655806,5977.0,4.27,0.13,42.4,62.94,-4.7,0.324,3.96,10.66,8.97,8.4,4.93,0.0,0.0,1,1
733,HD204363_SOPHIE_1.0_Snaky,HD204363,SOPHIE,1.0,Snaky,YV0,322.057917,-11.568167,6565.0,4.0,0.0,-7.6,52.45,-5.35,0.525,4.38,9.99,8.61,8.05,2.99,0.0,1.0,1,1
734,HD204426_SOPHIE_1.0_Snaky,HD204426,SOPHIE,1.0,Snaky,YV0,320.673625,76.555056,5785.0,4.31,-0.27,13.2,46.43,-5.11,0.446,4.09,7.65,6.46,6.12,1.16,0.0,0.0,1,1
735,HD204521_HARPN_3.0.1_Snaky,HD204521,HARPN,3.0.1,Snaky,YV0,321.319987,70.47754,5723.0,4.44,-0.74,-0.5,15.29,-5.01,0.168,3.12,6.53,5.36,5.16,0.57,0.0,0.0,1,1
736,HD204521_SOPHIE_1.0_Snaky,HD204521,SOPHIE,1.0,Snaky,YV0,321.319583,70.477528,5728.0,4.46,-0.76,1.2,10.08,-4.97,0.101,4.19,7.1,5.97,5.69,0.4,0.0,1.0,1,1
737,HD204712_SOPHIE_1.0_Snaky,HD204712,SOPHIE,1.0,Snaky,YV0,322.535,12.270667,6092.0,4.2,-0.33,14.2,66.64,-4.88,0.469,4.06,8.36,7.19,6.79,2.44,0.0,0.0,1,1
738,HD20477_HARPN_3.0.1_Snaky,HD20477,HARPN,3.0.1,Snaky,YV0,49.583264,18.171623,5851.0,4.27,0.12,-0.3,13.19,-5.02,0.145,3.08,7.73,6.41,6.06,2.5,0.0,0.0,1,1
739,HD20477_SOPHIE_1.0_Snaky,HD20477,SOPHIE,1.0,Snaky,YV0,49.58325,18.171611,5813.0,4.25,0.1,11.8,47.65,-5.27,0.448,3.92,8.19,6.89,6.48,2.11,0.0,0.0,1,1
740,HD205702_SOPHIE_1.0_Snaky,HD205702,SOPHIE,1.0,Snaky,YV0,324.222083,5.814861,6075.0,4.34,0.11,-38.6,89.68,-6.13,0.527,4.12,9.56,8.15,7.63,3.91,0.0,0.0,1,1
741,HD206116_HARPS03_3.3.6_Snaky,HD206116,HARPS03,3.3.6,Snaky,YV0,325.049351,-9.794709,6001.0,4.27,0.17,6.6,27.79,-4.94,0.294,3.23,8.83,7.53,7.12,3.92,0.0,0.0,1,1
742,HD206116_HARPS03_3.5_Snaky,HD206116,HARPS03,3.5,Snaky,YV0,,,,,,,,,,3.32,,7.68,7.47,,,,0,0
743,HD206116_HARPS15_3.3.6_Snaky,HD206116,HARPS15,3.3.6,Snaky,YV0,325.049351,-9.794709,5989.0,4.25,0.16,4.1,17.02,-4.95,0.173,3.42,8.87,7.56,7.14,3.91,0.0,0.0,1,1
744,HD206116_HARPS15_3.5_Snaky,HD206116,HARPS15,3.5,Snaky,YV0,325.049351,-9.794709,6007.0,4.27,0.18,3.6,18.31,-4.95,0.181,3.41,8.87,7.56,7.14,3.9,0.0,0.0,1,1
745,HD206116_SOPHIE_1.0_Snaky,HD206116,SOPHIE,1.0,Snaky,YV0,325.049333,-9.794694,5849.0,4.22,0.16,818.7,,-3.66,,4.08,9.18,7.86,7.45,3.71,0.0,0.0,1,1
746,HD20619_CORALIE07_3.4_Snaky,HD20619,CORALIE07,3.4,Snaky,YV0,49.757893,-2.843192,5706.0,4.46,-0.19,10.9,19.66,-4.93,0.17,5.33,8.38,7.0,6.57,0.97,0.0,0.0,1,1
747,HD20619_HARPS03_3.3.6_Snaky,HD20619,HARPS03,3.3.6,Snaky,YV0,49.757893,-2.843192,5674.0,4.47,-0.24,15.9,4.85,-4.84,0.039,3.31,7.17,5.86,5.57,1.37,0.0,0.0,1,1
748,HD20619_HARPS03_3.5_Snaky,HD20619,HARPS03,3.5,Snaky,YV0,49.757893,-2.843192,5674.0,4.47,-0.24,15.9,5.11,-4.84,0.041,3.29,7.16,5.85,5.56,1.35,0.0,0.0,1,1
749,HD20619_SOPHIE_1.0_Snaky,HD20619,SOPHIE,1.0,Snaky,YV0,49.757292,-2.842944,5691.0,4.45,-0.19,0.9,41.65,-5.39,0.475,4.23,7.63,6.35,6.0,1.05,0.0,0.0,1,1
750,HD20630_SOPHIE_1.0_Snaky,HD20630,SOPHIE,1.0,Snaky,YV0,49.841667,3.370194,5756.0,4.49,0.02,121.5,12.98,-4.38,0.038,4.12,9.51,7.91,7.4,3.83,0.0,0.0,1,1
751,HD206374_SOPHIE_1.0_Snaky,HD206374,SOPHIE,1.0,Snaky,YV0,325.275417,26.750667,5640.0,4.49,-0.08,52.3,19.75,-4.63,0.085,4.17,7.65,6.23,5.86,0.86,0.0,0.0,1,1
752,HD206860_HARPS03_3.3.6_Snaky,HD206860,HARPS03,3.3.6,Snaky,YV0,326.130541,14.77194,5917.0,4.43,-0.01,132.1,9.11,-4.36,0.023,3.27,15.62,14.78,14.46,10.45,0.0,0.0,1,1
753,HD206860_HARPS03_3.5_Snaky,HD206860,HARPS03,3.5,Snaky,YV0,326.130541,14.77194,5917.0,4.43,-0.01,132.3,16.76,-4.36,0.042,3.42,15.71,14.84,14.48,10.48,0.0,0.0,1,1
754,HD206860_HARPS15_3.3.6_Snaky,HD206860,HARPS15,3.3.6,Snaky,YV0,326.130541,14.77194,5917.0,4.43,-0.01,126.0,17.43,-4.37,0.046,2.82,15.37,14.49,14.09,10.17,0.0,0.0,1,1
755,HD206860_SOPHIE_1.0_Snaky,HD206860,SOPHIE,1.0,Snaky,YV0,326.129167,14.771944,5928.0,4.42,-0.02,125.8,15.68,-4.37,0.041,4.11,15.62,14.63,14.27,10.1,0.0,0.0,1,1
756,HD206893_HARPS15_3.3.6_Snaky,HD206893,HARPS15,3.3.6,Snaky,YV0,326.341272,-12.78335,6583.0,4.0,0.0,26.6,,-4.77,,3.41,53.16,53.57,182.09,53.5,1.0,0.0,1,1
757,HD206913_SOPHIE_1.0_Snaky,HD206913,SOPHIE,1.0,Snaky,YV0,325.669167,63.721389,6146.0,4.31,-0.26,-19.2,51.15,-5.36,0.473,4.14,10.33,8.89,8.34,4.75,0.0,0.0,1,1
758,HD207889_HARPS03_3.3.6_Snaky,HD207889,HARPS03,3.3.6,Snaky,YV0,328.12369,-9.417926,6150.0,4.21,-0.04,-27.0,73.63,-5.73,0.571,3.44,12.9,10.68,10.0,6.86,0.0,0.0,1,1
759,HD207978_SOPHIE_1.0_Snaky,HD207978,SOPHIE,1.0,Snaky,YV0,328.125,28.7935,6586.0,4.0,0.0,-18.8,45.27,-5.26,0.417,4.1,10.91,9.15,8.51,3.82,0.0,0.0,1,1
760,HD208704_HARPS03_3.3.6_Snaky,HD208704,HARPS03,3.3.6,Snaky,YV0,329.601357,-12.664658,5858.0,4.36,-0.04,6.2,4.16,-4.92,0.038,3.32,7.39,6.11,5.81,1.75,0.0,0.0,1,1
761,HD208704_HARPS03_3.5_Snaky,HD208704,HARPS03,3.5,Snaky,YV0,329.601357,-12.664658,5854.0,4.35,-0.04,5.4,3.47,-4.93,0.033,3.29,7.38,6.11,5.8,1.72,0.0,0.0,1,1
762,HD208704_HARPS15_3.3.6_Snaky,HD208704,HARPS15,3.3.6,Snaky,YV0,329.601357,-12.664658,5859.0,4.35,-0.04,6.9,4.39,-4.92,0.041,3.12,7.4,6.1,5.78,1.67,0.0,0.0,1,1
763,HD208704_HARPS15_3.5_Snaky,HD208704,HARPS15,3.5,Snaky,YV0,329.601357,-12.664658,5834.0,4.37,-0.04,6.1,13.47,-4.93,0.125,3.45,7.41,6.09,5.78,1.7,0.0,0.0,1,1
764,HD208776_SOPHIE_1.0_Snaky,HD208776,SOPHIE,1.0,Snaky,YV0,329.619,3.77725,6030.0,4.23,0.04,-2.3,27.51,-5.11,0.36,4.16,9.63,8.3,7.76,4.13,0.0,1.0,1,1
765,HD208906_SOPHIE_1.0_Snaky,HD208906,SOPHIE,1.0,Snaky,YV0,329.670417,29.812611,5917.0,4.33,-0.71,-5.1,31.36,-5.07,0.351,4.15,7.79,6.78,6.45,1.93,0.0,0.0,1,1
766,HD208930_SOPHIE_1.0_Snaky,HD208930,SOPHIE,1.0,Snaky,YV0,329.264583,66.028889,6028.0,4.35,0.08,3.1,12.15,-4.96,0.123,4.13,8.94,7.61,7.15,3.25,0.0,0.0,1,1
767,HD209203_SOPHIE_1.0_Snaky,HD209203,SOPHIE,1.0,Snaky,YV0,330.009375,54.107556,6052.0,4.26,-0.01,20.4,71.99,-5.32,0.506,4.27,8.48,7.21,6.82,2.51,0.0,0.0,1,1
768,HD209779_HARPS03_3.3.6_Snaky,HD209779,HARPS03,3.3.6,Snaky,YV0,331.522095,-5.358164,5732.0,4.44,0.02,117.3,17.27,-4.4,0.047,3.27,9.32,7.85,7.41,4.46,0.0,0.0,1,1
769,HD209875_SOPHIE_1.0_Snaky,HD209875,SOPHIE,1.0,Snaky,YV0,331.638208,1.857111,5987.0,4.26,0.0,19.0,79.16,-5.36,0.529,4.17,9.02,7.88,7.32,3.58,0.0,0.0,1,1
770,HD209942_SOPHIE_1.0_Snaky,HD209942,SOPHIE,1.0,Snaky,YV0,329.555833,82.8695,6065.0,4.32,-0.16,-0.2,65.85,-5.31,0.497,4.36,9.88,8.74,8.36,4.82,0.0,0.0,1,1
771,HD210027_HARPS03_3.3.6_Snaky,HD210027,HARPS03,3.3.6,Snaky,YV0,331.752773,25.345099,6419.0,4.14,-0.23,-16.1,7.13,-5.21,0.116,4.6,11.37,9.66,9.03,6.78,0.0,0.0,1,1
772,HD210027_SOPHIE_1.0_Snaky,HD210027,SOPHIE,1.0,Snaky,YV0,331.75275,25.345103,6537.0,4.0,0.0,-8.9,14.89,-5.09,0.2,3.98,11.77,9.78,9.12,4.63,0.0,1.0,1,1
773,HD210277_ESPRESSO19_3.2.5_Snaky,HD210277,ESPRESSO19,3.2.5,Snaky,YV0,332.37444,-7.548656,5538.0,4.36,0.21,1.1,,-4.97,,2.67,7.31,5.82,5.42,1.37,0.0,0.0,1,1
774,HD210277_ESPRESSO19_3.3.1_Snaky,HD210277,ESPRESSO19,3.3.1,Snaky,YV0,332.37444,-7.548656,5538.0,4.36,0.21,1.1,,-4.98,,2.69,7.31,5.82,5.42,1.36,0.0,0.0,1,1
775,HD210277_HARPN_3.0.1_Snaky,HD210277,HARPN,3.0.1,Snaky,YV0,332.37444,-7.548656,5538.0,4.36,0.21,0.9,1.58,-4.98,0.017,3.1,7.34,5.9,5.5,1.62,0.0,0.0,1,1
776,HD210277_HARPS03_3.2.5_Snaky,HD210277,HARPS03,3.2.5,Snaky,YV0,332.37444,-7.548656,5538.0,4.36,0.21,1.0,1.7,-4.98,0.018,3.26,7.4,5.95,5.53,1.4,0.0,0.0,1,1
777,HD210277_HARPS03_3.3.6_Snaky,HD210277,HARPS03,3.3.6,Snaky,YV0,332.37444,-7.548656,5538.0,4.36,0.21,0.9,1.67,-4.98,0.018,3.25,7.4,5.95,5.53,1.4,0.0,0.0,1,1
778,HD210277_HARPS03_3.5_Snaky,HD210277,HARPS03,3.5,Snaky,YV0,332.37444,-7.548656,5538.0,4.36,0.21,0.8,1.76,-4.98,0.018,3.25,7.41,5.97,5.57,1.47,0.0,0.0,1,1
779,HD210277_HARPS15_3.2.5_Snaky,HD210277,HARPS15,3.2.5,Snaky,YV0,332.37444,-7.548656,5538.0,4.36,0.21,0.5,2.68,-4.98,0.028,3.4,7.42,5.96,5.56,1.38,0.0,0.0,1,1
780,HD210277_HARPS15_3.3.6_Snaky,HD210277,HARPS15,3.3.6,Snaky,YV0,332.37444,-7.548656,5538.0,4.36,0.21,0.5,2.47,-4.98,0.026,3.42,7.42,5.96,5.55,1.38,0.0,0.0,1,1
781,HD210277_HARPS15_3.5_Snaky,HD210277,HARPS15,3.5,Snaky,YV0,332.37444,-7.548656,5538.0,4.36,0.21,1.0,2.55,-4.98,0.026,3.39,7.43,5.96,5.55,1.36,0.0,0.0,1,1
782,HD210483_SOPHIE_1.0_Snaky,HD210483,SOPHIE,1.0,Snaky,YV0,332.60875,18.797083,5923.0,4.31,-0.08,7.2,26.13,-4.92,0.198,3.66,7.92,6.69,6.35,1.6,0.0,0.0,1,1
783,HD210667_HARPN_3.0.1_Snaky,HD210667,HARPN,3.0.1,Snaky,YV0,332.799638,36.256325,5378.0,4.48,0.19,62.5,8.54,-4.58,0.034,3.0,7.71,6.13,5.66,2.23,0.0,0.0,1,1
784,HD210667_SOPHIE_1.0_Snaky,HD210667,SOPHIE,1.0,Snaky,YV0,332.799625,36.256306,5421.0,4.48,0.21,75.6,33.41,-4.53,0.169,5.07,8.19,6.63,6.12,1.81,0.0,0.0,1,1
785,HD210731_SOPHIE_1.0_Snaky,HD210731,SOPHIE,1.0,Snaky,YV0,332.8375,47.1475,5961.0,4.35,-0.1,-0.9,16.85,-5.0,0.178,4.23,8.23,7.01,6.62,2.32,0.0,0.0,1,1
786,HD210752_CORALIE07_3.4_Snaky,HD210752,CORALIE07,3.4,Snaky,YV0,333.181412,-6.468923,,,,,,,,,,,,,0.0,0.0,0,0
787,HD210752_CORALIE14_3.8_Snaky,HD210752,CORALIE14,3.8,Snaky,YV0,333.181412,-6.468923,5868.0,4.41,-0.55,2.6,19.98,-5.05,0.214,5.16,8.05,6.87,6.48,1.06,0.0,0.0,1,1
788,HD210752_ESPRESSO19_3.2.5_Snaky,HD210752,ESPRESSO19,3.2.5,Snaky,YV0,333.181412,-6.468923,5899.0,4.39,-0.63,0.0,1.43,-4.99,0.015,2.66,6.87,5.75,5.56,1.25,0.0,0.0,1,1
789,HD210752_ESPRESSO19_3.3.1_Snaky,HD210752,ESPRESSO19,3.3.1,Snaky,YV0,333.181412,-6.468923,5899.0,4.39,-0.63,-0.0,,-4.99,,2.73,6.87,5.75,5.56,1.26,0.0,0.0,1,1
790,HD210752_HARPS03_3.3.6_Snaky,HD210752,HARPS03,3.3.6,Snaky,YV0,333.181412,-6.468923,5899.0,4.39,-0.63,-1.0,4.54,-5.0,0.049,3.31,6.96,5.86,5.66,1.28,0.0,0.0,1,1
791,HD210752_HARPS03_3.5_Snaky,HD210752,HARPS03,3.5,Snaky,YV0,333.181412,-6.468923,5899.0,4.39,-0.63,-0.7,4.71,-4.99,0.051,3.3,6.96,5.85,5.65,1.27,0.0,0.0,1,1
792,HD210752_HARPS15_3.3.6_Snaky,HD210752,HARPS15,3.3.6,Snaky,YV0,333.181412,-6.468923,5899.0,4.39,-0.63,-0.9,5.48,-5.0,0.059,3.43,6.99,5.89,5.68,1.26,0.0,0.0,1,1
793,HD210752_HARPS15_3.5_Snaky,HD210752,HARPS15,3.5,Snaky,YV0,333.181412,-6.468923,5920.0,4.39,-0.61,0.2,5.85,-4.99,0.061,3.4,6.99,5.88,5.67,1.24,0.0,0.0,1,1
794,HD210752_SOPHIE_1.0_Snaky,HD210752,SOPHIE,1.0,Snaky,YV0,333.181375,-6.468917,5896.0,4.34,-0.46,39.4,87.41,-5.25,0.516,4.32,7.58,6.32,6.1,1.1,0.0,0.0,1,1
795,HD210902_SOPHIE_1.0_Snaky,HD210902,SOPHIE,1.0,Snaky,YV0,332.682083,71.12825,5920.0,4.33,0.06,1.4,17.57,-4.97,0.187,4.12,8.31,7.05,6.64,2.37,0.0,0.0,1,1
796,HD210944_SOPHIE_1.0_Snaky,HD210944,SOPHIE,1.0,Snaky,YV0,333.305833,27.318694,6204.0,4.21,-0.11,-11.4,58.38,-5.49,0.425,2.84,11.53,9.65,8.96,5.43,0.0,0.0,1,1
797,HD21106_SOPHIE_1.0_Snaky,HD21106,SOPHIE,1.0,Snaky,YV0,52.225417,69.282806,6211.0,4.22,0.02,0.2,49.92,-5.07,0.425,4.27,12.33,10.27,9.6,6.07,0.0,0.0,1,1
798,HD211275_SOPHIE_1.0_Snaky,HD211275,SOPHIE,1.0,Snaky,YV0,333.82375,39.776417,6076.0,4.06,0.18,16.0,40.51,-4.87,0.342,4.11,8.92,7.58,7.18,3.62,0.0,0.0,1,1
799,HD211419_SOPHIE_1.0_Snaky,HD211419,SOPHIE,1.0,Snaky,YV0,334.072083,33.732194,6092.0,4.22,0.18,19.1,55.05,-4.98,0.413,4.05,14.19,11.59,10.88,7.35,0.0,1.0,1,1
800,HD211472_SOPHIE_1.0_Snaky,HD211472,SOPHIE,1.0,Snaky,YV0,333.975,54.672778,5306.0,4.53,-0.03,98.6,14.49,-4.45,0.047,4.2,8.89,7.3,6.76,3.09,0.0,0.0,1,1
801,HD21197_CORALIE14_3.8_Snaky,HD21197,CORALIE14,3.8,Snaky,YV0,51.248877,-5.363755,4613.0,4.58,0.14,30.3,5.8,-4.75,0.036,5.03,8.75,7.02,6.16,1.43,0.0,0.0,1,1
802,HD211976_HARPS03_3.3.6_Snaky,HD211976,HARPS03,3.3.6,Snaky,YV0,335.232488,8.186742,6293.0,4.09,-0.21,-11.2,3.3,-5.13,0.047,3.22,10.55,9.03,8.45,5.11,0.0,0.0,1,1
803,HD211976_HARPS03_3.5_Snaky,HD211976,HARPS03,3.5,Snaky,YV0,335.232488,8.186742,6298.0,4.1,-0.19,-12.8,3.65,-5.15,0.058,3.18,10.55,9.03,8.46,5.11,0.0,0.0,1,1
804,HD211976_SOPHIE_1.0_Snaky,HD211976,SOPHIE,1.0,Snaky,YV0,335.2325,8.186694,6280.0,4.13,-0.25,-11.8,20.81,-5.14,0.252,4.12,10.92,9.29,8.68,4.93,0.0,0.0,1,1
805,HD212106_SOPHIE_1.0_Snaky,HD212106,SOPHIE,1.0,Snaky,YV0,335.145,54.841806,6148.0,4.26,-0.24,-5.0,45.59,-5.09,0.474,4.11,10.64,9.11,8.55,4.99,0.0,0.0,1,1
806,HD212107_SOPHIE_1.0_Snaky,HD212107,SOPHIE,1.0,Snaky,YV0,335.214167,46.062194,6137.0,4.29,-0.2,14.5,52.07,-4.92,0.424,4.18,12.45,10.34,9.58,6.21,0.0,0.0,1,1
807,HD212395_SOPHIE_1.0_Snaky,HD212395,SOPHIE,1.0,Snaky,YV0,335.914167,20.848278,6056.0,4.35,-0.16,5.5,22.28,-4.93,0.184,4.09,8.67,7.35,6.82,2.74,0.0,0.0,1,1
808,HD213575_CORALIE07_3.4_Snaky,HD213575,CORALIE07,3.4,Snaky,YV0,338.141916,-6.467175,,,,,,,,,8.42,7.06,6.57,,0.0,0.0,0,1
809,HD213575_CORALIE14_3.8_Snaky,HD213575,CORALIE14,3.8,Snaky,YV0,338.141916,-6.467175,5682.0,4.24,-0.06,-3.1,16.41,-5.05,0.199,5.03,8.36,7.0,6.58,1.3,0.0,0.0,1,1
810,HD213575_HARPN_3.0.1_Snaky,HD213575,HARPN,3.0.1,Snaky,YV0,338.141916,-6.467175,5720.0,4.21,-0.07,0.9,3.34,-4.98,0.036,3.06,7.28,5.96,5.64,1.76,0.0,0.0,1,1
811,HD213575_HARPS03_3.2.5_Snaky,HD213575,HARPS03,3.2.5,Snaky,YV0,338.141916,-6.467175,5720.0,4.21,-0.07,0.6,2.97,-4.98,0.031,3.34,7.34,6.04,5.73,1.61,0.0,0.0,1,1
812,HD213575_HARPS03_3.3.6_Snaky,HD213575,HARPS03,3.3.6,Snaky,YV0,338.141916,-6.467175,5718.0,4.24,-0.06,0.5,3.0,-4.98,0.032,3.34,7.35,6.04,5.73,1.63,0.0,0.0,1,1
813,HD213575_HARPS03_3.5_Snaky,HD213575,HARPS03,3.5,Snaky,YV0,338.141916,-6.467175,5718.0,4.24,-0.06,0.5,3.15,-4.98,0.033,3.32,7.34,6.03,5.72,1.6,0.0,0.0,1,1
814,HD213575_HARPS15_3.2.5_Snaky,HD213575,HARPS15,3.2.5,Snaky,YV0,338.141916,-6.467175,5720.0,4.21,-0.07,0.4,4.74,-4.98,0.05,3.47,7.37,6.07,5.76,1.67,0.0,0.0,1,1
815,HD213575_HARPS15_3.3.6_Snaky,HD213575,HARPS15,3.3.6,Snaky,YV0,338.141916,-6.467175,5720.0,4.21,-0.07,0.4,4.83,-4.98,0.051,3.47,7.37,6.07,5.76,1.67,0.0,0.0,1,1
816,HD213575_HARPS15_3.5_Snaky,HD213575,HARPS15,3.5,Snaky,YV0,338.141916,-6.467175,5720.0,4.21,-0.07,0.6,4.69,-4.98,0.049,3.49,7.37,6.07,5.76,1.68,0.0,0.0,1,1
817,HD213575_SOPHIE_1.0_Snaky,HD213575,SOPHIE,1.0,Snaky,YV0,338.141915,-6.467176,5714.0,4.3,-0.11,-1.8,20.47,-5.01,0.223,4.24,7.75,6.51,6.16,1.29,0.0,0.0,1,1
818,HD214686_HARPS03_3.3.6_Snaky,HD214686,HARPS03,3.3.6,Snaky,YV0,340.033259,-9.359238,5966.0,4.38,-0.28,3.6,20.5,-4.99,0.218,3.46,16.23,6.08,5.79,3.66,1.0,1.0,1,1
819,HD215065_SOPHIE_1.0_Snaky,HD215065,SOPHIE,1.0,Snaky,YV0,340.227083,66.523417,5649.0,4.46,-0.53,5.1,15.69,-4.94,0.128,4.04,7.27,6.06,5.76,0.59,0.0,0.0,1,1
820,HD215257_HARPS03_3.3.6_Snaky,HD215257,HARPS03,3.3.6,Snaky,YV0,340.961326,3.886841,6014.0,4.23,-0.65,2.4,5.35,-4.96,0.053,3.32,7.28,6.28,6.07,2.01,0.0,0.0,1,1
821,HD215257_HARPS03_3.5_Snaky,HD215257,HARPS03,3.5,Snaky,YV0,340.961326,3.886841,6014.0,4.23,-0.65,2.7,5.53,-4.96,0.055,3.31,7.28,6.27,6.06,2.0,0.0,0.0,1,1
822,HD215257_SOPHIE_1.0_Snaky,HD215257,SOPHIE,1.0,Snaky,YV0,340.961292,3.886833,6622.0,4.0,0.0,-3.9,90.02,-5.04,0.46,4.04,7.72,6.7,6.41,2.24,0.0,0.0,1,1
823,HD215500_SOPHIE_1.0_Snaky,HD215500,SOPHIE,1.0,Snaky,YV0,341.024167,64.570667,5450.0,4.48,-0.24,-0.6,8.33,-4.99,0.087,4.21,7.32,5.98,5.63,0.46,0.0,0.0,1,1
824,HD215588_SOPHIE_1.0_Snaky,HD215588,SOPHIE,1.0,Snaky,YV0,341.265417,58.147389,6344.0,4.24,-0.1,35.3,20.29,-4.71,0.126,4.03,22.37,20.9,19.72,15.26,0.0,1.0,1,1
825,HD215648_HARPS15_3.3.6_Snaky,HD215648,HARPS15,3.3.6,Snaky,YV0,341.673249,12.172886,6214.0,4.13,-0.22,0.6,19.79,-5.0,0.224,3.55,12.5,10.39,9.63,6.51,0.0,0.0,1,1
826,HD215648_SOPHIE_1.0_Snaky,HD215648,SOPHIE,1.0,Snaky,YV0,341.6725,12.174083,6164.0,4.21,-0.22,-1.8,21.11,-5.01,0.239,4.16,12.81,10.61,9.83,6.41,0.0,0.0,1,1
827,HD215812A_CORALIE14_3.8_Snaky,HD215812A,CORALIE14,3.8,Snaky,YV0,341.959074,-4.229041,5715.0,4.41,-0.09,-3.5,21.11,-5.2,0.28,5.12,8.81,7.45,6.96,2.51,0.0,0.0,1,1
828,HD215812B_CORALIE14_3.8_Snaky,HD215812B,CORALIE14,3.8,Snaky,YV0,341.958542,-4.228803,5712.0,4.42,-0.14,-4.2,19.53,-5.06,0.241,5.68,8.78,7.34,6.89,2.27,0.0,0.0,1,1
829,HD216275_SOPHIE_1.0_Snaky,HD216275,SOPHIE,1.0,Snaky,YV0,342.693083,52.061417,5914.0,4.44,-0.11,7.0,44.39,-5.31,0.455,4.13,8.11,6.9,6.56,2.56,0.0,0.0,1,1
830,HD216402_CORALIE07_3.4_Snaky,HD216402,CORALIE07,3.4,Snaky,YV0,343.193807,-10.058868,6131.0,4.37,0.14,3.5,21.05,-5.05,0.223,5.22,14.13,11.57,10.68,7.27,0.0,0.0,1,1
831,HD216417_SOPHIE_1.0_Snaky,HD216417,SOPHIE,1.0,Snaky,YV0,343.150833,10.220306,4834.0,3.5,-0.03,-6.2,,-5.07,,4.0,101.03,96.51,292.49,142.75,0.0,0.0,1,1
832,HD216520_SOPHIE_1.0_Snaky,HD216520,SOPHIE,1.0,Snaky,YV0,341.885833,83.697028,5108.0,4.53,-0.2,-0.4,25.41,-5.0,0.309,3.97,7.43,5.94,5.46,0.49,0.0,0.0,1,1
833,HD216582_HARPN_3.0.1_Snaky,HD216582,HARPN,3.0.1,Snaky,YV0,343.125721,67.993611,6320.0,4.22,-0.03,0.3,23.5,-5.16,0.283,3.18,17.53,14.14,12.7,9.27,0.0,0.0,1,1
834,HD216625_SOPHIE_1.0_Snaky,HD216625,SOPHIE,1.0,Snaky,YV0,343.530875,19.892056,6122.0,4.29,-0.02,-1.0,20.31,-5.0,0.208,4.01,10.97,9.33,8.76,5.25,0.0,0.0,1,1
835,HD216631_SOPHIE_1.0_Snaky,HD216631,SOPHIE,1.0,Snaky,YV0,343.509167,34.198694,6045.0,4.35,-0.4,-11.4,51.45,-5.19,0.445,4.05,8.66,7.54,7.14,3.23,0.0,0.0,1,1
836,HD217014_ESPRESSO19_3.2.5_Snaky,HD217014,ESPRESSO19,3.2.5,Snaky,YV0,344.366585,20.768832,5751.0,4.33,0.17,0.7,,-4.99,,2.36,7.66,6.26,5.89,2.16,0.0,0.0,1,1
837,HD217014_ESPRESSO19_3.3.1_Snaky,HD217014,ESPRESSO19,3.3.1,Snaky,YV0,344.366585,20.768832,5751.0,4.33,0.17,0.6,11.93,-4.99,0.125,2.36,7.66,6.26,5.89,2.15,0.0,0.0,1,1
838,HD217014_HARPN_3.0.1_Snaky,HD217014,HARPN,3.0.1,Snaky,YV0,344.366585,20.768832,5751.0,4.33,0.17,0.9,11.61,-4.98,0.122,3.15,7.69,6.33,5.96,2.41,0.0,0.0,1,1
839,HD217014_HARPS03_3.2.5_Snaky,HD217014,HARPS03,3.2.5,Snaky,YV0,344.366585,20.768832,5751.0,4.33,0.17,0.8,1.96,-4.98,0.02,3.45,7.76,6.41,6.03,2.3,0.0,0.0,1,1
840,HD217014_HARPS03_3.3.6_Snaky,HD217014,HARPS03,3.3.6,Snaky,YV0,344.366585,20.768832,5751.0,4.33,0.17,0.7,1.96,-4.98,0.02,3.45,7.76,6.4,6.03,2.45,0.0,0.0,1,1
841,HD217014_HARPS03_3.5_Snaky,HD217014,HARPS03,3.5,Snaky,YV0,344.366585,20.768832,5751.0,4.33,0.17,0.6,1.47,-4.98,0.016,3.43,7.76,6.4,6.02,2.29,0.0,0.0,1,1
842,HD217014_HARPS15_3.2.5_Snaky,HD217014,HARPS15,3.2.5,Snaky,YV0,344.366585,20.768832,5751.0,4.33,0.17,0.7,0.54,-4.98,0.006,3.41,7.78,6.43,6.05,2.37,0.0,0.0,1,1
843,HD217014_HARPS15_3.3.6_Snaky,HD217014,HARPS15,3.3.6,Snaky,YV0,344.366585,20.768832,5751.0,4.33,0.17,0.8,0.54,-4.98,0.006,3.41,7.78,6.43,6.05,2.37,0.0,0.0,1,1
844,HD217014_HARPS15_3.5_Snaky,HD217014,HARPS15,3.5,Snaky,YV0,344.366585,20.768832,5751.0,4.33,0.17,0.6,0.59,-4.98,0.006,3.41,7.78,6.42,6.05,2.36,0.0,0.0,1,1
845,HD217014_NEID_1.0_Snaky,HD217014,NEID,1.0,Snaky,YV0,344.36754,20.769096,5795.0,4.35,0.19,-5.1,7.12,-5.04,0.071,3.15,7.75,6.34,5.95,2.31,0.0,0.0,1,1
846,HD217014_SOPHIE_1.0_Snaky,HD217014,SOPHIE,1.0,Snaky,YV0,344.366583,20.768833,5728.0,4.34,0.15,-1.9,19.57,-5.01,0.192,4.18,8.17,6.84,6.41,2.32,0.0,0.0,1,1
847,HD217107_CORALIE14_3.8_Snaky,HD217107,CORALIE14,3.8,Snaky,YV0,344.564753,-2.395384,5561.0,4.33,0.31,-0.3,11.67,-4.99,0.129,4.89,8.54,7.0,6.51,1.2,0.0,0.0,1,1
848,HD217107_NEID_1.0_Snaky,HD217107,NEID,1.0,Snaky,YV0,344.564724,-2.395449,5615.0,4.32,0.29,-5.7,3.71,-5.05,0.046,3.18,7.54,6.01,5.59,1.59,0.0,0.0,1,1
849,HD217107_SOPHIE_1.0_Snaky,HD217107,SOPHIE,1.0,Snaky,YV0,344.56475,-2.395361,5585.0,4.34,0.29,0.9,8.94,-4.99,0.094,4.31,7.96,6.53,6.06,1.23,0.0,0.0,1,1
850,HD217580_CORALIE14_3.8_Snaky,HD217580,CORALIE14,3.8,Snaky,YV0,345.464735,-3.848723,3129.0,5.0,0.0,,,,,2.36,8.14,6.26,5.49,0.83,0.0,0.0,1,1
851,HD217877_SOPHIE_1.0_Snaky,HD217877,SOPHIE,1.0,Snaky,YV0,345.987875,-4.794944,5992.0,4.3,-0.07,17.2,38.0,-5.08,0.33,4.11,8.2,7.0,6.61,2.25,0.0,0.0,1,1
852,HD218059_SOPHIE_1.0_Snaky,HD218059,SOPHIE,1.0,Snaky,YV0,346.250833,4.225417,6280.0,4.28,-0.29,-10.2,49.68,-5.16,0.455,3.23,10.32,8.89,8.28,5.59,0.0,0.0,1,1
853,HD218133_SOPHIE_1.0_Snaky,HD218133,SOPHIE,1.0,Snaky,YV0,346.379792,14.451667,5986.0,4.27,0.02,-43.4,66.13,-6.43,0.4,6.12,8.43,7.15,6.74,0.32,0.0,0.0,1,1
854,HD218209_SOPHIE_1.0_Snaky,HD218209,SOPHIE,1.0,Snaky,YV0,346.275,68.417056,5599.0,4.47,-0.44,4.8,11.25,-4.94,0.104,4.17,7.34,6.12,5.83,0.57,0.0,0.0,1,1
855,HD218261_SOPHIE_1.0_Snaky,HD218261,SOPHIE,1.0,Snaky,YV0,346.632083,19.910833,6027.0,4.35,0.02,33.7,19.95,-4.72,0.11,4.18,12.11,10.12,9.49,6.12,0.0,0.0,1,1
856,HD21847_SOPHIE_1.0_Snaky,HD21847,SOPHIE,1.0,Snaky,YV0,53.165917,35.659444,6164.0,4.2,0.1,58.1,45.74,-4.62,0.301,3.47,24.38,22.93,22.04,16.27,0.0,0.0,1,1
857,HD218730_CORALIE14_3.8_Snaky,HD218730,CORALIE14,3.8,Snaky,YV0,347.602982,-7.811995,5826.0,4.37,0.06,24.5,23.1,-4.79,0.165,4.76,9.13,7.61,7.12,2.77,0.0,0.0,1,1
858,HD218730_SOPHIE_1.0_Snaky,HD218730,SOPHIE,1.0,Snaky,YV0,347.602625,-7.811667,5897.0,4.3,0.13,14.9,60.8,-5.32,0.492,4.22,8.59,7.26,6.82,2.73,0.0,0.0,1,1
859,HD218804_SOPHIE_1.0_Snaky,HD218804,SOPHIE,1.0,Snaky,YV0,347.614167,43.54475,6620.0,4.0,0.0,30.6,,-4.74,,4.14,30.64,31.02,28.41,26.11,0.0,0.0,1,1
860,HD218949_SOPHIE_1.0_Snaky,HD218949,SOPHIE,1.0,Snaky,YV0,347.911667,47.098722,5714.0,4.2,0.08,-1.7,8.98,-5.01,0.104,4.17,7.97,6.63,6.22,1.43,0.0,0.0,1,1
861,HD219134_HARPN_3.0.1_Snaky,HD219134,HARPN,3.0.1,Snaky,YV0,348.320728,57.168354,4774.0,4.53,-0.04,3.0,3.45,-4.96,0.034,3.09,7.1,5.53,4.91,0.79,0.0,0.0,1,1
862,HD219172_SOPHIE_1.0_Snaky,HD219172,SOPHIE,1.0,Snaky,YV0,348.450958,15.367611,5976.0,4.32,0.02,-3.4,44.83,-5.47,0.508,4.32,11.14,9.35,8.77,6.19,0.0,0.0,1,1
863,HD219306_SOPHIE_1.0_Snaky,HD219306,SOPHIE,1.0,Snaky,YV0,348.607917,43.698111,6142.0,4.21,-0.16,-8.8,45.54,-5.2,0.48,4.22,8.91,7.67,7.21,3.16,0.0,0.0,1,1
864,HD219396_SOPHIE_1.0_Snaky,HD219396,SOPHIE,1.0,Snaky,YV0,348.038333,82.394611,5783.0,4.26,-0.01,8.0,19.05,-4.92,0.165,4.17,7.84,6.59,6.21,1.34,0.0,0.0,1,1
865,HD219834B_CORALIE14_3.8_Snaky,HD219834B,CORALIE14,3.8,Snaky,YV0,349.777337,-13.45525,5581.0,4.17,0.28,10.5,11.16,-4.89,0.094,4.44,8.88,7.29,6.79,1.97,0.0,0.0,1,1
866,HD220140_SOPHIE_1.0_Snaky,HD220140,SOPHIE,1.0,Snaky,YV0,349.8625,79.003611,4936.0,4.54,0.05,212.6,55.1,-4.19,0.132,4.08,24.4,23.37,23.03,20.5,0.0,0.0,1,1
867,HD220182_SOPHIE_1.0_Snaky,HD220182,SOPHIE,1.0,Snaky,YV0,350.402125,44.097861,5360.0,4.53,0.04,99.7,46.45,-4.48,0.145,4.31,9.71,7.95,7.37,4.31,0.0,0.0,1,1
868,HD220476_CORALIE14_3.8_Snaky,HD220476,CORALIE14,3.8,Snaky,YV0,351.026405,-7.550757,5669.0,4.5,0.0,128.7,24.06,-4.37,0.06,5.77,8.7,7.14,6.67,1.63,0.0,0.0,1,1
869,HD220476_HARPS15_3.3.6_Snaky,HD220476,HARPS15,3.3.6,Snaky,YV0,351.026405,-7.550757,5685.0,4.49,-0.01,149.2,6.62,-4.32,0.015,3.16,7.67,6.18,5.81,2.04,0.0,0.0,1,1
870,HD22049_CORALIE14_3.8_Snaky,HD22049,CORALIE14,3.8,Snaky,YV0,53.232685,-9.458261,5097.0,4.57,-0.05,86.1,4.71,-4.49,0.016,5.13,8.6,6.88,6.27,1.1,0.0,0.0,1,1
871,HD22049_HARPN_3.0.1_Snaky,HD22049,HARPN,3.0.1,Snaky,YV0,53.232685,-9.458261,5087.0,4.57,-0.06,80.5,8.48,-4.51,0.03,3.06,7.38,5.73,5.2,1.4,0.0,0.0,1,1
872,HD22049_HARPS03_3.2.5_Snaky,HD22049,HARPS03,3.2.5,Snaky,YV0,53.232685,-9.458261,5082.0,4.56,-0.06,85.1,5.6,-4.5,0.02,3.33,7.47,5.83,5.3,1.16,0.0,0.0,1,1
873,HD22049_HARPS03_3.3.6_Snaky,HD22049,HARPS03,3.3.6,Snaky,YV0,53.232685,-9.458261,5082.0,4.56,-0.06,85.1,5.62,-4.5,0.02,3.33,7.47,5.83,5.3,1.32,0.0,0.0,1,1
874,HD22049_HARPS03_3.5_Snaky,HD22049,HARPS03,3.5,Snaky,YV0,53.232685,-9.458261,5082.0,4.56,-0.06,87.5,4.39,-4.49,0.015,3.3,7.48,5.84,5.3,1.16,0.0,0.0,1,1
875,HD22049_HARPS15_3.2.5_Snaky,HD22049,HARPS15,3.2.5,Snaky,YV0,53.232685,-9.458261,5090.0,4.57,-0.06,73.5,7.59,-4.54,0.029,3.42,7.44,5.82,5.29,1.2,0.0,0.0,1,1
876,HD22049_HARPS15_3.3.6_Snaky,HD22049,HARPS15,3.3.6,Snaky,YV0,53.232685,-9.458261,5086.0,4.56,-0.06,73.3,7.57,-4.54,0.029,3.44,7.44,5.82,5.29,1.11,0.0,0.0,1,1
877,HD22049_HARPS15_3.5_Snaky,HD22049,HARPS15,3.5,Snaky,YV0,53.232685,-9.458261,5086.0,4.56,-0.06,78.8,4.53,-4.52,0.017,3.44,7.47,5.83,5.3,1.23,0.0,0.0,1,1
878,HD22049_NEID_1.0_Snaky,HD22049,NEID,1.0,Snaky,YV0,53.22843,-9.458171,5064.0,4.55,-0.12,42.4,5.91,-4.68,0.032,3.21,7.46,5.76,5.23,1.29,0.0,0.0,1,1
879,HD220773_SOPHIE_1.0_Snaky,HD220773,SOPHIE,1.0,Snaky,YV0,351.614167,8.643861,5998.0,4.24,0.11,4.4,18.09,-4.94,0.184,4.14,8.97,7.62,7.14,3.22,0.0,0.0,1,1
880,HD221146_CORALIE14_3.8_Snaky,HD221146,CORALIE14,3.8,Snaky,YV0,,,,,,,,,,,,,,,,,0,0
881,HD221146_HARPS03_3.3.6_Snaky,HD221146,HARPS03,3.3.6,Snaky,YV0,352.376323,-1.035896,5883.0,4.27,0.12,1.1,3.63,-4.97,0.038,3.33,8.03,6.74,6.35,2.79,0.0,0.0,1,1
882,HD221146_HARPS03_3.5_Snaky,HD221146,HARPS03,3.5,Snaky,YV0,352.376323,-1.035896,5883.0,4.27,0.12,1.0,4.0,-4.98,0.042,3.32,8.03,6.73,6.34,2.78,0.0,0.0,1,1
883,HD221354_NEID-HE_1.0_Snaky,HD221354,NEID-HE,1.0,Snaky,YV0,352.851831,59.166007,5222.0,4.5,-0.01,2.2,6.18,-4.97,0.063,4.18,7.6,6.08,5.6,0.5,0.0,0.0,1,1
884,HD221354_NEID_1.0_Snaky,HD221354,NEID,1.0,Snaky,YV0,352.851831,59.166007,5211.0,4.51,-0.03,-1.9,3.02,-5.01,0.03,3.19,7.14,5.57,5.12,1.06,0.0,0.0,1,1
885,HD221354_SOPHIE_1.0_Snaky,HD221354,SOPHIE,1.0,Snaky,YV0,352.839583,59.165528,5208.0,4.48,-0.01,-0.4,5.12,-4.99,0.056,4.14,7.58,6.13,5.66,0.59,0.0,0.0,1,1
886,HD221356_HARPS03_3.3.6_Snaky,HD221356,HARPS03,3.3.6,Snaky,YV0,352.881262,-4.087404,6028.0,4.36,-0.27,-0.4,2.74,-4.99,0.029,3.33,7.96,6.84,6.49,3.03,0.0,0.0,1,1
887,HD221356_HARPS03_3.5_Snaky,HD221356,HARPS03,3.5,Snaky,YV0,352.881262,-4.087404,6028.0,4.36,-0.27,-0.9,3.43,-5.0,0.037,3.31,7.96,6.83,6.48,3.02,0.0,0.0,1,1
888,HD221356_HARPS15_3.3.6_Snaky,HD221356,HARPS15,3.3.6,Snaky,YV0,352.881262,-4.087404,6034.0,4.35,-0.27,-1.8,3.19,-5.01,0.036,3.45,7.99,6.86,6.51,3.06,0.0,0.0,1,1
889,HD221356_HARPS15_3.5_Snaky,HD221356,HARPS15,3.5,Snaky,YV0,352.881262,-4.087404,6015.0,4.33,-0.28,-1.7,3.54,-5.01,0.039,2.89,7.99,6.86,6.51,3.06,0.0,0.0,1,1
890,HD221356_SOPHIE_1.0_Snaky,HD221356,SOPHIE,1.0,Snaky,YV0,352.880833,-4.086944,6006.0,4.34,-0.24,-0.3,84.82,-5.53,0.564,4.26,8.4,7.26,6.9,2.82,0.0,0.0,1,1
891,HD221627_HARPN_3.0.1_Snaky,HD221627,HARPN,3.0.1,Snaky,YV0,353.394984,17.818829,5795.0,4.08,0.23,0.9,12.49,-5.0,0.132,3.15,8.29,6.92,6.5,3.14,0.0,0.0,1,1
892,HD221627_HARPS03_3.3.6_Snaky,HD221627,HARPS03,3.3.6,Snaky,YV0,353.394984,17.818829,5804.0,4.09,0.23,2.5,1.64,-4.96,0.017,3.36,8.27,6.91,6.49,3.05,0.0,0.0,1,1
893,HD221627_HARPS03_3.5_Snaky,HD221627,HARPS03,3.5,Snaky,YV0,353.394984,17.818829,5804.0,4.09,0.23,2.3,1.82,-4.96,0.018,3.35,8.28,6.9,6.48,3.03,0.0,0.0,1,1
894,HD221627_SOPHIE_1.0_Snaky,HD221627,SOPHIE,1.0,Snaky,YV0,353.394583,17.818833,5785.0,4.08,0.23,0.7,28.88,-5.02,0.329,4.13,8.66,7.26,6.81,2.65,0.0,0.0,1,1
895,HD221757_SOPHIE_1.0_Snaky,HD221757,SOPHIE,1.0,Snaky,YV0,353.671458,37.799667,5984.0,4.31,-0.84,-3.8,23.6,-5.04,0.273,3.67,8.03,7.09,6.81,3.66,1.0,1.0,1,1
896,HD221830_HARPN_3.0.1_Snaky,HD221830,HARPN,3.0.1,Snaky,YV0,353.870392,31.017175,5750.0,4.26,-0.4,-1.9,12.53,-5.04,0.142,3.07,7.06,5.84,5.57,1.55,0.0,0.0,1,1
897,HD221830_SOPHIE_1.0_Snaky,HD221830,SOPHIE,1.0,Snaky,YV0,353.87,31.017167,5753.0,4.24,-0.43,-3.3,10.35,-5.02,0.123,4.07,7.58,6.41,6.08,1.08,0.0,0.0,1,1
898,HD221950_HARPS03_3.3.6_Snaky,HD221950,HARPS03,3.3.6,Snaky,YV0,354.097019,2.102221,7123.0,4.0,0.0,34.4,14.17,-4.72,0.09,3.33,15.1,11.96,10.91,9.99,1.0,1.0,1,1
899,HD222033_SOPHIE_1.0_Snaky,HD222033,SOPHIE,1.0,Snaky,YV0,354.2775,30.678028,5971.0,4.25,0.12,6.8,19.36,-4.92,0.172,4.13,9.05,7.67,7.2,3.33,0.0,0.0,1,1
900,HD222143_SOPHIE_1.0_Snaky,HD222143,SOPHIE,1.0,Snaky,YV0,354.493667,46.199417,5759.0,4.41,0.1,91.7,24.99,-4.48,0.083,4.2,8.49,7.06,6.63,2.48,0.0,0.0,1,1
901,HD222155_SOPHIE_1.0_Snaky,HD222155,SOPHIE,1.0,Snaky,YV0,354.500833,48.996528,5836.0,4.17,-0.04,3.2,13.21,-4.95,0.127,4.12,7.97,6.69,6.3,1.53,0.0,0.0,1,1
902,HD222368_HARPS03_3.3.6_Snaky,HD222368,HARPS03,3.3.6,Snaky,YV0,354.987672,5.626291,6230.0,4.2,-0.09,4.4,3.02,-4.94,0.029,3.31,10.45,8.99,8.45,5.24,0.0,0.0,1,1
903,HD222368_HARPS03_3.5_Snaky,HD222368,HARPS03,3.5,Snaky,YV0,354.987672,5.626291,6230.0,4.2,-0.09,4.1,3.1,-4.94,0.03,3.31,10.44,8.99,8.45,5.23,0.0,0.0,1,1
904,HD222368_SOPHIE_1.0_Snaky,HD222368,SOPHIE,1.0,Snaky,YV0,354.986667,5.627361,6211.0,4.19,-0.1,12.1,23.22,-4.87,0.205,4.16,10.82,9.19,8.63,4.96,0.0,0.0,1,1
905,HD22255_SOPHIE_1.0_Snaky,HD22255,SOPHIE,1.0,Snaky,YV0,53.7925,5.714,6257.0,4.27,-0.21,-32.1,51.03,-5.95,0.495,4.15,13.39,11.01,10.3,6.74,0.0,0.0,1,1
906,HD222794_HARPN_3.0.1_Snaky,HD222794,HARPN,3.0.1,Snaky,YV0,355.86268,58.080298,5752.0,4.28,-0.48,-0.4,12.23,-5.02,0.133,3.07,6.95,5.75,5.51,1.33,0.0,0.0,1,1
907,HD222794_SOPHIE_1.0_Snaky,HD222794,SOPHIE,1.0,Snaky,YV0,355.861667,58.080306,5759.0,4.25,-0.53,4.8,22.36,-4.94,0.163,4.07,7.46,6.32,6.01,0.94,0.0,0.0,1,1
908,HD223061_SOPHIE_1.0_Snaky,HD223061,SOPHIE,1.0,Snaky,YV0,356.576667,9.785083,5956.0,4.37,-0.23,-16.4,65.08,-5.31,0.464,4.14,7.7,6.53,6.24,1.31,0.0,0.0,1,1
909,HD223778_HARPN_3.0.1_Snaky,HD223778,HARPN,3.0.1,Snaky,YV0,358.105871,75.544543,5305.0,4.56,-0.46,174.0,9.87,-4.26,0.02,3.15,7.91,6.11,5.58,2.09,1.0,0.0,1,1
910,HD223778_SOPHIE_1.0_Snaky,HD223778,SOPHIE,1.0,Snaky,YV0,358.1055,75.544583,5178.0,4.63,-0.96,-158.2,,-6.91,,3.92,8.49,6.67,6.03,22.46,0.0,1.0,1,1
911,HD223788_SOPHIE_1.0_Snaky,HD223788,SOPHIE,1.0,Snaky,YV0,358.165,54.268806,6244.0,4.24,-0.04,-18.3,60.67,-5.59,0.483,4.13,13.92,11.4,10.59,7.04,0.0,0.0,1,1
912,HD22403_HARPS03_3.3.6_Snaky,HD22403,HARPS03,3.3.6,Snaky,YV0,54.295992,25.991098,4940.0,3.5,0.01,,,,,3.36,58.8,58.2,145.69,,0.0,0.0,0,1
913,HD22484_SOPHIE_1.0_Snaky,HD22484,SOPHIE,1.0,Snaky,YV0,54.21825,0.401639,6092.0,4.27,-0.02,1.9,18.88,-4.97,0.172,4.23,8.93,7.63,7.17,3.18,0.0,0.0,1,1
914,HD224930_SOPHIE_1.0_Snaky,HD224930,SOPHIE,1.0,Snaky,YV0,0.542292,27.08225,5450.0,4.51,-0.75,2.6,6.68,-4.96,0.068,4.16,7.09,5.82,5.46,0.43,0.0,1.0,1,1
915,HD225097_SOPHIE_1.0_Snaky,HD225097,SOPHIE,1.0,Snaky,YV0,0.857917,20.665528,5869.0,4.28,0.0,50.4,57.01,-4.66,0.365,4.19,9.36,8.24,7.81,3.99,0.0,1.0,1,1
916,HD22521_SOPHIE_1.0_Snaky,HD22521,SOPHIE,1.0,Snaky,YV0,54.738333,42.538306,6046.0,4.29,-0.08,2.7,58.85,-4.98,0.434,4.22,8.55,7.33,6.92,2.77,0.0,1.0,1,1
917,HD22879_CORALIE14_3.8_Snaky,HD22879,CORALIE14,3.8,Snaky,YV0,55.091938,-3.216979,3496.0,5.0,0.0,,,,,2.82,8.15,6.5,7.39,4.25,1.0,0.0,1,1
918,HD22879_ESPRESSO19_3.2.5_Snaky,HD22879,ESPRESSO19,3.2.5,Snaky,YV0,55.091938,-3.216979,5852.0,4.36,-0.85,-1.3,,-5.0,,2.73,6.73,5.62,5.45,1.06,0.0,0.0,1,1
919,HD22879_ESPRESSO19_3.3.1_Snaky,HD22879,ESPRESSO19,3.3.1,Snaky,YV0,55.091938,-3.216979,5852.0,4.36,-0.85,-1.5,,-5.0,,2.74,6.73,5.62,5.46,1.06,0.0,0.0,1,1
920,HD22879_HARPS03_3.3.6_Snaky,HD22879,HARPS03,3.3.6,Snaky,YV0,55.091938,-3.216979,5853.0,4.35,-0.85,-2.1,2.96,-5.01,0.033,3.34,6.83,5.78,5.63,1.16,0.0,0.0,1,1
921,HD22879_HARPS03_3.5_Snaky,HD22879,HARPS03,3.5,Snaky,YV0,55.091938,-3.216979,5853.0,4.35,-0.85,-2.3,3.29,-5.01,0.037,3.33,6.83,5.78,5.62,1.15,0.0,0.0,1,1
922,HD22879_HARPS15_3.3.6_Snaky,HD22879,HARPS15,3.3.6,Snaky,YV0,55.091938,-3.216979,5853.0,4.35,-0.85,-2.6,3.14,-5.02,0.035,3.43,6.86,5.81,5.64,1.13,0.0,0.0,1,1
923,HD22879_HARPS15_3.5_Snaky,HD22879,HARPS15,3.5,Snaky,YV0,55.091938,-3.216979,5853.0,4.35,-0.85,-2.8,3.31,-5.02,0.037,3.44,6.86,5.81,5.64,1.12,0.0,0.0,1,1
924,HD22879_SOPHIE_1.0_Snaky,HD22879,SOPHIE,1.0,Snaky,YV0,55.09025,-3.216472,6549.0,4.0,0.0,-7.5,,-5.1,,4.07,7.33,6.29,6.04,1.26,0.0,0.0,1,1
925,HD23050_SOPHIE_1.0_Snaky,HD23050,SOPHIE,1.0,Snaky,YV0,55.948333,42.603361,5853.0,4.31,-0.38,-7.2,46.13,-5.1,0.451,4.13,7.6,6.44,6.14,1.16,0.0,0.0,1,1
926,HD23140_SOPHIE_1.0_Snaky,HD23140,SOPHIE,1.0,Snaky,YV0,56.202458,46.036083,5276.0,4.5,-0.07,41.5,11.27,-4.68,0.058,3.97,7.7,6.18,5.68,0.78,0.0,1.0,1,1
927,HD2330_SOPHIE_1.0_Snaky,HD2330,SOPHIE,1.0,Snaky,YV0,6.860833,26.278806,6002.0,4.27,0.16,5.1,47.65,-4.98,0.406,4.15,9.09,7.73,7.26,3.39,0.0,0.0,1,1
928,HD23965_SOPHIE_1.0_Snaky,HD23965,SOPHIE,1.0,Snaky,YV0,57.514583,22.591611,6167.0,4.3,-0.13,94.1,59.02,-4.46,0.206,4.16,14.31,11.58,10.78,7.29,0.0,0.0,1,1
929,HD24040_SOPHIE_1.0_Snaky,HD24040,SOPHIE,1.0,Snaky,YV0,57.595833,17.476361,5772.0,4.27,0.14,1.3,15.52,-4.97,0.165,4.1,8.33,7.0,6.57,2.64,0.0,0.0,1,1
930,HD24206_SOPHIE_1.0_Snaky,HD24206,SOPHIE,1.0,Snaky,YV0,58.023104,22.671611,5638.0,4.47,-0.07,30.4,29.04,-4.75,0.336,4.15,7.7,6.3,5.93,0.94,0.0,0.0,1,1
931,HD24213_SOPHIE_1.0_Snaky,HD24213,SOPHIE,1.0,Snaky,YV0,58.047458,25.163056,5957.0,4.27,0.1,-7.0,53.94,-5.55,0.542,4.12,8.79,7.51,7.08,3.15,0.0,0.0,1,1
932,HD24421_SOPHIE_1.0_Snaky,HD24421,SOPHIE,1.0,Snaky,YV0,58.904583,52.226806,6105.0,4.27,-0.29,10.7,43.13,-4.91,0.382,3.34,8.02,6.89,6.56,2.55,0.0,0.0,1,1
933,HD24496A_HARPS03_3.3.6_Snaky,HD24496A,HARPS03,3.3.6,Snaky,YV0,58.616805,16.616053,5546.0,4.44,0.02,9.2,18.91,-4.92,0.172,3.39,7.11,5.68,5.33,1.0,0.0,0.0,1,1
934,HD24496A_HARPS03_3.5_Snaky,HD24496A,HARPS03,3.5,Snaky,YV0,58.616805,16.616053,5554.0,4.44,0.04,6.9,21.3,-4.95,0.207,3.37,7.11,5.67,5.32,1.0,0.0,0.0,1,1
935,HD25173_SOPHIE_1.0_Snaky,HD25173,SOPHIE,1.0,Snaky,YV0,61.84875,75.175028,6060.0,4.28,-0.43,-13.1,44.3,-5.2,0.413,4.17,8.1,7.01,6.63,2.79,0.0,0.0,1,1
936,HD25457_HARPS03_3.3.6_Snaky,HD25457,HARPS03,3.3.6,Snaky,YV0,60.653101,-0.268922,6242.0,4.2,0.1,142.9,14.88,-4.33,0.036,3.32,27.52,26.86,25.65,23.68,0.0,0.0,1,1
937,HD25457_HARPS03_3.5_Snaky,HD25457,HARPS03,3.5,Snaky,YV0,60.653101,-0.268922,6242.0,4.2,0.1,156.0,8.84,-4.3,0.02,3.22,27.48,26.84,25.47,23.52,0.0,0.0,1,1
938,HD25457_HARPS15_3.3.6_Snaky,HD25457,HARPS15,3.3.6,Snaky,YV0,60.653101,-0.268922,6209.0,4.19,0.11,145.2,21.48,-4.33,0.05,3.22,27.7,27.19,26.3,24.26,0.0,0.0,1,1
939,HD25457_SOPHIE_1.0_Snaky,HD25457,SOPHIE,1.0,Snaky,YV0,60.654167,-0.268889,6196.0,4.14,0.13,145.3,13.47,-4.32,0.032,4.33,27.54,26.83,26.08,23.15,0.0,0.0,1,1
940,HD25463_SOPHIE_1.0_Snaky,HD25463,SOPHIE,1.0,Snaky,YV0,60.747917,9.2085,6427.0,4.18,-0.07,-59.9,84.51,-6.48,0.497,4.18,18.03,16.7,15.9,11.28,0.0,0.0,1,1
941,HD25665_SOPHIE_1.0_Snaky,HD25665,SOPHIE,1.0,Snaky,YV0,62.395958,69.541389,4958.0,4.51,-0.01,10.0,20.65,-4.95,0.182,4.34,7.65,6.05,5.46,0.59,0.0,0.0,1,1
942,HD26161_SOPHIE_1.0_Snaky,HD26161,SOPHIE,1.0,Snaky,YV0,62.411917,31.652139,6111.0,4.28,-0.02,-4.7,13.74,-5.04,0.183,4.14,8.93,7.65,7.19,3.19,0.0,0.0,1,1
943,HD2663_SOPHIE_1.0_Snaky,HD2663,SOPHIE,1.0,Snaky,YV0,7.8025,69.785278,6063.0,4.31,-0.38,17.0,50.93,-4.93,0.439,4.27,8.44,7.27,6.9,2.77,0.0,0.0,1,1
944,HD26749_HARPS03_3.3.6_Snaky,HD26749,HARPS03,3.3.6,Snaky,YV0,63.576216,12.348097,5764.0,4.32,-0.23,0.5,15.43,-5.03,0.167,3.46,7.18,5.92,5.65,1.45,0.0,0.0,1,1
945,HD26749_SOPHIE_1.0_Snaky,HD26749,SOPHIE,1.0,Snaky,YV0,63.575833,12.348111,5715.0,4.36,-0.31,1.4,12.97,-4.97,0.142,4.22,7.62,6.41,6.08,1.11,0.0,0.0,1,1
946,HD26784_HARPS03_3.3.6_Snaky,HD26784,HARPS03,3.3.6,Snaky,YV0,63.643087,10.701387,6110.0,4.14,0.2,64.1,19.58,-4.58,0.082,3.56,25.38,24.5,23.81,21.14,0.0,0.0,1,1
947,HD26913_HARPS03_3.3.6_Snaky,HD26913,HARPS03,3.3.6,Snaky,YV0,63.857446,6.199653,5657.0,4.51,-0.02,138.4,11.6,-4.34,0.028,3.32,10.43,8.75,8.2,5.37,0.0,0.0,1,1
948,HD26913_HARPS03_3.5_Snaky,HD26913,HARPS03,3.5,Snaky,YV0,63.857446,6.199653,5657.0,4.51,-0.02,138.3,11.11,-4.34,0.027,3.3,10.39,8.71,8.17,5.32,0.0,0.0,1,1
949,HD26913_SOPHIE_1.0_Snaky,HD26913,SOPHIE,1.0,Snaky,YV0,63.858333,6.199722,5717.0,4.5,0.0,137.8,27.49,-4.34,0.068,3.96,10.76,8.94,8.34,5.03,0.0,0.0,1,1
950,HD26923_HARPS03_3.3.6_Snaky,HD26923,HARPS03,3.3.6,Snaky,YV0,63.870002,6.186861,5924.0,4.35,-0.05,106.0,16.03,-4.43,0.047,3.3,7.55,6.19,5.88,1.87,0.0,0.0,1,1
951,HD26923_HARPS03_3.5_Snaky,HD26923,HARPS03,3.5,Snaky,YV0,63.870002,6.186861,5928.0,4.34,-0.06,98.1,12.39,-4.45,0.037,3.22,7.55,6.18,5.87,1.83,0.0,0.0,1,1
952,HD26923_HARPS15_3.3.6_Snaky,HD26923,HARPS15,3.3.6,Snaky,YV0,63.870002,6.186861,5918.0,4.37,-0.04,88.0,29.31,-4.49,0.098,3.46,7.58,6.21,5.91,2.0,0.0,0.0,1,1
953,HD26923_SOPHIE_1.0_Snaky,HD26923,SOPHIE,1.0,Snaky,YV0,63.870833,6.186944,5928.0,4.4,-0.08,89.3,19.58,-4.48,0.063,3.96,7.98,6.63,6.26,1.44,0.0,0.0,1,1
954,HD26965_ESPRESSO18_3.3.1_Snaky,HD26965,ESPRESSO18,3.3.1,Snaky,YV0,63.817998,-7.652869,5095.0,4.54,-0.32,12.4,,-4.87,,2.74,6.76,5.23,4.82,0.66,0.0,0.0,1,1
955,HD26965_HARPN_3.0.1_Snaky,HD26965,HARPN,3.0.1,Snaky,YV0,63.817998,-7.652869,5095.0,4.54,-0.32,2.4,4.54,-4.96,0.046,3.16,6.81,5.32,4.9,0.58,0.0,0.0,1,1
956,HD26965_HARPS03_3.3.6_Snaky,HD26965,HARPS03,3.3.6,Snaky,YV0,63.817998,-7.652869,5127.0,4.54,-0.3,2.3,3.33,-4.96,0.032,3.33,6.85,5.38,4.95,0.5,0.0,0.0,1,1
957,HD26965_HARPS03_3.5_Snaky,HD26965,HARPS03,3.5,Snaky,YV0,63.817998,-7.652869,5127.0,4.54,-0.3,2.0,3.19,-4.97,0.031,3.32,6.85,5.37,4.94,0.5,0.0,0.0,1,1
958,HD26965_HARPS15_3.3.6_Snaky,HD26965,HARPS15,3.3.6,Snaky,YV0,63.817998,-7.652869,5095.0,4.54,-0.32,5.4,2.4,-4.93,0.023,3.44,6.89,5.41,4.99,0.51,0.0,0.0,1,1
959,HD26965_HARPS15_3.5_Snaky,HD26965,HARPS15,3.5,Snaky,YV0,63.817998,-7.652869,5095.0,4.54,-0.32,5.0,2.63,-4.94,0.025,3.44,6.89,5.41,4.99,0.5,0.0,0.0,1,1
960,HD26965_NEID_1.0_Snaky,HD26965,NEID,1.0,Snaky,YV0,63.808267,-7.667603,5116.0,4.55,-0.35,2.8,2.7,-4.96,0.026,3.21,6.88,5.33,4.9,0.49,0.0,0.0,1,1
961,HD26990_HARPS03_3.3.6_Snaky,HD26990,HARPS03,3.3.6,Snaky,YV0,64.06878,7.159436,5699.0,4.47,-0.1,61.3,4.45,-4.59,0.019,3.38,8.54,7.14,6.61,3.49,0.0,0.0,1,1
962,HD26990_HARPS03_3.5_Snaky,HD26990,HARPS03,3.5,Snaky,YV0,64.06878,7.159436,5689.0,4.48,-0.07,59.5,11.0,-4.6,0.048,3.37,8.49,7.03,6.49,3.49,0.0,0.0,1,1
963,HD27383_HARPS03_3.3.6_Snaky,HD27383,HARPS03,3.3.6,Snaky,YV0,64.978586,16.522562,6156.0,4.23,0.07,97.6,22.01,-4.46,0.069,3.48,18.94,12.44,9.69,7.46,0.0,0.0,1,1
964,HD27383_SOPHIE_1.0_Snaky,HD27383,SOPHIE,1.0,Snaky,YV0,64.978542,16.522583,5970.0,4.32,0.07,63.6,15.84,-4.58,0.066,4.29,20.26,12.23,9.68,7.16,0.0,0.0,1,1
965,HD27495_SOPHIE_1.0_Snaky,HD27495,SOPHIE,1.0,Snaky,YV0,65.50125,39.933972,6023.0,4.24,0.21,7.1,42.13,-4.99,0.36,3.79,8.45,7.09,6.67,2.17,0.0,0.0,1,1
966,HD27534_HARPS03_3.3.6_Snaky,HD27534,HARPS03,3.3.6,Snaky,YV0,65.384452,18.417582,4988.0,3.5,-0.01,-7.2,,-5.07,,2.63,70.95,69.29,214.4,73.61,1.0,0.0,1,1
967,HD27534_SOPHIE_1.0_Snaky,HD27534,SOPHIE,1.0,Snaky,YV0,65.384583,18.417611,4992.0,3.5,-0.02,-8.2,10.85,-5.09,0.136,4.19,70.96,69.32,187.21,72.52,0.0,0.0,1,1
968,HD27642_SOPHIE_1.0_Snaky,HD27642,SOPHIE,1.0,Snaky,YV0,65.442917,2.390111,6183.0,4.24,0.01,-5.7,78.53,-5.21,0.504,4.04,10.56,8.98,8.4,4.75,0.0,1.0,1,1
969,HD27731_HARPS03_3.3.6_Snaky,HD27731,HARPS03,3.3.6,Snaky,YV0,65.876668,24.405408,5000.0,3.5,-0.02,,,,,3.39,61.52,60.07,186.64,,1.0,0.0,0,1
970,HD27808_HARPS03_3.3.6_Snaky,HD27808,HARPS03,3.3.6,Snaky,YV0,66.060724,21.736245,6237.0,4.17,0.14,95.9,24.74,-4.47,0.079,3.47,18.53,17.12,16.64,12.34,0.0,0.0,1,1
971,HD27848_HARPS03_3.3.6_Snaky,HD27848,HARPS03,3.3.6,Snaky,YV0,66.092805,17.078954,5000.0,3.5,-0.02,-9.4,,-5.11,,3.37,57.05,58.21,183.64,57.74,1.0,0.0,1,1
972,HD27848_SOPHIE_1.0_Snaky,HD27848,SOPHIE,1.0,Snaky,YV0,66.092792,17.078944,5286.0,3.5,0.09,-5.6,,-5.06,,4.58,56.7,58.49,186.65,55.67,1.0,0.0,1,1
973,HD27991_HARPS03_3.3.6_Snaky,HD27991,HARPS03,3.3.6,Snaky,YV0,66.40551,15.941023,6143.0,4.1,0.18,73.7,20.64,-4.54,0.078,3.35,27.85,12.7,11.01,8.16,0.0,0.0,1,1
974,HD27991_SOPHIE_1.0_Snaky,HD27991,SOPHIE,1.0,Snaky,YV0,66.405208,15.941083,6506.0,4.0,0.0,70.4,,-4.55,,3.97,40.15,11.91,10.42,22.02,0.0,0.0,1,1
975,HD28005_HARPN_3.0.1_Snaky,HD28005,HARPN,3.0.1,Snaky,YV0,66.852934,46.853154,5764.0,4.28,0.29,2.3,3.14,-4.96,0.034,3.13,7.92,6.5,6.09,2.75,0.0,0.0,1,1
976,HD28005_SOPHIE_1.0_Snaky,HD28005,SOPHIE,1.0,Snaky,YV0,66.852917,46.853139,5755.0,4.32,0.27,4.7,9.85,-4.94,0.091,4.15,8.34,6.96,6.51,2.53,0.0,0.0,1,1
977,HD28033_HARPS03_3.3.6_Snaky,HD28033,HARPS03,3.3.6,Snaky,YV0,66.577076,21.47043,6012.0,4.26,0.16,-0.8,18.11,-5.08,0.208,3.44,8.85,7.57,7.14,3.95,0.0,0.0,1,1
978,HD28069_HARPS03_3.3.6_Snaky,HD28069,HARPS03,3.3.6,Snaky,YV0,66.48891,5.150145,5356.0,3.5,0.04,23.7,,-4.79,,3.41,37.75,39.87,36.73,37.02,0.0,0.0,1,1
979,HD28205_HARPS03_3.3.6_Snaky,HD28205,HARPS03,3.3.6,Snaky,YV0,66.899547,15.589192,6037.0,4.25,0.11,67.6,19.37,-4.57,0.078,3.51,15.21,14.24,13.87,10.02,0.0,0.0,1,1
980,HD28205_SOPHIE_1.0_Snaky,HD28205,SOPHIE,1.0,Snaky,YV0,66.899583,15.589194,6116.0,4.38,0.13,96.4,55.21,-4.46,0.171,4.21,15.06,12.27,11.52,7.92,0.0,0.0,1,1
981,HD28237_HARPS03_3.3.6_Snaky,HD28237,HARPS03,3.3.6,Snaky,YV0,66.941977,11.736419,6036.0,4.36,0.1,100.1,20.21,-4.45,0.062,3.51,13.96,11.44,10.75,7.59,0.0,0.0,1,1
982,HD28237_SOPHIE_1.0_Snaky,HD28237,SOPHIE,1.0,Snaky,YV0,66.94202,11.736403,6000.0,4.39,0.06,79.1,50.06,-4.52,0.17,4.06,14.2,11.65,10.86,8.91,0.0,0.0,1,1
983,HD28363_SOPHIE_1.0_Snaky,HD28363,SOPHIE,1.0,Snaky,YV0,67.249042,16.159083,5793.0,4.44,-0.55,14.6,12.81,-4.87,0.101,4.13,8.72,6.91,6.46,2.15,1.0,0.0,1,1
984,HD28406_HARPS03_3.3.6_Snaky,HD28406,HARPS03,3.3.6,Snaky,YV0,67.376461,17.863165,5304.0,3.5,0.07,-3.7,,-5.04,,3.73,50.35,51.25,187.81,50.02,0.0,0.0,1,1
985,HD28406_SOPHIE_1.0_Snaky,HD28406,SOPHIE,1.0,Snaky,YV0,67.376458,17.863139,5304.0,3.5,0.07,-4.1,,-5.04,,4.31,50.01,51.41,171.17,48.06,0.0,0.0,1,1
986,HD28568_HARPS03_3.3.6_Snaky,HD28568,HARPS03,3.3.6,Snaky,YV0,,,,,,,,,,,,,,,,,0,0
987,HD28568_SOPHIE_1.0_Snaky,HD28568,SOPHIE,1.0,Snaky,YV0,67.694958,16.148694,6953.0,4.0,0.0,60.2,,-4.66,,4.29,100.44,89.13,257.88,105.08,0.0,0.0,1,1
988,HD28608_HARPS03_3.3.6_Snaky,HD28608,HARPS03,3.3.6,Snaky,YV0,67.738215,10.751767,6506.0,4.0,0.0,63.5,,-4.6,,3.42,46.29,47.23,178.71,46.41,1.0,0.0,1,1
989,HD28620_SOPHIE_1.0_Snaky,HD28620,SOPHIE,1.0,Snaky,YV0,68.072083,37.043194,6510.0,4.0,0.0,-3.3,38.69,-5.03,0.35,4.09,11.35,9.58,8.88,6.57,0.0,0.0,1,1
990,HD28676_SOPHIE_1.0_Snaky,HD28676,SOPHIE,1.0,Snaky,YV0,68.032917,21.632361,5902.0,4.31,0.12,-3.9,17.28,-5.04,0.207,4.23,7.98,6.7,6.3,1.48,0.0,0.0,1,1
991,HD28807_HARPS03_3.3.6_Snaky,HD28807,HARPS03,3.3.6,Snaky,YV0,67.987449,-12.632639,6251.0,4.17,-0.07,-7.0,11.98,-5.07,0.158,3.28,9.24,7.96,7.5,4.07,0.0,0.0,1,1
992,HD28821_CORALIE14_3.8_Snaky,HD28821,CORALIE14,3.8,Snaky,YV0,68.089467,-5.039005,5635.0,4.46,0.04,-3.8,17.69,-5.13,0.223,4.82,8.2,7.04,6.6,1.32,0.0,0.0,1,1
993,HD28821_HARPS03_3.3.6_Snaky,HD28821,HARPS03,3.3.6,Snaky,YV0,68.089467,-5.039005,5697.0,4.4,-0.09,3.1,3.85,-4.96,0.039,3.3,7.14,5.8,5.48,1.28,0.0,0.0,1,1
994,HD28821_HARPS03_3.5_Snaky,HD28821,HARPS03,3.5,Snaky,YV0,68.089467,-5.039005,5697.0,4.4,-0.09,2.8,3.93,-4.96,0.04,3.29,7.14,5.79,5.47,1.15,0.0,0.0,1,1
995,HD28821_SOPHIE_1.0_Snaky,HD28821,SOPHIE,1.0,Snaky,YV0,68.089461,-5.039005,5676.0,4.44,-0.14,5.1,23.47,-4.94,0.281,4.3,7.59,6.29,5.94,1.13,0.0,0.0,1,1
996,HD29150_SOPHIE_1.0_Snaky,HD29150,SOPHIE,1.0,Snaky,YV0,69.057917,21.536528,5723.0,4.43,-0.04,2.0,15.49,-4.97,0.156,4.17,7.72,6.41,6.04,1.09,0.0,0.0,1,1
997,HD29225_HARPS03_3.3.6_Snaky,HD29225,HARPS03,3.3.6,Snaky,YV0,69.169655,15.869355,4940.0,3.5,0.01,-6.9,,-5.07,,3.41,83.3,80.59,198.19,87.82,0.0,0.0,1,1
998,HD29225_SOPHIE_1.0_Snaky,HD29225,SOPHIE,1.0,Snaky,YV0,69.169667,15.869333,4944.0,3.5,0.04,-8.3,,-5.09,,4.34,82.91,79.78,212.51,85.96,0.0,0.0,1,1
999,HD29310_HARPS03_3.3.6_Snaky,HD29310,HARPS03,3.3.6,Snaky,YV0,69.383271,15.146461,5818.0,4.4,0.09,106.5,16.0,-4.43,0.047,3.45,11.87,9.99,9.55,6.51,0.0,0.0,1,1
1000,HD29310_SOPHIE_1.0_Snaky,HD29310,SOPHIE,1.0,Snaky,YV0,69.383333,15.1465,5843.0,4.42,0.05,94.4,54.27,-4.47,0.18,4.03,12.08,10.0,9.5,6.1,0.0,1.0,1,1
1001,HD29329_SOPHIE_1.0_Snaky,HD29329,SOPHIE,1.0,Snaky,YV0,71.501667,76.611,4937.0,3.5,0.02,-0.1,20.32,-4.99,0.242,3.61,92.62,62.24,172.03,117.38,0.0,0.0,1,1
1002,HD29355_SOPHIE_1.0_Snaky,HD29355,SOPHIE,1.0,Snaky,YV0,69.35875,0.574639,6109.0,4.27,-0.09,-2.5,76.35,-5.18,0.484,4.05,8.6,7.4,6.97,2.78,0.0,0.0,1,1
1003,HD29356_SOPHIE_1.0_Snaky,HD29356,SOPHIE,1.0,Snaky,YV0,69.36125,0.553111,6071.0,4.23,-0.16,9.9,73.84,-4.91,0.498,4.09,9.18,7.95,7.47,3.68,0.0,0.0,1,1
1004,HD29419_SOPHIE_1.0_Snaky,HD29419,SOPHIE,1.0,Snaky,YV0,69.71375,23.15,5959.0,4.3,0.04,84.3,62.17,-4.5,0.246,4.1,8.89,7.51,7.07,3.17,0.0,0.0,1,1
1005,HD29497_SOPHIE_1.0_Snaky,HD29497,SOPHIE,1.0,Snaky,YV0,69.785833,13.003,6382.0,4.2,-0.26,-23.1,52.8,-5.58,0.454,4.24,11.35,9.5,8.75,4.93,0.0,0.0,1,1
1006,HD29587_HARPN_3.0.1_Snaky,HD29587,HARPN,3.0.1,Snaky,YV0,70.401315,42.118451,5658.0,4.47,-0.58,4.5,10.77,-4.96,0.104,3.08,6.68,5.42,5.19,0.67,0.0,0.0,1,1
1007,HD29645_SOPHIE_1.0_Snaky,HD29645,SOPHIE,1.0,Snaky,YV0,70.459375,38.280167,6036.0,4.21,0.22,1.5,54.25,-5.1,0.46,4.1,9.62,8.21,7.68,3.95,0.0,0.0,1,1
1008,HD29836_HARPS03_3.3.6_Snaky,HD29836,HARPS03,3.3.6,Snaky,YV0,70.715443,18.720435,5784.0,4.19,0.3,2.2,14.03,-5.0,0.143,3.38,7.94,6.53,6.12,2.34,0.0,0.0,1,1
1009,HD29836_SOPHIE_1.0_Snaky,HD29836,SOPHIE,1.0,Snaky,YV0,70.715417,18.720444,5762.0,4.13,0.23,11.2,39.66,-5.01,0.389,4.23,8.36,6.93,6.48,2.02,0.0,0.0,1,1
1010,HD29862_SOPHIE_1.0_Snaky,HD29862,SOPHIE,1.0,Snaky,YV0,70.703333,12.20975,5680.0,4.21,0.3,5.9,43.16,-4.93,0.432,4.18,8.36,6.92,6.47,2.12,0.0,0.0,1,1
1011,HD30311_SOPHIE_1.0_Snaky,HD30311,SOPHIE,1.0,Snaky,YV0,71.69,9.017417,6028.0,4.36,0.04,115.2,80.61,-4.4,0.322,4.06,11.27,9.42,8.87,5.42,0.0,1.0,1,1
1012,HD30562_HARPS03_3.3.6_Snaky,HD30562,HARPS03,3.3.6,Snaky,YV0,72.151604,-5.674044,5875.0,4.2,0.22,1.4,14.17,-5.01,0.149,3.31,9.04,7.65,7.18,4.1,0.0,0.0,1,1
1013,HD30649_SOPHIE_1.0_Snaky,HD30649,SOPHIE,1.0,Snaky,YV0,72.9315,45.834167,5815.0,4.32,-0.44,-3.1,13.44,-5.06,0.159,4.24,7.54,6.37,6.08,1.05,0.0,0.0,1,1
1014,HD30652_HARPS03_3.3.6_Snaky,HD30652,HARPS03,3.3.6,Snaky,YV0,72.460047,6.961278,6255.0,4.21,0.09,20.0,3.58,-4.81,0.026,3.3,26.96,26.67,25.41,23.38,0.0,0.0,1,1
1015,HD30652_HARPS03_3.5_Snaky,HD30652,HARPS03,3.5,Snaky,YV0,72.460047,6.961278,6236.0,4.18,0.14,22.2,1.92,-4.8,0.013,3.39,27.0,26.71,25.5,23.5,0.0,0.0,1,1
1016,HD30708_SOPHIE_1.0_Snaky,HD30708,SOPHIE,1.0,Snaky,YV0,72.8725,35.815139,5743.0,4.34,0.16,2.6,13.89,-4.96,0.138,4.2,7.92,6.57,6.19,1.31,0.0,0.0,1,1
1017,HD30738_HARPS03_3.3.6_Snaky,HD30738,HARPS03,3.3.6,Snaky,YV0,72.702265,16.210451,6196.0,4.14,0.13,60.4,24.58,-4.61,0.106,3.43,25.7,24.78,23.78,21.21,0.0,0.0,1,1
1018,HD3079_SOPHIE_1.0_Snaky,HD3079,SOPHIE,1.0,Snaky,YV0,8.622375,47.915389,6083.0,4.36,-0.06,6.9,21.04,-5.0,0.204,4.15,8.29,7.11,6.74,2.35,0.0,0.0,1,1
1019,HD30869_SOPHIE_1.0_Snaky,HD30869,SOPHIE,1.0,Snaky,YV0,72.958,13.655194,6649.0,4.0,0.0,81.9,,-4.52,,4.02,30.07,8.74,7.38,19.48,0.0,0.0,1,1
1020,HD30974_SOPHIE_1.0_Snaky,HD30974,SOPHIE,1.0,Snaky,YV0,73.187917,14.623139,5908.0,4.35,-0.15,-0.8,50.2,-5.12,0.47,3.33,7.8,6.63,6.3,1.52,0.0,0.0,1,1
1021,HD31153_HARPS03_3.3.6_Snaky,HD31153,HARPS03,3.3.6,Snaky,YV0,73.51271,17.026825,6101.0,4.18,0.03,-2.4,20.01,-5.14,0.25,3.4,11.78,9.9,9.25,6.19,0.0,0.0,1,1
1022,HD31153_SOPHIE_1.0_Snaky,HD31153,SOPHIE,1.0,Snaky,YV0,73.5125,17.026806,6038.0,4.22,0.02,7.3,46.2,-4.95,0.391,3.7,12.03,10.13,9.51,7.06,0.0,0.0,1,1
1023,HD3126_HARPS03_3.3.6_Snaky,HD3126,HARPS03,3.3.6,Snaky,YV0,8.613214,-6.503903,5823.0,3.65,0.18,45.4,,-4.67,,3.41,42.91,44.65,120.84,42.95,0.0,0.0,1,1
1024,HD3161_SOPHIE_1.0_Snaky,HD3161,SOPHIE,1.0,Snaky,YV0,9.56125,84.674972,6139.0,4.29,-0.04,-20.5,62.41,-5.56,0.47,4.19,9.87,8.39,7.89,4.17,0.0,0.0,1,1
1025,HD31675_SOPHIE_1.0_Snaky,HD31675,SOPHIE,1.0,Snaky,YV0,75.709583,66.823778,6241.0,4.28,0.04,75.4,31.58,-4.53,0.119,4.24,18.76,17.28,16.56,11.96,0.0,0.0,1,1
1026,HD31845_HARPS03_3.3.6_Snaky,HD31845,HARPS03,3.3.6,Snaky,YV0,74.934675,15.916732,5019.0,3.5,-0.02,-7.4,,-5.08,,3.77,53.46,53.99,186.33,53.38,0.0,0.0,1,1
1027,HD31845_SOPHIE_1.0_Snaky,HD31845,SOPHIE,1.0,Snaky,YV0,74.934667,15.916722,5304.0,3.5,0.07,-2.7,,-5.03,,4.29,53.29,54.07,177.99,51.61,0.0,0.0,1,1
1028,HD31865_SOPHIE_1.0_Snaky,HD31865,SOPHIE,1.0,Snaky,YV0,75.88875,63.085917,5631.0,4.48,-0.23,-2.9,17.07,-5.02,0.175,4.16,7.5,6.22,5.89,0.79,0.0,0.0,1,1
1029,HD31966_SOPHIE_1.0_Snaky,HD31966,SOPHIE,1.0,Snaky,YV0,75.140708,14.383694,5729.0,4.13,0.1,0.8,14.73,-4.99,0.155,4.02,8.12,6.77,6.36,1.75,0.0,0.0,1,1
1030,HD32147_ESPRESSO18_3.2.5_Snaky,HD32147,ESPRESSO18,3.2.5,Snaky,YV0,75.204164,-5.753673,4707.0,4.52,0.18,0.7,,-4.98,,2.43,7.1,5.54,4.9,1.02,0.0,0.0,1,1
1031,HD32147_ESPRESSO18_3.3.1_Snaky,HD32147,ESPRESSO18,3.3.1,Snaky,YV0,75.204164,-5.753673,4707.0,4.52,0.18,0.7,,-4.98,,2.43,7.1,5.54,4.9,1.02,0.0,0.0,1,1
1032,HD32147_HARPN_3.0.1_Snaky,HD32147,HARPN,3.0.1,Snaky,YV0,75.204164,-5.753673,4695.0,4.51,0.17,3.9,3.19,-4.95,0.032,3.11,7.17,5.64,5.0,1.16,0.0,0.0,1,1
1033,HD32147_HARPS03_3.3.6_Snaky,HD32147,HARPS03,3.3.6,Snaky,YV0,75.204164,-5.753673,4695.0,4.51,0.17,1.7,1.59,-4.97,0.017,3.29,7.23,5.71,5.07,1.05,0.0,0.0,1,1
1034,HD32147_HARPS03_3.5_Snaky,HD32147,HARPS03,3.5,Snaky,YV0,75.204164,-5.753673,4695.0,4.51,0.17,1.6,1.66,-4.97,0.017,3.26,7.23,5.71,5.06,1.03,0.0,0.0,1,1
1035,HD32147_HARPS15_3.3.6_Snaky,HD32147,HARPS15,3.3.6,Snaky,YV0,75.204164,-5.753673,4695.0,4.51,0.17,3.5,1.98,-4.95,0.02,3.46,7.28,5.76,5.11,1.04,0.0,0.0,1,1
1036,HD32147_NEID_1.0_Snaky,HD32147,NEID,1.0,Snaky,YV0,75.206541,-5.758445,4752.0,4.55,0.08,7.4,1.05,-4.91,0.01,3.2,7.29,5.68,5.02,1.09,0.0,0.0,1,1
1037,HD32147_SOPHIE_1.0_Snaky,HD32147,SOPHIE,1.0,Snaky,YV0,75.204167,-5.753667,4724.0,4.52,0.2,3.9,2.58,-4.95,0.025,4.35,7.82,6.27,5.58,0.9,0.0,0.0,1,1
1038,HD3268_SOPHIE_1.0_Snaky,HD3268,SOPHIE,1.0,Snaky,YV0,8.97875,13.2075,6214.0,4.18,-0.11,-3.9,29.36,-5.03,0.275,4.06,9.5,8.16,7.64,4.58,0.0,0.0,1,1
1039,HD32724_CORALIE07_3.4_Snaky,HD32724,CORALIE07,3.4,Snaky,YV0,76.198185,-11.699029,5819.0,4.3,-0.15,-5.1,19.76,-5.2,0.274,5.3,8.43,7.22,6.79,1.4,0.0,0.0,1,1
1040,HD32724_HARPS03_3.3.6_Snaky,HD32724,HARPS03,3.3.6,Snaky,YV0,76.198185,-11.699029,5823.0,4.2,-0.16,-0.7,3.46,-4.99,0.038,3.32,7.39,6.12,5.81,1.75,0.0,0.0,1,1
1041,HD32724_HARPS03_3.5_Snaky,HD32724,HARPS03,3.5,Snaky,YV0,76.198185,-11.699029,5823.0,4.2,-0.16,-0.7,3.7,-5.0,0.041,3.3,7.4,6.15,5.86,1.85,0.0,0.0,1,1
1042,HD32724_HARPS15_3.3.6_Snaky,HD32724,HARPS15,3.3.6,Snaky,YV0,76.198185,-11.699029,5842.0,4.25,-0.13,-0.2,12.84,-5.02,0.139,3.45,7.41,6.14,5.83,1.79,0.0,0.0,1,1
1043,HD32724_SOPHIE_1.0_Snaky,HD32724,SOPHIE,1.0,Snaky,YV0,76.198,-11.6985,5869.0,4.31,-0.14,2.9,22.55,-5.01,0.249,3.99,7.83,6.62,6.28,1.48,0.0,0.0,1,1
1044,HD32923_HARPN_3.0.1_Snaky,HD32923,HARPN,3.0.1,Snaky,YV0,76.862523,18.64505,5768.0,4.22,-0.13,-0.0,6.55,-4.99,0.07,3.05,7.36,6.05,5.72,1.99,0.0,0.0,1,1
1045,HD32923_HARPS03_3.3.6_Snaky,HD32923,HARPS03,3.3.6,Snaky,YV0,76.862523,18.64505,5760.0,4.2,-0.06,0.1,13.53,-5.0,0.146,3.33,7.4,6.11,5.79,1.72,0.0,0.0,1,1
1046,HD32923_HARPS03_3.5_Snaky,HD32923,HARPS03,3.5,Snaky,YV0,76.862523,18.64505,5760.0,4.2,-0.06,1.1,13.55,-4.99,0.142,3.32,7.4,6.1,5.78,1.7,0.0,0.0,1,1
1047,HD32923_SOPHIE_1.0_Snaky,HD32923,SOPHIE,1.0,Snaky,YV0,76.862083,18.645056,5795.0,4.26,-0.14,0.8,11.49,-4.98,0.143,4.07,7.85,6.56,6.18,1.32,0.0,0.0,1,1
1048,HD32963_HARPN_3.0.1_Snaky,HD32963,HARPN,3.0.1,Snaky,YV0,76.98235,26.327965,5742.0,4.36,0.07,-0.3,10.55,-5.01,0.113,3.08,7.26,5.88,5.56,1.57,0.0,0.0,1,1
1049,HD32963_SOPHIE_1.0_Snaky,HD32963,SOPHIE,1.0,Snaky,YV0,76.982333,26.327944,5693.0,4.41,0.02,0.9,16.23,-5.03,0.176,4.08,7.74,6.45,6.06,1.14,0.0,0.0,1,1
1050,HD33021_SOPHIE_1.0_Snaky,HD33021,SOPHIE,1.0,Snaky,YV0,76.909583,9.471778,5798.0,4.23,-0.18,-0.1,10.27,-4.99,0.106,4.17,7.86,6.63,6.29,1.58,0.0,0.0,1,1
1051,HD33185_SOPHIE_1.0_Snaky,HD33185,SOPHIE,1.0,Snaky,YV0,77.431875,29.798639,6199.0,4.19,0.12,1.2,22.96,-5.0,0.277,3.58,18.15,17.33,16.56,12.12,0.0,0.0,1,1
1052,HD33252_HARPS03_3.3.6_Snaky,HD33252,HARPS03,3.3.6,Snaky,YV0,77.516127,27.556504,6163.0,4.3,-0.23,-4.5,20.94,-5.21,0.289,3.42,12.29,10.24,9.5,6.44,0.0,0.0,1,1
1053,HD33252_SOPHIE_1.0_Snaky,HD33252,SOPHIE,1.0,Snaky,YV0,77.51625,27.5565,6181.0,4.28,-0.27,-13.9,44.06,-5.36,0.36,3.65,12.56,10.37,9.6,6.19,0.0,0.0,1,1
1054,HD33313_HARPS03_3.3.6_Snaky,HD33313,HARPS03,3.3.6,Snaky,YV0,77.441313,7.18159,6125.0,4.28,-0.41,2.5,17.64,-5.03,0.184,3.42,7.54,6.49,6.22,2.21,0.0,0.0,1,1
1055,HD33313_SOPHIE_1.0_Snaky,HD33313,SOPHIE,1.0,Snaky,YV0,77.44125,7.181583,6112.0,4.28,-0.46,18.2,54.5,-4.84,0.445,4.07,7.96,6.88,6.55,2.64,0.0,0.0,1,1
1056,HD33564_SOPHIE_1.0_Snaky,HD33564,SOPHIE,1.0,Snaky,YV0,80.639708,79.23115,6280.0,4.18,0.1,-5.2,21.39,-5.24,0.301,4.22,20.41,18.69,17.82,12.84,0.0,0.0,1,1
1057,HD33632_SOPHIE_1.0_Snaky,HD33632,SOPHIE,1.0,Snaky,YV0,78.3225,37.337306,6055.0,4.37,-0.24,5.4,11.79,-4.93,0.124,4.12,8.0,6.84,6.5,2.42,0.0,0.0,1,1
1058,HD33636_SOPHIE_1.0_Snaky,HD33636,SOPHIE,1.0,Snaky,YV0,77.9435,4.403528,5907.0,4.4,-0.17,15.6,27.82,-4.85,0.21,4.18,8.31,7.09,6.7,2.54,0.0,0.0,1,1
1059,HD3440_SOPHIE_1.0_Snaky,HD3440,SOPHIE,1.0,Snaky,YV0,9.949167,82.493583,6009.0,4.26,-0.22,-1.2,30.18,-5.0,0.272,4.03,7.95,6.79,6.42,1.74,0.0,0.0,1,1
1060,HD34411_NEID_1.0_Snaky,HD34411,NEID,1.0,Snaky,YV0,79.788245,40.09619,5902.0,4.26,0.07,0.0,5.66,-4.99,0.06,3.19,7.56,6.17,5.82,1.89,0.0,0.0,1,1
1061,HD34445_SOPHIE_1.0_Snaky,HD34445,SOPHIE,1.0,Snaky,YV0,79.42075,7.353694,5735.0,4.26,0.19,-0.1,73.06,-5.52,0.552,4.43,8.23,6.98,6.52,2.25,0.0,0.0,1,1
1062,HD34575_SOPHIE_1.0_Snaky,HD34575,SOPHIE,1.0,Snaky,YV0,80.582083,59.277889,5569.0,4.35,0.25,1.8,9.91,-4.97,0.097,4.14,7.96,6.52,6.07,1.25,0.0,0.0,1,1
1063,HD34673A_HARPN_3.0.1_Snaky,HD34673A,HARPN,3.0.1,Snaky,YV0,79.802752,-3.073816,4705.0,4.56,-0.21,16.8,3.18,-4.84,0.024,3.05,7.1,5.5,4.87,0.93,0.0,0.0,1,1
1064,HD34720_SOPHIE_1.0_Snaky,HD34720,SOPHIE,1.0,Snaky,YV0,80.015,13.544972,5990.0,4.18,0.03,21.1,46.01,-4.86,0.358,3.96,8.37,7.05,6.68,2.26,0.0,0.0,1,1
1065,HD34745_HARPS03_3.3.6_Snaky,HD34745,HARPS03,3.3.6,Snaky,YV0,79.954329,2.51361,5991.0,4.31,-0.06,-12.2,30.5,-5.33,0.41,3.33,8.65,7.47,7.05,3.91,0.0,0.0,1,1
1066,HD34745_HARPS03_3.5_Snaky,HD34745,HARPS03,3.5,Snaky,YV0,79.954329,2.51361,5993.0,4.33,-0.06,-8.3,31.61,-5.26,0.392,3.32,8.64,7.47,7.05,3.91,0.0,0.0,1,1
1067,HD35627_SOPHIE_1.0_Snaky,HD35627,SOPHIE,1.0,Snaky,YV0,81.472042,-6.362639,5922.0,4.3,0.01,82.2,89.7,-5.01,0.426,4.1,10.31,8.51,7.99,4.48,0.0,0.0,1,1
1068,HD35850_HARPS03_3.3.6_Snaky,HD35850,HARPS03,3.3.6,Snaky,YV0,81.769847,-11.900963,4936.0,3.5,0.02,,,,,3.36,89.95,80.71,213.32,,0.0,0.0,0,1
1069,HD36003_CORALIE07_3.4_Snaky,HD36003,CORALIE07,3.4,Snaky,YV0,82.108731,-3.499554,3751.0,5.0,0.0,,,,,5.27,8.73,6.92,6.09,0.88,0.0,0.0,1,1
1070,HD36003_HARPS03_3.2.5_Snaky,HD36003,HARPS03,3.2.5,Snaky,YV0,82.108731,-3.499554,4509.0,4.55,-0.15,7.0,3.17,-4.92,0.03,3.31,7.08,5.62,4.96,0.94,0.0,0.0,1,1
1071,HD36003_HARPS03_3.3.6_Snaky,HD36003,HARPS03,3.3.6,Snaky,YV0,82.108731,-3.499554,4509.0,4.55,-0.15,7.0,3.18,-4.92,0.03,3.31,7.08,5.62,4.96,0.77,0.0,0.0,1,1
1072,HD36003_HARPS03_3.5_Snaky,HD36003,HARPS03,3.5,Snaky,YV0,82.108731,-3.499554,4509.0,4.55,-0.15,7.0,3.17,-4.92,0.03,3.3,7.08,5.61,4.95,0.94,0.0,0.0,1,1
1073,HD36003_HARPS15_3.2.5_Snaky,HD36003,HARPS15,3.2.5,Snaky,YV0,82.108731,-3.499554,4509.0,4.55,-0.15,8.8,1.62,-4.9,0.014,3.42,7.14,5.67,5.0,0.78,0.0,0.0,1,1
1074,HD36003_HARPS15_3.3.6_Snaky,HD36003,HARPS15,3.3.6,Snaky,YV0,82.108731,-3.499554,4509.0,4.55,-0.15,8.8,1.62,-4.9,0.014,3.41,7.14,5.67,5.0,0.95,0.0,0.0,1,1
1075,HD36003_HARPS15_3.5_Snaky,HD36003,HARPS15,3.5,Snaky,YV0,82.108731,-3.499554,4522.0,4.53,-0.14,9.3,1.73,-4.9,0.015,3.42,7.15,5.67,4.99,0.95,0.0,0.0,1,1
1076,HD36066_SOPHIE_1.0_Snaky,HD36066,SOPHIE,1.0,Snaky,YV0,83.140333,57.221611,6031.0,4.14,0.1,4.1,17.54,-5.0,0.174,4.16,8.84,7.52,7.09,2.99,0.0,0.0,1,1
1077,HD361_HARPS03_3.3.6_Snaky,HD361,HARPS03,3.3.6,Snaky,YV0,2.068173,-14.824491,5834.0,4.44,-0.16,38.7,6.35,-4.7,0.035,3.16,7.55,6.26,5.95,2.16,0.0,0.0,1,1
1078,HD361_HARPS03_3.5_Snaky,HD361,HARPS03,3.5,Snaky,YV0,2.068173,-14.824491,5834.0,4.44,-0.16,38.4,7.03,-4.7,0.04,3.22,7.54,6.26,5.94,2.15,0.0,0.0,1,1
1079,HD361_HARPS15_3.3.6_Snaky,HD361,HARPS15,3.3.6,Snaky,YV0,2.068173,-14.824491,5834.0,4.44,-0.16,30.1,5.82,-4.74,0.036,3.45,7.56,6.3,5.98,2.26,0.0,0.0,1,1
1080,HD361_HARPS15_3.5_Snaky,HD361,HARPS15,3.5,Snaky,YV0,2.068173,-14.824491,5821.0,4.44,-0.15,29.2,6.1,-4.75,0.038,3.46,7.57,6.3,5.98,2.26,0.0,0.0,1,1
1081,HD3628_SOPHIE_1.0_Snaky,HD3628,SOPHIE,1.0,Snaky,YV0,9.805417,3.133917,5866.0,4.36,-0.06,0.5,50.82,-5.36,0.511,3.98,7.8,6.58,6.24,1.39,0.0,0.0,1,1
1082,HD36379_HARPS03_3.3.6_Snaky,HD36379,HARPS03,3.3.6,Snaky,YV0,82.749752,-10.081084,6074.0,4.22,-0.14,1.6,3.77,-4.97,0.039,3.3,7.73,6.57,6.26,2.35,0.0,0.0,1,1
1083,HD36379_HARPS03_3.5_Snaky,HD36379,HARPS03,3.5,Snaky,YV0,82.749752,-10.081084,6074.0,4.22,-0.14,1.5,3.96,-4.97,0.041,3.29,7.73,6.56,6.25,2.33,0.0,0.0,1,1
1084,HD36379_HARPS15_3.3.6_Snaky,HD36379,HARPS15,3.3.6,Snaky,YV0,82.749752,-10.081084,6074.0,4.22,-0.14,1.3,3.52,-4.97,0.036,3.37,7.77,6.6,6.29,2.46,0.0,0.0,1,1
1085,HD36379_HARPS15_3.5_Snaky,HD36379,HARPS15,3.5,Snaky,YV0,82.749752,-10.081084,6074.0,4.22,-0.14,1.2,4.01,-4.97,0.041,3.37,7.77,6.59,6.28,2.45,0.0,0.0,1,1
1086,HD36379_SOPHIE_1.0_Snaky,HD36379,SOPHIE,1.0,Snaky,YV0,82.749375,-10.080306,5970.0,4.32,-0.15,26.2,47.82,-5.08,0.359,4.25,8.14,6.95,6.62,2.63,0.0,0.0,1,1
1087,HD36395_HARPS03_3.3.6_Snaky,HD36395,HARPS03,3.3.6,Snaky,YV0,82.864149,-3.677229,3614.0,5.0,0.0,,,,,3.29,6.3,5.33,4.73,0.49,0.0,0.0,1,1
1088,HD36395_NEID_1.0_Snaky,HD36395,NEID,1.0,Snaky,YV0,82.867435,-3.686237,3751.0,4.6,-0.12,9.5,0.25,-4.89,0.002,3.14,6.31,5.29,4.64,0.48,0.0,0.0,1,1
1089,HD36395_SOPHIE_1.0_Snaky,HD36395,SOPHIE,1.0,Snaky,YV0,82.864125,-3.677228,3713.0,5.0,0.0,5.8,,-4.93,,4.12,6.99,5.94,5.23,0.49,0.0,0.0,1,1
1090,HD3651_HARPN_3.0.1_Snaky,HD3651,HARPN,3.0.1,Snaky,YV0,9.840856,21.250477,5202.0,4.5,0.1,3.1,2.52,-4.96,0.025,3.1,7.11,5.56,5.09,1.05,0.0,0.0,1,1
1091,HD3651_NEID-HE_1.0_Snaky,HD3651,NEID-HE,1.0,Snaky,YV0,9.838722,21.248884,5204.0,4.5,0.01,4.5,5.64,-4.94,0.054,4.14,7.63,6.09,5.6,0.55,0.0,0.0,1,1
1092,HD3651_NEID_1.0_Snaky,HD3651,NEID,1.0,Snaky,YV0,9.838722,21.248884,5205.0,4.5,0.02,-4.0,5.32,-5.03,0.053,3.16,7.17,5.58,5.11,1.05,0.0,0.0,1,1
1093,HD3651_SOPHIE_1.0_Snaky,HD3651,SOPHIE,1.0,Snaky,YV0,9.840875,21.250472,5191.0,4.51,0.03,4.9,3.88,-4.94,0.036,4.3,7.64,6.15,5.66,0.62,0.0,0.0,1,1
1094,HD3674_SOPHIE_1.0_Snaky,HD3674,SOPHIE,1.0,Snaky,YV0,9.919208,11.532306,6057.0,4.33,0.01,15.2,45.27,-4.89,0.343,3.54,13.89,11.4,10.65,7.23,0.0,0.0,1,1
1095,HD37008_NEID-HE_1.0_Snaky,HD37008,NEID-HE,1.0,Snaky,YV0,84.545621,51.446208,3129.0,5.0,0.0,,,,,4.59,7.21,5.74,5.27,0.33,0.0,1.0,1,1
1096,HD37008_NEID_1.0_Snaky,HD37008,NEID,1.0,Snaky,YV0,84.545621,51.446208,5103.0,4.55,-0.41,-3.3,6.24,-5.02,0.079,3.14,6.67,5.14,4.71,0.37,0.0,0.0,1,1
1097,HD37008_SOPHIE_1.0_Snaky,HD37008,SOPHIE,1.0,Snaky,YV0,84.550417,51.445722,5115.0,4.55,-0.41,3.2,19.8,-4.96,0.284,4.21,7.23,5.78,5.33,0.52,0.0,0.0,1,1
1098,HD37124_SOPHIE_1.0_Snaky,HD37124,SOPHIE,1.0,Snaky,YV0,84.260417,20.730778,5533.0,4.47,-0.43,7.2,13.74,-4.92,0.123,4.1,7.34,6.07,5.76,0.54,0.0,0.0,1,1
1099,HD37393_SOPHIE_1.0_Snaky,HD37393,SOPHIE,1.0,Snaky,YV0,86.623333,74.610139,5690.0,4.44,0.06,6.9,47.7,-4.93,0.428,4.06,7.9,6.55,6.18,1.44,0.0,1.0,1,1
1100,HD3765_HARPN_3.0.1_Snaky,HD3765,HARPN,3.0.1,Snaky,YV0,10.205291,40.187173,4969.0,4.53,0.05,5.1,2.17,-4.93,0.021,3.07,7.13,5.58,5.03,1.04,0.0,0.0,1,1
1101,HD3765_SOPHIE_1.0_Snaky,HD3765,SOPHIE,1.0,Snaky,YV0,10.205,40.187167,4980.0,4.53,0.04,3.2,4.93,-4.95,0.05,4.07,7.67,6.17,5.6,0.75,0.0,0.0,1,1
1102,HD37693_SOPHIE_1.0_Snaky,HD37693,SOPHIE,1.0,Snaky,YV0,85.861667,52.488778,5836.0,4.43,-0.17,-0.6,13.19,-4.99,0.127,4.15,7.84,6.62,6.29,1.6,0.0,0.0,1,1
1103,HD377_SOPHIE_1.0_Snaky,HD377,SOPHIE,1.0,Snaky,YV0,2.107292,6.616806,5731.0,4.47,0.01,140.6,28.12,-4.34,0.072,4.14,22.44,21.08,20.45,16.29,0.0,0.0,1,1
1104,HD3770_SOPHIE_1.0_Snaky,HD3770,SOPHIE,1.0,Snaky,YV0,10.101417,-7.656417,6155.0,4.29,0.02,-5.0,28.73,-5.36,0.413,4.19,8.94,7.61,7.16,3.02,0.0,0.0,1,1
1105,HD3801_SOPHIE_1.0_Snaky,HD3801,SOPHIE,1.0,Snaky,YV0,10.39375,65.868222,6086.0,4.23,0.02,1.4,14.94,-4.97,0.167,4.2,8.56,7.29,6.86,2.53,0.0,0.0,1,1
1106,HD3821A_HARPS03_3.3.6_Snaky,HD3821A,HARPS03,3.3.6,Snaky,YV0,10.197846,-7.232609,5758.0,4.44,-0.1,104.1,8.84,-4.43,0.027,3.36,8.5,7.12,6.71,3.58,0.0,0.0,1,1
1107,HD3821A_HARPS15_3.3.6_Snaky,HD3821A,HARPS15,3.3.6,Snaky,YV0,10.197846,-7.232609,5760.0,4.44,-0.11,95.7,7.45,-4.46,0.023,3.3,8.47,7.11,6.7,3.52,0.0,0.0,1,1
1108,HD3821A_HARPS15_3.5_Snaky,HD3821A,HARPS15,3.5,Snaky,YV0,10.197846,-7.232609,5763.0,4.44,-0.1,93.3,12.5,-4.47,0.041,3.39,8.49,7.11,6.71,3.52,0.0,0.0,1,1
1109,HD38230_HARPN_3.0.1_Snaky,HD38230,HARPN,3.0.1,Snaky,YV0,86.507857,37.284649,5203.0,4.49,-0.08,-0.3,5.5,-4.99,0.06,3.5,6.93,5.43,5.0,0.79,0.0,0.0,1,1
1110,HD38230_SOPHIE_1.0_Snaky,HD38230,SOPHIE,1.0,Snaky,YV0,86.507958,37.284598,5195.0,4.48,-0.08,0.1,10.37,-4.99,0.113,4.11,7.49,6.04,5.58,0.52,0.0,0.0,1,1
1111,HD38277A_HARPS03_3.3.6_Snaky,HD38277A,HARPS03,3.3.6,Snaky,YV0,86.07332,-10.016731,5910.0,4.33,-0.02,2.0,4.09,-4.97,0.042,3.32,7.44,6.17,5.85,1.79,0.0,0.0,1,1
1112,HD38277A_HARPS03_3.5_Snaky,HD38277A,HARPS03,3.5,Snaky,YV0,86.07332,-10.016731,5910.0,4.33,-0.02,2.2,4.16,-4.96,0.042,3.31,7.43,6.16,5.85,1.77,0.0,0.0,1,1
1113,HD38277A_SOPHIE_1.0_Snaky,HD38277A,SOPHIE,1.0,Snaky,YV0,86.073167,-10.016389,5907.0,4.17,0.03,136.5,84.01,-4.56,0.236,4.35,7.86,6.62,6.23,1.32,0.0,0.0,1,1
1114,HD38858_CORALIE14_3.8_Snaky,HD38858,CORALIE14,3.8,Snaky,YV0,87.145584,-4.094645,5660.0,4.47,-0.21,-1.5,13.48,-5.04,0.152,5.14,8.19,6.81,6.4,0.89,0.0,0.0,1,1
1115,HD38858_HARPS03_3.3.6_Snaky,HD38858,HARPS03,3.3.6,Snaky,YV0,87.145584,-4.094645,5680.0,4.47,-0.24,-0.3,2.61,-4.99,0.028,3.33,7.02,5.73,5.46,1.11,0.0,0.0,1,1
1116,HD38858_HARPS03_3.5_Snaky,HD38858,HARPS03,3.5,Snaky,YV0,87.145584,-4.094645,5680.0,4.47,-0.24,-0.5,2.69,-4.99,0.029,3.32,7.02,5.72,5.45,1.09,0.0,0.0,1,1
1117,HD38858_HARPS15_3.2.5_Snaky,HD38858,HARPS15,3.2.5,Snaky,YV0,87.145584,-4.094645,5680.0,4.47,-0.24,-0.6,3.38,-4.99,0.035,3.41,7.05,5.76,5.49,1.08,0.0,0.0,1,1
1118,HD38858_HARPS15_3.3.6_Snaky,HD38858,HARPS15,3.3.6,Snaky,YV0,87.145584,-4.094645,5680.0,4.47,-0.24,-0.8,3.23,-5.0,0.034,3.41,7.05,5.76,5.49,1.08,0.0,0.0,1,1
1119,HD38858_HARPS15_3.5_Snaky,HD38858,HARPS15,3.5,Snaky,YV0,87.145584,-4.094645,5691.0,4.47,-0.24,-1.8,1.71,-5.01,0.019,3.36,7.05,5.76,5.48,1.07,0.0,0.0,1,1
1120,HD38858_NEID_1.0_Snaky,HD38858,NEID,1.0,Snaky,YV0,87.14585,-4.095632,5661.0,4.46,-0.26,0.6,4.1,-4.98,0.044,3.2,7.03,5.67,5.38,1.06,0.0,0.0,1,1
1121,HD39456_SOPHIE_1.0_Snaky,HD39456,SOPHIE,1.0,Snaky,YV0,88.3025,11.814194,6264.0,4.15,-0.19,-15.7,66.3,-5.36,0.482,4.12,11.94,9.92,9.25,5.64,0.0,0.0,1,1
1122,HD39587_SOPHIE_1.0_Snaky,HD39587,SOPHIE,1.0,Snaky,YV0,88.595417,20.276167,5913.0,4.43,-0.02,121.8,16.25,-4.38,0.043,4.16,13.97,11.34,10.64,7.25,0.0,0.0,1,1
1123,HD39833_CORALIE07_3.4_Snaky,HD39833,CORALIE07,3.4,Snaky,YV0,88.758159,-0.507971,5826.0,4.37,0.09,32.5,26.62,-4.77,0.162,5.78,8.83,7.31,6.85,1.55,0.0,0.0,1,1
1124,HD39881_HARPS03_3.3.6_Snaky,HD39881,HARPS03,3.3.6,Snaky,YV0,89.014304,13.924914,5717.0,4.32,-0.1,-0.9,3.26,-5.0,0.036,3.33,7.27,5.96,5.66,1.52,0.0,0.0,1,1
1125,HD39881_HARPS03_3.5_Snaky,HD39881,HARPS03,3.5,Snaky,YV0,89.014304,13.924914,5726.0,4.28,-0.08,0.6,12.02,-4.99,0.126,3.36,7.28,5.98,5.71,1.56,0.0,0.0,1,1
1126,HD39881_HARPS15_3.3.6_Snaky,HD39881,HARPS15,3.3.6,Snaky,YV0,89.014304,13.924914,5717.0,4.32,-0.1,-1.1,3.06,-5.0,0.034,3.12,7.29,5.98,5.68,1.51,0.0,0.0,1,1
1127,HD39881_SOPHIE_1.0_Snaky,HD39881,SOPHIE,1.0,Snaky,YV0,89.014167,13.924889,5737.0,4.35,-0.12,-1.6,12.04,-5.0,0.128,4.17,7.69,6.44,6.12,1.18,0.0,0.0,1,1
1128,HD400_SOPHIE_1.0_Snaky,HD400,SOPHIE,1.0,Snaky,YV0,2.170833,36.627417,6150.0,4.21,-0.26,3.0,13.27,-4.96,0.155,4.09,9.92,8.59,8.05,4.4,0.0,0.0,1,1
1129,HD40001_SOPHIE_1.0_Snaky,HD40001,SOPHIE,1.0,Snaky,YV0,89.415458,33.260264,6045.0,4.23,0.14,-17.6,55.2,-5.52,0.478,3.48,12.8,10.57,9.96,6.51,0.0,0.0,1,1
1130,HD40397_CORALIE07_3.4_Snaky,HD40397,CORALIE07,3.4,Snaky,YV0,89.589734,-4.650672,5569.0,4.47,-0.12,-4.3,15.21,-5.1,0.189,5.3,8.32,6.92,6.44,0.84,0.0,0.0,1,1
1131,HD40397_HARPS03_3.3.6_Snaky,HD40397,HARPS03,3.3.6,Snaky,YV0,89.589734,-4.650672,5541.0,4.43,-0.1,-0.5,2.41,-4.99,0.026,3.3,7.06,5.68,5.34,1.01,0.0,0.0,1,1
1132,HD40397_HARPS03_3.5_Snaky,HD40397,HARPS03,3.5,Snaky,YV0,89.589734,-4.650672,5541.0,4.43,-0.1,-0.5,2.45,-4.99,0.026,3.29,7.06,5.67,5.34,1.0,0.0,0.0,1,1
1133,HD40397_HARPS15_3.3.6_Snaky,HD40397,HARPS15,3.3.6,Snaky,YV0,89.589734,-4.650672,5544.0,4.43,-0.09,-0.8,2.01,-5.0,0.022,3.38,7.08,5.7,5.36,0.98,0.0,0.0,1,1
1134,HD40397_HARPS15_3.5_Snaky,HD40397,HARPS15,3.5,Snaky,YV0,89.589734,-4.650672,5544.0,4.43,-0.09,-0.7,2.09,-4.99,0.023,3.39,7.08,5.7,5.36,0.97,0.0,0.0,1,1
1135,HD4048_CORALIE07_3.4_Snaky,HD4048,CORALIE07,3.4,Snaky,YV0,10.71143,-9.92169,6197.0,4.27,-0.04,-5.6,24.79,-5.32,0.368,5.19,10.16,8.61,8.01,3.84,0.0,0.0,1,1
1136,HD4048_CORALIE14_3.8_Snaky,HD4048,CORALIE14,3.8,Snaky,YV0,10.71143,-9.92169,6273.0,4.26,-0.0,-10.0,23.69,-5.2,0.398,4.8,10.14,8.66,8.1,3.89,0.0,0.0,1,1
1137,HD40650_HARPN_3.0.1_Snaky,HD40650,HARPN,3.0.1,Snaky,YV0,90.688089,47.809529,5978.0,4.32,-0.07,-2.5,16.43,-5.09,0.196,3.06,8.13,6.96,6.62,3.29,0.0,0.0,1,1
1138,HD40650_SOPHIE_1.0_Snaky,HD40650,SOPHIE,1.0,Snaky,YV0,90.687917,47.809528,5977.0,4.34,-0.1,-5.3,19.16,-5.05,0.209,4.17,8.61,7.37,6.95,2.98,0.0,0.0,1,1
1139,HD4075_SOPHIE_1.0_Snaky,HD4075,SOPHIE,1.0,Snaky,YV0,11.26625,75.937806,5583.0,4.25,0.34,-3.8,28.72,-5.11,0.375,4.16,8.16,6.71,6.25,1.6,0.0,0.0,1,1
1140,HD40979_SOPHIE_1.0_Snaky,HD40979,SOPHIE,1.0,Snaky,YV0,91.124458,44.260806,6108.0,4.34,0.14,67.3,21.4,-4.57,0.086,4.02,11.85,9.87,9.25,5.81,0.0,0.0,1,1
1141,HD41304_SOPHIE_1.0_Snaky,HD41304,SOPHIE,1.0,Snaky,YV0,91.2425,14.388389,6246.0,4.25,-0.06,-24.5,43.03,-5.68,0.49,4.13,8.96,7.72,7.29,2.97,0.0,0.0,1,1
1142,HD41476_SOPHIE_1.0_Snaky,HD41476,SOPHIE,1.0,Snaky,YV0,92.975417,71.130806,6187.0,4.29,-0.34,-11.2,59.14,-5.15,0.491,4.01,10.13,8.72,8.16,4.51,0.0,0.0,1,1
1143,HD41593_HARPN_3.0.1_Snaky,HD41593,HARPN,3.0.1,Snaky,YV0,91.668658,15.542105,5283.0,4.54,-0.01,105.7,5.7,-4.43,0.017,3.1,8.59,7.0,6.47,3.49,0.0,0.0,1,1
1144,HD41593_HARPS03_3.3.6_Snaky,HD41593,HARPS03,3.3.6,Snaky,YV0,91.668658,15.542105,5310.0,4.54,-0.01,112.2,5.29,-4.41,0.015,3.08,8.59,7.01,6.49,3.53,0.0,0.0,1,1
1145,HD41593_HARPS03_3.5_Snaky,HD41593,HARPS03,3.5,Snaky,YV0,91.668658,15.542105,5283.0,4.54,-0.01,106.8,8.94,-4.43,0.026,3.19,8.58,7.0,6.47,3.52,0.0,0.0,1,1
1146,HD41593_HARPS15_3.3.6_Snaky,HD41593,HARPS15,3.3.6,Snaky,YV0,91.668658,15.542105,5283.0,4.54,-0.01,106.4,9.88,-4.43,0.029,3.11,8.64,7.05,6.53,3.53,0.0,0.0,1,1
1147,HD41593_SOPHIE_1.0_Snaky,HD41593,SOPHIE,1.0,Snaky,YV0,91.666667,15.542222,5300.0,4.53,-0.03,84.3,23.98,-4.5,0.08,4.2,9.04,7.39,6.81,3.35,0.0,0.0,1,1
1148,HD41640_SOPHIE_1.0_Snaky,HD41640,SOPHIE,1.0,Snaky,YV0,91.788333,16.556111,6028.0,4.35,-0.52,2.1,25.03,-5.01,0.292,4.0,8.31,7.27,6.88,3.4,0.0,0.0,1,1
1149,HD4219_SOPHIE_1.0_Snaky,HD4219,SOPHIE,1.0,Snaky,YV0,11.115167,-13.41575,6151.0,4.26,-0.17,8.0,52.11,-5.35,0.487,4.27,13.04,10.64,9.89,6.47,0.0,0.0,1,1
1150,HD42250_SOPHIE_1.0_Snaky,HD42250,SOPHIE,1.0,Snaky,YV0,94.010833,70.781556,5415.0,4.46,-0.04,0.9,10.59,-4.98,0.098,4.17,7.58,6.17,5.75,0.67,0.0,0.0,1,1
1151,HD4243_SOPHIE_1.0_Snaky,HD4243,SOPHIE,1.0,Snaky,YV0,11.448375,66.492724,6272.0,4.3,0.04,135.1,61.91,-4.36,0.168,4.19,23.25,23.77,22.89,19.31,0.0,1.0,1,1
1152,HD42618_HARPS03_3.3.6_Snaky,HD42618,HARPS03,3.3.6,Snaky,YV0,93.002362,6.783071,5718.0,4.43,-0.13,4.3,3.81,-4.94,0.036,3.33,7.31,6.02,5.72,1.67,0.0,0.0,1,1
1153,HD42618_HARPS03_3.5_Snaky,HD42618,HARPS03,3.5,Snaky,YV0,93.002362,6.783071,5705.0,4.42,-0.11,1.6,11.76,-4.99,0.122,3.34,7.3,6.0,5.71,1.64,0.0,0.0,1,1
1154,HD42618_HARPS15_3.3.6_Snaky,HD42618,HARPS15,3.3.6,Snaky,YV0,93.002362,6.783071,5713.0,4.43,-0.12,2.7,12.21,-4.96,0.125,3.06,7.32,6.04,5.74,1.84,0.0,0.0,1,1
1155,HD42618_SOPHIE_1.0_Snaky,HD42618,SOPHIE,1.0,Snaky,YV0,93.002083,6.783083,5685.0,4.44,-0.16,1.5,11.64,-4.97,0.12,4.23,7.76,6.49,6.13,1.3,0.0,0.0,1,1
1156,HD42807_HARPS03_3.3.6_Snaky,HD42807,HARPS03,3.3.6,Snaky,YV0,93.302095,10.627142,5731.0,4.48,-0.02,112.4,12.46,-4.41,0.037,3.31,8.34,6.95,6.54,3.37,0.0,0.0,1,1
1157,HD42807_HARPS03_3.5_Snaky,HD42807,HARPS03,3.5,Snaky,YV0,93.302095,10.627142,5731.0,4.48,-0.02,114.1,12.08,-4.4,0.036,3.31,8.34,6.95,6.54,3.37,0.0,0.0,1,1
1158,HD42807_HARPS15_3.3.6_Snaky,HD42807,HARPS15,3.3.6,Snaky,YV0,93.302095,10.627142,5745.0,4.48,0.0,122.3,13.22,-4.38,0.035,3.71,8.39,7.02,6.6,3.39,0.0,0.0,1,1
1159,HD42807_SOPHIE_1.0_Snaky,HD42807,SOPHIE,1.0,Snaky,YV0,93.302083,10.627139,5737.0,4.48,-0.02,126.9,19.45,-4.37,0.054,3.51,8.82,7.37,6.91,3.11,0.0,0.0,1,1
1160,HD42819_SOPHIE_1.0_Snaky,HD42819,SOPHIE,1.0,Snaky,YV0,94.051667,56.934361,5928.0,4.27,-0.0,-19.1,,-5.52,,4.21,8.05,6.8,6.42,1.83,0.0,0.0,1,1
1161,HD43042_SOPHIE_1.0_Snaky,HD43042,SOPHIE,1.0,Snaky,YV0,93.712083,19.156889,6283.0,4.15,-0.09,4.6,21.35,-4.94,0.202,4.01,10.23,8.71,8.17,4.24,0.0,0.0,1,1
1162,HD4307_CORALIE14_3.8_Snaky,HD4307,CORALIE14,3.8,Snaky,YV0,11.369531,-12.880809,5840.0,4.18,-0.15,3.5,18.64,-5.02,0.191,4.95,8.54,7.17,6.73,1.58,0.0,0.0,1,1
1163,HD4307_ESPRESSO19_3.2.5_Snaky,HD4307,ESPRESSO19,3.2.5,Snaky,YV0,11.369531,-12.880809,5896.0,4.25,-0.14,1.1,,-4.97,,2.67,7.43,6.14,5.84,1.95,0.0,0.0,1,1
1164,HD4307_ESPRESSO19_3.3.1_Snaky,HD4307,ESPRESSO19,3.3.1,Snaky,YV0,11.369531,-12.880809,5896.0,4.25,-0.14,1.4,,-4.97,,2.69,7.43,6.14,5.83,1.95,0.0,0.0,1,1
1165,HD4307_HARPS03_3.3.6_Snaky,HD4307,HARPS03,3.3.6,Snaky,YV0,11.369531,-12.880809,5870.0,4.24,-0.15,1.2,2.19,-4.97,0.023,3.32,7.51,6.26,5.96,2.09,0.0,0.0,1,1
1166,HD4307_HARPS03_3.5_Snaky,HD4307,HARPS03,3.5,Snaky,YV0,11.369531,-12.880809,5896.0,4.25,-0.14,2.0,2.45,-4.97,0.025,3.29,7.51,6.26,5.95,2.05,0.0,0.0,1,1
1167,HD4307_HARPS15_3.3.6_Snaky,HD4307,HARPS15,3.3.6,Snaky,YV0,11.369531,-12.880809,5870.0,4.24,-0.15,1.1,3.28,-4.97,0.034,3.46,7.54,6.31,5.99,2.21,0.0,0.0,1,1
1168,HD4307_HARPS15_3.5_Snaky,HD4307,HARPS15,3.5,Snaky,YV0,11.369531,-12.880809,5870.0,4.24,-0.15,0.6,3.8,-4.98,0.039,3.45,7.55,6.31,5.99,2.21,0.0,0.0,1,1
1169,HD4322_SOPHIE_1.0_Snaky,HD4322,SOPHIE,1.0,Snaky,YV0,11.513333,40.808889,6181.0,4.25,-0.09,-11.0,51.84,-5.21,0.45,3.93,9.7,8.42,7.88,4.13,0.0,0.0,1,1
1170,HD43382_SOPHIE_1.0_Snaky,HD43382,SOPHIE,1.0,Snaky,YV0,94.390417,35.149194,6721.0,4.0,0.0,-11.6,28.41,-5.4,0.462,4.33,13.23,10.87,10.05,5.9,0.0,0.0,1,1
1171,HD43386_HARPS15_3.3.6_Snaky,HD43386,HARPS15,3.3.6,Snaky,YV0,94.110913,12.272163,6104.0,4.14,0.03,31.7,,-4.76,,3.56,31.3,31.56,29.07,27.5,0.0,0.0,1,1
1172,HD43386_SOPHIE_1.0_Snaky,HD43386,SOPHIE,1.0,Snaky,YV0,94.110833,12.271722,6214.0,4.18,-0.0,24.9,,-4.78,,4.17,31.14,31.39,28.41,26.29,0.0,0.0,1,1
1173,HD43587_HARPS03_3.3.6_Snaky,HD43587,HARPS03,3.3.6,Snaky,YV0,94.317207,5.099973,5911.0,4.35,-0.0,2.7,14.16,-4.99,0.143,3.39,7.46,6.19,5.88,1.85,0.0,0.0,1,1
1174,HD43587_HARPS03_3.5_Snaky,HD43587,HARPS03,3.5,Snaky,YV0,94.317207,5.099973,5911.0,4.35,-0.0,2.1,13.84,-4.99,0.142,3.38,7.46,6.18,5.87,1.83,0.0,0.0,1,1
1175,HD43587_HARPS15_3.3.6_Snaky,HD43587,HARPS15,3.3.6,Snaky,YV0,94.317207,5.099973,5893.0,4.34,0.07,6.8,24.1,-5.04,0.239,3.42,7.49,6.21,5.89,1.92,0.0,0.0,1,1
1176,HD43587_SOPHIE_1.0_Snaky,HD43587,SOPHIE,1.0,Snaky,YV0,94.317083,5.100111,5909.0,4.35,-0.01,2.0,12.13,-4.97,0.117,4.2,7.92,6.65,6.27,1.46,0.0,0.0,1,1
1177,HD43947_HARPS15_3.3.6_Snaky,HD43947,HARPS15,3.3.6,Snaky,YV0,94.91739,16.013248,5920.0,4.35,-0.21,0.4,15.3,-5.03,0.165,3.46,7.61,6.47,6.2,2.55,0.0,0.0,1,1
1178,HD43947_SOPHIE_1.0_Snaky,HD43947,SOPHIE,1.0,Snaky,YV0,94.917083,16.01325,6012.0,4.38,-0.25,-2.4,13.16,-5.01,0.229,4.2,8.03,6.88,6.51,2.48,0.0,0.0,1,1
1179,HD44420_HARPN_3.0.1_Snaky,HD44420,HARPN,3.0.1,Snaky,YV0,95.4314,-0.539127,5752.0,4.32,0.28,3.3,12.44,-4.96,0.124,3.18,7.64,6.2,5.84,2.12,0.0,0.0,1,1
1180,HD44420_HARPS03_3.3.6_Snaky,HD44420,HARPS03,3.3.6,Snaky,YV0,95.4314,-0.539127,5742.0,4.31,0.28,3.3,3.42,-4.95,0.034,3.2,7.67,6.24,5.87,1.94,0.0,0.0,1,1
1181,HD44420_HARPS03_3.5_Snaky,HD44420,HARPS03,3.5,Snaky,YV0,95.4314,-0.539127,5742.0,4.31,0.28,3.1,3.96,-4.95,0.04,3.25,7.66,6.24,5.86,1.92,0.0,0.0,1,1
1182,HD44420_SOPHIE_1.0_Snaky,HD44420,SOPHIE,1.0,Snaky,YV0,95.431408,-0.539134,5750.0,4.32,0.27,7.1,20.06,-4.94,0.194,4.68,8.06,6.7,6.29,1.55,0.0,0.0,1,1
1183,HD44770_SOPHIE_1.0_Snaky,HD44770,SOPHIE,1.0,Snaky,YV0,95.94375,4.595806,6263.0,4.25,-0.06,6.0,55.58,-4.96,0.442,4.18,22.78,21.38,19.87,15.9,0.0,1.0,1,1
1184,HD45067_CORALIE14_3.8_Snaky,HD45067,CORALIE14,3.8,Snaky,YV0,96.318942,-0.945883,6056.0,4.22,-0.0,2.2,21.82,-5.08,0.241,4.96,10.95,9.26,8.62,5.0,0.0,0.0,1,1
1185,HD45088_HARPS03_3.3.6_Snaky,HD45088,HARPS03,3.3.6,Snaky,YV0,96.542728,18.756878,5538.0,4.53,-0.45,-151.2,34.33,-6.91,0.09,3.34,9.76,11.36,8.96,16.12,1.0,1.0,1,1
1186,HD45088_HARPS03_3.5_Snaky,HD45088,HARPS03,3.5,Snaky,YV0,96.542728,18.756878,5415.0,4.47,-0.14,316.0,32.54,-4.05,0.051,3.32,9.65,7.84,7.3,4.49,1.0,1.0,1,1
1187,HD45088_SOPHIE_1.0_Snaky,HD45088,SOPHIE,1.0,Snaky,YV0,96.542708,18.756889,5119.0,4.53,-0.32,100.1,22.49,-4.45,0.078,3.23,10.08,8.16,7.45,4.27,0.0,1.0,1,1
1188,HD45391_SOPHIE_1.0_Snaky,HD45391,SOPHIE,1.0,Snaky,YV0,97.191792,36.479972,5711.0,4.47,-0.39,1.7,34.5,-5.0,0.282,4.18,7.26,6.07,5.79,0.55,0.0,0.0,1,1
1189,HD45504_SOPHIE_1.0_Snaky,HD45504,SOPHIE,1.0,Snaky,YV0,97.235,26.9675,6223.0,4.26,-0.01,3.3,58.24,-5.13,0.501,4.19,11.66,9.85,9.13,6.8,0.0,0.0,1,1
1190,HD45580_SOPHIE_1.0_Snaky,HD45580,SOPHIE,1.0,Snaky,YV0,97.265375,17.745222,3850.0,5.0,0.0,,,,,3.33,8.29,6.99,6.56,3.01,0.0,0.0,1,1
1191,HD46090_SOPHIE_1.0_Snaky,HD46090,SOPHIE,1.0,Snaky,YV0,97.839583,2.911389,5763.0,4.44,-0.0,0.1,19.26,-5.08,0.221,4.09,7.67,6.32,5.97,0.96,1.0,0.0,1,1
1192,HD4628_ESPRESSO19_3.2.5_Snaky,HD4628,ESPRESSO19,3.2.5,Snaky,YV0,12.095733,5.280614,4966.0,4.57,-0.28,9.3,2.67,-4.9,0.023,2.76,6.72,5.14,4.67,0.43,0.0,0.0,1,1
1193,HD4628_ESPRESSO19_3.3.1_Snaky,HD4628,ESPRESSO19,3.3.1,Snaky,YV0,12.095733,5.280614,4966.0,4.57,-0.28,9.2,2.81,-4.9,0.024,2.76,6.72,5.14,4.67,0.43,0.0,0.0,1,1
1194,HD4628_HARPN_3.0.1_Snaky,HD4628,HARPN,3.0.1,Snaky,YV0,12.095733,5.280614,4966.0,4.57,-0.28,6.1,3.52,-4.93,0.033,3.11,6.76,5.2,4.72,0.5,0.0,0.0,1,1
1195,HD4628_HARPS03_3.3.6_Snaky,HD4628,HARPS03,3.3.6,Snaky,YV0,12.095733,5.280614,4966.0,4.57,-0.28,1.9,3.0,-4.97,0.029,3.32,6.83,5.29,4.81,0.42,0.0,0.0,1,1
1196,HD4628_HARPS03_3.5_Snaky,HD4628,HARPS03,3.5,Snaky,YV0,12.095733,5.280614,4966.0,4.57,-0.28,1.9,3.04,-4.97,0.03,3.3,6.83,5.28,4.8,0.41,0.0,0.0,1,1
1197,HD4628_HARPS15_3.3.6_Snaky,HD4628,HARPS15,3.3.6,Snaky,YV0,12.095733,5.280614,4959.0,4.57,-0.28,2.3,3.63,-4.96,0.037,3.48,6.87,5.33,4.84,0.44,0.0,0.0,1,1
1198,HD4628_HARPS15_3.5_Snaky,HD4628,HARPS15,3.5,Snaky,YV0,12.095733,5.280614,4959.0,4.57,-0.28,2.2,3.59,-4.96,0.036,3.49,6.87,5.32,4.83,0.44,0.0,0.0,1,1
1199,HD4628_NEID-HE_1.0_Snaky,HD4628,NEID-HE,1.0,Snaky,YV0,12.099002,5.275698,4987.0,4.56,-0.3,10.2,,-4.89,,4.24,7.43,5.84,5.3,0.41,0.0,0.0,1,1
1200,HD4628_NEID_1.0_Snaky,HD4628,NEID,1.0,Snaky,YV0,12.099002,5.275698,4987.0,4.56,-0.3,1.6,3.04,-4.97,0.028,3.18,6.88,5.24,4.75,0.45,0.0,0.0,1,1
1201,HD46317_SOPHIE_1.0_Snaky,HD46317,SOPHIE,1.0,Snaky,YV0,99.062917,58.106806,6096.0,4.27,-0.24,1.7,36.5,-4.99,0.397,4.0,10.02,8.59,8.09,4.5,0.0,0.0,1,1
1202,HD46588_SOPHIE_1.0_Snaky,HD46588,SOPHIE,1.0,Snaky,YV0,101.56,79.564806,6124.0,4.31,-0.16,-8.6,50.08,-5.39,0.519,4.22,9.73,8.37,7.87,4.22,0.0,0.0,1,1
1203,HD4676_HARPS03_3.3.6_Snaky,HD4676,HARPS03,3.3.6,Snaky,YV0,12.244615,16.940646,5906.0,4.17,-0.72,1.1,4.62,-4.98,0.049,3.52,9.17,7.99,7.51,4.44,0.0,1.0,1,1
1204,HD4676_SOPHIE_1.0_Snaky,HD4676,SOPHIE,1.0,Snaky,YV0,12.244618,16.940644,5997.0,4.29,-0.94,19.4,35.76,-4.82,0.281,4.13,9.25,7.95,7.49,4.52,1.0,1.0,1,1
1205,HD47127_SOPHIE_1.0_Snaky,HD47127,SOPHIE,1.0,Snaky,YV0,99.390833,12.180556,5639.0,4.4,0.11,3.5,10.14,-4.95,0.105,4.22,7.88,6.54,6.14,1.33,0.0,0.0,1,1
1206,HD47415_ESPRESSO19_3.3.1_Snaky,HD47415,ESPRESSO19,3.3.1,Snaky,YV0,99.88118,24.600163,5975.0,4.29,-0.91,10.7,50.67,-4.93,0.298,2.91,9.62,8.13,7.68,4.1,1.0,1.0,1,1
1207,HD47415_SOPHIE_1.0_Snaky,HD47415,SOPHIE,1.0,Snaky,YV0,99.88125,24.600194,5879.0,4.34,-1.0,71.0,66.97,-4.58,0.372,4.04,9.51,8.12,7.73,4.01,1.0,1.0,1,1
1208,HD4813_HARPN_3.0.1_Snaky,HD4813,HARPN,3.0.1,Snaky,YV0,12.53162,-10.644329,6124.0,4.28,-0.11,5.7,19.28,-4.94,0.188,3.18,7.87,6.7,6.36,3.07,0.0,0.0,1,1
1209,HD483_HARPS03_3.3.6_Snaky,HD483,HARPS03,3.3.6,Snaky,YV0,2.331015,17.533922,5906.0,4.41,-0.56,33.0,14.72,-4.73,0.087,3.43,9.19,7.94,7.46,4.42,0.0,1.0,1,1
1210,HD483_SOPHIE_1.0_Snaky,HD483,SOPHIE,1.0,Snaky,YV0,2.330833,17.533889,5869.0,4.43,-0.16,65.4,32.36,-4.58,0.14,3.99,9.39,8.64,8.12,4.63,0.0,1.0,1,1
1211,HD48410_SOPHIE_1.0_Snaky,HD48410,SOPHIE,1.0,Snaky,YV0,101.370708,44.233361,5900.0,4.29,0.06,-4.0,41.29,-5.46,0.498,4.13,7.95,6.69,6.32,1.53,0.0,0.0,1,1
1212,HD48565_SOPHIE_1.0_Snaky,HD48565,SOPHIE,1.0,Snaky,YV0,101.228583,20.860611,5941.0,4.25,-0.42,1.7,13.57,-5.0,0.141,4.26,8.04,6.93,6.68,2.31,0.0,0.0,1,1
1213,HD48682_SOPHIE_1.0_Snaky,HD48682,SOPHIE,1.0,Snaky,YV0,101.684708,43.577417,6121.0,4.35,0.12,3.9,12.64,-4.95,0.142,4.12,9.36,8.02,7.54,3.68,0.0,0.0,1,1
1214,HD4899_SOPHIE_1.0_Snaky,HD4899,SOPHIE,1.0,Snaky,YV0,12.768333,2.743556,5995.0,4.24,0.0,3.8,65.76,-5.4,0.441,3.59,8.2,6.85,6.39,2.22,1.0,1.0,1,1
1215,HD4903_SOPHIE_1.0_Snaky,HD4903,SOPHIE,1.0,Snaky,YV0,12.85375,32.657111,6117.0,4.29,-0.05,20.8,49.27,-4.82,0.417,4.0,11.89,10.0,9.35,5.94,0.0,0.0,1,1
1216,HD4915_CORALIE07_3.4_Snaky,HD4915,CORALIE07,3.4,Snaky,YV0,12.7952,-5.039278,5705.0,4.38,-0.42,15.8,19.51,-4.86,0.148,5.21,8.37,6.9,6.45,0.92,0.0,0.0,1,1
1217,HD4915_HARPN_3.0.1_Snaky,HD4915,HARPN,3.0.1,Snaky,YV0,12.7952,-5.039278,5623.0,4.48,-0.2,8.9,4.05,-4.9,0.036,3.09,7.09,5.76,5.45,1.43,0.0,0.0,1,1
1218,HD4915_HARPS03_3.2.5_Snaky,HD4915,HARPS03,3.2.5,Snaky,YV0,12.7952,-5.039278,5632.0,4.49,-0.21,16.2,6.51,-4.84,0.049,3.28,7.16,5.83,5.52,1.31,0.0,0.0,1,1
1219,HD4915_HARPS03_3.3.6_Snaky,HD4915,HARPS03,3.3.6,Snaky,YV0,12.7952,-5.039278,5632.0,4.49,-0.21,16.3,6.54,-4.84,0.049,3.28,7.16,5.83,5.52,1.31,0.0,0.0,1,1
1220,HD4915_HARPS03_3.5_Snaky,HD4915,HARPS03,3.5,Snaky,YV0,12.7952,-5.039278,5632.0,4.49,-0.21,16.0,6.61,-4.84,0.05,3.28,7.16,5.82,5.52,1.29,0.0,0.0,1,1
1221,HD4915_HARPS15_3.2.5_Snaky,HD4915,HARPS15,3.2.5,Snaky,YV0,12.7952,-5.039278,5632.0,4.49,-0.21,13.0,5.34,-4.87,0.044,3.44,7.19,5.87,5.56,1.3,0.0,0.0,1,1
1222,HD4915_HARPS15_3.3.6_Snaky,HD4915,HARPS15,3.3.6,Snaky,YV0,12.7952,-5.039278,5632.0,4.49,-0.21,13.0,5.38,-4.87,0.044,3.45,7.19,5.86,5.56,1.4,0.0,0.0,1,1
1223,HD4915_HARPS15_3.5_Snaky,HD4915,HARPS15,3.5,Snaky,YV0,12.7952,-5.039278,5621.0,4.49,-0.2,12.5,4.3,-4.87,0.036,2.82,7.2,5.87,5.56,1.31,0.0,0.0,1,1
1224,HD4915_SOPHIE_1.0_Snaky,HD4915,SOPHIE,1.0,Snaky,YV0,12.795167,-5.039278,5622.0,4.47,-0.2,6.1,44.41,-5.1,0.449,4.08,7.64,6.31,5.97,1.17,0.0,0.0,1,1
1225,HD49197_HARPN_3.0.1_Snaky,HD49197,HARPN,3.0.1,Snaky,YV0,102.338895,43.759105,6117.0,4.16,0.06,118.2,7.4,-4.39,0.02,2.97,35.9,37.51,33.92,33.24,0.0,0.0,1,1
1226,HD49385A_SOPHIE_1.0_Snaky,HD49385A,SOPHIE,1.0,Snaky,YV0,102.047917,0.305,6079.0,4.2,0.11,-1.9,71.33,-5.23,0.513,4.18,9.13,7.77,7.31,3.34,0.0,0.0,1,1
1227,HD49736_SOPHIE_1.0_Snaky,HD49736,SOPHIE,1.0,Snaky,YV0,102.751667,25.760361,5962.0,4.34,-0.08,-2.6,20.19,-5.02,0.192,4.17,8.43,7.17,6.76,3.06,0.0,0.0,1,1
1228,HD5015_SOPHIE_1.0_Snaky,HD5015,SOPHIE,1.0,Snaky,YV0,13.2675,61.123969,6052.0,4.21,0.07,8.9,9.41,-4.9,0.082,4.28,10.21,8.66,8.15,4.54,0.0,0.0,1,1
1229,HD50281_HARPS15_3.3.6_Snaky,HD50281,HARPS15,3.3.6,Snaky,YV0,103.07521,-5.173712,4640.0,4.59,-0.1,31.0,3.99,-4.74,0.024,3.37,7.5,5.87,5.17,1.26,0.0,0.0,1,1
1230,HD50554_HARPN_3.0.1_Snaky,HD50554,HARPN,3.0.1,Snaky,YV0,103.678442,24.245557,5963.0,4.31,-0.04,2.4,4.92,-4.96,0.05,3.09,8.26,7.06,6.68,3.42,0.0,0.0,1,1
1231,HD50554_HARPS15_3.3.6_Snaky,HD50554,HARPS15,3.3.6,Snaky,YV0,103.678442,24.245557,5947.0,4.32,-0.03,7.6,18.48,-4.96,0.171,3.47,8.33,7.14,6.76,3.47,0.0,0.0,1,1
1232,HD50554_SOPHIE_1.0_Snaky,HD50554,SOPHIE,1.0,Snaky,YV0,103.678417,24.245556,5948.0,4.35,-0.08,2.8,17.99,-4.96,0.162,4.11,8.72,7.46,7.04,3.16,0.0,0.0,1,1
1233,HD5065_HARPN_3.0.1_Snaky,HD5065,HARPN,3.0.1,Snaky,YV0,13.215638,40.24557,6008.0,4.19,-0.0,1.3,16.75,-5.03,0.178,3.12,8.49,7.16,6.83,3.49,0.0,0.0,1,1
1234,HD5065_SOPHIE_1.0_Snaky,HD5065,SOPHIE,1.0,Snaky,YV0,13.215417,40.245583,6003.0,4.2,-0.01,2.7,23.3,-4.98,0.255,4.21,8.92,7.62,7.15,3.24,0.0,0.0,1,1
1235,HD50692_HARPN_3.0.1_Snaky,HD50692,HARPN,3.0.1,Snaky,YV0,103.827776,25.375695,5897.0,4.39,-0.16,3.5,6.94,-4.95,0.068,3.02,7.4,6.2,5.92,2.27,0.0,0.0,1,1
1236,HD50692_HARPS15_3.3.6_Snaky,HD50692,HARPS15,3.3.6,Snaky,YV0,103.827776,25.375695,5901.0,4.39,-0.16,1.4,15.64,-5.02,0.165,3.47,7.48,6.25,5.96,2.16,0.0,0.0,1,1
1237,HD50692_NEID_1.0_Snaky,HD50692,NEID,1.0,Snaky,YV0,103.827597,25.3758,5889.0,4.38,-0.18,-1.6,5.04,-5.0,0.051,3.17,7.45,6.17,5.85,2.09,0.0,0.0,1,1
1238,HD50692_SOPHIE_1.0_Snaky,HD50692,SOPHIE,1.0,Snaky,YV0,103.82775,25.375694,5915.0,4.34,-0.15,6.6,25.98,-5.08,0.268,4.14,7.86,6.63,6.25,1.44,0.0,0.0,1,1
1239,HD50867_SOPHIE_1.0_Snaky,HD50867,SOPHIE,1.0,Snaky,YV0,103.822917,5.910472,6212.0,4.24,-0.11,-20.1,57.07,-5.62,0.527,3.91,11.19,9.47,8.89,6.5,0.0,0.0,1,1
1240,HD51067_SOPHIE_1.0_Snaky,HD51067,SOPHIE,1.0,Snaky,YV0,106.016667,75.227556,6025.0,4.28,0.1,77.8,71.4,-4.63,0.359,,10.6,8.95,8.41,4.91,0.0,1.0,1,1
1241,HD51219_SOPHIE_1.0_Snaky,HD51219,SOPHIE,1.0,Snaky,YV0,104.142083,1.162083,5649.0,4.45,0.02,0.3,16.32,-4.98,0.161,4.1,7.73,6.4,6.02,1.36,0.0,0.0,1,1
1242,HD5129_SOPHIE_1.0_Snaky,HD5129,SOPHIE,1.0,Snaky,YV0,13.418167,43.363694,5978.0,4.3,-0.03,1.1,25.91,-5.02,0.287,4.24,8.08,6.85,6.47,1.9,0.0,1.0,1,1
1243,HD51370_SOPHIE_1.0_Snaky,HD51370,SOPHIE,1.0,Snaky,YV0,105.88975,71.758056,6272.0,4.25,-0.06,88.9,68.33,-4.49,0.227,4.24,18.96,17.41,16.6,11.98,0.0,0.0,1,1
1244,HD51419_NEID_1.0_Snaky,HD51419,NEID,1.0,Snaky,YV0,104.549184,22.476304,5734.0,4.47,-0.38,6.2,4.95,-4.92,0.045,3.17,6.89,5.55,5.3,0.97,0.0,0.0,1,1
1245,HD52265_CORALIE14_3.8_Snaky,HD52265,CORALIE14,3.8,Snaky,YV0,105.075149,-5.367161,5994.0,4.26,0.16,-1.3,19.89,-5.12,0.24,5.01,9.96,8.43,7.93,4.81,0.0,0.0,1,1
1246,HD52265_HARPS03_3.3.6_Snaky,HD52265,HARPS03,3.3.6,Snaky,YV0,105.075149,-5.367161,6002.0,4.25,0.17,0.5,17.01,-4.99,0.187,3.38,9.04,7.71,7.25,4.12,0.0,0.0,1,1
1247,HD52265_HARPS03_3.5_Snaky,HD52265,HARPS03,3.5,Snaky,YV0,105.075149,-5.367161,6002.0,4.25,0.17,0.4,16.42,-4.99,0.18,3.36,9.04,7.71,7.25,4.11,0.0,0.0,1,1
1248,HD52265_HARPS15_3.3.6_Snaky,HD52265,HARPS15,3.3.6,Snaky,YV0,105.075149,-5.367161,6002.0,4.25,0.17,1.8,4.57,-4.97,0.047,3.4,9.08,7.74,7.29,4.51,0.0,0.0,1,1
1249,HD52265_HARPS15_3.5_Snaky,HD52265,HARPS15,3.5,Snaky,YV0,105.075149,-5.367161,6006.0,4.25,0.16,-0.1,5.61,-4.99,0.062,3.19,9.08,7.74,7.29,3.88,0.0,0.0,1,1
1250,HD52265_SOPHIE_1.0_Snaky,HD52265,SOPHIE,1.0,Snaky,YV0,105.075417,-5.367361,5993.0,4.27,0.17,-18.9,60.58,-5.68,0.566,4.24,9.45,8.1,7.63,3.94,0.0,0.0,1,1
1251,HD52711_NEID_1.0_Snaky,HD52711,NEID,1.0,Snaky,YV0,105.877687,29.333517,5895.0,4.37,-0.16,0.9,4.76,-4.98,0.051,3.17,7.61,6.31,5.99,2.35,0.0,0.0,1,1
1252,HD5294_HARPS15_3.3.6_Snaky,HD5294,HARPS15,3.3.6,Snaky,YV0,13.746958,24.100271,5715.0,4.44,-0.11,65.8,14.96,-4.57,0.061,3.4,7.6,6.23,5.9,2.19,0.0,0.0,1,1
1253,HD5372_SOPHIE_1.0_Snaky,HD5372,SOPHIE,1.0,Snaky,YV0,14.071667,52.491222,5773.0,4.34,0.17,15.6,12.37,-4.84,0.093,4.01,8.66,7.31,6.87,2.92,0.0,0.0,1,1
1254,HD54371_SOPHIE_1.0_Snaky,HD54371,SOPHIE,1.0,Snaky,YV0,107.397792,25.729083,5606.0,4.48,0.02,106.0,28.02,-4.44,0.083,4.18,9.8,8.16,7.61,4.2,0.0,0.0,1,1
1255,HD54717_SOPHIE_1.0_Snaky,HD54717,SOPHIE,1.0,Snaky,YV0,107.830833,33.111889,6503.0,4.0,0.0,-15.9,61.11,-5.31,0.501,4.27,9.14,7.97,7.51,2.05,0.0,0.0,1,1
1256,HD55137_SOPHIE_1.0_Snaky,HD55137,SOPHIE,1.0,Snaky,YV0,107.824,-12.041194,5909.0,4.19,0.18,-41.4,96.49,-5.6,0.584,4.22,8.67,7.33,6.89,2.78,0.0,0.0,1,1
1257,HD55575_HARPN_3.0.1_Snaky,HD55575,HARPN,3.0.1,Snaky,YV0,108.958913,47.239963,5928.0,4.38,-0.24,-0.3,13.85,-5.03,0.152,3.16,7.13,5.93,5.69,1.73,0.0,0.0,1,1
1258,HD55575_NEID-HE_1.0_Snaky,HD55575,NEID-HE,1.0,Snaky,YV0,108.959104,47.239163,5958.0,4.35,-0.31,-0.1,7.97,-4.99,0.081,4.16,7.64,6.41,6.09,1.19,0.0,0.0,1,1
1259,HD55575_NEID_1.0_Snaky,HD55575,NEID,1.0,Snaky,YV0,108.959104,47.239163,5954.0,4.36,-0.31,-7.6,7.29,-5.08,0.093,3.17,7.21,5.96,5.69,1.55,0.0,0.0,1,1
1260,HD55575_SOPHIE_1.0_Snaky,HD55575,SOPHIE,1.0,Snaky,YV0,108.95875,47.239972,5947.0,4.36,-0.3,0.9,18.95,-4.98,0.184,4.16,7.66,6.33,5.95,1.11,0.0,0.0,1,1
1261,HD56124_SOPHIE_1.0_Snaky,HD56124,SOPHIE,1.0,Snaky,YV0,109.289583,33.092056,5768.0,4.4,-0.07,14.5,13.25,-4.85,0.107,4.07,7.85,6.56,6.2,1.38,0.0,0.0,1,1
1262,HD5694_SOPHIE_1.0_Snaky,HD5694,SOPHIE,1.0,Snaky,YV0,14.676667,4.205806,6275.0,4.24,-0.0,-34.0,69.03,-5.86,0.578,4.0,13.83,11.27,10.41,6.85,0.0,0.0,1,1
1263,HD58551_SOPHIE_1.0_Snaky,HD58551,SOPHIE,1.0,Snaky,YV0,111.709167,21.535611,6110.0,4.3,-0.48,-1.5,47.06,-5.01,0.382,4.02,9.66,8.41,7.89,4.24,0.0,0.0,1,1
1264,HD58781_SOPHIE_1.0_Snaky,HD58781,SOPHIE,1.0,Snaky,YV0,111.96125,19.044778,5588.0,4.43,0.09,-0.4,14.76,-4.99,0.149,4.19,7.79,6.45,6.06,1.17,0.0,0.0,1,1
1265,HD58855_SOPHIE_1.0_Snaky,HD58855,SOPHIE,1.0,Snaky,YV0,112.482917,49.672667,6642.0,4.0,0.0,-20.9,39.46,-5.3,0.337,4.02,13.45,11.04,10.17,6.07,0.0,0.0,1,1
1266,HD59360_SOPHIE_1.0_Snaky,HD59360,SOPHIE,1.0,Snaky,YV0,112.597458,19.813917,6045.0,4.22,0.03,-30.7,93.3,-5.65,0.579,4.27,7.96,6.74,6.39,1.53,0.0,0.0,1,1
1267,HD5975_HARPS15_3.3.6_Snaky,HD5975,HARPS15,3.3.6,Snaky,YV0,15.257318,-4.648398,6056.0,4.32,-0.13,15.4,20.06,-4.89,0.157,3.41,8.63,7.43,7.03,3.76,0.0,0.0,1,1
1268,HD5996_SOPHIE_1.0_Snaky,HD5996,SOPHIE,1.0,Snaky,YV0,15.7375,69.227056,5406.0,4.49,-0.15,77.2,47.0,-4.53,0.175,4.09,7.89,6.41,6.0,1.15,0.0,0.0,1,1
1269,HD59984_HARPS03_3.3.6_Snaky,HD59984,HARPS03,3.3.6,Snaky,YV0,113.024012,-8.881326,5997.0,4.17,-0.66,3.8,2.23,-4.95,0.022,3.3,7.33,6.28,6.06,1.97,0.0,0.0,1,1
1270,HD59984_HARPS03_3.5_Snaky,HD59984,HARPS03,3.5,Snaky,YV0,113.024012,-8.881326,6015.0,4.14,-0.65,5.2,2.47,-4.93,0.023,3.24,7.32,6.26,6.05,1.89,0.0,0.0,1,1
1271,HD60298_HARPN_3.0.1_Snaky,HD60298,HARPN,3.0.1,Snaky,YV0,113.710042,24.954472,5778.0,4.34,-0.02,-0.1,12.16,-5.01,0.13,3.04,7.3,5.99,5.69,1.83,0.0,0.0,1,1
1272,HD60298_SOPHIE_1.0_Snaky,HD60298,SOPHIE,1.0,Snaky,YV0,113.71,24.954472,5778.0,4.42,-0.04,0.1,38.05,-4.99,0.413,4.06,7.77,6.5,6.15,1.25,0.0,0.0,1,1
1273,HD60779_HARPN_3.0.1_Snaky,HD60779,HARPN,3.0.1,Snaky,YV0,114.00596,-3.151771,5929.0,4.34,-0.18,0.8,6.51,-4.98,0.069,3.1,7.68,6.52,6.21,2.78,0.0,0.0,1,1
1274,HD61383_HARPS03_3.3.6_Snaky,HD61383,HARPS03,3.3.6,Snaky,YV0,114.713915,-5.465545,5753.0,4.22,-0.44,-1.6,10.53,-5.0,0.117,3.28,7.18,6.0,5.74,1.57,0.0,0.0,1,1
1275,HD61383_HARPS03_3.5_Snaky,HD61383,HARPS03,3.5,Snaky,YV0,114.713915,-5.465545,5753.0,4.22,-0.44,-2.2,9.85,-5.01,0.112,3.26,7.17,5.98,5.73,1.56,0.0,0.0,1,1
1276,HD61383_HARPS15_3.3.6_Snaky,HD61383,HARPS15,3.3.6,Snaky,YV0,114.713915,-5.465545,5753.0,4.22,-0.44,-2.7,13.52,-5.02,0.162,3.41,7.22,6.03,5.77,1.62,0.0,0.0,1,1
1277,HD61383_HARPS15_3.5_Snaky,HD61383,HARPS15,3.5,Snaky,YV0,114.713915,-5.465545,5753.0,4.22,-0.44,-2.9,11.99,-5.02,0.143,3.41,7.23,6.03,5.77,1.62,0.0,0.0,1,1
1278,HD62128_HARPS03_3.3.6_Snaky,HD62128,HARPS03,3.3.6,Snaky,YV0,115.50824,-11.852686,5750.0,4.15,0.3,1.6,11.57,-4.97,0.122,3.31,8.1,6.69,6.26,2.64,0.0,0.0,1,1
1279,HD62128_HARPS03_3.5_Snaky,HD62128,HARPS03,3.5,Snaky,YV0,115.50824,-11.852686,5737.0,4.17,0.3,1.1,11.65,-4.97,0.127,3.3,8.1,6.68,6.25,2.66,0.0,0.0,1,1
1280,HD62128_HARPS15_3.3.6_Snaky,HD62128,HARPS15,3.3.6,Snaky,YV0,115.50824,-11.852686,5737.0,4.17,0.3,2.6,20.21,-4.96,0.189,3.39,8.13,6.72,6.3,2.79,0.0,0.0,1,1
1281,HD62128_HARPS15_3.5_Snaky,HD62128,HARPS15,3.5,Snaky,YV0,115.50824,-11.852686,5737.0,4.17,0.3,3.2,16.58,-4.96,0.168,3.38,8.14,6.71,6.29,2.77,0.0,0.0,1,1
1282,HD62301_SOPHIE_1.0_Snaky,HD62301,SOPHIE,1.0,Snaky,YV0,116.234125,39.556361,5943.0,4.19,-0.64,10.1,43.66,-4.89,0.23,3.66,7.66,6.61,6.32,1.99,0.0,0.0,1,1
1283,HD62346_SOPHIE_1.0_Snaky,HD62346,SOPHIE,1.0,Snaky,YV0,116.05775,20.201722,5699.0,4.27,-0.41,0.2,16.7,-5.01,0.183,4.21,7.57,6.38,6.06,1.05,0.0,0.0,1,1
1284,HD6250_SOPHIE_1.0_Snaky,HD6250,SOPHIE,1.0,Snaky,YV0,16.069583,54.204194,6147.0,4.29,-0.06,5.4,64.85,-5.14,0.493,4.08,9.38,8.04,7.51,3.69,0.0,0.0,1,1
1285,HD62613_HARPN_3.0.1_Snaky,HD62613,HARPN,3.0.1,Snaky,YV0,119.071783,80.265543,5487.0,4.44,-0.13,16.9,6.53,-4.84,0.052,3.13,6.92,5.45,5.1,0.74,0.0,0.0,1,1
1286,HD62613_SOPHIE_1.0_Snaky,HD62613,SOPHIE,1.0,Snaky,YV0,119.071792,80.265528,5478.0,4.44,-0.17,16.7,17.62,-4.84,0.126,4.37,7.44,6.03,5.66,0.58,0.0,0.0,1,1
1287,HD62816_HARPS03_3.3.6_Snaky,HD62816,HARPS03,3.3.6,Snaky,YV0,116.371835,-10.160671,6362.0,4.23,0.03,17.5,12.21,-4.83,0.1,3.28,19.04,17.44,16.68,12.39,0.0,0.0,1,1
1288,HD62816_HARPS03_3.5_Snaky,HD62816,HARPS03,3.5,Snaky,YV0,116.371835,-10.160671,6362.0,4.23,0.03,17.1,13.26,-4.84,0.108,3.26,19.04,17.43,16.7,12.4,0.0,0.0,1,1
1289,HD62816_HARPS15_3.3.6_Snaky,HD62816,HARPS15,3.3.6,Snaky,YV0,116.371835,-10.160671,6352.0,4.25,0.04,23.2,23.73,-4.79,0.186,3.08,19.03,17.39,16.63,12.36,0.0,0.0,1,1
1290,HD62816_HARPS15_3.5_Snaky,HD62816,HARPS15,3.5,Snaky,YV0,116.371835,-10.160671,6377.0,4.18,0.02,23.1,27.49,-4.8,0.198,3.14,19.06,17.41,16.6,12.31,0.0,0.0,1,1
1291,HD63107_SOPHIE_1.0_Snaky,HD63107,SOPHIE,1.0,Snaky,YV0,116.885833,9.632556,5787.0,4.16,-0.92,22.4,41.34,-5.04,0.329,4.29,7.61,6.76,6.29,1.62,1.0,0.0,1,1
1292,HD633_SOPHIE_1.0_Snaky,HD633,SOPHIE,1.0,Snaky,YV0,2.669583,2.055528,6197.0,4.25,0.0,66.4,68.25,-4.61,0.347,4.19,8.98,7.62,7.12,2.86,0.0,0.0,1,1
1293,HD63332_SOPHIE_1.0_Snaky,HD63332,SOPHIE,1.0,Snaky,YV0,117.774167,54.129111,6241.0,4.24,-0.04,-5.5,32.21,-5.05,0.29,4.2,13.35,11.01,10.26,6.69,0.0,0.0,1,1
1294,HD63333_SOPHIE_1.0_Snaky,HD63333,SOPHIE,1.0,Snaky,YV0,117.329167,24.488694,6152.0,4.26,-0.34,-12.5,28.07,-5.24,0.372,4.18,8.24,7.16,6.81,2.35,0.0,0.0,1,1
1295,HD63433_HARPN_3.0.1_Snaky,HD63433,HARPN,3.0.1,Snaky,YV0,117.479419,27.363182,5713.0,4.51,0.02,143.3,11.31,-4.33,0.027,3.07,11.06,9.15,8.57,5.68,0.0,0.0,1,1
1296,HD63433_NEID_1.0_Snaky,HD63433,NEID,1.0,Snaky,YV0,117.47937,27.363134,5741.0,4.51,0.01,69.1,4.98,-4.55,0.019,3.14,11.04,9.07,8.5,5.69,0.0,0.0,1,1
1297,HD63433_SOPHIE_1.0_Snaky,HD63433,SOPHIE,1.0,Snaky,YV0,117.479167,27.363056,5756.0,4.5,0.02,154.3,19.82,-4.3,0.046,4.23,11.43,9.45,8.87,5.55,0.0,0.0,1,1
1298,HD64606_SOPHIE_1.0_Snaky,HD64606,SOPHIE,1.0,Snaky,YV0,118.643042,-1.412111,5320.0,4.53,-0.76,2.3,12.25,-4.98,0.125,4.29,6.94,5.64,5.33,0.31,0.0,0.0,1,1
1299,HD6480_HARPS15_3.3.6_Snaky,HD6480,HARPS15,3.3.6,Snaky,YV0,16.464305,4.909384,6246.0,4.25,-0.12,1.3,6.88,-4.97,0.07,3.51,12.67,10.54,9.81,6.65,0.0,0.0,1,1
1300,HD6480_HARPS15_3.5_Snaky,HD6480,HARPS15,3.5,Snaky,YV0,16.464305,4.909384,6240.0,4.25,-0.11,1.8,6.79,-4.97,0.069,3.51,12.67,10.54,9.8,6.65,0.0,0.0,1,1
1301,HD6480_SOPHIE_1.0_Snaky,HD6480,SOPHIE,1.0,Snaky,YV0,16.464167,4.909417,6097.0,4.31,-0.24,-1.7,62.54,-5.08,0.456,4.19,12.91,10.75,9.96,6.58,0.0,0.0,1,1
1302,HD65430_SOPHIE_1.0_Snaky,HD65430,SOPHIE,1.0,Snaky,YV0,119.89125,20.843861,5208.0,4.49,-0.09,-0.3,8.14,-4.99,0.084,4.17,7.46,5.99,5.53,0.54,0.0,0.0,1,1
1303,HD65583_HARPN_3.0.1_Snaky,HD65583,HARPN,3.0.1,Snaky,YV0,120.133874,29.212354,5353.0,4.54,-0.68,-3.0,1.92,-5.02,0.022,3.1,6.44,5.1,4.83,0.44,0.0,0.0,1,1
1304,HD65583_NEID_1.0_Snaky,HD65583,NEID,1.0,Snaky,YV0,120.133036,29.207339,5352.0,4.55,-0.63,-4.2,8.74,-5.04,0.104,3.16,6.55,5.13,4.82,0.41,0.0,0.0,1,1
1305,HD65583_SOPHIE_1.0_Snaky,HD65583,SOPHIE,1.0,Snaky,YV0,120.133833,29.212333,5353.0,4.55,-0.64,-2.9,,-5.03,,4.1,7.06,5.75,5.41,0.32,0.0,0.0,1,1
1306,HD6582_HARPN_3.0.1_Snaky,HD6582,HARPN,3.0.1,Snaky,YV0,17.067929,54.920156,5388.0,4.51,-0.78,-5.4,7.88,-5.05,0.097,3.11,6.38,5.08,4.85,0.45,0.0,0.0,1,1
1307,HD6582_SOPHIE_1.0_Snaky,HD6582,SOPHIE,1.0,Snaky,YV0,17.068292,54.920333,5384.0,4.51,-0.78,-8.4,,-5.09,,3.86,6.98,5.71,5.4,0.31,0.0,0.0,1,1
1308,HD6611A_SOPHIE_1.0_Snaky,HD6611A,SOPHIE,1.0,Snaky,YV0,16.869583,41.258889,6292.0,4.26,0.02,-22.4,19.97,-5.68,0.478,4.12,16.61,13.52,12.45,8.81,0.0,0.0,1,1
1309,HD66348_SOPHIE_1.0_Snaky,HD66348,SOPHIE,1.0,Snaky,YV0,120.87,12.181306,6077.0,4.32,0.13,-2.5,60.02,-5.28,0.485,4.05,12.02,9.99,9.32,5.9,0.0,0.0,1,1
1310,HD66488_HARPS03_3.3.6_Snaky,HD66488,HARPS03,3.3.6,Snaky,YV0,120.883792,-8.173404,6298.0,4.2,0.09,37.6,28.23,-4.71,0.159,3.3,21.84,20.39,19.5,15.53,0.0,0.0,1,1
1311,HD66488_HARPS03_3.5_Snaky,HD66488,HARPS03,3.5,Snaky,YV0,120.883792,-8.173404,6285.0,4.18,0.1,36.9,27.99,-4.72,0.16,3.29,21.83,20.41,19.47,15.54,0.0,0.0,1,1
1312,HD66573_SOPHIE_1.0_Snaky,HD66573,SOPHIE,1.0,Snaky,YV0,121.123708,9.267889,5768.0,4.33,-0.58,-1.0,13.65,-5.03,0.152,4.31,7.3,6.15,5.89,0.57,0.0,0.0,1,1
1313,HD66922_SOPHIE_1.0_Snaky,HD66922,SOPHIE,1.0,Snaky,YV0,121.537917,15.346694,6165.0,4.15,-0.2,5.1,55.71,-5.11,0.323,4.14,8.65,7.46,7.07,2.74,0.0,0.0,1,1
1314,HD6715_SOPHIE_1.0_Snaky,HD6715,SOPHIE,1.0,Snaky,YV0,17.051667,21.977,5631.0,4.48,-0.2,3.0,13.36,-4.96,0.129,4.04,7.55,6.24,5.89,0.79,0.0,0.0,1,1
1315,HD67228_SOPHIE_1.0_Snaky,HD67228,SOPHIE,1.0,Snaky,YV0,121.940833,21.581806,5941.0,4.2,0.22,5.8,8.13,-4.93,0.076,4.15,9.01,7.6,7.12,3.2,0.0,0.0,1,1
1316,HD67346_SOPHIE_1.0_Snaky,HD67346,SOPHIE,1.0,Snaky,YV0,122.03625,19.215944,6022.0,4.19,0.25,6.1,60.29,-4.93,0.458,4.12,9.32,7.88,7.41,3.52,0.0,0.0,1,1
1317,HD67551_CORALIE07_3.4_Snaky,HD67551,CORALIE07,3.4,Snaky,YV0,122.008338,-13.508101,3126.0,5.0,0.0,,,,,6.73,11.36,9.16,8.31,5.3,0.0,0.0,1,1
1318,HD67587_SOPHIE_1.0_Snaky,HD67587,SOPHIE,1.0,Snaky,YV0,122.547917,35.455,6220.0,4.27,-0.07,-4.2,33.45,-5.05,0.314,4.03,14.52,14.32,14.11,9.88,0.0,0.0,1,1
1319,HD67789_SOPHIE_1.0_Snaky,HD67789,SOPHIE,1.0,Snaky,YV0,122.527083,14.508,6069.0,4.26,-0.11,-31.7,66.16,-5.9,0.521,4.31,8.98,7.7,7.33,4.04,0.0,0.0,1,1
1320,HD68017_NEID_1.0_Snaky,HD68017,NEID,1.0,Snaky,YV0,122.908582,32.454393,5593.0,4.46,-0.4,-5.4,4.47,-5.05,0.055,3.15,6.8,5.43,5.16,0.55,0.0,0.0,1,1
1321,HD68146_HARPS03_3.3.6_Snaky,HD68146,HARPS03,3.3.6,Snaky,YV0,122.66594,-13.799205,6302.0,4.24,0.0,-14.9,2.23,-5.19,0.038,3.31,14.17,11.63,10.82,7.47,0.0,0.0,1,1
1322,HD68146_HARPS03_3.5_Snaky,HD68146,HARPS03,3.5,Snaky,YV0,122.66594,-13.799205,6302.0,4.24,0.0,-15.0,2.19,-5.19,0.037,3.23,14.17,11.63,10.81,7.46,0.0,0.0,1,1
1323,HD68146_HARPS15_3.3.6_Snaky,HD68146,HARPS15,3.3.6,Snaky,YV0,122.66594,-13.799205,6304.0,4.25,0.02,-16.7,20.78,-5.53,0.427,3.44,14.2,11.66,10.86,7.51,0.0,0.0,1,1
1324,HD68146_HARPS15_3.5_Snaky,HD68146,HARPS15,3.5,Snaky,YV0,122.66594,-13.799205,6304.0,4.25,0.02,-14.6,21.61,-5.48,0.416,3.45,14.21,11.67,10.85,7.51,0.0,0.0,1,1
1325,HD68168_HARPS03_3.3.6_Snaky,HD68168,HARPS03,3.3.6,Snaky,YV0,122.954952,16.523862,5722.0,4.36,0.12,2.5,3.73,-4.96,0.037,3.31,7.57,6.21,5.85,1.98,0.0,0.0,1,1
1326,HD68168_HARPS03_3.5_Snaky,HD68168,HARPS03,3.5,Snaky,YV0,122.954952,16.523862,5716.0,4.38,0.12,3.9,12.36,-4.97,0.121,3.4,7.57,6.2,5.84,1.96,0.0,0.0,1,1
1327,HD68168_HARPS15_3.3.6_Snaky,HD68168,HARPS15,3.3.6,Snaky,YV0,122.954952,16.523862,5744.0,4.35,0.16,2.2,11.9,-4.97,0.121,3.47,7.58,6.22,5.87,2.03,0.0,0.0,1,1
1328,HD68168_SOPHIE_1.0_Snaky,HD68168,SOPHIE,1.0,Snaky,YV0,122.954583,16.523861,5715.0,4.4,0.04,1.3,15.15,-4.97,0.16,4.2,7.99,6.63,6.22,1.54,0.0,0.0,1,1
1329,HD68257_SOPHIE_1.0_Snaky,HD68257,SOPHIE,1.0,Snaky,YV0,123.052917,17.647778,6136.0,4.28,0.08,0.4,37.94,-4.98,0.298,3.89,9.49,8.06,7.58,3.7,0.0,0.0,1,1
1330,HD6963_SOPHIE_1.0_Snaky,HD6963,SOPHIE,1.0,Snaky,YV0,17.674583,42.931833,5493.0,4.48,-0.24,63.8,40.93,-4.58,0.175,3.91,7.78,6.35,5.95,1.18,0.0,0.0,1,1
1331,HD69830_CORALIE14_3.8_Snaky,HD69830,CORALIE14,3.8,Snaky,YV0,124.599779,-12.632171,5436.0,4.46,0.0,3.6,12.38,-4.96,0.125,5.18,8.23,6.7,6.23,0.62,0.0,0.0,1,1
1332,HD69830_ESPRESSO18_3.2.5_Snaky,HD69830,ESPRESSO18,3.2.5,Snaky,YV0,124.599779,-12.632171,5428.0,4.46,-0.03,0.9,,-4.98,,2.63,6.91,5.43,5.07,0.91,0.0,0.0,1,1
1333,HD69830_ESPRESSO18_3.3.1_Snaky,HD69830,ESPRESSO18,3.3.1,Snaky,YV0,124.599779,-12.632171,5428.0,4.46,-0.03,0.9,,-4.98,,2.63,6.91,5.43,5.07,0.9,0.0,0.0,1,1
1334,HD69830_ESPRESSO19_3.2.5_Snaky,HD69830,ESPRESSO19,3.2.5,Snaky,YV0,124.599779,-12.632171,5431.0,4.46,-0.03,5.9,,-4.93,,2.71,6.94,5.44,5.08,0.91,0.0,0.0,1,1
1335,HD69830_ESPRESSO19_3.3.1_Snaky,HD69830,ESPRESSO19,3.3.1,Snaky,YV0,124.599779,-12.632171,5431.0,4.46,-0.03,5.9,,-4.93,,2.71,6.94,5.44,5.08,0.91,0.0,0.0,1,1
1336,HD69830_HARPS03_3.2.5_Snaky,HD69830,HARPS03,3.2.5,Snaky,YV0,124.599779,-12.632171,5431.0,4.46,-0.03,2.1,2.99,-4.96,0.029,3.32,7.03,5.58,5.2,0.79,0.0,0.0,1,1
1337,HD69830_HARPS03_3.3.6_Snaky,HD69830,HARPS03,3.3.6,Snaky,YV0,124.599779,-12.632171,5431.0,4.46,-0.03,2.0,3.01,-4.96,0.029,3.32,7.03,5.58,5.2,0.93,0.0,0.0,1,1
1338,HD69830_HARPS03_3.5_Snaky,HD69830,HARPS03,3.5,Snaky,YV0,124.599779,-12.632171,5431.0,4.46,-0.03,2.2,3.06,-4.96,0.03,3.31,7.03,5.57,5.19,0.9,0.0,0.0,1,1
1339,HD69830_HARPS15_3.3.6_Snaky,HD69830,HARPS15,3.3.6,Snaky,YV0,124.599779,-12.632171,5428.0,4.46,-0.03,2.3,1.63,-4.96,0.017,3.41,7.06,5.61,5.24,0.88,0.0,0.0,1,1
1340,HD69830_HARPS15_3.5_Snaky,HD69830,HARPS15,3.5,Snaky,YV0,124.599779,-12.632171,5428.0,4.46,-0.03,2.6,1.8,-4.96,0.018,3.43,7.06,5.61,5.23,0.86,0.0,0.0,1,1
1341,HD69897_SOPHIE_1.0_Snaky,HD69897,SOPHIE,1.0,Snaky,YV0,125.01625,27.218611,6229.0,4.28,-0.28,2.7,19.64,-4.96,0.201,4.0,9.58,8.3,7.81,3.96,0.0,0.0,1,1
1342,HD69965_HARPS03_3.3.6_Snaky,HD69965,HARPS03,3.3.6,Snaky,YV0,124.812901,-5.619516,5884.0,4.35,-0.08,-0.0,25.18,-5.09,0.316,3.29,7.58,6.37,6.07,2.28,0.0,0.0,1,1
1343,HD69965_HARPS03_3.5_Snaky,HD69965,HARPS03,3.5,Snaky,YV0,124.812901,-5.619516,5879.0,4.32,-0.07,6.6,27.36,-5.0,0.287,3.26,7.59,6.37,6.06,2.26,0.0,0.0,1,1
1344,HD70110_CORALIE07_3.4_Snaky,HD70110,CORALIE07,3.4,Snaky,YV0,125.054165,-0.909314,5962.0,4.21,0.14,7.0,20.78,-5.0,0.2,5.21,9.73,8.2,7.67,3.46,0.0,0.0,1,1
1345,HD70110_SOPHIE_1.0_Snaky,HD70110,SOPHIE,1.0,Snaky,YV0,125.054083,-0.909111,5993.0,4.21,0.17,6.8,35.79,-5.0,0.321,4.3,9.14,7.8,7.33,3.47,0.0,0.0,1,1
1346,HD70923_CORALIE14_3.8_Snaky,HD70923,CORALIE14,3.8,Snaky,YV0,126.138578,-1.148413,,,,,,,,,8.78,7.09,6.39,,0.0,0.0,0,1
1347,HD70958_HARPN_3.0.1_Snaky,HD70958,HARPN,3.0.1,Snaky,YV0,126.145892,-3.751242,7182.0,4.0,0.0,97.0,43.55,-4.48,0.138,3.1,75.77,68.37,188.01,77.87,0.0,0.0,1,1
1348,HD71148_SOPHIE_1.0_Snaky,HD71148,SOPHIE,1.0,Snaky,YV0,126.90325,45.652972,5818.0,4.41,0.01,12.9,57.0,-5.32,0.484,4.26,8.08,6.77,6.39,1.91,0.0,0.0,1,1
1349,HD71244_SOPHIE_1.0_Snaky,HD71244,SOPHIE,1.0,Snaky,YV0,127.215833,53.862222,6068.0,4.34,-0.25,-4.3,50.57,-5.04,0.464,4.08,9.2,7.98,7.51,3.79,0.0,0.0,1,1
1350,HD7134_CORALIE14_3.8_Snaky,HD7134,CORALIE14,3.8,Snaky,YV0,17.883668,-12.843082,5933.0,4.38,-0.23,-6.6,19.0,-5.12,0.271,5.85,8.32,7.08,6.68,1.43,0.0,0.0,1,1
1351,HD7134_HARPN_3.0.1_Snaky,HD7134,HARPN,3.0.1,Snaky,YV0,17.883668,-12.843082,5961.0,4.36,-0.27,-1.4,5.39,-5.0,0.059,3.09,7.21,6.04,5.78,1.9,0.0,0.0,1,1
1352,HD7134_HARPS03_3.2.5_Snaky,HD7134,HARPS03,3.2.5,Snaky,YV0,17.883668,-12.843082,5961.0,4.36,-0.27,-0.5,3.6,-4.99,0.039,3.29,7.27,6.11,5.85,1.74,0.0,0.0,1,1
1353,HD7134_HARPS03_3.3.6_Snaky,HD7134,HARPS03,3.3.6,Snaky,YV0,17.883668,-12.843082,5961.0,4.36,-0.27,-0.5,3.56,-4.99,0.039,3.29,7.27,6.11,5.85,1.74,0.0,0.0,1,1
1354,HD7134_HARPS03_3.5_Snaky,HD7134,HARPS03,3.5,Snaky,YV0,17.883668,-12.843082,5961.0,4.36,-0.27,-0.7,4.22,-4.99,0.046,3.27,7.27,6.1,5.84,1.72,0.0,0.0,1,1
1355,HD7134_HARPS15_3.2.5_Snaky,HD7134,HARPS15,3.2.5,Snaky,YV0,17.883668,-12.843082,5961.0,4.36,-0.27,0.4,5.56,-4.98,0.06,3.42,7.3,6.15,5.89,1.87,0.0,0.0,1,1
1356,HD7134_HARPS15_3.3.6_Snaky,HD7134,HARPS15,3.3.6,Snaky,YV0,17.883668,-12.843082,5961.0,4.36,-0.27,0.4,5.62,-4.98,0.06,3.42,7.3,6.15,5.88,2.04,0.0,0.0,1,1
1357,HD7134_HARPS15_3.5_Snaky,HD7134,HARPS15,3.5,Snaky,YV0,17.883668,-12.843082,5972.0,4.37,-0.25,1.1,5.01,-4.98,0.052,3.5,7.31,6.15,5.88,1.84,0.0,0.0,1,1
1358,HD7134_SOPHIE_1.0_Snaky,HD7134,SOPHIE,1.0,Snaky,YV0,17.88375,-12.842917,5998.0,4.37,-0.24,6.1,58.92,-5.25,0.472,3.88,7.73,6.55,6.3,1.36,0.0,0.0,1,1
1359,HD71479_CORALIE14_3.8_Snaky,HD71479,CORALIE14,3.8,Snaky,YV0,126.89636,-5.148636,5879.0,4.2,0.19,-3.2,18.29,-5.13,0.228,5.07,9.0,7.52,7.04,2.38,0.0,0.0,1,1
1360,HD71479_HARPN_3.0.1_Snaky,HD71479,HARPN,3.0.1,Snaky,YV0,126.89636,-5.148636,5925.0,4.25,0.22,3.4,14.72,-4.96,0.147,3.17,7.96,6.62,6.23,2.7,0.0,0.0,1,1
1361,HD71479_HARPS03_3.3.6_Snaky,HD71479,HARPS03,3.3.6,Snaky,YV0,126.89636,-5.148636,5902.0,4.23,0.19,2.7,3.42,-4.96,0.034,3.32,7.98,6.65,6.25,2.53,0.0,0.0,1,1
1362,HD71479_HARPS03_3.5_Snaky,HD71479,HARPS03,3.5,Snaky,YV0,126.89636,-5.148636,5902.0,4.23,0.19,2.8,3.7,-4.96,0.037,3.3,7.98,6.64,6.25,2.52,0.0,0.0,1,1
1363,HD71640_SOPHIE_1.0_Snaky,HD71640,SOPHIE,1.0,Snaky,YV0,127.15,1.2475,6110.0,4.31,-0.18,32.6,82.54,-4.74,0.458,4.07,8.45,7.23,6.81,2.61,0.0,0.0,1,1
1364,HD71827_SOPHIE_1.0_Snaky,HD71827,SOPHIE,1.0,Snaky,YV0,129.31,77.046778,6110.0,4.31,-0.18,-1.1,63.69,-5.01,0.458,4.17,9.54,8.2,7.69,4.01,0.0,1.0,1,1
1365,HD71881_SOPHIE_1.0_Snaky,HD71881,SOPHIE,1.0,Snaky,YV0,127.979583,50.616694,5898.0,4.36,-0.01,4.5,39.75,-4.94,0.248,4.19,7.92,6.63,6.26,1.41,0.0,0.0,1,1
1366,HD7193_HARPS15_3.3.6_Snaky,HD7193,HARPS15,3.3.6,Snaky,YV0,18.07979,12.28182,6133.0,4.25,-0.23,69.2,32.5,-4.58,0.129,3.49,12.44,10.39,9.72,6.66,0.0,0.0,1,1
1367,HD7193_SOPHIE_1.0_Snaky,HD7193,SOPHIE,1.0,Snaky,YV0,18.08,12.281944,6079.0,4.32,-0.38,76.2,38.01,-4.53,0.131,4.08,12.7,10.45,9.7,7.76,0.0,0.0,1,1
1368,HD72659_HARPS03_3.3.6_Snaky,HD72659,HARPS03,3.3.6,Snaky,YV0,128.513292,-1.568216,5903.0,4.19,0.0,4.8,15.28,-4.94,0.149,3.28,7.65,6.35,6.02,2.13,0.0,0.0,1,1
1369,HD72659_HARPS03_3.5_Snaky,HD72659,HARPS03,3.5,Snaky,YV0,128.513292,-1.568216,5903.0,4.19,0.0,4.8,13.3,-4.94,0.125,3.26,7.64,6.34,6.01,2.35,0.0,0.0,1,1
1370,HD72659_HARPS15_3.3.6_Snaky,HD72659,HARPS15,3.3.6,Snaky,YV0,128.513292,-1.568216,5908.0,4.2,-0.0,4.1,12.08,-4.94,0.119,3.39,7.67,6.38,6.05,2.23,0.0,0.0,1,1
1371,HD72659_HARPS15_3.5_Snaky,HD72659,HARPS15,3.5,Snaky,YV0,128.513292,-1.568216,5903.0,4.19,0.0,3.8,13.94,-4.95,0.14,3.36,7.67,6.37,6.05,2.23,0.0,0.0,1,1
1372,HD7284_SOPHIE_1.0_Snaky,HD7284,SOPHIE,1.0,Snaky,YV0,18.54375,58.812306,6102.0,4.28,-0.05,7.9,28.22,-4.95,0.348,3.35,11.85,9.96,9.3,5.89,0.0,0.0,1,1
1373,HD72905_NEID_1.0_Snaky,HD72905,NEID,1.0,Snaky,YV0,129.798491,65.021285,5884.0,4.44,-0.0,62.1,4.74,-4.58,0.02,2.79,14.57,13.53,13.16,9.61,0.0,0.0,1,1
1374,HD72905_SOPHIE_1.0_Snaky,HD72905,SOPHIE,1.0,Snaky,YV0,129.799167,65.020889,5845.0,4.45,-0.01,184.3,43.8,-4.24,0.101,4.28,14.44,11.58,10.79,7.46,0.0,0.0,1,1
1375,HD72946_SOPHIE_1.0_Snaky,HD72946,SOPHIE,1.0,Snaky,YV0,128.963625,6.622778,5561.0,4.45,0.01,52.8,16.01,-4.62,0.075,4.21,8.38,6.92,6.46,2.31,0.0,0.0,1,1
1376,HD73344_NEID_1.0_Snaky,HD73344,NEID,1.0,Snaky,YV0,129.689445,23.685265,6126.0,4.37,0.14,36.2,14.22,-4.71,0.073,3.17,10.49,8.89,8.37,5.31,0.0,0.0,1,1
1377,HD73344_SOPHIE_1.0_Snaky,HD73344,SOPHIE,1.0,Snaky,YV0,129.689667,23.685906,6086.0,4.34,0.09,40.1,27.66,-4.69,0.134,4.16,10.81,9.14,8.59,5.94,0.0,0.0,1,1
1378,HD73350_CORALIE14_3.8_Snaky,HD73350,CORALIE14,3.8,Snaky,YV0,129.459557,-6.806883,5717.0,4.46,0.08,69.1,17.04,-4.56,0.068,4.83,9.34,7.72,7.22,3.07,0.0,0.0,1,1
1379,HD73350_HARPS03_3.3.6_Snaky,HD73350,HARPS03,3.3.6,Snaky,YV0,129.459557,-6.806883,5741.0,4.39,0.06,84.6,11.77,-4.5,0.043,3.13,8.37,6.97,6.54,3.34,0.0,0.0,1,1
1380,HD73350_HARPS03_3.5_Snaky,HD73350,HARPS03,3.5,Snaky,YV0,129.459557,-6.806883,5727.0,4.43,0.07,98.1,11.9,-4.45,0.037,3.38,8.39,6.98,6.56,3.38,0.0,0.0,1,1
1381,HD73350_HARPS15_3.3.6_Snaky,HD73350,HARPS15,3.3.6,Snaky,YV0,129.459557,-6.806883,5758.0,4.39,0.07,77.7,4.85,-4.52,0.018,3.22,8.37,6.97,6.55,3.3,0.0,0.0,1,1
1382,HD7345_HARPS03_3.3.6_Snaky,HD7345,HARPS03,3.3.6,Snaky,YV0,18.438561,7.578244,6273.0,4.07,-0.17,1.3,13.39,-4.97,0.151,3.25,11.16,9.47,8.84,5.84,1.0,1.0,1,1
1383,HD7345_HARPS15_3.3.6_Snaky,HD7345,HARPS15,3.3.6,Snaky,YV0,18.438561,7.578244,6323.0,4.06,-0.17,-25.6,20.26,-5.73,0.51,3.93,11.13,9.34,8.78,5.38,0.0,1.0,1,1
1384,HD7345_SOPHIE_1.0_Snaky,HD7345,SOPHIE,1.0,Snaky,YV0,18.43875,7.57825,6308.0,4.24,-0.19,-34.1,25.53,-6.03,0.458,4.24,14.91,9.64,471.41,61.28,1.0,1.0,1,1
1385,HD73636_SOPHIE_1.0_Snaky,HD73636,SOPHIE,1.0,Snaky,YV0,130.310833,47.480611,6005.0,4.25,0.13,1.0,47.35,-4.99,0.43,4.18,10.23,8.7,8.18,4.62,0.0,1.0,1,1
1386,HD73667_HARPS03_3.3.6_Snaky,HD73667,HARPS03,3.3.6,Snaky,YV0,129.961633,11.522672,5108.0,4.55,-0.42,-3.1,12.91,-5.03,0.156,3.34,6.65,5.17,4.77,0.19,0.0,0.0,1,1
1387,HD73667_HARPS03_3.5_Snaky,HD73667,HARPS03,3.5,Snaky,YV0,129.961633,11.522672,5108.0,4.55,-0.42,-4.5,13.85,-5.05,0.173,3.31,6.64,5.16,4.76,0.19,0.0,0.0,1,1
1388,HD73667_SOPHIE_1.0_Snaky,HD73667,SOPHIE,1.0,Snaky,YV0,129.9625,11.522778,5124.0,4.56,-0.5,0.1,,-4.99,,4.13,7.17,5.76,5.3,0.32,0.0,0.0,1,1
1389,HD73835_SOPHIE_1.0_Snaky,HD73835,SOPHIE,1.0,Snaky,YV0,134.101667,83.887389,6060.0,4.35,-0.25,-2.8,46.72,-5.12,0.455,3.26,7.76,6.64,6.35,1.48,0.0,0.0,1,1
1390,HD74011_SOPHIE_1.0_Snaky,HD74011,SOPHIE,1.0,Snaky,YV0,130.628417,34.187694,5769.0,4.24,-0.54,-3.6,16.44,-5.04,0.198,4.16,7.69,6.56,6.29,1.94,0.0,0.0,1,1
1391,HD74014_HARPS03_3.3.6_Snaky,HD74014,HARPS03,3.3.6,Snaky,YV0,130.327338,-4.80894,5547.0,4.36,0.24,0.9,2.4,-4.98,0.025,3.3,7.5,6.05,5.64,1.61,0.0,0.0,1,1
1392,HD74014_HARPS03_3.5_Snaky,HD74014,HARPS03,3.5,Snaky,YV0,130.327338,-4.80894,5552.0,4.36,0.24,0.8,2.56,-4.98,0.027,3.28,7.5,6.04,5.64,1.6,0.0,0.0,1,1
1393,HD7439_HARPN_3.0.1_Snaky,HD7439,HARPN,3.0.1,Snaky,YV0,18.600169,-7.922826,6361.0,4.12,-0.26,-2.6,22.89,-5.04,0.3,3.18,10.53,9.03,8.44,4.96,0.0,0.0,1,1
1394,HD7439_HARPS03_3.3.6_Snaky,HD7439,HARPS03,3.3.6,Snaky,YV0,18.600169,-7.922826,6392.0,4.14,-0.26,-4.3,2.57,-5.04,0.032,3.3,10.48,8.87,8.26,4.71,0.0,0.0,1,1
1395,HD7439_HARPS03_3.5_Snaky,HD7439,HARPS03,3.5,Snaky,YV0,18.600169,-7.922826,6392.0,4.14,-0.26,-2.8,22.32,-5.1,0.293,3.19,10.62,9.0,8.38,4.85,0.0,0.0,1,1
1396,HD7439_HARPS15_3.3.6_Snaky,HD7439,HARPS15,3.3.6,Snaky,YV0,18.600169,-7.922826,6380.0,4.12,-0.25,-2.9,23.35,-5.22,0.314,3.57,10.51,9.0,8.42,4.89,0.0,0.0,1,1
1397,HD7449_HARPS03_3.3.6_Snaky,HD7449,HARPS03,3.3.6,Snaky,YV0,18.622176,-5.047393,5930.0,4.38,-0.16,9.4,4.54,-4.9,0.039,3.33,8.03,6.83,6.47,3.1,0.0,0.0,1,1
1398,HD7449_HARPS03_3.5_Snaky,HD7449,HARPS03,3.5,Snaky,YV0,18.622176,-5.047393,5913.0,4.37,-0.16,8.5,4.75,-4.9,0.042,3.32,8.03,6.83,6.46,3.1,0.0,0.0,1,1
1399,HD7449_HARPS15_3.3.6_Snaky,HD7449,HARPS15,3.3.6,Snaky,YV0,18.622176,-5.047393,5930.0,4.38,-0.16,11.8,5.12,-4.88,0.043,3.4,8.06,6.86,6.5,3.14,0.0,0.0,1,1
1400,HD7449_HARPS15_3.5_Snaky,HD7449,HARPS15,3.5,Snaky,YV0,18.622176,-5.047393,5920.0,4.38,-0.16,11.5,5.24,-4.88,0.044,3.39,8.06,6.86,6.49,3.14,0.0,0.0,1,1
1401,HD74655_SOPHIE_1.0_Snaky,HD74655,SOPHIE,1.0,Snaky,YV0,131.458608,20.022279,6103.0,4.24,-0.03,-35.5,83.52,-5.94,0.512,3.3,9.39,8.03,7.53,3.72,0.0,1.0,1,1
1402,HD75302_HARPS03_3.3.6_Snaky,HD75302,HARPS03,3.3.6,Snaky,YV0,132.302203,3.484755,5684.0,4.45,0.06,55.1,14.17,-4.61,0.064,3.3,7.67,6.26,5.88,2.15,0.0,0.0,1,1
1403,HD75302_HARPS03_3.5_Snaky,HD75302,HARPS03,3.5,Snaky,YV0,132.302203,3.484755,5683.0,4.45,0.06,56.8,14.94,-4.61,0.067,3.88,7.69,6.26,5.88,2.14,0.0,0.0,1,1
1404,HD75302_HARPS15_3.3.6_Snaky,HD75302,HARPS15,3.3.6,Snaky,YV0,132.302203,3.484755,5676.0,4.46,0.06,63.3,7.49,-4.58,0.032,3.4,7.73,6.28,5.9,2.24,0.0,0.0,1,1
1405,HD75302_SOPHIE_1.0_Snaky,HD75302,SOPHIE,1.0,Snaky,YV0,132.302083,3.48475,5701.0,4.48,0.02,57.9,18.21,-4.6,0.087,4.17,8.14,6.72,6.29,1.79,0.0,0.0,1,1
1406,HD75332_SOPHIE_1.0_Snaky,HD75332,SOPHIE,1.0,Snaky,YV0,132.633333,33.285,6057.0,4.34,0.03,92.3,20.03,-4.47,0.065,4.04,13.76,11.31,10.6,7.16,0.0,0.0,1,1
1407,HD75528_SOPHIE_1.0_Snaky,HD75528,SOPHIE,1.0,Snaky,YV0,132.755833,15.350639,5959.0,4.25,0.19,18.6,24.2,-4.84,0.263,4.52,8.88,7.52,7.06,3.1,0.0,0.0,1,1
1408,HD75616_SOPHIE_1.0_Snaky,HD75616,SOPHIE,1.0,Snaky,YV0,133.275417,52.390139,6229.0,4.28,-0.26,91.4,19.31,-4.47,0.064,3.76,15.75,14.58,14.02,9.79,0.0,0.0,1,1
1409,HD75732_ESPRESSO18_3.2.5_Snaky,HD75732,ESPRESSO18,3.2.5,Snaky,YV0,133.149213,28.330821,5289.0,4.44,0.34,8.2,,-4.91,,2.81,7.39,5.8,5.28,1.36,0.0,0.0,1,1
1410,HD75732_ESPRESSO19_3.2.5_Snaky,HD75732,ESPRESSO19,3.2.5,Snaky,YV0,133.149213,28.330821,5283.0,4.45,0.32,6.5,,-4.92,,2.78,7.39,5.79,5.27,1.33,0.0,0.0,1,1
1411,HD75732_ESPRESSO19_3.3.1_Snaky,HD75732,ESPRESSO19,3.3.1,Snaky,YV0,133.149213,28.330821,5283.0,4.45,0.32,6.4,,-4.92,,2.78,7.39,5.79,5.27,1.33,0.0,0.0,1,1
1412,HD75732_HARPN_3.0.1_Snaky,HD75732,HARPN,3.0.1,Snaky,YV0,133.149213,28.330821,5263.0,4.46,0.3,3.9,1.0,-4.95,0.01,3.13,7.48,5.94,5.43,1.59,0.0,0.0,1,1
1413,HD75732_HARPS03_3.3.6_Snaky,HD75732,HARPS03,3.3.6,Snaky,YV0,133.149213,28.330821,5283.0,4.45,0.32,2.3,5.82,-4.96,0.059,3.43,7.46,5.94,5.43,1.43,0.0,0.0,1,1
1414,HD75732_HARPS03_3.5_Snaky,HD75732,HARPS03,3.5,Snaky,YV0,133.149213,28.330821,5283.0,4.45,0.32,2.2,5.83,-4.96,0.059,3.41,7.46,5.93,5.42,1.41,0.0,0.0,1,1
1415,HD75732_NEID-HE_1.0_Snaky,HD75732,NEID-HE,1.0,Snaky,YV0,133.146837,28.329815,5269.0,4.45,0.27,7.4,5.98,-4.92,0.054,4.14,7.93,6.34,5.8,0.99,0.0,0.0,1,1
1416,HD75732_NEID_1.0_Snaky,HD75732,NEID,1.0,Snaky,YV0,133.146837,28.329815,5260.0,4.46,0.26,-2.8,3.09,-5.02,0.031,3.09,7.49,5.89,5.38,1.49,0.0,0.0,1,1
1417,HD75732_SOPHIE_1.0_Snaky,HD75732,SOPHIE,1.0,Snaky,YV0,133.149208,28.330819,5269.0,4.46,0.3,1.8,3.91,-4.97,0.04,4.17,7.94,6.43,5.89,1.16,0.0,0.0,1,1
1418,HD75782_SOPHIE_1.0_Snaky,HD75782,SOPHIE,1.0,Snaky,YV0,133.297917,37.070278,5984.0,4.21,0.23,4.6,48.15,-5.14,0.482,4.28,9.36,7.98,7.47,4.2,0.0,0.0,1,1
1419,HD75881_HARPS03_3.3.6_Snaky,HD75881,HARPS03,3.3.6,Snaky,YV0,133.085049,-12.808694,6141.0,4.18,0.09,1.7,14.88,-4.97,0.155,3.1,10.46,8.93,8.36,5.22,0.0,0.0,1,1
1420,HD75881_HARPS15_3.3.6_Snaky,HD75881,HARPS15,3.3.6,Snaky,YV0,133.085049,-12.808694,6130.0,4.17,0.08,1.3,20.0,-4.97,0.199,3.42,10.48,8.94,8.37,5.25,0.0,0.0,1,1
1421,HD75881_HARPS15_3.5_Snaky,HD75881,HARPS15,3.5,Snaky,YV0,133.085049,-12.808694,6130.0,4.17,0.09,0.9,15.11,-4.98,0.174,3.44,10.49,8.94,8.37,5.24,0.0,0.0,1,1
1422,HD75881_SOPHIE_1.0_Snaky,HD75881,SOPHIE,1.0,Snaky,YV0,133.085125,-12.808444,6097.0,4.25,0.09,-9.5,58.57,-5.59,0.554,4.29,10.87,9.22,8.64,5.92,0.0,0.0,1,1
1423,HD7590_SOPHIE_1.0_Snaky,HD7590,SOPHIE,1.0,Snaky,YV0,19.121875,42.939417,5843.0,4.43,-0.13,87.0,45.2,-4.49,0.155,4.22,11.6,9.64,9.02,5.73,0.0,0.0,1,1
1424,HD75933_SOPHIE_1.0_Snaky,HD75933,SOPHIE,1.0,Snaky,YV0,133.625,40.133278,5898.0,4.24,-0.13,0.9,15.64,-4.98,0.166,4.15,8.04,6.81,6.43,1.9,0.0,0.0,1,1
1425,HD76151_ESPRESSO19_3.2.5_Snaky,HD76151,ESPRESSO19,3.2.5,Snaky,YV0,133.574779,-5.434459,5726.0,4.4,0.06,29.6,2.91,-4.75,0.018,2.7,7.26,5.78,5.44,1.27,0.0,0.0,1,1
1426,HD76151_ESPRESSO19_3.3.1_Snaky,HD76151,ESPRESSO19,3.3.1,Snaky,YV0,133.574779,-5.434459,5726.0,4.4,0.06,,,,,2.74,7.26,5.78,5.44,1.27,0.0,0.0,0,1
1427,HD76151_HARPN_3.0.1_Snaky,HD76151,HARPN,3.0.1,Snaky,YV0,133.574779,-5.434459,5727.0,4.4,0.06,44.1,11.8,-4.67,0.061,2.79,7.38,5.93,5.59,1.7,0.0,0.0,1,1
1428,HD76151_HARPS03_3.3.6_Snaky,HD76151,HARPS03,3.3.6,Snaky,YV0,133.574779,-5.434459,5727.0,4.4,0.05,38.6,3.81,-4.7,0.021,3.28,7.35,5.92,5.58,1.36,0.0,0.0,1,1
1429,HD76151_HARPS03_3.5_Snaky,HD76151,HARPS03,3.5,Snaky,YV0,133.574779,-5.434459,5729.0,4.4,0.06,38.7,4.0,-4.7,0.022,3.26,7.35,5.91,5.57,1.34,0.0,0.0,1,1
1430,HD76151_HARPS15_3.3.6_Snaky,HD76151,HARPS15,3.3.6,Snaky,YV0,133.574779,-5.434459,5726.0,4.4,0.06,36.2,5.86,-4.71,0.034,3.41,7.38,5.96,5.62,1.37,0.0,0.0,1,1
1431,HD76151_HARPS15_3.5_Snaky,HD76151,HARPS15,3.5,Snaky,YV0,133.574779,-5.434459,5727.0,4.4,0.06,34.2,5.96,-4.72,0.035,3.44,7.38,5.92,5.56,1.25,0.0,0.0,1,1
1432,HD76349_SOPHIE_1.0_Snaky,HD76349,SOPHIE,1.0,Snaky,YV0,134.164167,33.257806,6054.0,4.31,-0.37,2.9,50.55,-5.01,0.442,4.1,8.14,7.03,6.65,2.28,0.0,0.0,1,1
1433,HD7661_CORALIE14_3.8_Snaky,HD7661,CORALIE14,3.8,Snaky,YV0,19.100812,-12.097001,5456.0,4.49,0.1,129.1,25.88,-4.37,0.066,4.71,9.56,7.84,7.2,3.28,0.0,0.0,1,1
1434,HD7661_HARPS03_3.3.6_Snaky,HD7661,HARPS03,3.3.6,Snaky,YV0,19.100812,-12.097001,5437.0,4.53,0.02,120.4,10.38,-4.39,0.029,3.3,8.48,6.93,6.45,3.39,0.0,0.0,1,1
1435,HD7661_HARPS03_3.5_Snaky,HD7661,HARPS03,3.5,Snaky,YV0,19.100812,-12.097001,5441.0,4.53,0.02,119.6,11.45,-4.39,0.032,3.28,8.47,6.91,6.42,3.36,0.0,0.0,1,1
1436,HD7661_HARPS15_3.3.6_Snaky,HD7661,HARPS15,3.3.6,Snaky,YV0,19.100812,-12.097001,5431.0,4.53,0.01,130.7,11.47,-4.36,0.03,3.42,8.58,7.01,6.52,3.44,0.0,0.0,1,1
1437,HD7661_SOPHIE_1.0_Snaky,HD7661,SOPHIE,1.0,Snaky,YV0,19.1005,-12.097,3753.0,5.0,0.0,,,,,3.7,9.01,7.35,6.82,3.56,0.0,0.0,1,1
1438,HD76780_SOPHIE_1.0_Snaky,HD76780,SOPHIE,1.0,Snaky,YV0,134.732083,21.166278,5703.0,4.39,0.11,18.0,16.7,-4.83,0.125,3.98,8.03,6.64,6.22,1.53,0.0,0.0,1,1
1439,HD7727_CORALIE14_3.8_Snaky,HD7727,CORALIE14,3.8,Snaky,YV0,19.245858,-2.279159,6031.0,4.34,0.09,-3.4,25.38,-5.27,0.35,5.1,10.08,8.44,7.9,4.01,0.0,0.0,1,1
1440,HD7727_SOPHIE_1.0_Snaky,HD7727,SOPHIE,1.0,Snaky,YV0,19.24525,-2.278806,6115.0,4.35,0.11,-0.1,39.2,-5.38,0.464,4.28,9.51,8.1,7.56,4.5,0.0,0.0,1,1
1441,HD77408_HARPN_3.0.1_Snaky,HD77408,HARPN,3.0.1,Snaky,YV0,135.815596,32.881435,6186.0,4.27,-0.2,-0.3,19.92,-5.11,0.232,3.1,11.72,9.88,9.2,6.07,0.0,0.0,1,1
1442,HD77408_SOPHIE_1.0_Snaky,HD77408,SOPHIE,1.0,Snaky,YV0,135.815833,32.881389,6219.0,4.27,-0.24,0.2,53.31,-5.27,0.449,4.21,11.98,10.1,9.34,5.87,0.0,0.0,1,1
1443,HD78366_SOPHIE_1.0_Snaky,HD78366,SOPHIE,1.0,Snaky,YV0,137.212792,33.882194,5832.0,4.36,0.04,101.6,79.47,-4.68,0.265,4.39,8.63,7.25,6.82,3.15,0.0,0.0,1,1
1444,HD78612_HARPS03_3.3.6_Snaky,HD78612,HARPS03,3.3.6,Snaky,YV0,137.207449,-10.757509,5874.0,4.27,-0.18,0.4,4.14,-4.98,0.044,3.28,7.35,6.13,5.85,1.81,0.0,0.0,1,1
1445,HD78612_HARPS03_3.5_Snaky,HD78612,HARPS03,3.5,Snaky,YV0,137.207449,-10.757509,5874.0,4.27,-0.18,0.3,4.36,-4.98,0.047,3.27,7.35,6.12,5.84,1.79,0.0,0.0,1,1
1446,HD78899_SOPHIE_1.0_Snaky,HD78899,SOPHIE,1.0,Snaky,YV0,138.117917,49.2065,5369.0,4.15,-0.02,-6.4,76.68,-5.55,0.538,3.56,27.13,22.9,21.71,58.17,1.0,1.0,1,1
1447,HD79210_HARPN_3.0.1_Snaky,HD79210,HARPN,3.0.1,Snaky,YV0,138.594898,52.686609,3753.0,5.0,0.0,,,,,3.08,6.63,5.51,4.8,0.87,0.0,0.0,1,1
1448,HD79210_SOPHIE_1.0_Snaky,HD79210,SOPHIE,1.0,Snaky,YV0,138.594958,52.686611,3828.0,5.0,0.0,,,,,4.13,7.39,6.23,5.4,0.82,0.0,0.0,1,1
1449,HD79211_HARPN_3.0.1_Snaky,HD79211,HARPN,3.0.1,Snaky,YV0,138.602846,52.686363,3771.0,5.0,0.0,,,,,3.1,6.52,5.43,4.74,0.7,0.0,0.0,1,1
1450,HD79211_SOPHIE_1.0_Snaky,HD79211,SOPHIE,1.0,Snaky,YV0,138.602917,52.686389,3717.0,5.0,0.0,,,,,4.21,7.34,6.21,5.4,0.8,0.0,0.0,1,1
1451,HD7924_SOPHIE_1.0_Snaky,HD7924,SOPHIE,1.0,Snaky,YV0,20.49625,76.710278,5146.0,4.52,-0.25,16.5,6.79,-4.84,0.052,4.09,7.5,5.99,5.52,0.49,0.0,0.0,1,1
1452,HD8004_SOPHIE_1.0_Snaky,HD8004,SOPHIE,1.0,Snaky,YV0,20.15375,54.962361,5907.0,4.42,-0.1,35.4,19.72,-4.71,0.1,4.16,8.4,7.08,6.7,2.94,0.0,0.0,1,1
1453,HD80218_SOPHIE_1.0_Snaky,HD80218,SOPHIE,1.0,Snaky,YV0,139.745,17.705389,6103.0,4.24,-0.24,10.3,43.4,-4.9,0.361,3.87,8.67,7.49,7.11,3.05,0.0,0.0,1,1
1454,HD80290_SOPHIE_1.0_Snaky,HD80290,SOPHIE,1.0,Snaky,YV0,140.1825,51.265722,6765.0,4.0,0.0,-28.7,17.71,-5.53,0.338,4.23,9.22,7.99,7.54,4.36,0.0,1.0,1,1
1455,HD80509_SOPHIE_1.0_Snaky,HD80509,SOPHIE,1.0,Snaky,YV0,140.299167,34.947694,6122.0,4.21,-0.47,3.2,41.62,-5.04,0.413,3.54,10.78,9.17,8.53,5.03,0.0,0.0,1,1
1456,HD80536_SOPHIE_1.0_Snaky,HD80536,SOPHIE,1.0,Snaky,YV0,140.29375,25.163222,5928.0,4.31,0.13,5.4,21.89,-4.93,0.171,4.17,8.38,7.09,6.68,2.79,0.0,0.0,1,1
1457,HD8054_SOPHIE_1.0_Snaky,HD8054,SOPHIE,1.0,Snaky,YV0,20.264167,51.983694,6031.0,4.28,0.03,3.6,53.19,-4.97,0.458,3.76,8.81,7.54,7.1,3.6,0.0,1.0,1,1
1458,HD80715_SOPHIE_1.0_Snaky,HD80715,SOPHIE,1.0,Snaky,YV0,140.607917,40.201111,3977.0,4.64,-0.22,10.9,1.73,-4.88,0.015,3.53,16.57,15.47,15.36,11.91,0.0,0.0,1,1
1459,HD82106_HARPN_3.0.1_Snaky,HD82106,HARPN,3.0.1,Snaky,YV0,142.478438,5.655131,4777.0,4.57,-0.03,64.6,5.34,-4.57,0.022,3.1,7.64,5.96,5.27,1.91,0.0,0.0,1,1
1460,HD82106_HARPS03_3.3.6_Snaky,HD82106,HARPS03,3.3.6,Snaky,YV0,142.478438,5.655131,4770.0,4.57,-0.06,59.4,2.24,-4.6,0.01,3.4,7.67,6.01,5.34,1.67,0.0,0.0,1,1
1461,HD82106_HARPS03_3.5_Snaky,HD82106,HARPS03,3.5,Snaky,YV0,142.478438,5.655131,4770.0,4.57,-0.06,60.1,2.12,-4.59,0.009,3.39,7.67,6.0,5.33,1.67,0.0,0.0,1,1
1462,HD82106_SOPHIE_1.0_Snaky,HD82106,SOPHIE,1.0,Snaky,YV0,142.479167,5.655,4802.0,4.56,-0.09,53.1,14.96,-4.62,0.069,4.19,8.21,6.51,5.81,1.32,0.0,0.0,1,1
1463,HD82267_SOPHIE_1.0_Snaky,HD82267,SOPHIE,1.0,Snaky,YV0,142.775833,3.079806,4997.0,3.5,-0.02,-0.7,15.37,-5.0,0.179,4.03,64.93,63.1,185.29,64.84,0.0,0.0,1,1
1464,HD82443_SOPHIE_1.0_Snaky,HD82443,SOPHIE,1.0,Snaky,YV0,143.1825,26.988528,5111.0,4.53,0.02,-61.6,6.5,-6.91,0.54,3.72,10.29,8.4,7.82,4.73,0.0,0.0,1,1
1465,HD82558_HARPS03_3.3.6_Snaky,HD82558,HARPS03,3.3.6,Snaky,YV0,143.106535,-11.184637,4914.0,3.5,0.02,583.5,,-3.8,,3.32,41.81,43.61,41.33,41.8,0.0,0.0,1,1
1466,HD82558_HARPS03_3.5_Snaky,HD82558,HARPS03,3.5,Snaky,YV0,143.106535,-11.184637,4914.0,3.5,0.02,1041.5,,-3.56,,4.11,40.82,43.49,41.08,40.9,0.0,0.0,1,1
1467,HD82558_HARPS15_3.3.6_Snaky,HD82558,HARPS15,3.3.6,Snaky,YV0,143.106535,-11.184637,4911.0,3.5,0.03,407.1,,-3.94,,3.29,41.92,43.24,40.63,41.47,0.0,0.0,1,1
1468,HD8262_SOPHIE_1.0_Snaky,HD8262,SOPHIE,1.0,Snaky,YV0,20.574167,18.682694,5746.0,4.44,-0.17,-1.6,13.81,-5.0,0.137,4.13,7.77,6.53,6.19,1.36,0.0,0.0,1,1
1469,HD82885_HARPN_3.0.1_Snaky,HD82885,HARPN,3.0.1,Snaky,YV0,143.914592,35.810132,5454.0,4.41,0.27,40.5,8.7,-4.69,0.047,3.06,7.83,6.27,5.81,2.4,0.0,0.0,1,1
1470,HD82885_SOPHIE_1.0_Snaky,HD82885,SOPHIE,1.0,Snaky,YV0,143.915,35.810139,5455.0,4.43,0.25,49.0,22.07,-4.64,0.119,4.14,8.33,6.79,6.29,2.01,0.0,0.0,1,1
1471,HD82943_ESPRESSO19_3.2.5_Snaky,HD82943,ESPRESSO19,3.2.5,Snaky,YV0,143.711397,-12.129547,5915.0,4.26,0.22,8.8,2.6,-4.9,0.024,2.68,7.67,6.25,5.89,1.95,0.0,0.0,1,1
1472,HD82943_ESPRESSO19_3.3.1_Snaky,HD82943,ESPRESSO19,3.3.1,Snaky,YV0,143.711397,-12.129547,5915.0,4.26,0.22,9.4,,-4.9,,2.73,7.67,6.25,5.89,1.95,0.0,0.0,1,1
1473,HD82943_HARPS03_3.3.6_Snaky,HD82943,HARPS03,3.3.6,Snaky,YV0,143.711397,-12.129547,5915.0,4.26,0.22,10.9,3.37,-4.88,0.028,3.32,7.74,6.38,6.01,2.08,0.0,0.0,1,1
1474,HD82943_HARPS03_3.5_Snaky,HD82943,HARPS03,3.5,Snaky,YV0,143.711397,-12.129547,5915.0,4.26,0.22,11.0,3.56,-4.88,0.03,3.31,7.74,6.37,6.01,2.06,0.0,0.0,1,1
1475,HD82943_HARPS15_3.3.6_Snaky,HD82943,HARPS15,3.3.6,Snaky,YV0,143.711397,-12.129547,5922.0,4.27,0.22,9.5,3.84,-4.9,0.033,3.44,7.77,6.41,6.05,2.18,0.0,0.0,1,1
1476,HD82943_HARPS15_3.5_Snaky,HD82943,HARPS15,3.5,Snaky,YV0,143.711397,-12.129547,5901.0,4.25,0.2,8.4,3.98,-4.9,0.035,3.44,7.77,6.41,6.04,2.44,0.0,0.0,1,1
1477,HD83186_SOPHIE_1.0_Snaky,HD83186,SOPHIE,1.0,Snaky,YV0,145.14625,71.755389,6121.0,4.25,-0.2,4.2,44.94,-4.99,0.459,4.07,9.08,7.85,7.37,3.49,0.0,0.0,1,1
1478,HD83509_HARPS03_3.3.6_Snaky,HD83509,HARPS03,3.3.6,Snaky,YV0,,,,,,,,,,3.46,,,,,,,0,0
1479,HD83525_SOPHIE_1.0_Snaky,HD83525,SOPHIE,1.0,Snaky,YV0,144.990833,35.336,6195.0,4.29,0.02,-50.7,68.04,-6.4,0.533,4.16,15.79,12.79,11.81,8.27,0.0,0.0,1,1
1480,HD83683_HARPS03_3.3.6_Snaky,HD83683,HARPS03,3.3.6,Snaky,YV0,145.146859,13.053784,6221.0,4.27,-0.15,-8.4,17.46,-5.1,0.262,3.34,13.7,11.25,10.4,9.06,0.0,0.0,1,1
1481,HD83683_HARPS03_3.5_Snaky,HD83683,HARPS03,3.5,Snaky,YV0,145.146859,13.053784,6229.0,4.26,-0.14,-10.4,25.84,-5.2,0.42,3.33,13.69,11.24,10.41,7.21,0.0,0.0,1,1
1482,HD83683_SOPHIE_1.0_Snaky,HD83683,SOPHIE,1.0,Snaky,YV0,145.147083,13.053806,6254.0,4.25,-0.2,-8.5,55.7,-5.37,0.509,3.89,13.9,11.42,10.56,8.78,0.0,0.0,1,1
1483,HD85087_SOPHIE_1.0_Snaky,HD85087,SOPHIE,1.0,Snaky,YV0,147.542917,24.562,6250.0,4.24,-0.14,-41.5,54.59,-6.22,0.556,3.9,12.89,10.66,9.89,7.84,0.0,0.0,1,1
1484,HD85380_SOPHIE_1.0_Snaky,HD85380,SOPHIE,1.0,Snaky,YV0,147.840375,-6.182056,5998.0,4.26,0.05,-27.2,57.9,-5.82,0.529,4.27,10.12,8.56,8.02,4.47,0.0,0.0,1,1
1485,HD8574_SOPHIE_1.0_Snaky,HD8574,SOPHIE,1.0,Snaky,YV0,21.30215,28.566694,6051.0,4.3,-0.03,0.6,18.06,-4.98,0.172,4.13,9.2,7.9,7.42,3.64,0.0,0.0,1,1
1486,HD86133_HARPS03_3.3.6_Snaky,HD86133,HARPS03,3.3.6,Snaky,YV0,149.2592,19.762394,5913.0,4.38,-0.19,-3.1,4.18,-5.02,0.048,3.37,7.35,6.17,5.92,1.97,0.0,0.0,1,1
1487,HD86133_HARPS03_3.5_Snaky,HD86133,HARPS03,3.5,Snaky,YV0,149.2592,19.762394,5913.0,4.38,-0.19,-3.0,4.6,-5.02,0.052,3.35,7.35,6.17,5.91,1.95,0.0,0.0,1,1
1488,HD86133_SOPHIE_1.0_Snaky,HD86133,SOPHIE,1.0,Snaky,YV0,149.259583,19.762389,5980.0,4.4,-0.24,0.2,56.83,-5.01,0.461,4.22,7.81,6.64,6.31,1.49,0.0,0.0,1,1
1489,HD8648_SOPHIE_1.0_Snaky,HD8648,SOPHIE,1.0,Snaky,YV0,21.333333,1.460861,5748.0,4.35,0.15,-0.9,20.42,-5.0,0.222,4.09,8.21,6.87,6.45,2.12,0.0,0.0,1,1
1490,HD86728_NEID-HE_1.0_Snaky,HD86728,NEID-HE,1.0,Snaky,YV0,150.250054,31.921822,5709.0,4.26,0.14,-1.0,4.23,-5.0,0.046,4.01,8.25,6.83,6.38,1.96,0.0,0.0,1,1
1491,HD86728_NEID_1.0_Snaky,HD86728,NEID,1.0,Snaky,YV0,150.250054,31.921822,5731.0,4.25,0.15,-6.2,4.31,-5.06,0.046,3.17,7.84,6.42,6.03,2.48,0.0,0.0,1,1
1492,HD86884_SOPHIE_1.0_Snaky,HD86884,SOPHIE,1.0,Snaky,YV0,150.799167,58.097792,6027.0,4.28,-0.12,7.8,16.38,-4.91,0.208,4.26,9.36,8.01,7.47,3.79,0.0,1.0,1,1
1493,HD8730_SOPHIE_1.0_Snaky,HD8730,SOPHIE,1.0,Snaky,YV0,22.2575,74.205028,5834.0,4.24,0.12,-3.9,58.26,-5.05,0.46,4.1,8.47,7.11,6.69,2.49,0.0,0.0,1,1
1494,HD87359_HARPN_3.0.1_Snaky,HD87359,HARPN,3.0.1,Snaky,YV0,151.111622,-7.2184,5687.0,4.45,0.06,19.7,4.37,-4.81,0.032,3.19,7.34,5.91,5.57,1.63,0.0,0.0,1,1
1495,HD8745_SOPHIE_1.0_Snaky,HD8745,SOPHIE,1.0,Snaky,YV0,21.724167,37.492222,6065.0,4.26,0.07,-24.3,49.74,-5.58,0.445,3.78,8.96,7.65,7.2,3.8,0.0,0.0,1,1
1496,HD87667_SOPHIE_1.0_Snaky,HD87667,SOPHIE,1.0,Snaky,YV0,151.785,29.5125,6185.0,4.26,-0.18,8.4,40.71,-4.94,0.381,3.62,11.5,9.76,9.03,5.56,0.0,0.0,1,1
1497,HD87836_SOPHIE_1.0_Snaky,HD87836,SOPHIE,1.0,Snaky,YV0,152.123958,33.515,5680.0,4.28,0.29,-15.1,39.33,-5.63,0.537,4.24,8.48,7.04,6.57,2.38,0.0,0.0,1,1
1498,HD87883_HARPN_3.0.1_Snaky,HD87883,HARPN,3.0.1,Snaky,YV0,152.179752,34.242263,4936.0,4.54,0.03,6.9,3.15,-4.92,0.029,3.04,7.04,5.46,4.91,0.69,0.0,0.0,1,1
1499,HD88072_HARPN_3.0.1_Snaky,HD88072,HARPN,3.0.1,Snaky,YV0,152.347621,2.371082,5767.0,4.37,0.04,7.2,13.55,-4.92,0.125,3.62,7.2,5.84,5.53,1.53,0.0,0.0,1,1
1500,HD88072_HARPS03_3.3.6_Snaky,HD88072,HARPS03,3.3.6,Snaky,YV0,152.347621,2.371082,5743.0,4.37,0.02,-0.0,3.75,-4.99,0.04,3.34,7.27,5.94,5.62,1.42,0.0,0.0,1,1
1501,HD88072_HARPS03_3.5_Snaky,HD88072,HARPS03,3.5,Snaky,YV0,152.347621,2.371082,5739.0,4.36,0.04,0.3,11.52,-4.99,0.123,4.29,7.26,5.93,5.61,1.4,0.0,0.0,1,1
1502,HD88072_HARPS15_3.3.6_Snaky,HD88072,HARPS15,3.3.6,Snaky,YV0,152.347621,2.371082,5747.0,4.37,0.03,5.0,4.09,-4.94,0.038,3.49,7.29,5.96,5.64,1.38,0.0,0.0,1,1
1503,HD88072_SOPHIE_1.0_Snaky,HD88072,SOPHIE,1.0,Snaky,YV0,152.3475,2.371083,5757.0,4.43,0.01,11.8,22.4,-4.89,0.196,4.24,7.72,6.44,6.06,1.13,0.0,0.0,1,1
1504,HD88230_HARPN_3.0.1_Snaky,HD88230,HARPN,3.0.1,Snaky,YV0,152.84225,49.454236,4109.0,4.57,-0.02,20.9,2.15,-4.81,0.016,3.09,6.88,5.69,4.97,1.26,0.0,0.0,1,1
1505,HD88230_NEID_1.0_Snaky,HD88230,NEID,1.0,Snaky,YV0,152.83322,49.452059,4261.0,4.6,-0.18,23.5,1.93,-4.79,0.013,3.15,6.93,5.69,4.94,1.07,0.0,0.0,1,1
1506,HD88402_SOPHIE_1.0_Snaky,HD88402,SOPHIE,1.0,Snaky,YV0,153.233333,51.475972,5931.0,4.22,0.13,12.9,55.58,-4.87,0.452,4.03,8.76,7.41,6.98,3.36,0.0,0.0,1,1
1507,HD88984_SOPHIE_1.0_Snaky,HD88984,SOPHIE,1.0,Snaky,YV0,154.254167,47.308389,6183.0,4.25,-0.14,-4.3,35.13,-5.07,0.396,3.9,10.38,8.94,8.36,4.74,0.0,0.0,1,1
1508,HD88986_SOPHIE_1.0_Snaky,HD88986,SOPHIE,1.0,Snaky,YV0,154.116667,28.682472,5903.0,4.31,0.11,5.3,15.16,-4.93,0.135,4.15,8.18,6.87,6.47,2.0,0.0,0.0,1,1
1509,HD89010_HARPN_3.0.1_Snaky,HD89010,HARPN,3.0.1,Snaky,YV0,154.134538,23.503113,5845.0,4.14,0.15,-1.9,15.15,-5.06,0.175,3.1,8.05,6.73,6.32,3.07,0.0,0.0,1,1
1510,HD89010_SOPHIE_1.0_Snaky,HD89010,SOPHIE,1.0,Snaky,YV0,154.134583,23.503083,5834.0,4.23,0.11,-11.9,56.82,-5.21,0.437,4.02,8.55,7.16,6.73,2.56,0.0,0.0,1,1
1511,HD89055_SOPHIE_1.0_Snaky,HD89055,SOPHIE,1.0,Snaky,YV0,154.235833,25.860722,5724.0,4.43,-0.2,-89.1,25.39,-6.86,0.179,,7.74,6.5,6.17,1.64,0.0,0.0,1,1
1512,HD8907_SOPHIE_1.0_Snaky,HD8907,SOPHIE,1.0,Snaky,YV0,22.142917,42.267917,6234.0,4.32,0.03,108.2,20.51,-4.42,0.059,3.18,20.4,18.72,17.87,13.15,0.0,0.0,1,1
1513,HD89269_NEID-HE_1.0_Snaky,HD89269,NEID-HE,1.0,Snaky,YV0,154.716819,44.047028,5620.0,4.48,-0.22,-6.2,3.67,-5.06,0.04,4.19,7.44,6.06,5.71,0.51,0.0,0.0,1,1
1514,HD89269_NEID_1.0_Snaky,HD89269,NEID,1.0,Snaky,YV0,154.716819,44.047028,5611.0,4.48,-0.22,-4.5,4.97,-5.04,0.05,3.15,6.96,5.54,5.24,0.89,0.0,0.0,1,1
1515,HD89269_SOPHIE_1.0_Snaky,HD89269,SOPHIE,1.0,Snaky,YV0,154.71625,44.048333,5608.0,4.47,-0.22,-1.7,12.6,-5.01,0.128,4.15,7.41,6.1,5.76,0.58,0.0,0.0,1,1
1516,HD89307_SOPHIE_1.0_Snaky,HD89307,SOPHIE,1.0,Snaky,YV0,154.588333,12.621111,5904.0,4.39,-0.17,-1.0,17.07,-5.0,0.184,4.2,8.18,6.99,6.6,2.35,0.0,0.0,1,1
1517,HD89389_SOPHIE_1.0_Snaky,HD89389,SOPHIE,1.0,Snaky,YV0,155.062,53.779278,6084.0,4.35,0.09,-0.8,19.58,-5.11,0.231,4.23,9.12,7.79,7.32,3.43,0.0,0.0,1,1
1518,HD8941_SOPHIE_1.0_Snaky,HD8941,SOPHIE,1.0,Snaky,YV0,22.101208,17.079333,6177.0,4.07,0.18,30.1,24.15,-4.78,0.151,4.18,20.21,18.86,18.56,13.7,0.0,0.0,1,1
1519,HD89652_SOPHIE_1.0_Snaky,HD89652,SOPHIE,1.0,Snaky,YV0,155.424583,48.042,5878.0,4.33,-0.07,-1.1,62.16,-5.39,0.523,4.47,7.79,6.56,6.24,1.82,0.0,0.0,1,1
1520,HD8997_HARPS03_3.3.6_Snaky,HD8997,HARPS03,3.3.6,Snaky,YV0,22.270409,21.723168,5214.0,4.53,-0.23,135.9,6.47,-4.35,0.016,4.02,7.37,5.7,5.12,1.06,0.0,1.0,1,1
1521,HD8997_HARPS15_3.3.6_Snaky,HD8997,HARPS15,3.3.6,Snaky,YV0,22.270409,21.723168,5142.0,4.52,-0.18,99.2,11.44,-4.45,0.034,3.06,7.64,5.97,5.42,1.54,1.0,1.0,1,1
1522,HD8997_SOPHIE_1.0_Snaky,HD8997,SOPHIE,1.0,Snaky,YV0,22.2704,21.723166,5161.0,4.53,-0.29,25.0,18.21,-4.79,0.122,4.39,8.03,6.43,5.83,1.17,1.0,1.0,1,1
1523,HD9021_SOPHIE_1.0_Snaky,HD9021,SOPHIE,1.0,Snaky,YV0,22.806333,70.264778,6620.0,4.0,0.0,9.0,29.76,-4.95,0.302,4.09,21.19,18.99,17.95,11.94,1.0,1.0,1,1
1524,HD90839_SOPHIE_1.0_Snaky,HD90839,SOPHIE,1.0,Snaky,YV0,157.656583,55.980528,6091.0,4.3,-0.13,20.1,15.43,-4.81,0.108,4.16,7.94,6.71,6.36,1.52,0.0,0.0,1,1
1525,HD90905_HARPS03_3.3.6_Snaky,HD90905,HARPS03,3.3.6,Snaky,YV0,157.425957,1.491121,5966.0,4.4,-0.03,160.7,12.4,-4.29,0.028,3.07,13.7,11.16,10.46,7.38,0.0,0.0,1,1
1526,HD90905_HARPS03_3.5_Snaky,HD90905,HARPS03,3.5,Snaky,YV0,157.425957,1.491121,5966.0,4.4,-0.03,163.8,8.92,-4.28,0.02,3.06,13.73,11.18,10.46,7.4,0.0,0.0,1,1
1527,HD90905_HARPS15_3.3.6_Snaky,HD90905,HARPS15,3.3.6,Snaky,YV0,157.425957,1.491121,5986.0,4.37,0.03,135.9,17.81,-4.35,0.044,3.5,13.8,11.28,10.55,7.48,0.0,0.0,1,1
1528,HD90905_SOPHIE_1.0_Snaky,HD90905,SOPHIE,1.0,Snaky,YV0,157.425,1.491111,5963.0,4.41,-0.03,136.0,28.58,-4.35,0.071,3.89,13.99,11.38,10.61,7.24,0.0,0.0,1,1
1529,HD9091_SOPHIE_1.0_Snaky,HD9091,SOPHIE,1.0,Snaky,YV0,22.452708,23.690417,5950.0,4.35,-0.17,40.2,49.47,-4.91,0.297,4.29,7.74,6.53,6.23,1.26,0.0,0.0,1,1
1530,HD91347_SOPHIE_1.0_Snaky,HD91347,SOPHIE,1.0,Snaky,YV0,158.460417,49.186167,5979.0,4.41,-0.42,0.1,20.93,-4.99,0.214,4.22,7.6,6.49,6.19,1.23,0.0,0.0,1,1
1531,HD91638_CORALIE07_3.4_Snaky,HD91638,CORALIE07,3.4,Snaky,YV0,158.709243,-3.899693,6750.0,4.0,0.0,45.1,87.99,-5.23,0.507,5.61,24.5,113.42,28.35,16.02,0.0,1.0,1,1
1532,HD91638_SOPHIE_1.0_Snaky,HD91638,SOPHIE,1.0,Snaky,YV0,158.70925,-3.899306,6156.0,4.32,-0.26,-18.1,49.38,-5.56,0.444,3.83,9.15,7.98,7.51,4.34,0.0,0.0,1,1
1533,HD9224_SOPHIE_1.0_Snaky,HD9224,SOPHIE,1.0,Snaky,YV0,22.83125,29.413083,5919.0,4.36,-0.01,15.5,22.74,-4.85,0.21,4.29,7.9,6.58,6.19,1.93,0.0,0.0,1,1
1534,HD92719_HARPS03_3.3.6_Snaky,HD92719,HARPS03,3.3.6,Snaky,YV0,160.555503,-13.787713,5807.0,4.45,-0.13,14.5,4.92,-4.85,0.039,3.33,7.47,6.17,5.86,1.98,0.0,0.0,1,1
1535,HD92719_HARPS03_3.5_Snaky,HD92719,HARPS03,3.5,Snaky,YV0,160.555503,-13.787713,5807.0,4.45,-0.13,14.2,5.2,-4.86,0.041,3.31,7.47,6.17,5.85,1.96,0.0,0.0,1,1
1536,HD92719_HARPS15_3.3.6_Snaky,HD92719,HARPS15,3.3.6,Snaky,YV0,160.555503,-13.787713,5807.0,4.45,-0.13,14.6,4.36,-4.85,0.036,3.31,7.49,6.2,5.88,2.11,0.0,1.0,1,1
1537,HD92719_HARPS15_3.5_Snaky,HD92719,HARPS15,3.5,Snaky,YV0,160.555503,-13.787713,5807.0,4.45,-0.13,14.9,3.41,-4.85,0.027,3.3,7.49,6.2,5.88,2.1,0.0,0.0,1,1
1538,HD92719_SOPHIE_1.0_Snaky,HD92719,SOPHIE,1.0,Snaky,YV0,160.554917,-13.787306,5718.0,4.42,-0.28,-314.1,94.05,-6.66,0.386,4.43,7.7,6.47,6.03,1.58,0.0,0.0,1,1
1539,HD92788_CORALIE07_3.4_Snaky,HD92788,CORALIE07,3.4,Snaky,YV0,160.702199,-2.183757,5646.0,4.37,0.19,-2.8,19.2,-5.05,0.261,6.26,8.76,7.28,6.79,1.52,0.0,0.0,1,1
1540,HD92788_HARPS03_3.3.6_Snaky,HD92788,HARPS03,3.3.6,Snaky,YV0,160.702199,-2.183757,5717.0,4.32,0.28,5.0,2.53,-4.94,0.024,3.32,7.67,6.26,5.87,1.97,0.0,0.0,1,1
1541,HD92788_HARPS03_3.5_Snaky,HD92788,HARPS03,3.5,Snaky,YV0,160.702199,-2.183757,5717.0,4.32,0.28,5.1,3.02,-4.93,0.029,3.22,7.68,6.24,5.85,1.95,0.0,0.0,1,1
1542,HD92788_HARPS15_3.3.6_Snaky,HD92788,HARPS15,3.3.6,Snaky,YV0,160.702199,-2.183757,5717.0,4.32,0.28,5.2,3.77,-4.93,0.036,3.41,7.7,6.28,5.89,2.09,0.0,0.0,1,1
1543,HD92788_HARPS15_3.5_Snaky,HD92788,HARPS15,3.5,Snaky,YV0,160.702199,-2.183757,5717.0,4.32,0.28,5.2,4.05,-4.93,0.038,3.42,7.71,6.28,5.89,2.09,0.0,0.0,1,1
1544,HD92788_SOPHIE_1.0_Snaky,HD92788,SOPHIE,1.0,Snaky,YV0,160.702208,-2.18375,5695.0,4.36,0.25,10.0,33.77,-4.9,0.364,4.17,8.07,6.67,6.24,1.51,0.0,0.0,1,1
1545,HD93081_SOPHIE_1.0_Snaky,HD93081,SOPHIE,1.0,Snaky,YV0,161.259167,3.306667,6315.0,4.23,-0.24,16.7,64.17,-5.07,0.452,4.25,11.18,9.41,8.81,4.99,0.0,0.0,1,1
1546,HD9407_HARPN_3.0.1_Snaky,HD9407,HARPN,3.0.1,Snaky,YV0,23.638603,68.948136,5645.0,4.43,0.01,-0.2,10.49,-5.0,0.113,3.11,7.09,5.69,5.36,1.18,0.0,0.0,1,1
1547,HD9407_NEID-HE_1.0_Snaky,HD9407,NEID-HE,1.0,Snaky,YV0,23.634067,68.94863,5655.0,4.42,0.02,-8.7,5.63,-5.09,0.073,3.65,7.62,6.23,5.85,0.99,0.0,0.0,1,1
1548,HD9407_NEID_1.0_Snaky,HD9407,NEID,1.0,Snaky,YV0,23.634067,68.94863,5649.0,4.43,0.0,-8.1,5.54,-5.08,0.057,3.19,7.18,5.73,5.39,1.12,0.0,0.0,1,1
1549,HD9407_SOPHIE_1.0_Snaky,HD9407,SOPHIE,1.0,Snaky,YV0,23.638583,68.948136,5662.0,4.42,0.01,0.0,11.18,-4.99,0.11,4.16,7.6,6.26,5.89,0.9,0.0,0.0,1,1
1550,HD94268_CORALIE14_3.8_Snaky,HD94268,CORALIE14,3.8,Snaky,YV0,163.185122,-11.42302,5962.0,4.33,-0.3,0.6,22.68,-5.14,0.268,4.92,8.52,7.28,6.92,2.03,0.0,0.0,1,1
1551,HD94268_SOPHIE_1.0_Snaky,HD94268,SOPHIE,1.0,Snaky,YV0,163.185792,-11.423194,5928.0,4.36,-0.34,-22.3,44.06,-5.74,0.56,4.27,7.91,6.75,6.4,2.3,0.0,0.0,1,1
1552,HD94426_SOPHIE_1.0_Snaky,HD94426,SOPHIE,1.0,Snaky,YV0,163.60625,30.531972,6121.0,4.29,-0.03,-12.6,48.99,-5.44,0.532,4.26,9.21,7.95,7.42,4.24,0.0,0.0,1,1
1553,HD94765_HARPN_3.0.1_Snaky,HD94765,HARPN,3.0.1,Snaky,YV0,164.12833,7.388474,4986.0,4.54,-0.02,78.4,4.51,-4.52,0.017,3.21,7.96,6.3,5.7,2.56,0.0,0.0,1,1
1554,HD94765_HARPS03_3.3.6_Snaky,HD94765,HARPS03,3.3.6,Snaky,YV0,164.12833,7.388474,4983.0,4.54,-0.02,78.4,5.9,-4.52,0.022,3.31,7.96,6.3,5.7,2.15,0.0,0.0,1,1
1555,HD94765_HARPS03_3.5_Snaky,HD94765,HARPS03,3.5,Snaky,YV0,164.12833,7.388474,4991.0,4.56,-0.0,81.5,10.75,-4.51,0.039,3.34,7.95,6.3,5.7,2.31,0.0,0.0,1,1
1556,HD94765_SOPHIE_1.0_Snaky,HD94765,SOPHIE,1.0,Snaky,YV0,164.129167,7.388611,5009.0,4.53,-0.02,60.0,25.04,-4.59,0.104,4.23,8.45,6.77,6.15,2.12,0.0,0.0,1,1
1557,HD95128_SOPHIE_1.0_Snaky,HD95128,SOPHIE,1.0,Snaky,YV0,164.866558,40.430256,5861.0,4.35,0.04,-0.4,10.85,-4.99,0.113,4.12,8.2,6.91,6.52,2.19,0.0,0.0,1,1
1558,HD9562_CORALIE07_3.4_Snaky,HD9562,CORALIE07,3.4,Snaky,YV0,,,,,,,,,,,,,,,,,0,0
1559,HD9562_CORALIE14_3.8_Snaky,HD9562,CORALIE14,3.8,Snaky,YV0,23.428482,-7.025344,5864.0,4.17,0.22,-0.0,18.87,-5.02,0.223,5.04,9.7,8.14,7.6,3.57,0.0,0.0,1,1
1560,HD9562_HARPN_3.0.1_Snaky,HD9562,HARPN,3.0.1,Snaky,YV0,23.428482,-7.025344,5925.0,4.2,0.23,2.9,14.9,-4.99,0.15,3.16,8.81,7.46,7.02,4.09,0.0,0.0,1,1
1561,HD95735_HARPN_3.0.1_Snaky,HD95735,HARPN,3.0.1,Snaky,YV0,165.834145,35.969882,3659.0,5.0,0.0,,,,,3.18,5.68,4.84,4.21,,0.0,0.0,0,1
1562,HD95735_NEID-HE_1.0_Snaky,HD95735,NEID-HE,1.0,Snaky,YV0,165.834142,35.96988,3551.0,4.56,-0.18,0.6,0.12,-4.98,0.001,4.05,6.62,5.77,4.91,0.4,0.0,0.0,1,1
1563,HD95735_NEID_1.0_Snaky,HD95735,NEID,1.0,Snaky,YV0,165.834142,35.96988,3191.0,4.51,-0.07,-0.3,0.12,-4.99,0.001,3.16,7.89,6.49,19.57,12.89,0.0,1.0,1,1
1564,HD95735_SOPHIE_1.0_Snaky,HD95735,SOPHIE,1.0,Snaky,YV0,165.834125,35.969889,3713.0,5.0,0.0,0.4,,-4.98,,4.16,6.59,5.67,4.85,0.38,0.0,0.0,1,1
1565,HD96064_HARPS03_3.3.6_Snaky,HD96064,HARPS03,3.3.6,Snaky,YV0,166.172801,-4.221089,5452.0,4.55,0.03,151.8,9.82,-4.31,0.022,3.26,10.11,8.37,7.82,5.04,0.0,0.0,1,1
1566,HD96064_HARPS03_3.5_Snaky,HD96064,HARPS03,3.5,Snaky,YV0,166.172801,-4.221089,5457.0,4.54,0.03,150.7,8.82,-4.31,0.02,3.37,10.03,8.27,7.74,4.95,0.0,0.0,1,1
1567,HD96094_SOPHIE_1.0_Snaky,HD96094,SOPHIE,1.0,Snaky,YV0,166.314583,25.201917,5961.0,4.29,-0.24,6.7,19.55,-4.92,0.197,4.04,8.1,6.94,6.59,2.62,0.0,1.0,1,1
1568,HD9616_SOPHIE_1.0_Snaky,HD9616,SOPHIE,1.0,Snaky,YV0,23.742083,33.117889,5925.0,4.19,0.18,1.5,21.32,-4.98,0.248,4.19,8.44,7.07,6.64,2.25,0.0,1.0,1,1
1569,HD96418_SOPHIE_1.0_Snaky,HD96418,SOPHIE,1.0,Snaky,YV0,166.770375,25.537139,6194.0,4.24,0.04,-24.2,59.18,-5.74,0.419,,11.62,9.78,9.12,5.58,0.0,0.0,1,1
1570,HD96574_SOPHIE_1.0_Snaky,HD96574,SOPHIE,1.0,Snaky,YV0,166.90175,13.858556,5996.0,4.23,0.02,49.5,58.07,-4.9,0.309,4.27,9.68,8.26,7.82,4.18,0.0,0.0,1,1
1571,HD9670_SOPHIE_1.0_Snaky,HD9670,SOPHIE,1.0,Snaky,YV0,23.703583,0.94475,6035.0,4.28,-0.13,-211.7,,-6.85,,4.24,8.77,7.6,7.2,3.31,0.0,0.0,1,1
1572,HD96937_HARPS03_3.3.6_Snaky,HD96937,HARPS03,3.3.6,Snaky,YV0,167.417585,2.456246,5396.0,4.45,0.07,13.6,2.57,-4.86,0.021,3.35,7.27,5.77,5.37,1.15,0.0,0.0,1,1
1573,HD96937_HARPS03_3.5_Snaky,HD96937,HARPS03,3.5,Snaky,YV0,167.417585,2.456246,5405.0,4.44,0.09,13.9,2.78,-4.86,0.022,3.33,7.27,5.77,5.36,1.14,0.0,0.0,1,1
1574,HD96937_SOPHIE_1.0_Snaky,HD96937,SOPHIE,1.0,Snaky,YV0,167.4175,2.45625,5447.0,4.46,0.08,18.1,28.32,-4.83,0.24,4.25,7.73,6.29,5.85,0.89,0.0,0.0,1,1
1575,HD97037_CORALIE14_3.8_Snaky,HD97037,CORALIE14,3.8,Snaky,YV0,167.555597,-7.389402,5908.0,4.35,-0.01,-11.2,18.39,-5.22,0.322,8.11,8.53,7.2,6.76,1.64,0.0,0.0,1,1
1576,HD97037_HARPS03_3.3.6_Snaky,HD97037,HARPS03,3.3.6,Snaky,YV0,167.555597,-7.389402,5898.0,4.33,-0.04,1.9,3.49,-4.97,0.035,3.32,7.44,6.17,5.86,1.84,0.0,0.0,1,1
1577,HD97037_HARPS03_3.5_Snaky,HD97037,HARPS03,3.5,Snaky,YV0,167.555597,-7.389402,5898.0,4.33,-0.04,1.5,2.64,-4.97,0.028,3.3,7.44,6.16,5.85,1.81,0.0,0.0,1,1
1578,HD97037_HARPS15_3.3.6_Snaky,HD97037,HARPS15,3.3.6,Snaky,YV0,167.555597,-7.389402,5898.0,4.33,-0.04,1.1,3.57,-4.98,0.037,3.19,7.46,6.19,5.88,1.94,0.0,0.0,1,1
1579,HD97037_SOPHIE_1.0_Snaky,HD97037,SOPHIE,1.0,Snaky,YV0,167.556208,-7.388972,,,,,,,,,,,,,1.0,0.0,0,0
1580,HD97194_SOPHIE_1.0_Snaky,HD97194,SOPHIE,1.0,Snaky,YV0,167.95375,42.832111,6068.0,4.31,-0.23,-6.9,60.02,-5.09,0.473,4.07,8.62,7.45,7.05,3.04,0.0,0.0,1,1
1581,HD97334_SOPHIE_1.0_Snaky,HD97334,SOPHIE,1.0,Snaky,YV0,168.134583,35.814083,5827.0,4.37,0.1,109.2,18.78,-4.42,0.055,4.3,10.56,8.83,8.25,4.86,0.0,0.0,1,1
1582,HD9782_HARPS03_3.3.6_Snaky,HD9782,HARPS03,3.3.6,Snaky,YV0,23.859617,-13.381029,5968.0,4.32,0.06,1.7,3.68,-4.97,0.037,3.27,7.66,6.38,6.06,2.16,0.0,0.0,1,1
1583,HD9782_HARPS03_3.5_Snaky,HD9782,HARPS03,3.5,Snaky,YV0,23.859617,-13.381029,5968.0,4.32,0.06,1.4,3.56,-4.97,0.037,3.25,7.65,6.37,6.05,2.15,0.0,0.0,1,1
1584,HD9782_SOPHIE_1.0_Snaky,HD9782,SOPHIE,1.0,Snaky,YV0,23.859,-13.381111,5924.0,4.36,0.12,198.8,94.59,-4.63,0.292,4.23,8.14,6.86,6.44,1.92,0.0,0.0,1,1
1585,HD9826_HARPN_3.0.1_Snaky,HD9826,HARPN,3.0.1,Snaky,YV0,24.19934,41.405459,6087.0,4.25,0.1,6.4,2.84,-4.92,0.026,2.99,14.05,11.62,10.92,7.63,0.0,0.0,1,1
1586,HD9826_SOPHIE_1.0_Snaky,HD9826,SOPHIE,1.0,Snaky,YV0,24.199167,41.405472,6152.0,4.26,0.08,9.4,14.94,-4.9,0.166,4.12,14.32,11.72,10.94,7.42,0.0,0.0,1,1
1587,HD98281_CORALIE07_3.4_Snaky,HD98281,CORALIE07,3.4,Snaky,YV0,,,,,,,,,,,,,,,,,0,0
1588,HD98281_HARPS03_3.3.6_Snaky,HD98281,HARPS03,3.3.6,Snaky,YV0,169.591715,-5.067301,5423.0,4.47,-0.24,6.0,4.43,-4.93,0.043,3.31,6.86,5.45,5.13,0.58,0.0,0.0,1,1
1589,HD98281_HARPS03_3.5_Snaky,HD98281,HARPS03,3.5,Snaky,YV0,169.591715,-5.067301,5423.0,4.47,-0.24,6.1,4.58,-4.93,0.044,3.29,6.86,5.44,5.12,0.57,0.0,0.0,1,1
1590,HD98281_HARPS15_3.3.6_Snaky,HD98281,HARPS15,3.3.6,Snaky,YV0,169.591715,-5.067301,5424.0,4.47,-0.23,-0.7,1.48,-5.0,0.016,3.4,6.88,5.48,5.16,0.55,0.0,0.0,1,1
1591,HD98281_HARPS15_3.5_Snaky,HD98281,HARPS15,3.5,Snaky,YV0,169.591715,-5.067301,5424.0,4.47,-0.23,-0.8,1.59,-5.0,0.017,3.4,6.88,5.47,5.15,0.54,0.0,0.0,1,1
1592,HD98281_SOPHIE_1.0_Snaky,HD98281,SOPHIE,1.0,Snaky,YV0,169.589792,-5.066944,5421.0,4.45,-0.24,-45.5,58.39,-5.94,0.578,4.33,7.34,6.01,5.66,0.53,0.0,0.0,1,1
1593,HD984_HARPS03_3.3.6_Snaky,HD984,HARPS03,3.3.6,Snaky,YV0,,,,,,,,,,3.38,,63.61,100.0,,,,0,0
1594,HD984_HARPS15_3.3.6_Snaky,HD984,HARPS15,3.3.6,Snaky,YV0,3.54272,-7.199114,5019.0,3.5,-0.02,11.7,,-4.88,,3.13,64.52,63.89,174.81,66.6,1.0,0.0,1,1
1595,HD984_HARPS15_3.5_Snaky,HD984,HARPS15,3.5,Snaky,YV0,3.54272,-7.199114,4960.0,3.5,-0.01,6.5,,-4.94,,3.49,63.64,62.98,177.53,66.48,0.0,0.0,1,1
1596,HD984_NEID_1.0_Snaky,HD984,NEID,1.0,Snaky,YV0,3.543175,-7.199407,7926.0,4.0,0.0,,,,,3.23,,,,,0.0,0.0,1,0
1597,HD98697_SOPHIE_1.0_Snaky,HD98697,SOPHIE,1.0,Snaky,YV0,170.362333,6.634944,6216.0,4.19,-0.0,-15.0,51.06,-5.38,0.465,3.91,9.33,8.06,7.58,4.37,0.0,0.0,1,1
1598,HD99491_SOPHIE_1.0_Snaky,HD99491,SOPHIE,1.0,Snaky,YV0,171.68875,3.013111,5434.0,4.43,0.26,14.9,11.01,-4.85,0.085,4.23,8.04,6.54,6.04,1.66,0.0,0.0,1,1
1599,HD99492_HARPN_3.0.1_Snaky,HD99492,HARPN,3.0.1,Snaky,YV0,171.692827,3.006321,4855.0,4.56,0.21,7.0,4.89,-4.92,0.044,3.11,7.26,5.69,5.06,1.25,0.0,0.0,1,1
1600,HD99492_HARPS15_3.3.6_Snaky,HD99492,HARPS15,3.3.6,Snaky,YV0,171.692827,3.006321,4844.0,4.56,0.2,1.9,1.64,-4.97,0.017,3.46,7.33,5.79,5.17,1.12,0.0,0.0,1,1
1601,HD99492_HARPS15_3.5_Snaky,HD99492,HARPS15,3.5,Snaky,YV0,171.692827,3.006321,4845.0,4.56,0.21,4.8,2.77,-4.94,0.027,3.46,7.35,5.8,5.17,0.96,0.0,0.0,1,1
1602,HD99492_SOPHIE_1.0_Snaky,HD99492,SOPHIE,1.0,Snaky,YV0,171.692792,3.006306,4888.0,4.55,0.22,5.0,9.63,-4.94,0.09,4.28,7.84,6.3,5.64,0.87,0.0,0.0,1,1
1603,HD99505_SOPHIE_1.0_Snaky,HD99505,SOPHIE,1.0,Snaky,YV0,171.763333,21.85225,5725.0,4.46,-0.18,23.6,16.63,-4.79,0.114,3.51,7.76,6.48,6.15,1.26,0.0,0.0,1,1
1604,HD9986_HARPS03_3.3.6_Snaky,HD9986,HARPS03,3.3.6,Snaky,YV0,24.420329,12.078381,5782.0,4.37,0.06,13.1,4.08,-4.86,0.034,3.38,7.61,6.27,5.92,2.1,0.0,0.0,1,1
1605,HD9986_HARPS03_3.5_Snaky,HD9986,HARPS03,3.5,Snaky,YV0,24.420329,12.078381,5766.0,4.35,0.08,11.8,26.04,-4.92,0.237,3.31,7.6,6.25,5.9,2.07,0.0,0.0,1,1
1606,HD9986_HARPS15_3.3.6_Snaky,HD9986,HARPS15,3.3.6,Snaky,YV0,24.420329,12.078381,5782.0,4.37,0.06,11.3,4.33,-4.88,0.036,3.5,7.63,6.28,5.93,2.18,0.0,0.0,1,1
1607,HD9986_HARPS15_3.5_Snaky,HD9986,HARPS15,3.5,Snaky,YV0,24.420329,12.078381,5776.0,4.37,0.06,9.5,12.19,-4.91,0.106,3.46,7.63,6.28,5.93,2.18,0.0,0.0,1,1
1608,HD9986_SOPHIE_1.0_Snaky,HD9986,SOPHIE,1.0,Snaky,YV0,24.42,12.078361,5766.0,4.39,0.02,11.3,13.56,-4.88,0.107,4.16,8.02,6.67,6.27,2.06,0.0,0.0,1,1
1609,HIP36357_HARPN_3.0.1_Snaky,HIP36357,HARPN,3.0.1,Snaky,YV0,112.25737,31.993843,4980.0,4.54,-0.06,90.4,2.78,-4.48,0.009,3.08,7.88,6.23,5.62,2.45,0.0,0.0,1,1
