,star,Pmag,Kmean,Kamp,Kpred,Lpred,Lside,MHK_2026.0,MHK_2026.5,MHK_2027.0,MHK_2027.5,MHK_2028.0,MHK_2028.5,MHK_2029.0,MHK_2029.5,MHK_2030.0,MHK_2030.5,MHK_2031.0,MHK_2031.5,MHK_2032.0,MHK_2032.5,MHK_2033.0,MHK_2033.5,MHK_2034.0,MHK_2034.5,MHK_2035.0,MHK_2035.5,MHK_2036.0,MHK_err_2026.0,MHK_err_2026.5,MHK_err_2027.0,MHK_err_2027.5,MHK_err_2028.0,MHK_err_2028.5,MHK_err_2029.0,MHK_err_2029.5,MHK_err_2030.0,MHK_err_2030.5,MHK_err_2031.0,MHK_err_2031.5,MHK_err_2032.0,MHK_err_2032.5,MHK_err_2033.0,MHK_err_2033.5,MHK_err_2034.0,MHK_err_2034.5,MHK_err_2035.0,MHK_err_2035.5,MHK_err_2036.0
0,HD10008,0.0,111.2,0.0,111.2,-99.9,?,111.2,111.2,111.2,111.2,111.2,111.2,111.2,111.2,111.2,111.2,111.2,111.2,111.2,111.2,111.2,111.2,111.2,111.2,111.2,111.2,111.2,4.2,4.2,4.2,4.2,4.2,4.2,4.2,4.2,4.2,4.2,4.2,4.2,4.2,4.2,4.2,4.2,4.2,4.2,4.2,4.2,4.2
1,HD100563,26.0,20.1,7.1,3.2,-99.9,?,30.4,30.3,30.3,30.2,30.2,30.1,30.1,30.1,30.0,30.0,29.9,29.9,29.8,29.8,29.7,29.7,29.7,29.6,29.6,29.5,29.5,3.0,3.1,3.1,3.2,3.2,3.3,3.3,3.4,3.4,3.5,3.5,3.6,3.6,3.7,3.7,3.8,3.8,3.9,3.9,4.0,4.0
2,HD101,0.0,3.2,0.0,3.2,-99.9,?,3.2,3.2,3.2,3.2,3.2,3.2,3.2,3.2,3.2,3.2,3.2,3.2,3.2,3.2,3.2,3.2,3.2,3.2,3.2,3.2,3.2,8.9,8.9,8.9,8.9,8.9,8.9,8.9,8.9,8.9,8.9,8.9,8.9,8.9,8.9,8.9,8.9,8.9,8.9,8.9,8.9,8.9
3,HD101198,0.0,-4.3,0.0,-4.3,-99.9,?,-4.3,-4.3,-4.3,-4.3,-4.3,-4.3,-4.3,-4.3,-4.3,-4.3,-4.3,-4.3,-4.3,-4.3,-4.3,-4.3,-4.3,-4.3,-4.3,-4.3,-4.3,0.6,0.6,0.6,0.6,0.6,0.6,0.6,0.6,0.6,0.6,0.6,0.6,0.6,0.6,0.6,0.6,0.6,0.6,0.6,0.6,0.6
4,HD101242,0.0,31.0,0.0,31.0,-99.9,?,31.0,31.0,31.0,31.0,31.0,31.0,31.0,31.0,31.0,31.0,31.0,31.0,31.0,31.0,31.0,31.0,31.0,31.0,31.0,31.0,31.0,9.3,9.3,9.3,9.3,9.3,9.3,9.3,9.3,9.3,9.3,9.3,9.3,9.3,9.3,9.3,9.3,9.3,9.3,9.3,9.3,9.3
5,HD101472,7.7,68.0,1.7,71.5,0.87,-,71.3,71.1,71.0,70.9,70.9,71.0,71.1,71.4,71.7,72.0,72.3,72.5,72.6,72.6,72.5,72.3,72.1,71.9,71.8,71.7,71.8,8.4,8.6,8.7,8.9,9.0,9.1,9.3,9.5,9.8,10.0,10.3,10.6,10.8,11.0,11.3,11.4,11.6,11.7,11.9,12.0,12.2
6,HD101501,9.9,78.3,22.7,54.2,-99.9,?,65.3,63.9,62.3,60.5,58.6,56.6,54.6,52.7,50.9,49.2,47.7,46.5,45.6,44.9,44.5,44.4,44.6,45.0,45.5,46.3,47.1,6.8,6.9,7.0,7.1,7.2,7.3,7.3,7.4,7.5,7.6,7.7,7.8,8.0,8.2,8.4,8.7,9.0,9.3,9.6,9.9,10.1
7,HD102870,0.0,10.8,0.0,10.8,-99.9,?,10.8,10.8,10.8,10.8,10.8,10.8,10.8,10.8,10.8,10.8,10.8,10.8,10.8,10.8,10.8,10.8,10.8,10.8,10.8,10.8,10.8,4.1,4.1,4.1,4.1,4.1,4.1,4.1,4.1,4.1,4.1,4.1,4.1,4.1,4.1,4.1,4.1,4.1,4.1,4.1,4.1,4.1
8,HD103095,6.9,0.0,2.7,4.0,0.95,-,3.5,3.3,3.0,2.5,1.9,1.4,1.1,1.0,1.3,1.8,2.5,3.1,3.4,3.5,3.5,3.2,2.9,2.5,2.0,1.6,1.4,1.6,1.7,1.7,1.7,1.7,1.6,1.6,1.6,1.6,1.6,1.7,1.7,1.8,1.8,1.9,1.9,2.0,2.0,1.9,1.9,1.9
9,HD103774,7.0,5.4,4.0,4.4,0.27,+,4.5,5.4,6.2,6.9,7.2,7.3,7.0,6.4,5.5,4.6,3.8,3.4,3.3,3.7,4.4,5.3,6.1,6.7,7.1,7.1,6.8,2.6,2.7,2.9,3.1,3.2,3.2,3.2,3.1,2.9,2.8,2.7,2.6,2.6,2.6,2.7,2.9,3.1,3.3,3.4,3.4,3.3
10,HD103799,0.0,-9.7,0.0,-9.7,-99.9,?,-9.7,-9.7,-9.7,-9.7,-9.7,-9.7,-9.7,-9.7,-9.7,-9.7,-9.7,-9.7,-9.7,-9.7,-9.7,-9.7,-9.7,-9.7,-9.7,-9.7,-9.7,0.7,0.7,0.7,0.7,0.7,0.7,0.7,0.7,0.7,0.7,0.7,0.7,0.7,0.7,0.7,0.7,0.7,0.7,0.7,0.7,0.7
11,HD10476,9.8,6.6,9.9,11.9,0.99,-,10.7,10.5,10.0,9.3,8.5,7.7,6.7,5.6,4.4,3.2,2.1,1.5,1.4,2.0,3.1,4.7,6.4,8.0,9.3,10.1,10.4,1.2,1.2,1.3,1.3,1.2,1.2,1.1,1.1,1.0,1.0,0.9,0.9,0.9,0.9,0.9,1.0,1.0,1.1,1.2,1.3,1.4
12,HD105405,4.9,9.2,1.3,8.8,0.22,-,8.8,8.5,8.5,8.7,9.1,9.5,9.7,9.7,9.4,9.0,8.6,8.4,8.4,8.7,9.0,9.4,9.6,9.6,9.3,8.9,8.5,3.0,2.9,2.9,3.0,3.1,3.1,3.2,3.3,3.4,3.3,3.3,3.2,3.2,3.3,3.4,3.5,3.5,3.6,3.6,3.6,3.6
13,HD106116,0.0,1.9,0.0,1.9,-99.9,?,1.9,1.9,1.9,1.9,1.9,1.9,1.9,1.9,1.9,1.9,1.9,1.9,1.9,1.9,1.9,1.9,1.9,1.9,1.9,1.9,1.9,1.0,1.0,1.0,1.0,1.0,1.0,1.0,1.0,1.0,1.0,1.0,1.0,1.0,1.0,1.0,1.0,1.0,1.0,1.0,1.0,1.0
14,HD106210,0.0,11.5,0.0,11.5,-99.9,?,11.5,11.5,11.5,11.5,11.5,11.5,11.5,11.5,11.5,11.5,11.5,11.5,11.5,11.5,11.5,11.5,11.5,11.5,11.5,11.5,11.5,6.7,6.7,6.7,6.7,6.7,6.7,6.7,6.7,6.7,6.7,6.7,6.7,6.7,6.7,6.7,6.7,6.7,6.7,6.7,6.7,6.7
15,HD106252,0.0,-0.9,0.0,-0.9,-99.9,?,0.2,-1.0,-2.7,-4.0,-3.4,-1.5,-0.1,0.5,0.8,0.9,0.4,-0.6,-2.2,-3.8,-3.7,-1.9,-0.4,0.4,0.7,0.9,0.6,2.7,2.2,1.8,1.5,1.8,2.2,2.4,2.7,2.7,2.7,2.7,2.4,1.9,1.6,1.7,2.2,2.4,2.6,2.7,2.7,2.7
16,HD106423,5.5,0.0,0.0,0.0,-99.9,?,0.0,0.0,0.0,0.0,0.0,0.0,0.0,0.0,0.0,0.0,0.0,0.0,0.0,0.0,0.0,0.0,0.0,0.0,0.0,0.0,0.0,1.4,1.4,1.4,1.4,1.4,1.4,1.4,1.4,1.4,1.4,1.4,1.4,1.4,1.4,1.4,1.4,1.4,1.4,1.4,1.4,1.4
17,HD107113,0.0,6.4,0.0,6.4,-99.9,?,6.4,6.4,6.4,6.4,6.4,6.4,6.4,6.4,6.4,6.4,6.4,6.4,6.4,6.4,6.4,6.4,6.4,6.4,6.4,6.4,6.4,14.0,14.0,14.0,14.0,14.0,14.0,14.0,14.0,14.0,14.0,14.0,14.0,14.0,14.0,14.0,14.0,14.0,14.0,14.0,14.0,14.0
18,HD107146,24.0,162.6,22.2,168.2,-99.9,?,167.9,166.4,164.9,163.3,161.6,160.0,158.3,156.6,155.0,153.5,152.1,150.7,149.5,148.4,147.5,146.8,146.3,145.9,145.7,145.7,145.9,12.1,12.4,12.6,12.8,12.9,13.0,13.1,13.1,13.1,13.0,13.0,12.9,12.8,12.7,12.6,12.5,12.4,12.3,12.3,12.2,12.2
19,HD10757,0.0,2.7,0.0,2.7,-99.9,?,2.7,2.7,2.7,2.7,2.7,2.7,2.7,2.7,2.7,2.7,2.7,2.7,2.7,2.7,2.7,2.7,2.7,2.7,2.7,2.7,2.7,10.7,10.7,10.7,10.7,10.7,10.7,10.7,10.7,10.7,10.7,10.7,10.7,10.7,10.7,10.7,10.7,10.7,10.7,10.7,10.7,10.7
20,HD10780,12.2,26.0,26.1,26.2,0.81,-,29.7,27.0,23.7,20.5,18.4,17.9,19.0,21.3,23.7,25.5,26.2,25.7,24.3,22.6,20.8,19.3,18.4,18.1,18.4,19.2,20.2,5.9,6.3,6.6,6.9,7.2,7.3,7.3,7.1,7.0,7.2,7.6,8.2,8.6,8.4,7.8,7.0,6.4,6.0,5.9,6.1,6.8
21,HD108510,0.0,22.7,0.0,22.7,-99.9,?,22.7,22.7,22.7,22.7,22.7,22.7,22.7,22.7,22.7,22.7,22.7,22.7,22.7,22.7,22.7,22.7,22.7,22.7,22.7,22.7,22.7,6.2,6.2,6.2,6.2,6.2,6.2,6.2,6.2,6.2,6.2,6.2,6.2,6.2,6.2,6.2,6.2,6.2,6.2,6.2,6.2,6.2
22,HD109098,0.0,-0.2,0.0,-0.2,-99.9,?,-0.2,-0.2,-0.2,-0.2,-0.2,-0.2,-0.2,-0.2,-0.2,-0.2,-0.2,-0.2,-0.2,-0.2,-0.2,-0.2,-0.2,-0.2,-0.2,-0.2,-0.2,7.6,7.6,7.6,7.6,7.6,7.6,7.6,7.6,7.6,7.6,7.6,7.6,7.6,7.6,7.6,7.6,7.6,7.6,7.6,7.6,7.6
23,HD109358,0.0,1.8,0.0,1.8,-99.9,?,3.5,3.5,3.5,3.5,3.5,3.5,3.5,3.5,3.5,3.5,3.5,3.5,3.5,3.5,3.5,3.5,3.5,3.5,3.5,3.5,3.5,2.1,2.1,2.1,2.1,2.1,2.1,2.1,2.1,2.1,2.1,2.1,2.1,2.1,2.1,2.1,2.1,2.1,2.1,2.1,2.1,2.1
24,HD11007,0.0,-1.9,0.0,-1.9,-99.9,?,-4.1,-4.1,-4.1,-4.1,-4.1,-4.1,-4.1,-4.1,-4.1,-4.1,-4.1,-4.1,-4.1,-4.1,-4.1,-4.1,-4.1,-4.1,-4.1,-4.1,-4.1,7.7,7.7,7.7,7.7,7.7,7.7,7.7,7.7,7.7,7.7,7.7,7.7,7.7,7.7,7.7,7.7,7.7,7.7,7.7,7.7,7.7
25,HD110897,0.0,-2.5,0.0,-2.5,-99.9,?,-2.5,-2.5,-2.5,-2.5,-2.5,-2.5,-2.5,-2.5,-2.5,-2.5,-2.5,-2.5,-2.5,-2.5,-2.5,-2.5,-2.5,-2.5,-2.5,-2.5,-2.5,0.0,0.0,0.0,0.0,0.0,0.0,0.0,0.0,0.0,0.0,0.0,0.0,0.0,0.0,0.0,0.0,0.0,0.0,0.0,0.0,0.0
26,HD111031,21.6,2.0,0.6,-0.8,0.05,-,-0.8,-0.8,-0.8,-0.8,-0.8,-0.8,-0.7,-0.7,-0.6,-0.6,-0.6,-0.5,-0.5,-0.4,-0.4,-0.3,-0.3,-0.3,-0.3,-0.2,-0.2,3.3,3.4,3.4,3.5,3.5,3.5,3.6,3.6,3.7,3.7,3.7,3.7,3.8,3.8,3.8,3.9,3.9,3.9,4.0,4.0,4.0
27,HD111066,0.0,0.7,0.0,0.7,-99.9,?,0.7,0.7,0.7,0.7,0.7,0.7,0.7,0.7,0.7,0.7,0.7,0.7,0.7,0.7,0.7,0.7,0.7,0.7,0.7,0.7,0.7,4.1,4.1,4.1,4.1,4.1,4.1,4.1,4.1,4.1,4.1,4.1,4.1,4.1,4.1,4.1,4.1,4.1,4.1,4.1,4.1,4.1
28,HD11131,7.8,128.5,22.7,144.2,0.77,+,155.0,150.8,145.5,140.3,136.4,134.7,135.5,138.8,143.8,149.5,154.7,158.5,159.9,158.7,155.2,150.2,144.7,140.1,137.2,136.7,138.7,6.8,7.3,7.8,8.2,8.6,9.0,9.3,9.6,9.7,9.8,9.8,9.8,10.1,10.5,11.1,11.7,12.2,12.7,13.1,13.5,13.8
29,HD111395,0.0,55.9,0.0,55.9,-99.9,?,44.1,44.3,45.8,48.3,51.5,54.6,57.1,58.4,58.1,56.0,52.4,48.0,43.8,40.7,39.3,39.6,41.6,44.6,47.9,50.9,52.8,10.3,9.8,10.0,11.1,12.7,14.3,15.9,17.2,18.4,19.4,20.2,20.7,20.7,20.5,20.2,20.3,20.9,22.1,23.6,25.2,26.7
30,HD111398,0.0,-2.4,0.0,-2.4,-99.9,?,-6.0,-6.0,-6.0,-6.0,-6.0,-6.0,-6.0,-6.0,-6.0,-6.0,-6.0,-6.0,-6.0,-6.0,-6.0,-6.0,-6.0,-6.0,-6.0,-6.0,-6.0,6.3,6.3,6.3,6.3,6.3,6.3,6.3,6.3,6.3,6.3,6.3,6.3,6.3,6.3,6.3,6.3,6.3,6.3,6.3,6.3,6.3
31,HD111513,0.0,-0.4,0.0,-0.4,-99.9,?,-0.4,-0.4,-0.4,-0.4,-0.4,-0.4,-0.4,-0.4,-0.4,-0.4,-0.4,-0.4,-0.4,-0.4,-0.4,-0.4,-0.4,-0.4,-0.4,-0.4,-0.4,8.0,8.0,8.0,8.0,8.0,8.0,8.0,8.0,8.0,8.0,8.0,8.0,8.0,8.0,8.0,8.0,8.0,8.0,8.0,8.0,8.0
32,HD111998,0.0,0.4,0.0,0.4,-99.9,?,-2.9,-2.9,-2.8,-2.7,-2.7,-2.6,-2.5,-2.4,-2.4,-2.3,-2.2,-2.2,-2.1,-2.0,-2.0,-1.9,-1.8,-1.8,-1.7,-1.6,-1.6,4.1,4.2,4.4,4.6,4.7,4.9,5.1,5.3,5.4,5.6,5.8,5.9,6.1,6.3,6.4,6.6,6.7,6.9,7.0,7.2,7.3
33,HD11226,0.0,0.3,0.0,0.3,-99.9,?,0.7,0.7,0.7,0.7,0.7,0.7,0.7,0.7,0.7,0.7,0.7,0.7,0.7,0.7,0.7,0.7,0.7,0.7,0.7,0.7,0.7,1.3,1.3,1.3,1.3,1.3,1.3,1.3,1.3,1.3,1.3,1.3,1.3,1.3,1.3,1.3,1.3,1.3,1.3,1.3,1.3,1.3
34,HD112735,0.0,7.7,0.0,7.7,-99.9,?,7.7,7.7,7.7,7.7,7.7,7.7,7.7,7.7,7.7,7.7,7.7,7.7,7.7,7.7,7.7,7.7,7.7,7.7,7.7,7.7,7.7,9.1,9.1,9.1,9.1,9.1,9.1,9.1,9.1,9.1,9.1,9.1,9.1,9.1,9.1,9.1,9.1,9.1,9.1,9.1,9.1,9.1
35,HD114174,0.0,-0.6,0.0,-0.6,-99.9,?,1.5,1.5,1.5,1.5,1.5,1.5,1.5,1.5,1.5,1.5,1.5,1.5,1.5,1.5,1.5,1.5,1.5,1.5,1.5,1.5,1.5,2.1,2.1,2.1,2.1,2.1,2.1,2.1,2.1,2.1,2.1,2.1,2.1,2.1,2.1,2.1,2.1,2.1,2.1,2.1,2.1,2.1
36,HD114710,19.2,38.7,4.0,35.9,0.46,-,35.9,35.3,34.7,34.2,33.7,33.2,32.9,32.6,32.3,32.2,32.1,32.1,32.2,32.4,32.6,32.9,33.2,33.5,33.9,34.3,34.6,3.3,3.3,3.4,3.5,3.6,3.7,3.8,3.9,4.0,4.1,4.2,4.3,4.4,4.5,4.6,4.7,4.7,4.8,4.9,5.0,5.0
37,HD114783,8.3,6.8,8.4,1.6,0.04,+,-4.5,-3.6,-2.2,-1.0,-0.5,-0.8,-1.3,-1.8,-2.0,-1.8,-1.5,-1.1,-0.9,-1.0,-1.3,-1.9,-2.3,-2.4,-2.0,-1.3,-0.8,2.9,3.0,3.0,3.1,3.2,3.3,3.5,3.5,3.4,3.2,3.1,3.1,3.3,3.6,3.9,4.1,4.3,4.4,4.4,4.5,4.5
38,HD115043,0.0,106.4,0.0,106.4,-99.9,?,106.4,106.4,106.4,106.4,106.4,106.4,106.4,106.4,106.4,106.4,106.4,106.4,106.4,106.4,106.4,106.4,106.4,106.4,106.4,106.4,106.4,6.1,6.1,6.1,6.1,6.1,6.1,6.1,6.1,6.1,6.1,6.1,6.1,6.1,6.1,6.1,6.1,6.1,6.1,6.1,6.1,6.1
39,HD11505,0.0,-0.9,0.0,-0.9,-99.9,?,-0.8,-0.8,-0.8,-0.8,-0.8,-0.8,-0.8,-0.8,-0.8,-0.8,-0.8,-0.8,-0.8,-0.8,-0.8,-0.8,-0.8,-0.8,-0.8,-0.8,-0.8,1.2,1.2,1.2,1.2,1.2,1.2,1.2,1.2,1.2,1.2,1.2,1.2,1.2,1.2,1.2,1.2,1.2,1.2,1.2,1.2,1.2
40,HD115383,12.2,114.7,7.1,115.1,0.38,+,114.1,114.9,115.8,116.7,117.7,118.6,119.4,120.0,120.4,120.6,120.6,120.4,119.9,119.3,118.6,117.8,117.0,116.2,115.5,114.9,114.5,6.8,6.9,7.0,7.1,7.2,7.3,7.4,7.5,7.7,7.8,8.0,8.2,8.4,8.7,8.9,9.2,9.4,9.7,10.0,10.2,10.5
41,HD115404,0.0,62.6,0.0,62.6,-99.9,?,72.9,72.9,72.9,72.9,72.9,72.9,72.9,72.9,72.9,72.9,72.9,72.9,72.9,72.9,72.9,72.9,72.9,72.9,72.9,72.9,72.9,4.2,4.2,4.2,4.2,4.2,4.2,4.2,4.2,4.2,4.2,4.2,4.2,4.2,4.2,4.2,4.2,4.2,4.2,4.2,4.2,4.2
42,HD116442,19.2,-2.8,1.8,-3.8,0.0,-,-2.9,-2.9,-2.9,-2.9,-2.9,-2.9,-2.9,-2.9,-2.9,-2.9,-2.9,-2.9,-2.9,-2.9,-2.9,-2.9,-2.9,-2.9,-2.9,-2.9,-2.9,1.3,1.3,1.3,1.3,1.3,1.3,1.3,1.3,1.3,1.3,1.3,1.3,1.3,1.3,1.3,1.3,1.3,1.3,1.3,1.3,1.3
43,HD116459,0.0,2.1,0.0,2.1,-99.9,?,2.1,2.1,2.1,2.1,2.1,2.1,2.1,2.1,2.1,2.1,2.1,2.1,2.1,2.1,2.1,2.1,2.1,2.1,2.1,2.1,2.1,0.7,0.7,0.7,0.7,0.7,0.7,0.7,0.7,0.7,0.7,0.7,0.7,0.7,0.7,0.7,0.7,0.7,0.7,0.7,0.7,0.7
44,HD116956,0.0,111.3,0.0,111.3,-99.9,?,111.3,111.3,111.3,111.3,111.3,111.3,111.3,111.3,111.3,111.3,111.3,111.3,111.3,111.3,111.3,111.3,111.3,111.3,111.3,111.3,111.3,7.7,7.7,7.7,7.7,7.7,7.7,7.7,7.7,7.7,7.7,7.7,7.7,7.7,7.7,7.7,7.7,7.7,7.7,7.7,7.7,7.7
45,HD117043,0.0,0.7,0.0,0.7,-99.9,?,0.7,0.7,0.7,0.7,0.7,0.7,0.7,0.7,0.7,0.7,0.7,0.7,0.7,0.7,0.7,0.7,0.7,0.7,0.7,0.7,0.7,2.7,2.7,2.7,2.7,2.7,2.7,2.7,2.7,2.7,2.7,2.7,2.7,2.7,2.7,2.7,2.7,2.7,2.7,2.7,2.7,2.7
46,HD117126,0.0,-2.1,0.0,-2.1,-99.9,?,0.5,0.5,0.5,0.5,0.5,0.5,0.5,0.5,0.5,0.5,0.5,0.5,0.5,0.5,0.5,0.5,0.5,0.5,0.5,0.5,0.5,7.5,7.5,7.5,7.5,7.5,7.5,7.5,7.5,7.5,7.5,7.5,7.5,7.5,7.5,7.5,7.5,7.5,7.5,7.5,7.5,7.5
47,HD119638,0.0,-0.2,0.0,-0.2,-99.9,?,-0.2,-0.2,-0.2,-0.2,-0.2,-0.2,-0.2,-0.2,-0.2,-0.2,-0.2,-0.2,-0.2,-0.2,-0.2,-0.2,-0.2,-0.2,-0.2,-0.2,-0.2,1.1,1.1,1.1,1.1,1.1,1.1,1.1,1.1,1.1,1.1,1.1,1.1,1.1,1.1,1.1,1.1,1.1,1.1,1.1,1.1,1.1
48,HD119992,0.0,-10.2,0.0,-10.2,-99.9,?,-10.2,-10.2,-10.2,-10.2,-10.2,-10.2,-10.2,-10.2,-10.2,-10.2,-10.2,-10.2,-10.2,-10.2,-10.2,-10.2,-10.2,-10.2,-10.2,-10.2,-10.2,4.7,4.7,4.7,4.7,4.7,4.7,4.7,4.7,4.7,4.7,4.7,4.7,4.7,4.7,4.7,4.7,4.7,4.7,4.7,4.7,4.7
49,HD120005,0.0,13.3,0.0,13.3,-99.9,?,13.3,13.3,13.3,13.3,13.3,13.3,13.3,13.3,13.3,13.3,13.3,13.3,13.3,13.3,13.3,13.3,13.3,13.3,13.3,13.3,13.3,11.6,11.6,11.6,11.6,11.6,11.6,11.6,11.6,11.6,11.6,11.6,11.6,11.6,11.6,11.6,11.6,11.6,11.6,11.6,11.6,11.6
50,HD120066,0.0,4.1,0.0,4.1,-99.9,?,4.1,4.1,4.1,4.1,4.1,4.1,4.1,4.1,4.1,4.1,4.1,4.1,4.1,4.1,4.1,4.1,4.1,4.1,4.1,4.1,4.1,3.0,3.0,3.0,3.0,3.0,3.0,3.0,3.0,3.0,3.0,3.0,3.0,3.0,3.0,3.0,3.0,3.0,3.0,3.0,3.0,3.0
51,HD120136,0.0,53.6,0.0,53.6,-99.9,?,53.7,53.7,53.7,53.7,53.7,53.7,53.7,53.7,53.7,53.7,53.7,53.7,53.7,53.7,53.7,53.7,53.7,53.7,53.7,53.7,53.7,2.7,2.7,2.7,2.7,2.7,2.7,2.7,2.7,2.7,2.7,2.7,2.7,2.7,2.7,2.7,2.7,2.7,2.7,2.7,2.7,2.7
52,HD121560,0.0,5.8,0.0,5.8,-99.9,?,8.2,8.2,8.2,8.2,8.2,8.2,8.2,8.2,8.2,8.2,8.2,8.2,8.2,8.2,8.2,8.2,8.2,8.2,8.2,8.2,8.2,4.1,4.1,4.1,4.1,4.1,4.1,4.1,4.1,4.1,4.1,4.1,4.1,4.1,4.1,4.1,4.1,4.1,4.1,4.1,4.1,4.1
53,HD122064,28.3,2.8,14.6,0.4,0.35,-,6.8,8.4,10.0,11.5,12.8,13.8,14.3,14.4,14.0,13.2,12.1,10.9,9.5,8.1,6.9,5.9,5.1,4.6,4.5,4.8,5.4,0.8,0.9,1.0,1.1,1.2,1.3,1.3,1.3,1.3,1.3,1.3,1.2,1.1,1.0,0.9,0.9,0.9,0.9,0.9,0.9,1.0
54,HD12235,0.0,-5.0,0.0,-5.0,-99.9,?,-13.6,-16.2,-18.9,-20.2,-19.5,-17.4,-14.9,-13.3,-13.6,-15.8,-18.4,-20.1,-19.8,-18.0,-15.6,-13.7,-13.5,-15.1,-17.6,-19.4,-19.5,3.5,3.6,3.8,4.1,4.3,4.3,4.2,4.2,4.3,4.4,4.6,4.8,5.1,5.1,5.0,5.0,5.1,5.2,5.4,5.6,5.8
55,HD122652,29.5,33.6,3.1,38.8,0.66,-,40.8,42.1,42.6,42.5,41.6,40.2,38.6,37.3,36.4,36.2,36.7,37.9,39.5,41.3,42.9,43.9,44.3,43.9,42.9,41.5,39.9,5.3,5.5,5.6,5.8,5.9,6.0,6.0,6.0,6.1,6.1,6.1,6.2,6.4,6.6,6.8,7.0,7.2,7.4,7.5,7.6,7.6
56,HD122742,0.0,6.8,0.0,6.8,-99.9,?,6.8,6.8,6.8,6.8,6.8,6.8,6.8,6.8,6.8,6.8,6.8,6.8,6.8,6.8,6.8,6.8,6.8,6.8,6.8,6.8,6.8,3.6,3.6,3.6,3.6,3.6,3.6,3.6,3.6,3.6,3.6,3.6,3.6,3.6,3.6,3.6,3.6,3.6,3.6,3.6,3.6,3.6
57,HD124292,0.0,-1.2,0.0,-1.2,-99.9,?,-1.2,-1.2,-1.2,-1.2,-1.2,-1.2,-1.2,-1.2,-1.2,-1.2,-1.2,-1.2,-1.2,-1.2,-1.2,-1.2,-1.2,-1.2,-1.2,-1.2,-1.2,0.6,0.6,0.6,0.6,0.6,0.6,0.6,0.6,0.6,0.6,0.6,0.6,0.6,0.6,0.6,0.6,0.6,0.6,0.6,0.6,0.6
58,HD124553,24.5,5.5,23.1,14.7,0.99,-,14.2,13.7,13.1,12.4,11.5,10.6,9.7,8.7,7.8,6.9,6.0,5.1,4.4,3.7,3.0,2.5,2.0,1.6,1.3,1.0,0.8,3.3,3.8,4.4,5.0,5.7,6.3,6.9,7.5,8.0,8.4,8.8,9.1,9.4,9.6,9.7,9.8,9.9,9.9,10.0,10.0,10.0
59,HD124694,0.0,111.0,0.0,111.0,-99.9,?,111.0,111.0,111.0,111.0,111.0,111.0,111.0,111.0,111.0,111.0,111.0,111.0,111.0,111.0,111.0,111.0,111.0,111.0,111.0,111.0,111.0,1.4,1.4,1.4,1.4,1.4,1.4,1.4,1.4,1.4,1.4,1.4,1.4,1.4,1.4,1.4,1.4,1.4,1.4,1.4,1.4,1.4
60,HD125184,0.0,5.6,0.0,5.6,-99.9,?,5.6,5.6,5.6,5.6,5.6,5.6,5.6,5.6,5.6,5.6,5.6,5.6,5.6,5.6,5.6,5.6,5.6,5.6,5.6,5.6,5.6,3.1,3.1,3.1,3.1,3.1,3.1,3.1,3.1,3.1,3.1,3.1,3.1,3.1,3.1,3.1,3.1,3.1,3.1,3.1,3.1,3.1
61,HD125455,9.4,2.1,1.2,-0.5,0.18,-,-0.1,-0.4,-0.6,-0.7,-0.7,-0.6,-0.4,-0.3,-0.1,-0.0,0.0,0.1,0.1,0.1,0.1,0.1,0.0,-0.0,-0.1,-0.2,-0.2,3.5,3.5,3.6,3.6,3.7,3.8,3.8,3.9,4.0,4.1,4.2,4.2,4.2,4.3,4.3,4.3,4.3,4.3,4.3,4.3,4.3
62,HD126053,0.0,0.4,0.0,0.4,-99.9,?,0.9,0.9,0.9,0.9,0.9,0.9,0.9,0.9,0.9,0.9,0.9,0.9,0.9,0.9,0.9,0.9,0.9,0.9,0.9,0.9,0.9,1.1,1.1,1.1,1.1,1.1,1.1,1.1,1.1,1.1,1.1,1.1,1.1,1.1,1.1,1.1,1.1,1.1,1.1,1.1,1.1,1.1
63,HD126512,0.0,-0.2,0.0,-0.2,-99.9,?,-0.2,-0.2,-0.2,-0.2,-0.2,-0.2,-0.2,-0.2,-0.2,-0.2,-0.2,-0.2,-0.2,-0.2,-0.2,-0.2,-0.2,-0.2,-0.2,-0.2,-0.2,7.2,7.2,7.2,7.2,7.2,7.2,7.2,7.2,7.2,7.2,7.2,7.2,7.2,7.2,7.2,7.2,7.2,7.2,7.2,7.2,7.2
64,HD12661,22.2,-10.6,6.4,-6.2,-99.9,?,-19.5,-20.2,-20.8,-21.4,-21.9,-22.2,-22.4,-22.4,-22.2,-21.8,-21.2,-20.5,-19.8,-19.0,-18.2,-17.5,-16.9,-16.4,-16.1,-16.0,-16.1,3.1,3.1,3.1,3.1,3.1,3.1,3.2,3.3,3.3,3.4,3.5,3.6,3.7,3.8,4.0,4.1,4.2,4.3,4.4,4.5,4.6
65,HD126961,4.6,8.6,0.3,8.5,-99.9,?,8.5,8.5,8.5,8.5,8.5,8.5,8.5,8.5,8.5,8.5,8.5,8.4,8.4,8.4,8.4,8.4,8.4,8.4,8.4,8.4,8.3,2.7,2.8,2.8,2.8,2.8,2.9,2.9,2.9,3.0,3.0,3.0,3.0,3.1,3.1,3.1,3.2,3.2,3.2,3.3,3.3,3.3
66,HD127334,28.7,3.1,2.2,2.2,0.91,+,2.3,2.3,2.3,2.3,2.3,2.3,2.3,2.3,2.2,2.2,2.1,2.0,1.9,1.9,1.8,1.7,1.6,1.4,1.3,1.2,1.1,1.1,1.2,1.3,1.3,1.4,1.4,1.5,1.5,1.6,1.6,1.7,1.7,1.7,1.8,1.8,1.8,1.9,1.9,1.9,1.9,1.9
67,HD12800,0.0,-7.0,0.0,-7.0,-99.9,?,-7.0,-7.0,-7.0,-7.0,-7.0,-7.0,-7.0,-7.0,-7.0,-7.0,-7.0,-7.0,-7.0,-7.0,-7.0,-7.0,-7.0,-7.0,-7.0,-7.0,-7.0,6.8,6.8,6.8,6.8,6.8,6.8,6.8,6.8,6.8,6.8,6.8,6.8,6.8,6.8,6.8,6.8,6.8,6.8,6.8,6.8,6.8
68,HD128165,6.9,12.6,3.9,17.6,0.95,+,17.5,17.7,17.4,16.9,16.4,16.0,15.6,15.0,14.4,14.0,14.1,14.9,16.0,17.0,17.5,17.5,17.1,16.7,16.4,16.3,16.2,2.2,2.4,2.5,2.5,2.4,2.4,2.5,2.6,2.7,2.6,2.5,2.4,2.5,2.7,2.9,3.1,3.2,3.3,3.3,3.3,3.4
69,HD128311,0.0,82.6,0.0,82.6,-99.9,?,64.2,65.2,66.1,67.1,68.0,68.7,69.3,69.7,69.9,69.9,69.6,69.0,68.3,67.3,66.1,64.8,63.3,61.8,60.3,58.8,57.4,7.7,7.9,8.2,8.5,8.8,9.2,9.6,10.0,10.5,10.9,11.3,11.7,12.1,12.4,12.7,12.9,13.1,13.3,13.4,13.5,13.5
70,HD128332,0.0,-27.4,0.0,-27.4,-99.9,?,-27.4,-27.4,-27.4,-27.4,-27.4,-27.4,-27.4,-27.4,-27.4,-27.4,-27.4,-27.4,-27.4,-27.4,-27.4,-27.4,-27.4,-27.4,-27.4,-27.4,-27.4,14.1,14.1,14.1,14.1,14.1,14.1,14.1,14.1,14.1,14.1,14.1,14.1,14.1,14.1,14.1,14.1,14.1,14.1,14.1,14.1,14.1
71,HD128385,0.0,4.4,0.0,4.4,-99.9,?,4.4,4.4,4.4,4.4,4.4,4.4,4.4,4.4,4.4,4.4,4.4,4.4,4.4,4.4,4.4,4.4,4.4,4.4,4.4,4.4,4.4,8.4,8.4,8.4,8.4,8.4,8.4,8.4,8.4,8.4,8.4,8.4,8.4,8.4,8.4,8.4,8.4,8.4,8.4,8.4,8.4,8.4
72,HD12846,0.0,-5.8,0.0,-5.8,-99.9,?,-5.8,-5.8,-5.8,-5.8,-5.8,-5.8,-5.8,-5.8,-5.8,-5.8,-5.8,-5.8,-5.8,-5.8,-5.8,-5.8,-5.8,-5.8,-5.8,-5.8,-5.8,0.0,0.0,0.0,0.0,0.0,0.0,0.0,0.0,0.0,0.0,0.0,0.0,0.0,0.0,0.0,0.0,0.0,0.0,0.0,0.0,0.0
73,HD129814,0.0,13.7,0.0,13.7,-99.9,?,13.7,13.7,13.7,13.7,13.7,13.7,13.7,13.7,13.7,13.7,13.7,13.7,13.7,13.7,13.7,13.7,13.7,13.7,13.7,13.7,13.7,0.7,0.7,0.7,0.7,0.7,0.7,0.7,0.7,0.7,0.7,0.7,0.7,0.7,0.7,0.7,0.7,0.7,0.7,0.7,0.7,0.7
74,HD130087,7.5,-3.2,0.0,0.0,-99.9,?,0.0,0.0,0.0,0.0,0.0,0.0,0.0,0.0,0.0,0.0,0.0,0.0,0.0,0.0,0.0,0.0,0.0,0.0,0.0,0.0,0.0,13.1,13.1,13.1,13.1,13.1,13.1,13.1,13.1,13.1,13.1,13.1,13.1,13.1,13.1,13.1,13.1,13.1,13.1,13.1,13.1,13.1
75,HD13043,0.0,-9.4,0.0,-9.4,-99.9,?,-9.5,-9.5,-9.5,-9.5,-9.5,-9.5,-9.5,-9.5,-9.5,-9.5,-9.5,-9.5,-9.5,-9.5,-9.5,-9.5,-9.5,-9.5,-9.5,-9.5,-9.5,0.7,0.7,0.7,0.7,0.7,0.7,0.7,0.7,0.7,0.7,0.7,0.7,0.7,0.7,0.7,0.7,0.7,0.7,0.7,0.7,0.7
76,HD130818,20.4,-0.0,3.6,-4.0,-99.9,?,-4.0,-3.7,-3.5,-3.3,-3.1,-2.9,-2.7,-2.6,-2.4,-2.2,-2.1,-1.9,-1.8,-1.6,-1.5,-1.4,-1.3,-1.2,-1.1,-1.0,-0.9,8.3,8.4,8.5,8.6,8.6,8.7,8.8,8.8,8.9,8.9,9.0,9.0,9.0,9.0,9.1,9.1,9.1,9.1,9.1,9.1,9.1
77,HD131042,0.0,-0.6,0.0,-0.6,-99.9,?,-0.6,-0.6,-0.6,-0.6,-0.6,-0.6,-0.6,-0.6,-0.6,-0.6,-0.6,-0.6,-0.6,-0.6,-0.6,-0.6,-0.6,-0.6,-0.6,-0.6,-0.6,5.5,5.5,5.5,5.5,5.5,5.5,5.5,5.5,5.5,5.5,5.5,5.5,5.5,5.5,5.5,5.5,5.5,5.5,5.5,5.5,5.5
78,HD131511,0.0,107.8,0.0,107.8,-99.9,?,109.9,109.9,109.9,109.9,109.9,109.9,109.9,109.9,109.9,109.9,109.9,109.9,109.9,109.9,109.9,109.9,109.9,109.9,109.9,109.9,109.9,5.8,5.8,5.8,5.8,5.8,5.8,5.8,5.8,5.8,5.8,5.8,5.8,5.8,5.8,5.8,5.8,5.8,5.8,5.8,5.8,5.8
79,HD132254,0.0,0.6,0.0,0.6,-99.9,?,-11.6,-11.6,-11.6,-11.6,-11.6,-11.6,-11.6,-11.6,-11.6,-11.6,-11.6,-11.6,-11.6,-11.6,-11.6,-11.6,-11.6,-11.6,-11.6,-11.6,-11.6,6.8,6.8,6.8,6.8,6.8,6.8,6.8,6.8,6.8,6.8,6.8,6.8,6.8,6.8,6.8,6.8,6.8,6.8,6.8,6.8,6.8
80,HD1326,8.6,1.9,0.1,1.8,0.75,-,1.8,1.8,1.8,1.8,1.7,1.7,1.7,1.7,1.7,1.7,1.8,1.8,1.8,1.8,1.8,1.8,1.8,1.7,1.7,1.7,1.7,0.4,0.4,0.4,0.4,0.4,0.4,0.4,0.4,0.4,0.4,0.4,0.4,0.4,0.4,0.4,0.4,0.4,0.5,0.5,0.5,0.5
81,HD132756,0.0,-15.5,0.0,-15.5,-99.9,?,-15.5,-15.5,-15.5,-15.5,-15.5,-15.5,-15.5,-15.5,-15.5,-15.5,-15.5,-15.5,-15.5,-15.5,-15.5,-15.5,-15.5,-15.5,-15.5,-15.5,-15.5,7.4,7.4,7.4,7.4,7.4,7.4,7.4,7.4,7.4,7.4,7.4,7.4,7.4,7.4,7.4,7.4,7.4,7.4,7.4,7.4,7.4
82,HD133161,0.0,11.5,0.0,11.5,-99.9,?,11.5,11.5,11.5,11.5,11.5,11.5,11.5,11.5,11.5,11.5,11.5,11.5,11.5,11.5,11.5,11.5,11.5,11.5,11.5,11.5,11.5,3.9,3.9,3.9,3.9,3.9,3.9,3.9,3.9,3.9,3.9,3.9,3.9,3.9,3.9,3.9,3.9,3.9,3.9,3.9,3.9,3.9
83,HD13382,0.0,61.8,0.0,61.8,-99.9,?,61.8,59.5,54.9,50.7,49.2,51.3,55.5,59.2,60.4,58.2,53.6,49.4,47.9,49.9,54.0,57.7,58.9,56.7,52.2,48.0,46.4,9.7,10.8,11.6,11.8,11.3,10.5,10.2,10.5,11.3,12.5,13.4,13.5,13.0,12.2,11.8,12.1,13.0,14.2,15.1,15.3,14.7
84,HD133826,0.0,36.8,0.0,36.8,-99.9,?,36.8,36.8,36.8,36.8,36.8,36.8,36.8,36.8,36.8,36.8,36.8,36.8,36.8,36.8,36.8,36.8,36.8,36.8,36.8,36.8,36.8,8.5,8.5,8.5,8.5,8.5,8.5,8.5,8.5,8.5,8.5,8.5,8.5,8.5,8.5,8.5,8.5,8.5,8.5,8.5,8.5,8.5
85,HD13403,0.0,-7.0,0.0,-7.0,-99.9,?,-7.0,-7.0,-7.0,-7.0,-7.0,-7.0,-7.0,-7.0,-7.0,-7.0,-7.0,-7.0,-7.0,-7.0,-7.0,-7.0,-7.0,-7.0,-7.0,-7.0,-7.0,8.1,8.1,8.1,8.1,8.1,8.1,8.1,8.1,8.1,8.1,8.1,8.1,8.1,8.1,8.1,8.1,8.1,8.1,8.1,8.1,8.1
86,HD134044,0.0,14.0,0.0,14.0,-99.9,?,14.0,14.0,14.0,14.0,14.0,14.0,14.0,14.0,14.0,14.0,14.0,14.0,14.0,14.0,14.0,14.0,14.0,14.0,14.0,14.0,14.0,4.4,4.4,4.4,4.4,4.4,4.4,4.4,4.4,4.4,4.4,4.4,4.4,4.4,4.4,4.4,4.4,4.4,4.4,4.4,4.4,4.4
87,HD134083,0.0,65.7,0.0,65.7,-99.9,?,65.7,65.7,65.7,65.7,65.7,65.7,65.7,65.7,65.7,65.7,65.7,65.7,65.7,65.7,65.7,65.7,65.7,65.7,65.7,65.7,65.7,5.7,5.7,5.7,5.7,5.7,5.7,5.7,5.7,5.7,5.7,5.7,5.7,5.7,5.7,5.7,5.7,5.7,5.7,5.7,5.7,5.7
88,HD13507,0.0,108.9,0.0,108.9,-99.9,?,108.9,108.9,108.9,108.9,108.9,108.9,108.9,108.9,108.9,108.9,108.9,108.9,108.9,108.9,108.9,108.9,108.9,108.9,108.9,108.9,108.9,4.7,4.7,4.7,4.7,4.7,4.7,4.7,4.7,4.7,4.7,4.7,4.7,4.7,4.7,4.7,4.7,4.7,4.7,4.7,4.7,4.7
89,HD135101A,0.0,-5.2,0.0,-5.2,-99.9,?,-0.5,-0.5,-0.5,-0.5,-0.5,-0.5,-0.5,-0.5,-0.5,-0.5,-0.5,-0.5,-0.5,-0.5,-0.5,-0.5,-0.5,-0.5,-0.5,-0.5,-0.5,1.6,1.6,1.6,1.6,1.6,1.6,1.6,1.6,1.6,1.6,1.6,1.6,1.6,1.6,1.6,1.6,1.6,1.6,1.6,1.6,1.6
90,HD135101B,0.0,2.5,0.0,2.5,-99.9,?,2.5,2.5,2.5,2.5,2.5,2.5,2.5,2.5,2.5,2.5,2.5,2.5,2.5,2.5,2.5,2.5,2.5,2.5,2.5,2.5,2.5,3.5,3.5,3.5,3.5,3.5,3.5,3.5,3.5,3.5,3.5,3.5,3.5,3.5,3.5,3.5,3.5,3.5,3.5,3.5,3.5,3.5
91,HD135204,4.8,-0.0,0.0,0.0,-99.9,?,0.0,0.0,0.0,0.0,0.0,0.0,0.0,0.0,0.0,0.0,0.0,0.0,0.0,0.0,0.0,0.0,0.0,0.0,0.0,0.0,0.0,1.3,1.3,1.3,1.3,1.3,1.3,1.3,1.3,1.3,1.3,1.3,1.3,1.3,1.3,1.3,1.3,1.3,1.3,1.3,1.3,1.3
92,HD13531A,0.0,124.2,0.0,124.2,-99.9,?,124.2,124.2,124.2,124.2,124.2,124.2,124.2,124.2,124.2,124.2,124.2,124.2,124.2,124.2,124.2,124.2,124.2,124.2,124.2,124.2,124.2,9.3,9.3,9.3,9.3,9.3,9.3,9.3,9.3,9.3,9.3,9.3,9.3,9.3,9.3,9.3,9.3,9.3,9.3,9.3,9.3,9.3
93,HD135599,16.1,66.3,31.6,79.6,0.89,+,79.6,81.2,82.3,82.8,82.7,82.0,80.7,78.9,76.6,74.0,71.1,68.0,64.9,62.0,59.2,56.7,54.6,53.0,51.8,51.3,51.2,9.4,9.8,10.1,10.4,10.6,10.8,11.0,11.2,11.4,11.7,11.9,12.2,12.5,12.8,13.1,13.4,13.7,13.8,14.0,14.0,14.0
94,HD13579,12.7,39.0,44.5,61.4,0.97,+,61.4,62.7,62.3,60.6,57.8,54.1,49.9,45.3,40.7,36.2,31.8,27.7,24.2,21.2,19.2,18.2,18.6,20.3,23.5,27.9,33.3,5.1,5.7,6.3,6.7,6.9,6.9,6.8,6.6,6.5,6.4,6.5,6.6,6.7,6.9,7.1,7.4,7.6,7.8,8.0,8.0,8.0
95,HD136064,6.8,-14.4,6.0,-13.3,0.99,+,-13.3,-13.3,-14.0,-15.1,-16.5,-17.8,-18.7,-19.0,-18.7,-17.9,-16.7,-15.4,-14.2,-13.4,-13.1,-13.3,-14.0,-15.1,-16.3,-17.3,-18.0,8.6,8.9,9.4,9.7,9.8,9.7,9.6,9.6,9.7,9.9,9.9,9.8,9.7,9.6,9.7,10.1,10.4,10.7,10.7,10.6,10.5
96,HD136118,0.0,10.0,0.0,10.0,-99.9,?,10.0,10.0,10.0,10.0,10.0,10.0,10.0,10.0,10.0,10.0,10.0,10.0,10.0,10.0,10.0,10.0,10.0,10.0,10.0,10.0,10.0,8.8,8.8,8.8,8.8,8.8,8.8,8.8,8.8,8.8,8.8,8.8,8.8,8.8,8.8,8.8,8.8,8.8,8.8,8.8,8.8,8.8
97,HD136202,22.2,-11.9,4.5,-10.8,0.55,+,-10.8,-10.4,-10.0,-9.7,-9.3,-9.0,-8.7,-8.5,-8.3,-8.2,-8.1,-8.0,-8.1,-8.1,-8.2,-8.4,-8.6,-8.9,-9.1,-9.5,-9.8,3.5,3.5,3.5,3.5,3.5,3.6,3.6,3.6,3.6,3.6,3.6,3.6,3.6,3.6,3.6,3.6,3.6,3.6,3.6,3.6,3.6
98,HD136923,5.3,30.2,14.9,35.3,0.86,-,35.2,31.5,27.1,23.6,22.1,23.2,26.6,31.0,34.9,36.8,36.3,33.6,29.5,25.3,22.4,21.8,23.7,27.6,31.9,35.2,36.3,7.3,7.3,7.3,7.2,7.2,7.2,7.5,7.9,8.2,8.4,8.6,8.6,8.7,8.6,8.6,8.6,8.7,9.0,9.4,9.7,9.9
99,HD137778,4.3,90.6,4.9,90.7,0.01,-,86.8,87.6,89.3,91.2,92.1,91.6,89.9,87.9,86.6,86.6,87.9,89.8,91.2,91.5,90.4,88.4,86.6,85.9,86.5,88.2,89.9,6.9,6.8,6.7,6.7,6.8,7.0,7.4,7.7,8.0,8.0,7.9,7.8,7.9,8.0,8.3,8.7,9.0,9.2,9.1,9.1,9.1
100,HD138004,6.7,0.0,0.0,-0.0,0.36,+,-0.0,-0.0,-0.0,-0.0,-0.0,-0.0,-0.0,-0.0,-0.0,-0.0,-0.0,-0.0,-0.0,-0.0,-0.0,-0.0,-0.0,-0.0,-0.0,-0.0,-0.0,3.2,3.2,3.2,3.2,3.2,3.2,3.2,3.2,3.2,3.2,3.2,3.2,3.2,3.2,3.2,3.2,3.2,3.2,3.2,3.2,3.2
101,HD13825,0.0,-1.6,0.0,-1.6,-99.9,?,-1.6,-1.6,-1.6,-1.6,-1.6,-1.6,-1.6,-1.6,-1.6,-1.6,-1.6,-1.6,-1.6,-1.6,-1.6,-1.6,-1.6,-1.6,-1.6,-1.6,-1.6,3.8,3.8,3.8,3.8,3.8,3.8,3.8,3.8,3.8,3.8,3.8,3.8,3.8,3.8,3.8,3.8,3.8,3.8,3.8,3.8,3.8
102,HD138573,0.0,1.7,0.0,1.7,-99.9,?,1.7,1.7,1.7,1.7,1.7,1.7,1.7,1.7,1.7,1.7,1.7,1.7,1.7,1.7,1.7,1.7,1.7,1.7,1.7,1.7,1.7,5.7,5.7,5.7,5.7,5.7,5.7,5.7,5.7,5.7,5.7,5.7,5.7,5.7,5.7,5.7,5.7,5.7,5.7,5.7,5.7,5.7
103,HD138763,7.8,133.7,14.2,143.7,0.96,+,143.7,144.3,143.8,142.3,139.9,137.1,134.4,132.1,130.6,130.2,130.9,132.6,135.1,137.9,140.6,142.7,144.0,144.2,143.3,141.4,138.8,16.5,16.1,16.3,17.0,18.0,18.9,19.7,20.3,20.9,21.6,22.3,22.9,23.2,23.2,22.8,22.3,21.9,22.0,22.6,23.5,24.5
104,HD1388,27.4,3.5,0.8,-0.4,-99.9,?,1.4,1.4,1.4,1.4,1.4,1.4,1.4,1.4,1.4,1.4,1.4,1.4,1.4,1.4,1.4,1.4,1.4,1.4,1.4,1.4,1.4,1.8,1.8,1.8,1.8,1.8,1.8,1.8,1.8,1.8,1.8,1.8,1.8,1.8,1.8,1.8,1.8,1.8,1.8,1.8,1.8,1.8
105,HD13931,0.0,12.2,0.0,12.2,-99.9,?,13.1,13.1,13.1,13.1,13.1,13.1,13.1,13.1,13.1,13.1,13.1,13.1,13.1,13.1,13.1,13.1,13.1,13.1,13.1,13.1,13.1,2.8,2.8,2.8,2.8,2.8,2.8,2.8,2.8,2.8,2.8,2.8,2.8,2.8,2.8,2.8,2.8,2.8,2.8,2.8,2.8,2.8
106,HD139323,8.3,15.5,14.6,5.7,-0.0,+,5.8,6.3,7.8,10.0,12.7,15.2,17.4,18.6,18.9,18.1,16.6,14.5,12.0,9.6,7.4,5.6,4.6,4.4,5.1,6.8,9.1,2.4,2.5,2.6,2.7,2.8,3.0,3.1,3.2,3.2,3.2,3.1,3.1,3.0,3.0,3.0,3.0,3.1,3.2,3.3,3.4,3.5
107,HD139324,0.0,3.6,0.0,3.6,-99.9,?,5.3,5.3,5.3,5.3,5.3,5.3,5.3,5.3,5.3,5.3,5.3,5.3,5.3,5.3,5.3,5.3,5.3,5.3,5.3,5.3,5.3,7.9,7.9,7.9,7.9,7.9,7.9,7.9,7.9,7.9,7.9,7.9,7.9,7.9,7.9,7.9,7.9,7.9,7.9,7.9,7.9,7.9
108,HD139389,0.0,39.9,0.0,39.9,-99.9,?,39.9,39.9,39.9,39.9,39.9,39.9,39.9,39.9,39.9,39.9,39.9,39.9,39.9,39.9,39.9,39.9,39.9,39.9,39.9,39.9,39.9,8.5,8.5,8.5,8.5,8.5,8.5,8.5,8.5,8.5,8.5,8.5,8.5,8.5,8.5,8.5,8.5,8.5,8.5,8.5,8.5,8.5
109,HD139457,7.3,-18.7,5.4,-16.3,0.71,+,-16.0,-15.1,-14.7,-14.9,-15.5,-16.6,-17.9,-19.1,-20.0,-20.4,-20.2,-19.5,-18.4,-17.1,-15.8,-14.8,-14.1,-14.1,-14.5,-15.5,-16.6,4.1,4.2,4.3,4.4,4.5,4.6,4.7,4.8,4.9,4.9,4.9,4.9,4.9,4.9,4.9,5.0,5.1,5.3,5.4,5.5,5.6
110,HD139590,0.0,-2.5,0.0,-2.5,-99.9,?,-0.3,-0.3,-0.3,-0.3,-0.3,-0.3,-0.3,-0.3,-0.3,-0.3,-0.3,-0.3,-0.3,-0.3,-0.3,-0.3,-0.3,-0.3,-0.3,-0.3,-0.3,5.2,5.2,5.2,5.2,5.2,5.2,5.2,5.2,5.2,5.2,5.2,5.2,5.2,5.2,5.2,5.2,5.2,5.2,5.2,5.2,5.2
111,HD13974,0.0,46.0,0.0,46.0,-99.9,?,46.6,45.8,44.9,43.8,42.8,41.7,40.7,39.8,39.0,38.4,38.0,37.8,37.7,37.9,38.3,38.9,39.6,40.4,41.3,42.2,43.2,6.1,6.4,6.7,6.9,6.9,6.9,6.8,6.5,6.2,5.9,5.5,5.2,4.9,4.6,4.5,4.4,4.4,4.5,4.5,4.6,4.7
112,HD139813,16.1,130.1,4.6,161.5,-99.9,?,160.2,160.6,160.9,161.2,161.4,161.6,161.8,161.9,161.9,162.0,162.0,161.9,161.8,161.7,161.6,161.4,161.1,160.8,160.5,160.2,159.8,18.6,19.4,20.2,21.0,21.8,22.7,23.5,24.4,25.2,26.1,27.0,27.9,28.8,29.7,30.6,31.5,32.5,33.4,34.4,35.3,36.3
113,HD140538,10.2,20.2,38.1,30.7,0.8,-,47.0,50.9,53.7,55.3,55.7,55.2,53.9,52.3,50.3,48.3,46.1,43.9,41.5,39.1,36.7,34.5,32.7,31.5,31.3,32.0,33.8,5.7,5.9,6.1,6.4,6.6,6.8,7.0,7.3,7.7,8.1,8.5,9.0,9.3,9.6,9.8,9.8,9.8,9.8,9.8,10.1,10.6
114,HD141004,29.8,8.0,7.0,12.0,0.99,+,18.8,18.7,18.5,18.4,18.2,18.0,17.8,17.6,17.4,17.2,16.9,16.7,16.5,16.3,16.1,15.9,15.7,15.5,15.3,15.2,15.0,1.6,1.7,1.7,1.7,1.8,1.8,1.8,1.9,1.9,1.9,2.0,2.0,2.0,2.0,2.1,2.1,2.1,2.1,2.1,2.2,2.2
115,HD141039,0.0,6.0,0.0,6.0,-99.9,?,6.0,6.0,6.0,6.0,6.0,6.0,6.0,6.0,6.0,6.0,6.0,6.0,6.0,6.0,6.0,6.0,6.0,6.0,6.0,6.0,6.0,8.5,8.5,8.5,8.5,8.5,8.5,8.5,8.5,8.5,8.5,8.5,8.5,8.5,8.5,8.5,8.5,8.5,8.5,8.5,8.5,8.5
116,HD141272,18.2,101.7,20.8,91.6,0.16,+,104.4,104.4,104.4,104.4,104.4,104.4,104.4,104.4,104.4,104.4,104.4,104.4,104.4,104.4,104.4,104.4,104.4,104.4,104.4,104.4,104.4,6.7,6.7,6.7,6.7,6.7,6.7,6.7,6.7,6.7,6.7,6.7,6.7,6.7,6.7,6.7,6.7,6.7,6.7,6.7,6.7,6.7
117,HD141399,0.0,-6.7,0.0,-6.7,-99.9,?,-6.7,-6.7,-6.7,-6.7,-6.7,-6.7,-6.7,-6.7,-6.7,-6.7,-6.7,-6.7,-6.7,-6.7,-6.7,-6.7,-6.7,-6.7,-6.7,-6.7,-6.7,2.1,2.1,2.1,2.1,2.1,2.1,2.1,2.1,2.1,2.1,2.1,2.1,2.1,2.1,2.1,2.1,2.1,2.1,2.1,2.1,2.1
118,HD142373,11.3,0.3,0.0,0.0,0.87,+,-12.3,-12.3,-12.3,-12.3,-12.3,-12.3,-12.3,-12.3,-12.3,-12.3,-12.3,-12.3,-12.3,-12.3,-12.3,-12.3,-12.3,-12.3,-12.3,-12.3,-12.3,1.6,1.6,1.6,1.6,1.6,1.6,1.6,1.6,1.6,1.6,1.6,1.6,1.6,1.6,1.6,1.6,1.6,1.6,1.6,1.6,1.6
119,HD142860,0.0,-19.8,0.0,-19.8,-99.9,?,-34.6,-34.6,-34.6,-34.6,-34.6,-34.6,-34.6,-34.6,-34.6,-34.6,-34.6,-34.6,-34.6,-34.6,-34.6,-34.6,-34.6,-34.6,-34.6,-34.6,-34.6,4.8,4.8,4.8,4.8,4.8,4.8,4.8,4.8,4.8,4.8,4.8,4.8,4.8,4.8,4.8,4.8,4.8,4.8,4.8,4.8,4.8
120,HD14348,0.0,13.4,0.0,13.4,-99.9,?,13.4,13.4,13.4,13.4,13.4,13.4,13.4,13.4,13.4,13.4,13.4,13.4,13.4,13.4,13.4,13.4,13.4,13.4,13.4,13.4,13.4,11.5,11.5,11.5,11.5,11.5,11.5,11.5,11.5,11.5,11.5,11.5,11.5,11.5,11.5,11.5,11.5,11.5,11.5,11.5,11.5,11.5
121,HD143761,0.0,-6.8,0.0,-6.8,-99.9,?,-3.1,-3.1,-3.1,-3.1,-3.1,-3.2,-3.2,-3.2,-3.2,-3.2,-3.2,-3.2,-3.2,-3.2,-3.2,-3.2,-3.2,-3.2,-3.2,-3.2,-3.2,0.9,1.0,1.0,1.0,1.0,1.0,1.0,1.0,1.0,1.0,1.0,1.0,1.0,1.0,1.0,1.0,1.0,1.0,1.0,1.0,1.1
122,HD144061,0.0,10.3,0.0,10.3,-99.9,?,10.3,10.3,10.3,10.3,10.3,10.3,10.3,10.3,10.3,10.3,10.3,10.3,10.3,10.3,10.3,10.3,10.3,10.3,10.3,10.3,10.3,9.0,9.0,9.0,9.0,9.0,9.0,9.0,9.0,9.0,9.0,9.0,9.0,9.0,9.0,9.0,9.0,9.0,9.0,9.0,9.0,9.0
123,HD144287,0.0,-3.2,0.0,-3.2,-99.9,?,-3.2,-3.2,-3.2,-3.2,-3.2,-3.2,-3.2,-3.2,-3.2,-3.2,-3.2,-3.2,-3.2,-3.2,-3.2,-3.2,-3.2,-3.2,-3.2,-3.2,-3.2,2.2,2.2,2.2,2.2,2.2,2.2,2.2,2.2,2.2,2.2,2.2,2.2,2.2,2.2,2.2,2.2,2.2,2.2,2.2,2.2,2.2
124,HD144579,0.0,-4.3,0.0,-4.3,-99.9,?,-2.9,-2.8,-2.7,-2.6,-2.6,-2.6,-2.6,-2.6,-2.7,-2.8,-2.9,-3.0,-3.1,-3.2,-3.4,-3.5,-3.5,-3.6,-3.6,-3.6,-3.6,0.8,0.8,0.8,0.8,0.8,0.9,0.9,0.9,0.9,0.9,0.9,0.9,0.9,0.8,0.8,0.8,0.8,0.8,0.8,0.8,0.8
125,HD144585,24.6,6.2,7.4,7.6,-99.9,?,8.5,7.6,6.9,6.3,5.8,5.5,5.2,5.1,4.9,4.8,4.7,4.5,4.3,3.9,3.5,3.1,2.5,2.0,1.5,1.0,0.6,2.5,2.5,2.5,2.5,2.5,2.5,2.5,2.5,2.4,2.4,2.4,2.3,2.3,2.3,2.3,2.3,2.3,2.3,2.3,2.3,2.3
126,HD145229,8.3,81.7,6.2,86.0,0.17,-,79.9,79.9,79.9,79.9,79.9,79.9,79.9,79.9,79.9,79.9,79.9,79.9,79.9,79.9,79.9,79.9,79.9,79.9,79.9,79.9,79.9,1.8,1.8,1.8,1.8,1.8,1.8,1.8,1.8,1.8,1.8,1.8,1.8,1.8,1.8,1.8,1.8,1.8,1.8,1.8,1.8,1.8
127,HD145435,3.7,-6.8,3.1,-3.6,-99.9,?,-3.4,-3.2,-3.1,-2.9,-2.8,-2.6,-2.5,-2.4,-2.2,-2.1,-2.0,-1.9,-1.8,-1.6,-1.5,-1.4,-1.3,-1.2,-1.1,-1.1,-1.0,6.4,6.5,6.7,6.8,6.9,7.0,7.1,7.3,7.4,7.5,7.6,7.7,7.8,7.9,8.0,8.1,8.2,8.3,8.3,8.4,8.5
128,HD145675,0.0,5.3,0.0,5.3,-99.9,?,6.2,6.2,6.3,6.4,6.6,6.7,6.9,7.1,7.3,7.5,7.8,8.0,8.3,8.6,8.8,9.1,9.3,9.6,9.8,10.0,10.3,1.7,1.8,1.8,1.9,1.9,1.9,2.0,2.0,2.1,2.1,2.1,2.1,2.2,2.2,2.2,2.2,2.2,2.2,2.2,2.2,2.2
129,HD1461,20.6,2.8,1.5,2.5,0.77,+,2.3,2.3,2.3,2.3,2.3,2.3,2.3,2.3,2.3,2.3,2.3,2.3,2.3,2.3,2.3,2.3,2.3,2.3,2.3,2.3,2.3,0.8,0.8,0.8,0.8,0.8,0.8,0.8,0.8,0.8,0.8,0.8,0.8,0.8,0.8,0.8,0.8,0.8,0.8,0.8,0.8,0.8
130,HD146233,29.8,10.2,9.1,2.8,1.34,-,2.6,3.5,4.2,4.5,4.3,3.8,3.0,2.0,1.1,0.4,-0.0,-0.0,0.4,1.2,2.1,2.8,3.3,3.3,3.0,2.3,1.6,1.2,1.3,1.4,1.4,1.4,1.4,1.4,1.4,1.4,1.4,1.4,1.5,1.5,1.6,1.7,1.8,1.8,1.9,1.9,1.9,1.9
131,HD146362,29.9,58.2,19.7,47.7,0.26,-,46.2,46.2,46.2,46.2,46.2,46.2,46.2,46.2,46.2,46.2,46.2,46.2,46.2,46.2,46.2,46.2,46.2,46.2,46.2,46.2,46.2,4.4,4.4,4.4,4.4,4.4,4.4,4.4,4.4,4.4,4.4,4.4,4.4,4.4,4.4,4.4,4.4,4.4,4.4,4.4,4.4,4.4
132,HD147044,8.6,0.4,0.0,0.0,-99.9,?,0.0,0.0,0.0,0.0,0.0,0.0,0.0,0.0,0.0,0.0,0.0,0.0,0.0,0.0,0.0,0.0,0.0,0.0,0.0,0.0,0.0,3.2,3.2,3.2,3.2,3.2,3.2,3.2,3.2,3.2,3.2,3.2,3.2,3.2,3.2,3.2,3.2,3.2,3.2,3.2,3.2,3.2
133,HD147062,0.0,-12.3,0.0,-12.3,-99.9,?,-12.3,-12.3,-12.3,-12.3,-12.3,-12.3,-12.3,-12.3,-12.3,-12.3,-12.3,-12.3,-12.3,-12.3,-12.3,-12.3,-12.3,-12.3,-12.3,-12.3,-12.3,6.1,6.1,6.1,6.1,6.1,6.1,6.1,6.1,6.1,6.1,6.1,6.1,6.1,6.1,6.1,6.1,6.1,6.1,6.1,6.1,6.1
134,HD147512,0.0,-1.0,0.0,-1.0,-99.9,?,-1.0,-1.0,-1.0,-1.0,-1.0,-1.0,-1.0,-1.0,-1.0,-1.0,-1.0,-1.0,-1.0,-1.0,-1.0,-1.0,-1.0,-1.0,-1.0,-1.0,-1.0,1.2,1.2,1.2,1.2,1.2,1.2,1.2,1.2,1.2,1.2,1.2,1.2,1.2,1.2,1.2,1.2,1.2,1.2,1.2,1.2,1.2
135,HD148049,0.0,-0.1,0.0,-0.1,-99.9,?,-0.1,-0.1,-0.1,-0.1,-0.1,-0.1,-0.1,-0.1,-0.1,-0.1,-0.1,-0.1,-0.1,-0.1,-0.1,-0.1,-0.1,-0.1,-0.1,-0.1,-0.1,2.3,2.3,2.3,2.3,2.3,2.3,2.3,2.3,2.3,2.3,2.3,2.3,2.3,2.3,2.3,2.3,2.3,2.3,2.3,2.3,2.3
136,HD148816,0.0,1.5,0.0,1.5,-99.9,?,1.5,1.5,1.5,1.5,1.5,1.5,1.5,1.5,1.5,1.5,1.5,1.5,1.5,1.5,1.5,1.5,1.5,1.5,1.5,1.5,1.5,0.6,0.6,0.6,0.6,0.6,0.6,0.6,0.6,0.6,0.6,0.6,0.6,0.6,0.6,0.6,0.6,0.6,0.6,0.6,0.6,0.6
137,HD149200,0.0,2.3,0.0,2.3,-99.9,?,4.8,4.8,4.8,4.8,4.8,4.8,4.8,4.8,4.8,4.8,4.8,4.8,4.8,4.8,4.8,4.8,4.8,4.8,4.8,4.8,4.8,4.3,4.3,4.3,4.3,4.3,4.3,4.3,4.3,4.3,4.3,4.3,4.3,4.3,4.3,4.3,4.3,4.3,4.3,4.3,4.3,4.3
138,HD149661,13.9,54.5,7.1,56.5,0.48,+,57.0,57.6,58.3,58.8,59.2,59.5,59.6,59.6,59.4,59.1,58.6,58.0,57.3,56.5,55.8,55.1,54.4,53.8,53.3,52.9,52.7,4.7,4.7,4.8,4.8,4.9,4.9,5.0,5.0,5.0,5.1,5.1,5.2,5.2,5.3,5.4,5.5,5.6,5.7,5.8,5.9,6.0
139,HD150177,0.0,9.2,0.0,9.2,-99.9,?,9.2,9.2,9.2,9.2,9.2,9.2,9.2,9.2,9.2,9.2,9.2,9.2,9.2,9.2,9.2,9.2,9.2,9.2,9.2,9.2,9.2,1.0,1.0,1.0,1.0,1.0,1.0,1.0,1.0,1.0,1.0,1.0,1.0,1.0,1.0,1.0,1.0,1.0,1.0,1.0,1.0,1.0
140,HD150433,27.6,0.7,0.8,-0.9,-99.9,?,-3.0,-3.0,-3.0,-3.0,-3.0,-3.0,-3.0,-3.0,-3.0,-3.0,-3.0,-3.0,-3.0,-3.0,-3.0,-3.0,-3.0,-3.0,-3.0,-3.0,-3.0,1.2,1.2,1.2,1.2,1.2,1.2,1.2,1.2,1.2,1.2,1.2,1.2,1.2,1.2,1.2,1.2,1.2,1.2,1.2,1.2,1.2
141,HD150706,27.9,74.4,31.5,56.4,0.12,-,56.4,54.8,53.4,52.3,51.4,50.8,50.4,50.3,50.5,50.9,51.5,52.3,53.4,54.6,56.0,57.6,59.3,61.0,62.9,64.8,66.7,8.3,8.2,8.1,8.0,7.8,7.7,7.6,7.5,7.5,7.5,7.5,7.5,7.5,7.6,7.6,7.7,7.8,7.8,7.9,7.9,7.9
142,HD15095,0.0,4.4,0.0,4.4,-99.9,?,4.4,4.4,4.4,4.4,4.4,4.4,4.4,4.4,4.4,4.4,4.4,4.4,4.4,4.4,4.4,4.4,4.4,4.4,4.4,4.4,4.4,12.9,12.9,12.9,12.9,12.9,12.9,12.9,12.9,12.9,12.9,12.9,12.9,12.9,12.9,12.9,12.9,12.9,12.9,12.9,12.9,12.9
143,HD151044,0.0,12.3,0.0,12.3,-99.9,?,12.3,12.3,12.3,12.3,12.3,12.3,12.3,12.3,12.3,12.3,12.3,12.3,12.3,12.3,12.3,12.3,12.3,12.3,12.3,12.3,12.3,0.8,0.8,0.8,0.8,0.8,0.8,0.8,0.8,0.8,0.8,0.8,0.8,0.8,0.8,0.8,0.8,0.8,0.8,0.8,0.8,0.8
144,HD151288,5.7,14.6,2.5,13.7,0.09,-,15.2,14.9,14.5,14.2,14.1,14.1,14.2,14.5,14.8,15.2,15.5,15.8,15.9,15.8,15.7,15.4,15.0,14.7,14.3,14.1,14.0,1.1,1.1,1.1,1.1,1.1,1.2,1.2,1.2,1.2,1.2,1.2,1.2,1.2,1.3,1.3,1.3,1.3,1.3,1.3,1.3,1.4
145,HD151541,0.0,-2.7,0.0,-2.7,-99.9,?,-2.7,-2.7,-2.7,-2.7,-2.7,-2.7,-2.7,-2.7,-2.7,-2.7,-2.7,-2.7,-2.7,-2.7,-2.7,-2.7,-2.7,-2.7,-2.7,-2.7,-2.7,2.0,2.0,2.0,2.0,2.0,2.0,2.0,2.0,2.0,2.0,2.0,2.0,2.0,2.0,2.0,2.0,2.0,2.0,2.0,2.0,2.0
146,HD152391,22.4,58.3,98.2,88.2,0.81,+,16.0,15.0,13.8,12.5,10.8,9.0,7.0,4.7,2.4,-0.0,-2.4,-4.7,-6.9,-8.9,-10.7,-12.3,-13.6,-14.7,-15.6,-16.4,-17.1,13.6,14.0,14.3,14.6,14.9,15.1,15.4,15.8,16.1,16.6,17.2,17.8,18.5,19.4,20.2,21.2,22.2,23.1,24.1,25.1,26.0
147,HD152446,3.6,0.8,0.0,-0.0,-0.3,+,-0.0,-0.0,-0.0,-0.0,-0.0,-0.0,-0.0,-0.0,-0.0,-0.0,-0.0,-0.0,-0.0,-0.0,-0.0,-0.0,-0.0,-0.0,-0.0,-0.0,-0.0,9.3,9.3,9.3,9.3,9.3,9.3,9.3,9.3,9.3,9.3,9.3,9.3,9.3,9.3,9.3,9.3,9.3,9.3,9.3,9.3,9.3
148,HD15326,0.0,-2.6,0.0,-2.6,-99.9,?,-2.6,-2.6,-2.6,-2.6,-2.6,-2.6,-2.6,-2.6,-2.6,-2.6,-2.6,-2.6,-2.6,-2.6,-2.6,-2.6,-2.6,-2.6,-2.6,-2.6,-2.6,13.9,13.9,13.9,13.9,13.9,13.9,13.9,13.9,13.9,13.9,13.9,13.9,13.9,13.9,13.9,13.9,13.9,13.9,13.9,13.9,13.9
149,HD153344,0.0,4.1,0.0,4.1,-99.9,?,4.1,4.1,4.1,4.1,4.1,4.1,4.1,4.1,4.1,4.1,4.1,4.1,4.1,4.1,4.1,4.1,4.1,4.1,4.1,4.1,4.1,11.4,11.4,11.4,11.4,11.4,11.4,11.4,11.4,11.4,11.4,11.4,11.4,11.4,11.4,11.4,11.4,11.4,11.4,11.4,11.4,11.4
150,HD153376,0.0,-2.4,0.0,-2.4,-99.9,?,-2.4,-2.4,-2.4,-2.4,-2.4,-2.4,-2.4,-2.4,-2.4,-2.4,-2.4,-2.4,-2.4,-2.4,-2.4,-2.4,-2.4,-2.4,-2.4,-2.4,-2.4,2.4,2.4,2.4,2.4,2.4,2.4,2.4,2.4,2.4,2.4,2.4,2.4,2.4,2.4,2.4,2.4,2.4,2.4,2.4,2.4,2.4
151,HD153597,0.0,44.4,0.0,44.4,-99.9,?,44.4,44.4,44.4,44.4,44.4,44.4,44.4,44.4,44.4,44.4,44.4,44.4,44.4,44.4,44.4,44.4,44.4,44.4,44.4,44.4,44.4,0.8,0.8,0.8,0.8,0.8,0.8,0.8,0.8,0.8,0.8,0.8,0.8,0.8,0.8,0.8,0.8,0.8,0.8,0.8,0.8,0.8
152,HD153627,4.0,8.9,0.4,8.7,-99.9,?,8.7,8.7,8.7,8.7,8.7,8.7,8.7,8.6,8.6,8.6,8.6,8.6,8.6,8.6,8.5,8.5,8.5,8.5,8.5,8.5,8.4,2.3,2.3,2.4,2.4,2.4,2.5,2.5,2.5,2.6,2.6,2.7,2.7,2.7,2.8,2.8,2.8,2.9,2.9,3.0,3.0,3.0
153,HD153631,0.0,0.5,0.0,0.5,-99.9,?,0.5,0.5,0.5,0.5,0.5,0.5,0.5,0.5,0.5,0.5,0.5,0.5,0.5,0.5,0.5,0.5,0.5,0.5,0.5,0.5,0.5,5.5,5.5,5.5,5.5,5.5,5.5,5.5,5.5,5.5,5.5,5.5,5.5,5.5,5.5,5.5,5.5,5.5,5.5,5.5,5.5,5.5
154,HD154345,0.0,9.6,0.0,9.6,-99.9,?,9.6,9.6,9.6,9.6,9.6,9.6,9.6,9.6,9.6,9.6,9.6,9.6,9.6,9.6,9.6,9.6,9.6,9.6,9.6,9.6,9.6,3.1,3.1,3.1,3.1,3.1,3.1,3.1,3.1,3.1,3.1,3.1,3.1,3.1,3.1,3.1,3.1,3.1,3.1,3.1,3.1,3.1
155,HD154363,9.4,7.1,9.0,1.9,0.04,+,3.0,3.4,4.4,5.7,7.2,8.6,9.9,10.7,11.2,11.2,10.8,10.2,9.3,8.3,7.1,5.9,4.8,3.8,3.1,2.9,3.2,0.9,1.0,1.1,1.2,1.3,1.3,1.4,1.4,1.4,1.4,1.3,1.2,1.1,1.0,1.0,1.0,1.0,1.1,1.1,1.2,1.2
156,HD154417,24.6,84.5,16.0,86.1,0.93,-,86.0,85.5,84.8,84.0,83.2,82.3,81.4,80.5,79.5,78.5,77.5,76.6,75.6,74.7,73.9,73.1,72.4,71.8,71.2,70.8,70.5,6.3,6.3,6.3,6.3,6.3,6.3,6.4,6.5,6.5,6.7,6.8,7.0,7.1,7.3,7.5,7.8,8.0,8.2,8.5,8.8,9.0
157,HD154962,0.0,2.4,0.0,2.4,-99.9,?,2.4,2.4,2.4,2.4,2.4,2.4,2.4,2.4,2.4,2.4,2.4,2.4,2.4,2.4,2.4,2.4,2.4,2.4,2.4,2.4,2.4,2.9,2.9,2.9,2.9,2.9,2.9,2.9,2.9,2.9,2.9,2.9,2.9,2.9,2.9,2.9,2.9,2.9,2.9,2.9,2.9,2.9
158,HD155060,8.8,-0.6,0.0,-0.0,-99.9,?,-0.0,-0.0,-0.0,-0.0,-0.0,-0.0,-0.0,-0.0,-0.0,-0.0,-0.0,-0.0,-0.0,-0.0,-0.0,-0.0,-0.0,-0.0,-0.0,-0.0,-0.0,3.5,3.5,3.5,3.5,3.5,3.5,3.5,3.5,3.5,3.5,3.5,3.5,3.5,3.5,3.5,3.5,3.5,3.5,3.5,3.5,3.5
159,HD155423,0.0,15.9,0.0,15.9,-99.9,?,15.9,15.9,15.9,15.9,15.9,15.9,15.9,15.9,15.9,15.9,15.9,15.9,15.9,15.9,15.9,15.9,15.9,15.9,15.9,15.9,15.9,0.8,0.8,0.8,0.8,0.8,0.8,0.8,0.8,0.8,0.8,0.8,0.8,0.8,0.8,0.8,0.8,0.8,0.8,0.8,0.8,0.8
160,HD1562,0.0,-0.1,0.0,-0.1,-99.9,?,-0.1,-0.1,-0.1,-0.1,-0.1,-0.1,-0.1,-0.1,-0.1,-0.1,-0.1,-0.1,-0.1,-0.1,-0.1,-0.1,-0.1,-0.1,-0.1,-0.1,-0.1,6.4,6.4,6.4,6.4,6.4,6.4,6.4,6.4,6.4,6.4,6.4,6.4,6.4,6.4,6.4,6.4,6.4,6.4,6.4,6.4,6.4
161,HD157214,0.0,-6.1,0.0,-6.1,-99.9,?,-3.2,-3.2,-3.2,-3.2,-3.2,-3.2,-3.2,-3.2,-3.2,-3.2,-3.2,-3.2,-3.2,-3.2,-3.2,-3.2,-3.2,-3.2,-3.2,-3.2,-3.2,5.0,5.0,5.0,5.0,5.0,5.0,5.0,5.0,5.0,5.0,5.0,5.0,5.0,5.0,5.0,5.0,5.0,5.0,5.0,5.0,5.0
162,HD157347,0.0,-0.4,0.0,-0.4,-99.9,?,-0.5,-0.5,-0.5,-0.5,-0.5,-0.5,-0.5,-0.5,-0.5,-0.5,-0.5,-0.5,-0.5,-0.5,-0.5,-0.5,-0.5,-0.5,-0.5,-0.5,-0.5,1.0,1.0,1.0,1.0,1.0,1.0,1.0,1.0,1.0,1.0,1.0,1.0,1.0,1.0,1.0,1.0,1.0,1.0,1.0,1.0,1.0
163,HD157373,0.0,-13.1,0.0,-13.1,-99.9,?,-13.1,-13.1,-13.1,-13.1,-13.1,-13.1,-13.1,-13.1,-13.1,-13.1,-13.1,-13.1,-13.1,-13.1,-13.1,-13.1,-13.1,-13.1,-13.1,-13.1,-13.1,15.8,15.8,15.8,15.8,15.8,15.8,15.8,15.8,15.8,15.8,15.8,15.8,15.8,15.8,15.8,15.8,15.8,15.8,15.8,15.8,15.8
164,HD157466,0.0,9.7,0.0,9.7,-99.9,?,9.7,9.7,9.7,9.7,9.7,9.7,9.7,9.7,9.7,9.7,9.7,9.7,9.7,9.7,9.7,9.7,9.7,9.7,9.7,9.7,9.7,2.6,2.6,2.6,2.6,2.6,2.6,2.6,2.6,2.6,2.6,2.6,2.6,2.6,2.6,2.6,2.6,2.6,2.6,2.6,2.6,2.6
165,HD157881,11.6,22.4,8.6,25.2,0.78,+,24.7,24.5,24.2,23.8,23.1,22.1,21.0,19.8,18.8,18.2,18.1,18.6,19.6,21.1,22.7,24.2,25.3,26.0,26.1,25.9,25.4,2.7,2.8,2.7,2.7,2.6,2.6,2.5,2.5,2.5,2.6,2.6,2.6,2.6,2.6,2.6,2.6,2.6,2.7,2.7,2.9,3.0
166,HD15814,10.7,2.5,0.1,-0.1,-99.9,?,-0.1,-0.1,-0.1,-0.0,-0.0,-0.0,-0.0,-0.0,-0.0,-0.0,-0.0,-0.0,-0.0,-0.0,-0.0,-0.0,-0.0,-0.0,-0.0,-0.0,-0.0,12.8,12.8,12.8,12.8,12.8,12.8,12.8,12.8,12.8,12.8,12.8,12.8,12.8,12.8,12.8,12.8,12.8,12.8,12.8,12.8,12.8
167,HD158259,27.4,15.3,9.5,8.2,-99.9,?,26.7,26.7,26.7,26.7,26.7,26.7,26.7,26.7,26.7,26.7,26.7,26.7,26.7,26.7,26.7,26.7,26.7,26.7,26.7,26.7,26.7,3.9,3.9,3.9,3.9,3.9,3.9,3.9,3.9,3.9,3.9,3.9,3.9,3.9,3.9,3.9,3.9,3.9,3.9,3.9,3.9,3.9
168,HD15830,0.0,7.7,0.0,7.7,-99.9,?,7.7,7.7,7.7,7.7,7.7,7.7,7.7,7.7,7.7,7.7,7.7,7.7,7.7,7.7,7.7,7.7,7.7,7.7,7.7,7.7,7.7,4.6,4.6,4.6,4.6,4.6,4.6,4.6,4.6,4.6,4.6,4.6,4.6,4.6,4.6,4.6,4.6,4.6,4.6,4.6,4.6,4.6
169,HD158332,0.0,7.1,0.0,7.1,-99.9,?,7.1,7.1,7.1,7.1,7.1,7.1,7.1,7.1,7.1,7.1,7.1,7.1,7.1,7.1,7.1,7.1,7.1,7.1,7.1,7.1,7.1,2.8,2.8,2.8,2.8,2.8,2.8,2.8,2.8,2.8,2.8,2.8,2.8,2.8,2.8,2.8,2.8,2.8,2.8,2.8,2.8,2.8
170,HD158633,11.9,-0.1,5.7,-2.0,0.11,-,-2.0,-2.4,-2.6,-2.6,-2.4,-1.9,-1.1,-0.1,1.0,2.0,2.7,3.0,2.9,2.6,2.1,1.5,1.0,0.6,0.3,0.0,-0.3,0.8,0.8,0.8,0.8,0.8,0.8,0.8,0.9,0.9,1.0,1.0,1.1,1.1,1.1,1.1,1.2,1.3,1.4,1.5,1.5,1.4
171,HD159062,0.0,0.0,0.0,0.0,-99.9,?,-2.3,-2.3,-2.3,-2.3,-2.3,-2.3,-2.3,-2.3,-2.3,-2.3,-2.3,-2.3,-2.3,-2.3,-2.3,-2.3,-2.3,-2.3,-2.3,-2.3,-2.3,2.9,2.9,2.9,2.9,2.9,2.9,2.9,2.9,2.9,2.9,2.9,2.9,2.9,2.9,2.9,2.9,2.9,2.9,2.9,2.9,2.9
172,HD159063,0.0,-18.2,0.0,-18.2,-99.9,?,-18.2,-18.2,-18.2,-18.2,-18.2,-18.2,-18.2,-18.2,-18.2,-18.2,-18.2,-18.2,-18.2,-18.2,-18.2,-18.2,-18.2,-18.2,-18.2,-18.2,-18.2,3.7,3.7,3.7,3.7,3.7,3.7,3.7,3.7,3.7,3.7,3.7,3.7,3.7,3.7,3.7,3.7,3.7,3.7,3.7,3.7,3.7
173,HD159222,0.0,16.1,0.0,16.1,-99.9,?,16.2,16.2,16.2,16.2,16.2,16.2,16.2,16.2,16.2,16.2,16.2,16.2,16.2,16.2,16.2,16.2,16.2,16.2,16.2,16.2,16.2,2.2,2.2,2.2,2.2,2.2,2.2,2.2,2.2,2.2,2.2,2.2,2.2,2.2,2.2,2.2,2.2,2.2,2.2,2.2,2.2,2.2
174,HD159909,16.0,0.3,0.3,0.3,0.31,-,0.0,0.0,0.0,0.0,0.0,0.0,0.0,0.0,0.0,0.0,0.0,0.0,0.0,0.0,0.0,0.0,0.0,0.0,0.0,0.0,0.0,3.5,3.5,3.5,3.5,3.5,3.5,3.5,3.5,3.5,3.5,3.5,3.5,3.5,3.5,3.5,3.5,3.5,3.5,3.5,3.5,3.5
175,HD161198,0.0,-5.3,0.0,-5.3,-99.9,?,-5.3,-5.3,-5.3,-5.3,-5.3,-5.3,-5.3,-5.3,-5.3,-5.3,-5.3,-5.3,-5.3,-5.3,-5.3,-5.3,-5.3,-5.3,-5.3,-5.3,-5.3,5.4,5.4,5.4,5.4,5.4,5.4,5.4,5.4,5.4,5.4,5.4,5.4,5.4,5.4,5.4,5.4,5.4,5.4,5.4,5.4,5.4
176,HD16141,29.4,2.5,1.2,1.3,-99.9,?,1.3,1.3,1.3,1.2,1.2,1.1,1.1,1.1,1.0,0.9,0.9,0.8,0.8,0.7,0.7,0.6,0.6,0.5,0.5,0.4,0.4,2.9,3.0,3.2,3.3,3.4,3.5,3.6,3.7,3.8,3.9,3.9,4.0,4.1,4.1,4.2,4.2,4.3,4.3,4.3,4.4,4.4
177,HD161555,0.0,2.7,0.0,2.7,-99.9,?,2.7,2.7,2.7,2.7,2.7,2.7,2.7,2.7,2.7,2.7,2.7,2.7,2.7,2.7,2.7,2.7,2.7,2.7,2.7,2.7,2.7,2.6,2.6,2.6,2.6,2.6,2.6,2.6,2.6,2.6,2.6,2.6,2.6,2.6,2.6,2.6,2.6,2.6,2.6,2.6,2.6,2.6
178,HD16160,13.5,1.4,3.4,1.6,0.32,-,1.5,1.2,1.0,0.8,0.7,0.7,0.7,0.8,1.0,1.3,1.7,2.2,2.8,3.4,3.9,4.3,4.6,4.6,4.5,4.2,3.8,1.4,1.6,1.9,2.3,2.6,2.8,3.1,3.3,3.4,3.6,3.7,3.7,3.8,3.9,3.9,3.9,4.0,4.0,4.0,4.0,4.0
179,HD16175,13.9,0.0,0.0,-0.0,-99.9,?,0.0,0.0,0.0,0.0,0.0,0.0,0.0,0.0,0.0,0.0,0.0,0.0,0.0,0.0,0.0,0.0,0.0,0.0,0.0,0.0,0.0,3.2,3.2,3.2,3.2,3.2,3.2,3.2,3.2,3.2,3.2,3.2,3.2,3.2,3.2,3.2,3.2,3.2,3.2,3.2,3.2,3.2
180,HD161897,0.0,18.4,0.0,18.4,-99.9,?,19.8,19.1,17.6,15.7,14.0,13.0,12.9,13.8,15.4,17.3,18.9,19.8,19.7,18.8,17.1,15.3,13.7,12.9,13.1,14.2,15.8,3.4,3.4,3.5,3.6,3.6,3.6,3.7,3.9,4.1,4.2,4.2,4.1,4.0,4.1,4.2,4.3,4.3,4.3,4.4,4.5,4.7
181,HD162004,0.0,-4.7,0.0,-4.7,-99.9,?,-4.7,-4.7,-4.7,-4.7,-4.7,-4.7,-4.7,-4.7,-4.7,-4.7,-4.7,-4.7,-4.7,-4.7,-4.7,-4.7,-4.7,-4.7,-4.7,-4.7,-4.7,5.2,5.2,5.2,5.2,5.2,5.2,5.2,5.2,5.2,5.2,5.2,5.2,5.2,5.2,5.2,5.2,5.2,5.2,5.2,5.2,5.2
182,HD16232,0.0,8.9,0.0,8.9,-99.9,?,8.9,8.9,8.9,8.9,8.9,8.9,8.9,8.9,8.9,8.9,8.9,8.9,8.9,8.9,8.9,8.9,8.9,8.9,8.9,8.9,8.9,1.4,1.4,1.4,1.4,1.4,1.4,1.4,1.4,1.4,1.4,1.4,1.4,1.4,1.4,1.4,1.4,1.4,1.4,1.4,1.4,1.4
183,HD162826,5.6,1.5,0.0,-0.0,0.0,+,-0.0,-0.0,-0.0,-0.0,-0.0,-0.0,-0.0,-0.0,-0.0,-0.0,-0.0,-0.0,-0.0,-0.0,-0.0,-0.0,-0.0,-0.0,-0.0,-0.0,-0.0,16.9,16.9,16.9,16.9,16.9,16.9,16.9,16.9,16.9,16.9,16.9,16.9,16.9,16.9,16.9,16.9,16.9,16.9,16.9,16.9,16.9
184,HD162917,0.0,23.7,0.0,23.7,-99.9,?,23.7,23.7,23.7,23.7,23.7,23.7,23.7,23.7,23.7,23.7,23.7,23.7,23.7,23.7,23.7,23.7,23.7,23.7,23.7,23.7,23.7,2.1,2.1,2.1,2.1,2.1,2.1,2.1,2.1,2.1,2.1,2.1,2.1,2.1,2.1,2.1,2.1,2.1,2.1,2.1,2.1,2.1
185,HD163102,0.0,18.1,0.0,18.1,-99.9,?,18.1,18.1,18.1,18.1,18.1,18.1,18.1,18.1,18.1,18.1,18.1,18.1,18.1,18.1,18.1,18.1,18.1,18.1,18.1,18.1,18.1,0.8,0.8,0.8,0.8,0.8,0.8,0.8,0.8,0.8,0.8,0.8,0.8,0.8,0.8,0.8,0.8,0.8,0.8,0.8,0.8,0.8
186,HD16397,0.0,-4.8,0.0,-4.8,-99.9,?,-4.8,-4.8,-4.8,-4.8,-4.8,-4.8,-4.8,-4.8,-4.8,-4.8,-4.8,-4.8,-4.8,-4.8,-4.8,-4.8,-4.8,-4.8,-4.8,-4.8,-4.8,0.0,0.0,0.0,0.0,0.0,0.0,0.0,0.0,0.0,0.0,0.0,0.0,0.0,0.0,0.0,0.0,0.0,0.0,0.0,0.0,0.0
187,HD164595,0.0,-1.5,0.0,-1.5,-99.9,?,-1.5,-1.5,-1.5,-1.5,-1.5,-1.5,-1.5,-1.5,-1.5,-1.5,-1.5,-1.5,-1.5,-1.5,-1.5,-1.5,-1.5,-1.5,-1.5,-1.5,-1.5,4.3,4.3,4.3,4.3,4.3,4.3,4.3,4.3,4.3,4.3,4.3,4.3,4.3,4.3,4.3,4.3,4.3,4.3,4.3,4.3,4.3
188,HD164651,11.2,-6.5,1.8,-7.2,0.04,+,-4.9,-4.9,-4.9,-4.9,-4.9,-4.9,-4.9,-4.9,-4.9,-4.9,-4.9,-4.9,-4.9,-4.9,-4.9,-4.9,-4.9,-4.9,-4.9,-4.9,-4.9,2.2,2.2,2.2,2.2,2.2,2.2,2.2,2.2,2.2,2.2,2.2,2.2,2.2,2.2,2.2,2.2,2.2,2.2,2.2,2.2,2.2
189,HD164922,0.0,-6.5,0.0,-6.5,-99.9,?,-5.8,-5.8,-6.0,-6.2,-6.5,-6.8,-7.1,-7.5,-7.8,-8.1,-8.4,-8.6,-8.8,-8.9,-8.9,-8.8,-8.7,-8.5,-8.2,-7.9,-7.6,1.9,1.9,1.9,1.9,1.9,1.9,1.9,1.8,1.8,1.8,1.8,1.8,1.8,1.8,1.8,1.8,1.9,1.9,1.9,2.0,2.1
190,HD165341A,5.3,75.5,28.0,51.7,0.05,+,56.8,55.9,55.1,54.4,53.9,53.6,53.5,53.6,54.0,54.5,55.1,55.9,56.8,57.8,58.9,59.9,60.9,61.9,62.8,63.5,64.2,12.4,12.8,13.2,13.5,13.7,13.9,14.0,14.1,14.1,14.2,14.2,14.2,14.2,14.2,14.2,14.2,14.2,14.2,14.3,14.3,14.4
191,HD165341B,14.6,70.1,30.7,9.3,1.03,+,53.2,53.2,53.2,53.2,53.2,53.2,53.2,53.2,53.2,53.2,53.2,53.2,53.2,53.2,53.2,53.2,53.2,53.2,53.2,53.2,53.2,15.5,15.5,15.5,15.5,15.5,15.5,15.5,15.5,15.5,15.5,15.5,15.5,15.5,15.5,15.5,15.5,15.5,15.5,15.5,15.5,15.5
192,HD165401,0.0,28.1,0.0,28.1,-99.9,?,28.1,28.1,28.1,28.1,28.1,28.1,28.1,28.1,28.1,28.1,28.1,28.1,28.1,28.1,28.1,28.1,28.1,28.1,28.1,28.1,28.1,3.0,3.0,3.0,3.0,3.0,3.0,3.0,3.0,3.0,3.0,3.0,3.0,3.0,3.0,3.0,3.0,3.0,3.0,3.0,3.0,3.0
193,HD166,20.5,152.6,22.2,159.9,0.89,-,153.9,152.1,150.2,148.3,146.4,144.5,142.8,141.2,139.7,138.5,137.5,136.7,136.1,135.9,135.8,136.1,136.5,137.2,138.0,139.0,140.2,13.4,13.3,13.3,13.4,13.4,13.5,13.7,13.9,14.2,14.5,14.8,15.2,15.7,16.2,16.7,17.2,17.7,18.3,18.8,19.3,19.8
194,HD166435,18.5,157.4,9.3,139.2,-0.02,+,139.3,139.0,138.8,139.0,139.3,139.8,140.5,141.3,142.2,143.1,144.1,145.1,146.0,146.8,147.4,147.9,148.2,148.3,148.1,147.7,147.1,11.7,11.9,12.2,12.6,13.1,13.5,14.0,14.4,14.8,15.2,15.6,16.1,16.5,17.0,17.5,18.1,18.8,19.4,20.2,20.9,21.6
195,HD166620,0.0,-1.7,0.0,-1.7,-99.9,?,-1.6,-1.6,-1.6,-1.6,-1.6,-1.6,-1.6,-1.6,-1.6,-1.6,-1.6,-1.6,-1.6,-1.6,-1.6,-1.6,-1.6,-1.6,-1.6,-1.6,-1.6,1.2,1.2,1.2,1.2,1.2,1.2,1.2,1.2,1.2,1.2,1.2,1.2,1.2,1.2,1.2,1.2,1.2,1.2,1.2,1.2,1.2
196,HD16673,0.0,40.8,0.0,40.8,-99.9,?,40.8,40.8,40.8,40.8,40.8,40.8,40.8,40.8,40.8,40.8,40.8,40.8,40.8,40.8,40.8,40.8,40.8,40.8,40.8,40.8,40.8,2.9,2.9,2.9,2.9,2.9,2.9,2.9,2.9,2.9,2.9,2.9,2.9,2.9,2.9,2.9,2.9,2.9,2.9,2.9,2.9,2.9
197,HD167588,0.0,4.3,0.0,4.3,-99.9,?,4.3,4.3,4.3,4.3,4.3,4.3,4.3,4.3,4.3,4.3,4.3,4.3,4.3,4.3,4.3,4.3,4.3,4.3,4.3,4.3,4.3,9.4,9.4,9.4,9.4,9.4,9.4,9.4,9.4,9.4,9.4,9.4,9.4,9.4,9.4,9.4,9.4,9.4,9.4,9.4,9.4,9.4
198,HD168009,19.3,0.7,5.2,-0.9,0.24,+,-0.9,-0.5,-0.2,0.1,0.4,0.7,1.0,1.3,1.6,1.9,2.2,2.6,2.9,3.1,3.3,3.4,3.4,3.3,3.2,2.9,2.6,2.6,2.6,2.7,2.7,2.7,2.7,2.6,2.5,2.4,2.3,2.2,2.1,2.0,2.0,2.0,2.0,2.1,2.1,2.2,2.2,2.3
199,HD168443,9.5,-1.6,4.1,-0.5,0.9,+,-0.6,-0.3,-0.3,-0.3,-0.4,-0.5,-0.8,-1.3,-1.9,-2.6,-3.3,-3.8,-4.0,-3.9,-3.4,-2.8,-2.1,-1.6,-1.1,-0.8,-0.6,1.9,1.9,1.8,1.7,1.7,1.7,1.7,1.8,1.8,1.9,1.9,1.9,2.0,2.0,2.1,2.1,2.2,2.2,2.2,2.2,2.2
200,HD168874,0.0,107.0,0.0,107.0,-99.9,?,107.0,107.0,107.0,107.0,107.0,107.0,107.0,107.0,107.0,107.0,107.0,107.0,107.0,107.0,107.0,107.0,107.0,107.0,107.0,107.0,107.0,1.3,1.3,1.3,1.3,1.3,1.3,1.3,1.3,1.3,1.3,1.3,1.3,1.3,1.3,1.3,1.3,1.3,1.3,1.3,1.3,1.3
201,HD16895,5.0,1.8,0.0,-0.0,-0.03,-,-2.1,-2.1,-2.1,-2.1,-2.1,-2.1,-2.1,-2.1,-2.1,-2.1,-2.1,-2.1,-2.1,-2.1,-2.1,-2.1,-2.1,-2.1,-2.1,-2.1,-2.1,5.8,5.8,5.8,5.8,5.8,5.8,5.8,5.8,5.8,5.8,5.8,5.8,5.8,5.8,5.8,5.8,5.8,5.8,5.8,5.8,5.8
202,HD170778,23.5,105.1,0.0,101.2,,+,101.3,101.0,100.8,100.6,100.3,100.1,99.8,99.6,99.3,99.1,98.8,98.6,98.3,98.0,97.8,97.5,97.2,97.0,96.7,96.4,96.2,15.0,15.4,15.7,16.1,16.4,16.7,17.1,17.4,17.8,18.1,18.4,18.8,19.1,19.4,19.8,20.1,20.5,20.8,21.1,21.5,21.8
203,HD171067,0.0,2.8,0.0,2.8,-99.9,?,1.7,1.7,1.7,1.7,1.7,1.7,1.7,1.7,1.7,1.7,1.7,1.7,1.7,1.7,1.7,1.7,1.7,1.7,1.7,1.7,1.7,3.2,3.2,3.2,3.2,3.2,3.2,3.2,3.2,3.2,3.2,3.2,3.2,3.2,3.2,3.2,3.2,3.2,3.2,3.2,3.2,3.2
204,HD171488,0.0,367.7,0.0,367.7,-99.9,?,367.7,367.7,367.7,367.7,367.7,367.7,367.7,367.7,367.7,367.7,367.7,367.7,367.7,367.7,367.7,367.7,367.7,367.7,367.7,367.7,367.7,25.7,25.7,25.7,25.7,25.7,25.7,25.7,25.7,25.7,25.7,25.7,25.7,25.7,25.7,25.7,25.7,25.7,25.7,25.7,25.7,25.7
205,HD172669,0.0,44.7,0.0,44.7,-99.9,?,44.7,44.7,44.7,44.7,44.7,44.7,44.7,44.7,44.7,44.7,44.7,44.7,44.7,44.7,44.7,44.7,44.7,44.7,44.7,44.7,44.7,11.3,11.3,11.3,11.3,11.3,11.3,11.3,11.3,11.3,11.3,11.3,11.3,11.3,11.3,11.3,11.3,11.3,11.3,11.3,11.3,11.3
206,HD173701,28.9,13.2,13.3,10.2,0.96,-,-0.8,-3.4,-6.1,-8.6,-11.0,-13.1,-15.0,-16.5,-17.7,-18.6,-19.0,-19.2,-19.0,-18.6,-18.0,-17.2,-16.4,-15.5,-14.6,-13.8,-13.1,5.9,6.5,7.1,7.6,8.2,8.7,9.2,9.6,10.0,10.4,10.7,11.0,11.3,11.5,11.7,11.9,12.1,12.3,12.5,12.6,12.8
207,HD173885,0.0,-4.8,0.0,-4.8,-99.9,?,-4.3,-4.3,-4.3,-4.3,-4.3,-4.3,-4.3,-4.3,-4.3,-4.3,-4.3,-4.3,-4.3,-4.3,-4.3,-4.3,-4.3,-4.3,-4.3,-4.3,-4.3,6.1,6.1,6.1,6.1,6.1,6.1,6.1,6.1,6.1,6.1,6.1,6.1,6.1,6.1,6.1,6.1,6.1,6.1,6.1,6.1,6.1
208,HD174719,0.0,23.9,0.0,23.9,-99.9,?,23.9,23.9,23.9,23.9,23.9,23.9,23.9,23.9,23.9,23.9,23.9,23.9,23.9,23.9,23.9,23.9,23.9,23.9,23.9,23.9,23.9,4.5,4.5,4.5,4.5,4.5,4.5,4.5,4.5,4.5,4.5,4.5,4.5,4.5,4.5,4.5,4.5,4.5,4.5,4.5,4.5,4.5
209,HD175726,12.6,127.7,27.8,141.6,0.89,-,141.6,139.0,135.9,132.5,129.0,125.5,122.4,119.8,117.8,116.7,116.4,117.0,118.4,120.5,123.2,126.4,129.8,133.2,136.4,139.3,141.6,11.3,11.4,11.8,12.7,13.7,14.9,16.0,17.1,18.2,19.0,19.8,20.4,20.9,21.3,21.6,21.8,21.9,21.9,21.9,21.7,21.4
210,HD176377,14.0,4.3,6.4,6.6,0.89,+,19.6,19.6,19.2,18.4,17.4,16.2,14.9,13.6,12.4,11.3,10.5,10.0,9.8,9.7,9.9,10.3,10.8,11.5,12.2,13.1,14.0,2.8,2.8,2.8,2.8,2.7,2.7,2.7,2.7,2.7,2.7,2.7,2.7,2.8,2.8,2.9,3.0,3.1,3.2,3.3,3.4,3.5
211,HD17674,0.0,1.6,0.0,1.6,-99.9,?,1.6,1.6,1.6,1.6,1.6,1.6,1.6,1.6,1.6,1.6,1.6,1.6,1.6,1.6,1.6,1.6,1.6,1.6,1.6,1.6,1.6,7.5,7.5,7.5,7.5,7.5,7.5,7.5,7.5,7.5,7.5,7.5,7.5,7.5,7.5,7.5,7.5,7.5,7.5,7.5,7.5,7.5
212,HD177758,0.0,-1.1,0.0,-1.1,-99.9,?,-1.1,-1.1,-1.1,-1.1,-1.1,-1.1,-1.1,-1.1,-1.1,-1.1,-1.1,-1.1,-1.1,-1.1,-1.1,-1.1,-1.1,-1.1,-1.1,-1.1,-1.1,0.3,0.3,0.3,0.3,0.3,0.3,0.3,0.3,0.3,0.3,0.3,0.3,0.3,0.3,0.3,0.3,0.3,0.3,0.3,0.3,0.3
213,HD17925,19.3,131.5,19.5,123.0,0.73,+,98.4,96.8,95.3,94.0,92.8,91.8,91.0,90.3,89.9,89.6,89.5,89.6,89.8,90.2,90.8,91.4,92.2,93.1,94.0,95.0,96.0,8.0,8.2,8.4,8.5,8.6,8.8,8.9,9.0,9.1,9.2,9.2,9.3,9.3,9.4,9.4,9.4,9.4,9.4,9.3,9.3,9.3
214,HD17948,5.5,0.0,0.0,0.0,-99.9,?,0.0,0.0,0.0,0.0,0.0,0.0,0.0,0.0,0.0,0.0,0.0,0.0,0.0,0.0,0.0,0.0,0.0,0.0,0.0,0.0,0.0,4.0,4.0,4.0,4.0,4.0,4.0,4.0,4.0,4.0,4.0,4.0,4.0,4.0,4.0,4.0,4.0,4.0,4.0,4.0,4.0,4.0
215,HD179957,14.3,-7.4,0.3,-7.4,-99.9,?,-6.4,-6.2,-6.1,-6.1,-6.1,-6.1,-6.2,-6.4,-6.6,-6.8,-7.1,-7.4,-7.6,-7.9,-8.1,-8.3,-8.5,-8.6,-8.6,-8.5,-8.4,1.4,1.4,1.4,1.4,1.4,1.4,1.4,1.4,1.4,1.4,1.3,1.3,1.3,1.3,1.3,1.3,1.3,1.3,1.4,1.4,1.4
216,HD180161,23.2,77.4,3.7,93.9,-99.9,?,93.5,93.8,94.0,94.2,94.4,94.6,94.7,94.8,95.0,95.1,95.2,95.2,95.3,95.3,95.3,95.3,95.3,95.2,95.2,95.1,95.0,7.7,8.0,8.4,8.7,9.1,9.4,9.8,10.2,10.6,11.0,11.5,11.9,12.3,12.8,13.2,13.7,14.2,14.6,15.1,15.6,16.1
217,HD180409,0.0,-1.8,0.0,-1.8,-99.9,?,-1.8,-1.8,-1.8,-1.8,-1.8,-1.8,-1.8,-1.8,-1.8,-1.8,-1.8,-1.8,-1.8,-1.8,-1.8,-1.8,-1.8,-1.8,-1.8,-1.8,-1.8,1.8,1.8,1.8,1.8,1.8,1.8,1.8,1.8,1.8,1.8,1.8,1.8,1.8,1.8,1.8,1.8,1.8,1.8,1.8,1.8,1.8
218,HD180684,9.2,-22.9,40.6,-15.6,0.98,+,-15.5,-14.2,-13.7,-14.0,-15.4,-17.8,-20.5,-24.3,-30.8,-40.2,-49.0,-51.6,-46.6,-37.0,-27.4,-20.3,-15.5,-12.2,-9.8,-8.7,-8.5,12.6,13.7,13.5,12.4,11.6,10.9,11.0,13.3,16.4,17.9,17.4,15.8,15.4,17.2,19.5,20.5,19.8,18.5,18.0,18.5,18.7
219,HD18144,14.0,16.8,8.2,13.1,0.05,+,15.8,19.2,21.3,20.6,17.5,14.1,12.5,13.6,16.6,19.9,21.3,19.9,16.4,13.4,12.5,14.2,17.5,20.4,21.1,18.9,15.4,3.5,3.4,3.5,3.5,3.4,3.3,3.8,4.0,3.9,4.0,4.0,4.0,3.8,3.9,4.3,4.5,4.4,4.5,4.5,4.4,4.3
220,HD181655,0.0,6.7,0.0,6.7,-99.9,?,6.6,6.6,6.6,6.5,6.5,6.5,6.5,6.5,6.5,6.5,6.5,6.5,6.5,6.5,6.5,6.4,6.4,6.4,6.4,6.4,6.4,2.0,2.1,2.1,2.1,2.2,2.2,2.2,2.2,2.3,2.3,2.3,2.3,2.4,2.4,2.4,2.5,2.5,2.5,2.5,2.6,2.6
221,HD182101,0.0,44.2,0.0,44.2,-99.9,?,44.2,44.2,44.2,44.2,44.2,44.2,44.2,44.2,44.2,44.2,44.2,44.2,44.2,44.2,44.2,44.2,44.2,44.2,44.2,44.2,44.2,2.7,2.7,2.7,2.7,2.7,2.7,2.7,2.7,2.7,2.7,2.7,2.7,2.7,2.7,2.7,2.7,2.7,2.7,2.7,2.7,2.7
222,HD182488,0.0,3.1,0.0,3.1,-99.9,?,3.2,3.2,3.2,3.2,3.2,3.2,3.2,3.2,3.2,3.2,3.2,3.2,3.2,3.2,3.2,3.2,3.2,3.2,3.2,3.2,3.2,2.7,2.7,2.7,2.7,2.7,2.7,2.7,2.7,2.7,2.7,2.7,2.7,2.7,2.7,2.7,2.7,2.7,2.7,2.7,2.7,2.7
223,HD182572,25.5,-10.2,9.3,6.4,0.97,-,-18.0,-17.8,-17.6,-17.4,-17.2,-16.9,-16.7,-16.4,-16.2,-15.9,-15.7,-15.5,-15.3,-15.1,-15.0,-14.8,-14.7,-14.5,-14.4,-14.3,-14.2,2.4,2.6,2.7,2.9,3.1,3.2,3.4,3.6,3.7,3.9,4.1,4.2,4.4,4.5,4.6,4.8,4.9,5.0,5.1,5.2,5.3
224,HD1832,0.0,10.5,0.0,10.5,-99.9,?,7.4,7.4,7.4,7.4,7.5,7.5,7.6,7.7,7.8,7.9,8.0,8.1,8.2,8.3,8.4,8.4,8.5,8.5,8.5,8.5,8.4,2.3,2.4,2.4,2.4,2.5,2.5,2.5,2.5,2.6,2.6,2.6,2.6,2.6,2.6,2.6,2.6,2.6,2.7,2.7,2.7,2.7
225,HD183341,7.1,0.4,0.0,-0.0,-99.9,?,-0.0,-0.0,-0.0,-0.0,-0.0,-0.0,-0.0,-0.0,-0.0,-0.0,-0.0,-0.0,-0.0,-0.0,-0.0,-0.0,-0.0,-0.0,-0.0,-0.0,-0.0,2.9,2.9,2.9,2.9,2.9,2.9,2.9,2.9,2.9,2.9,2.9,2.9,2.9,2.9,2.9,2.9,2.9,2.9,2.9,2.9,2.9
226,HD1835,23.5,96.6,15.1,109.8,0.75,-,96.3,96.2,96.3,96.5,96.8,97.2,97.7,98.4,99.1,99.8,100.6,101.4,102.2,103.0,103.7,104.4,105.0,105.5,105.8,106.1,106.2,6.7,6.9,7.1,7.3,7.5,7.7,7.9,8.0,8.2,8.3,8.4,8.5,8.6,8.7,8.8,8.8,8.9,8.9,9.0,9.0,9.1
227,HD183650,27.6,-12.7,6.0,-11.1,0.81,-,-11.1,-11.5,-11.9,-12.4,-12.8,-13.3,-13.8,-14.2,-14.7,-15.1,-15.5,-15.9,-16.2,-16.5,-16.7,-16.9,-17.1,-17.2,-17.2,-17.2,-17.1,2.7,2.7,2.7,2.7,2.7,2.7,2.7,2.7,2.7,2.8,2.8,2.8,2.9,2.9,3.0,3.1,3.2,3.3,3.3,3.4,3.5
228,HD183658,0.0,-0.8,0.0,-0.8,-99.9,?,0.6,0.6,0.6,0.6,0.6,0.6,0.6,0.6,0.6,0.6,0.6,0.6,0.6,0.6,0.6,0.6,0.6,0.6,0.6,0.6,0.6,1.0,1.0,1.0,1.0,1.0,1.0,1.0,1.0,1.0,1.0,1.0,1.0,1.0,1.0,1.0,1.0,1.0,1.0,1.0,1.0,1.0
229,HD183870,0.0,73.7,0.0,73.7,-99.9,?,68.4,67.7,67.0,66.3,65.7,65.2,64.8,64.4,64.2,64.2,64.2,64.3,64.5,64.8,65.1,65.3,65.5,65.7,65.8,65.7,65.5,7.2,7.3,7.3,7.4,7.4,7.5,7.6,7.7,7.8,8.0,8.2,8.4,8.6,8.9,9.1,9.3,9.6,9.8,10.0,10.2,10.3
230,HD184385,3.7,70.3,28.3,78.9,0.77,-,78.7,67.6,59.0,57.3,64.4,76.5,84.6,82.5,72.8,62.4,56.8,59.7,70.2,81.2,84.3,77.7,66.8,58.5,57.0,64.0,75.9,12.9,12.5,12.4,12.7,13.7,14.5,14.9,15.0,14.6,14.3,14.4,15.1,16.0,16.6,16.9,16.8,16.4,16.3,16.6,17.5,18.3
231,HD184467,4.9,0.1,0.0,0.1,-99.9,?,0.1,0.1,0.1,0.1,0.1,0.1,0.1,0.1,0.1,0.1,0.1,0.1,0.1,0.1,0.1,0.1,0.1,0.1,0.1,0.1,0.1,2.4,2.4,2.4,2.4,2.4,2.4,2.4,2.4,2.4,2.4,2.4,2.4,2.4,2.4,2.4,2.4,2.4,2.4,2.4,2.4,2.4
232,HD184960,0.0,-10.1,0.0,-10.1,-99.9,?,-10.1,-10.1,-10.1,-10.1,-10.1,-10.1,-10.1,-10.1,-10.1,-10.1,-10.1,-10.1,-10.1,-10.1,-10.1,-10.1,-10.1,-10.1,-10.1,-10.1,-10.1,6.8,6.8,6.8,6.8,6.8,6.8,6.8,6.8,6.8,6.8,6.8,6.8,6.8,6.8,6.8,6.8,6.8,6.8,6.8,6.8,6.8
233,HD185144,6.3,10.0,7.2,7.6,1.95,-,7.6,7.7,7.5,7.1,6.6,6.2,5.9,5.7,5.6,5.3,4.9,4.6,4.2,3.9,3.5,3.1,2.6,2.3,2.2,2.1,2.0,2.3,3.2,4.0,4.6,5.1,5.4,5.6,5.8,5.9,6.0,6.2,6.5,7.1,7.9,8.6,9.3,9.7,10.1,10.3,10.5,10.6
234,HD185720,0.0,18.6,0.0,18.6,-99.9,?,18.6,18.6,18.6,18.6,18.6,18.6,18.6,18.6,18.6,18.6,18.6,18.6,18.6,18.6,18.6,18.6,18.6,18.6,18.6,18.6,18.6,18.9,18.9,18.9,18.9,18.9,18.9,18.9,18.9,18.9,18.9,18.9,18.9,18.9,18.9,18.9,18.9,18.9,18.9,18.9,18.9,18.9
235,HD186408,0.0,2.7,0.0,2.7,-99.9,?,3.1,3.1,3.1,3.1,3.1,3.1,3.1,3.1,3.1,3.1,3.1,3.1,3.1,3.1,3.1,3.1,3.1,3.1,3.1,3.1,3.1,2.3,2.3,2.3,2.3,2.3,2.3,2.3,2.3,2.3,2.3,2.3,2.3,2.3,2.3,2.3,2.3,2.3,2.3,2.3,2.3,2.3
236,HD186427,27.1,4.5,2.5,1.7,-99.9,?,1.8,1.7,1.5,1.4,1.3,1.2,1.1,1.0,0.9,0.8,0.7,0.6,0.5,0.4,0.3,0.2,0.2,0.1,-0.0,-0.1,-0.2,1.9,1.9,2.0,2.0,2.0,2.1,2.2,2.2,2.3,2.3,2.4,2.4,2.5,2.5,2.6,2.6,2.7,2.8,2.8,2.9,2.9
237,HD186704,0.0,156.5,0.0,156.5,-99.9,?,156.5,156.5,156.5,156.5,156.5,156.5,156.5,156.5,156.5,156.5,156.5,156.5,156.5,156.5,156.5,156.5,156.5,156.5,156.5,156.5,156.5,6.9,6.9,6.9,6.9,6.9,6.9,6.9,6.9,6.9,6.9,6.9,6.9,6.9,6.9,6.9,6.9,6.9,6.9,6.9,6.9,6.9
238,HD187013,18.2,-0.7,0.0,-0.0,-99.9,?,-0.0,-0.0,-0.0,-0.0,-0.0,0.0,0.0,0.0,0.0,0.0,0.0,0.0,0.0,0.0,0.0,0.0,0.0,0.0,0.0,0.0,0.0,2.3,2.3,2.3,2.3,2.3,2.3,2.3,2.3,2.3,2.3,2.3,2.3,2.3,2.3,2.3,2.3,2.3,2.3,2.3,2.3,2.3
239,HD187160,8.9,12.9,0.3,12.9,-99.9,?,12.9,12.9,12.9,12.9,12.9,12.9,12.9,12.9,12.9,12.9,12.9,12.8,12.8,12.8,12.8,12.8,12.8,12.8,12.8,12.8,12.8,9.8,9.8,9.8,9.8,9.9,9.9,9.9,9.9,9.9,9.9,9.9,9.9,10.0,10.0,10.0,10.0,10.0,10.0,10.0,10.1,10.1
240,HD187237,17.3,24.0,19.3,15.9,0.0,+,15.4,15.7,16.1,16.8,17.7,18.7,19.9,21.3,22.8,24.5,26.3,28.0,29.8,31.4,32.8,33.9,34.7,35.0,34.9,34.4,33.5,4.5,4.6,4.9,5.1,5.2,5.4,5.5,5.5,5.5,5.4,5.4,5.3,5.3,5.3,5.3,5.4,5.4,5.5,5.6,5.6,5.7
241,HD18757,0.0,-1.8,0.0,-1.8,-99.9,?,-1.8,-1.8,-1.8,-1.8,-1.8,-1.8,-1.8,-1.8,-1.8,-1.8,-1.8,-1.8,-1.8,-1.8,-1.8,-1.8,-1.8,-1.8,-1.8,-1.8,-1.8,6.3,6.3,6.3,6.3,6.3,6.3,6.3,6.3,6.3,6.3,6.3,6.3,6.3,6.3,6.3,6.3,6.3,6.3,6.3,6.3,6.3
242,HD18768,7.9,0.0,0.0,0.0,-0.08,+,0.0,0.0,0.0,0.0,0.0,0.0,0.0,0.0,0.0,0.0,0.0,0.0,0.0,0.0,0.0,0.0,0.0,0.0,0.0,0.0,0.0,2.4,2.4,2.4,2.4,2.4,2.4,2.4,2.4,2.4,2.4,2.4,2.4,2.4,2.4,2.4,2.4,2.4,2.4,2.4,2.4,2.4
243,HD187691,0.0,0.7,0.0,0.7,-99.9,?,0.4,0.4,0.4,0.4,0.4,0.4,0.4,0.4,0.4,0.4,0.4,0.4,0.4,0.4,0.4,0.4,0.4,0.4,0.4,0.4,0.4,1.7,1.7,1.7,1.7,1.7,1.7,1.7,1.7,1.7,1.7,1.7,1.7,1.7,1.7,1.7,1.7,1.7,1.7,1.7,1.7,1.7
244,HD187748,0.0,293.5,0.0,293.5,-99.9,?,293.5,293.5,293.5,293.5,293.5,293.5,293.5,293.5,293.5,293.5,293.5,293.5,293.5,293.5,293.5,293.5,293.5,293.5,293.5,293.5,293.5,1.6,1.6,1.6,1.6,1.6,1.6,1.6,1.6,1.6,1.6,1.6,1.6,1.6,1.6,1.6,1.6,1.6,1.6,1.6,1.6,1.6
245,HD187897,21.1,55.8,35.1,29.5,-0.01,+,62.4,65.9,68.7,70.7,71.5,71.2,69.7,67.2,64.0,60.4,56.8,53.5,51.0,49.4,49.1,50.0,52.1,55.0,58.4,61.9,65.1,10.9,11.0,11.1,11.3,11.4,11.5,11.6,11.6,11.6,11.5,11.5,11.6,11.7,11.9,12.2,12.6,13.0,13.3,13.7,13.9,14.1
246,HD187923,14.8,-5.8,6.4,4.4,1.21,+,-13.8,-13.8,-13.8,-13.8,-13.8,-13.8,-13.8,-13.8,-13.8,-13.8,-13.8,-13.8,-13.8,-13.8,-13.8,-13.8,-13.8,-13.8,-13.8,-13.8,-13.8,1.2,1.2,1.2,1.2,1.2,1.2,1.2,1.2,1.2,1.2,1.2,1.2,1.2,1.2,1.2,1.2,1.2,1.2,1.2,1.2,1.2
247,HD18803,6.3,1.7,1.2,2.2,0.97,-,4.2,4.2,4.2,4.2,4.2,4.2,4.2,4.2,4.2,4.2,4.2,4.2,4.2,4.2,4.2,4.2,4.2,4.2,4.2,4.2,4.2,1.5,1.5,1.5,1.5,1.5,1.5,1.5,1.5,1.5,1.5,1.5,1.5,1.5,1.5,1.5,1.5,1.5,1.5,1.5,1.5,1.5
248,HD189067,0.0,5.1,0.0,5.1,-99.9,?,5.1,5.1,5.1,5.1,5.1,5.1,5.1,5.1,5.1,5.1,5.1,5.1,5.1,5.1,5.1,5.1,5.1,5.1,5.1,5.1,5.1,8.1,8.1,8.1,8.1,8.1,8.1,8.1,8.1,8.1,8.1,8.1,8.1,8.1,8.1,8.1,8.1,8.1,8.1,8.1,8.1,8.1
249,HD189733A,0.0,79.5,0.0,79.5,-99.9,?,77.2,77.2,77.2,77.2,77.2,77.2,77.2,77.2,77.2,77.2,77.2,77.2,77.2,77.2,77.2,77.2,77.2,77.2,77.2,77.2,77.2,5.1,5.1,5.1,5.1,5.1,5.1,5.1,5.1,5.1,5.1,5.1,5.1,5.1,5.1,5.1,5.1,5.1,5.1,5.1,5.1,5.1
250,HD190007,13.1,34.6,4.7,33.8,0.12,-,34.8,35.6,36.2,36.4,36.3,35.8,35.2,34.4,33.7,33.1,32.8,32.8,33.2,33.9,34.8,35.8,36.8,37.7,38.3,38.5,38.5,2.6,2.7,2.9,3.1,3.3,3.5,3.7,3.9,4.0,4.0,4.0,4.0,4.0,4.0,4.0,4.1,4.1,4.3,4.4,4.6,4.9
251,HD190360,0.0,0.7,0.0,0.7,-99.9,?,0.7,0.7,0.7,0.7,0.7,0.7,0.7,0.7,0.7,0.7,0.7,0.7,0.7,0.7,0.7,0.7,0.7,0.7,0.7,0.7,0.7,2.3,2.3,2.3,2.3,2.3,2.3,2.3,2.3,2.3,2.3,2.3,2.3,2.3,2.3,2.3,2.3,2.3,2.3,2.3,2.3,2.3
252,HD190404,0.0,-3.5,0.0,-3.5,-99.9,?,-3.8,-3.8,-3.8,-3.8,-3.8,-3.8,-3.8,-3.8,-3.8,-3.8,-3.8,-3.8,-3.8,-3.8,-3.8,-3.8,-3.8,-3.8,-3.8,-3.8,-3.8,1.4,1.4,1.4,1.4,1.4,1.4,1.4,1.4,1.4,1.4,1.4,1.4,1.4,1.4,1.4,1.4,1.4,1.4,1.4,1.4,1.4
253,HD191022,0.0,-1.6,0.0,-1.6,-99.9,?,-1.6,-1.6,-1.6,-1.6,-1.6,-1.6,-1.6,-1.6,-1.6,-1.6,-1.6,-1.6,-1.6,-1.6,-1.6,-1.6,-1.6,-1.6,-1.6,-1.6,-1.6,7.4,7.4,7.4,7.4,7.4,7.4,7.4,7.4,7.4,7.4,7.4,7.4,7.4,7.4,7.4,7.4,7.4,7.4,7.4,7.4,7.4
254,HD191649,0.0,2.9,0.0,2.9,-99.9,?,2.9,2.9,2.9,2.9,2.9,2.9,2.9,2.9,2.9,2.9,2.9,2.9,2.9,2.9,2.9,2.9,2.9,2.9,2.9,2.9,2.9,9.5,9.5,9.5,9.5,9.5,9.5,9.5,9.5,9.5,9.5,9.5,9.5,9.5,9.5,9.5,9.5,9.5,9.5,9.5,9.5,9.5
255,HD191785,15.3,-3.6,5.5,-0.8,0.79,-,-6.8,-6.8,-6.8,-6.8,-6.8,-6.8,-6.8,-6.8,-6.8,-6.8,-6.8,-6.8,-6.8,-6.8,-6.8,-6.8,-6.8,-6.8,-6.8,-6.8,-6.8,1.1,1.1,1.1,1.1,1.1,1.1,1.1,1.1,1.1,1.1,1.1,1.1,1.1,1.1,1.1,1.1,1.1,1.1,1.1,1.1,1.1
256,HD191862,0.0,-5.0,0.0,-5.0,-99.9,?,-5.0,-5.0,-5.0,-5.0,-5.0,-5.0,-5.0,-5.0,-5.0,-5.0,-5.0,-5.0,-5.0,-5.0,-5.0,-5.0,-5.0,-5.0,-5.0,-5.0,-5.0,1.4,1.4,1.4,1.4,1.4,1.4,1.4,1.4,1.4,1.4,1.4,1.4,1.4,1.4,1.4,1.4,1.4,1.4,1.4,1.4,1.4
257,HD19256,0.0,6.5,0.0,6.5,-99.9,?,6.5,6.5,6.5,6.5,6.5,6.5,6.5,6.5,6.5,6.5,6.5,6.5,6.5,6.5,6.5,6.5,6.5,6.5,6.5,6.5,6.5,7.8,7.8,7.8,7.8,7.8,7.8,7.8,7.8,7.8,7.8,7.8,7.8,7.8,7.8,7.8,7.8,7.8,7.8,7.8,7.8,7.8
258,HD193017,15.8,17.2,12.3,-12.6,-99.9,?,-24.2,-22.8,-21.6,-20.5,-19.5,-18.5,-17.5,-16.3,-15.2,-13.9,-12.7,-11.4,-10.1,-9.0,-7.9,-6.9,-6.0,-5.2,-4.6,-4.0,-3.5,50.7,51.5,52.1,52.7,53.2,53.6,54.0,54.3,54.6,54.9,55.1,55.3,55.5,55.6,55.7,55.8,55.8,55.9,55.9,56.0,56.0
259,HD19308,8.4,2.8,0.8,0.7,0.49,-,0.8,0.6,0.4,0.3,0.3,0.3,0.4,0.6,0.7,0.9,1.0,1.0,1.0,1.0,0.9,0.9,0.8,0.8,0.7,0.7,0.7,2.4,2.5,2.6,2.6,2.7,2.8,2.9,3.0,3.1,3.2,3.2,3.3,3.3,3.3,3.4,3.4,3.4,3.5,3.5,3.6,3.7
260,HD193664,0.0,6.2,0.0,6.2,-99.9,?,7.4,7.4,7.4,7.4,7.4,7.4,7.4,7.4,7.4,7.4,7.4,7.4,7.4,7.4,7.4,7.4,7.4,7.4,7.4,7.4,7.4,2.9,2.9,2.9,2.9,2.9,2.9,2.9,2.9,2.9,2.9,2.9,2.9,2.9,2.9,2.9,2.9,2.9,2.9,2.9,2.9,2.9
261,HD19373,26.8,2.4,11.8,6.0,0.7,+,2.3,1.1,-0.2,-1.5,-2.7,-3.9,-5.1,-6.1,-7.0,-7.8,-8.4,-8.9,-9.2,-9.4,-9.4,-9.2,-9.0,-8.6,-8.1,-7.4,-6.7,2.2,2.3,2.5,2.6,2.6,2.6,2.6,2.5,2.4,2.3,2.2,2.1,2.1,2.0,2.1,2.1,2.2,2.3,2.5,2.6,2.8
262,HD194012,27.1,29.0,3.1,25.5,0.48,-,24.6,24.3,24.0,23.8,23.5,23.3,23.1,22.9,22.8,22.6,22.5,22.5,22.4,22.4,22.4,22.4,22.5,22.5,22.6,22.7,22.8,6.8,6.8,6.9,7.0,7.0,7.1,7.1,7.2,7.2,7.2,7.3,7.3,7.3,7.4,7.4,7.4,7.4,7.5,7.5,7.5,7.6
263,HD194035,7.0,-2.3,0.1,-2.3,-99.9,?,-2.3,-2.3,-2.3,-2.3,-2.3,-2.2,-2.2,-2.2,-2.2,-2.2,-2.2,-2.2,-2.2,-2.2,-2.2,-2.2,-2.2,-2.2,-2.2,-2.2,-2.2,1.8,1.8,1.8,1.8,1.8,1.8,1.8,1.8,1.8,1.8,1.8,1.8,1.8,1.8,1.8,1.8,1.8,1.8,1.8,1.8,1.8
264,HD19467,0.0,-0.1,0.0,-0.1,-99.9,?,-0.1,-0.1,-0.1,-0.1,-0.1,-0.1,-0.1,-0.1,-0.1,-0.1,-0.1,-0.1,-0.1,-0.1,-0.1,-0.1,-0.1,-0.1,-0.1,-0.1,-0.1,0.8,0.8,0.8,0.8,0.8,0.8,0.8,0.8,0.8,0.8,0.8,0.8,0.8,0.8,0.8,0.8,0.8,0.8,0.8,0.8,0.8
265,HD194765,3.7,-6.0,42.8,12.0,0.88,+,-6.9,15.1,8.9,0.8,0.0,0.0,0.1,1.2,-2.5,-11.5,5.3,15.0,2.9,0.2,0.0,0.0,0.6,0.7,-9.3,-4.4,14.8,8.0,5.3,5.1,9.8,11.2,11.2,11.2,8.9,7.6,4.4,8.9,4.5,5.7,11.0,11.2,11.2,10.7,6.8,6.4,8.3,5.2
266,HD194766,4.0,2.3,3.5,0.8,0.29,+,0.8,2.3,-1.1,2.4,10.6,2.4,0.1,0.1,0.7,2.1,-0.8,2.1,10.0,2.9,0.2,0.1,0.7,2.1,-0.7,1.7,9.8,6.2,2.4,3.2,3.7,3.4,6.3,6.4,6.4,6.1,3.0,3.1,3.9,3.4,6.2,6.4,6.4,6.2,3.3,3.3,4.1,3.4
267,HD195019,0.0,3.3,0.0,3.3,-99.9,?,3.3,3.3,3.3,3.3,3.3,3.3,3.3,3.3,3.3,3.3,3.3,3.3,3.3,3.3,3.3,3.3,3.3,3.3,3.3,3.3,3.3,9.8,9.8,9.8,9.8,9.8,9.8,9.8,9.8,9.8,9.8,9.8,9.8,9.8,9.8,9.8,9.8,9.8,9.8,9.8,9.8,9.8
268,HD195034,0.0,3.1,0.0,3.1,-99.9,?,2.9,2.9,2.9,2.9,2.9,2.9,2.9,2.9,2.9,2.9,2.9,2.9,2.9,2.9,2.9,2.9,2.9,2.9,2.9,2.9,2.9,2.6,2.6,2.6,2.6,2.6,2.6,2.6,2.6,2.6,2.6,2.6,2.6,2.6,2.6,2.6,2.6,2.6,2.6,2.6,2.6,2.6
269,HD195104,0.0,22.6,0.0,22.6,-99.9,?,22.6,22.6,22.6,22.6,22.6,22.6,22.6,22.6,22.6,22.6,22.6,22.6,22.6,22.6,22.6,22.6,22.6,22.6,22.6,22.6,22.6,0.8,0.8,0.8,0.8,0.8,0.8,0.8,0.8,0.8,0.8,0.8,0.8,0.8,0.8,0.8,0.8,0.8,0.8,0.8,0.8,0.8
270,HD195838,0.0,-4.3,0.0,-4.3,-99.9,?,-4.3,-4.3,-4.3,-4.3,-4.3,-4.3,-4.3,-4.3,-4.3,-4.3,-4.3,-4.3,-4.3,-4.3,-4.3,-4.3,-4.3,-4.3,-4.3,-4.3,-4.3,7.6,7.6,7.6,7.6,7.6,7.6,7.6,7.6,7.6,7.6,7.6,7.6,7.6,7.6,7.6,7.6,7.6,7.6,7.6,7.6,7.6
271,HD195987,19.6,7.5,6.8,4.0,0.02,-,4.0,3.9,3.9,3.9,4.1,4.4,4.7,5.1,5.6,6.1,6.6,7.2,7.7,8.3,8.8,9.3,9.7,10.1,10.4,10.6,10.7,2.4,2.5,2.5,2.5,2.6,2.7,2.7,2.8,2.9,3.0,3.1,3.2,3.4,3.5,3.6,3.6,3.7,3.8,3.8,3.8,3.8
272,HD195988,0.0,5.4,0.0,5.4,-99.9,?,5.4,5.4,5.4,5.4,5.4,5.4,5.4,5.4,5.4,5.4,5.4,5.4,5.4,5.4,5.4,5.4,5.4,5.4,5.4,5.4,5.4,10.1,10.1,10.1,10.1,10.1,10.1,10.1,10.1,10.1,10.1,10.1,10.1,10.1,10.1,10.1,10.1,10.1,10.1,10.1,10.1,10.1
273,HD196850,0.0,-1.2,0.0,-1.2,-99.9,?,-2.1,-2.1,-2.1,-2.1,-2.1,-2.1,-2.1,-2.1,-2.1,-2.1,-2.1,-2.1,-2.1,-2.1,-2.1,-2.1,-2.1,-2.1,-2.1,-2.1,-2.1,1.9,1.9,1.9,1.9,1.9,1.9,1.9,1.9,1.9,1.9,1.9,1.9,1.9,1.9,1.9,1.9,1.9,1.9,1.9,1.9,1.9
274,HD197076,12.4,8.4,2.9,4.3,0.25,-,4.3,3.7,3.2,2.8,2.6,2.5,2.6,2.8,3.1,3.5,3.9,4.3,4.7,5.0,5.2,5.3,5.4,5.2,5.0,4.6,4.2,2.0,2.0,2.0,2.0,2.1,2.1,2.2,2.2,2.3,2.4,2.5,2.6,2.8,2.9,3.0,3.1,3.2,3.2,3.3,3.3,3.4
275,HD197210,0.0,6.9,0.0,6.9,-99.9,?,6.9,6.9,6.9,6.9,6.9,6.9,6.9,6.9,6.9,6.9,6.9,6.9,6.9,6.9,6.9,6.9,6.9,6.9,6.9,6.9,6.9,2.6,2.6,2.6,2.6,2.6,2.6,2.6,2.6,2.6,2.6,2.6,2.6,2.6,2.6,2.6,2.6,2.6,2.6,2.6,2.6,2.6
276,HD197373,18.2,19.6,8.3,1.7,-99.9,?,1.7,1.4,1.0,0.6,0.3,-0.1,-0.4,-0.8,-1.1,-1.4,-1.7,-2.0,-2.3,-2.6,-2.9,-3.2,-3.5,-3.8,-4.0,-4.3,-4.5,8.2,8.4,8.6,8.8,9.1,9.3,9.5,9.7,9.9,10.1,10.3,10.6,10.8,11.0,11.2,11.5,11.7,11.9,12.1,12.3,12.6
277,HD197623,15.3,6.7,0.3,6.6,-99.9,?,6.7,6.6,6.6,6.6,6.6,6.6,6.6,6.6,6.6,6.6,6.6,6.6,6.6,6.5,6.5,6.5,6.5,6.5,6.5,6.5,6.5,2.1,2.1,2.1,2.1,2.2,2.2,2.2,2.2,2.2,2.3,2.3,2.3,2.3,2.3,2.4,2.4,2.4,2.4,2.4,2.5,2.5
278,HD198089,7.8,0.2,0.0,0.0,-99.9,?,0.0,0.0,0.0,0.0,0.0,0.0,0.0,0.0,0.0,0.0,0.0,0.0,0.0,0.0,0.0,0.0,0.0,0.0,0.0,0.0,0.0,4.6,4.6,4.6,4.6,4.6,4.6,4.6,4.6,4.6,4.6,4.6,4.6,4.6,4.6,4.6,4.6,4.6,4.6,4.6,4.6,4.6
279,HD198390,0.0,2.6,0.0,2.6,-99.9,?,2.6,2.6,2.6,2.6,2.6,2.6,2.6,2.6,2.6,2.6,2.6,2.6,2.6,2.6,2.6,2.6,2.6,2.6,2.6,2.6,2.6,2.1,2.1,2.1,2.1,2.1,2.1,2.1,2.1,2.1,2.1,2.1,2.1,2.1,2.1,2.1,2.1,2.1,2.1,2.1,2.1,2.1
280,HD199598,0.0,54.4,0.0,54.4,-99.9,?,54.4,54.4,54.4,54.4,54.4,54.4,54.4,54.4,54.4,54.4,54.4,54.4,54.4,54.4,54.4,54.4,54.4,54.4,54.4,54.4,54.4,7.5,7.5,7.5,7.5,7.5,7.5,7.5,7.5,7.5,7.5,7.5,7.5,7.5,7.5,7.5,7.5,7.5,7.5,7.5,7.5,7.5
281,HD19994,8.4,3.9,7.3,11.8,-99.9,?,9.5,9.2,9.0,8.8,8.7,8.6,8.5,8.5,8.5,8.6,8.7,8.9,9.0,9.3,9.5,9.7,10.0,10.3,10.6,10.9,11.2,1.5,1.5,1.6,1.6,1.7,1.7,1.8,1.8,1.8,1.9,1.9,2.0,2.0,2.1,2.1,2.1,2.2,2.2,2.2,2.2,2.2
282,HD199960,16.4,4.4,3.1,4.2,0.51,+,4.2,4.4,4.6,4.8,5.0,5.1,5.2,5.3,5.3,5.3,5.2,5.1,4.9,4.7,4.5,4.2,4.0,3.7,3.5,3.2,3.0,1.9,1.9,1.9,1.9,1.9,2.0,2.0,2.0,2.0,2.0,2.0,2.0,2.0,2.0,2.0,2.0,2.0,2.0,2.0,2.0,2.0
283,HD200877,0.0,-22.7,0.0,-22.7,-99.9,?,-22.7,-22.7,-22.7,-22.7,-22.7,-22.7,-22.7,-22.7,-22.7,-22.7,-22.7,-22.7,-22.7,-22.7,-22.7,-22.7,-22.7,-22.7,-22.7,-22.7,-22.7,13.4,13.4,13.4,13.4,13.4,13.4,13.4,13.4,13.4,13.4,13.4,13.4,13.4,13.4,13.4,13.4,13.4,13.4,13.4,13.4,13.4
284,HD201091,7.3,19.4,5.3,17.6,0.61,-,17.5,15.8,14.3,13.2,12.7,12.8,13.4,14.5,15.8,16.9,17.7,17.9,17.6,16.7,15.5,14.1,12.7,11.5,10.8,10.5,10.7,1.9,1.9,2.0,2.1,2.1,2.1,2.1,2.1,2.1,2.1,2.1,2.2,2.3,2.4,2.5,2.7,2.8,2.9,2.9,2.9,2.9
285,HD201092,30.0,8.4,8.2,13.0,-99.9,?,11.7,12.3,12.8,13.3,13.6,13.7,13.7,13.6,13.3,12.9,12.4,11.9,11.3,10.8,10.3,9.8,9.4,9.2,9.1,9.1,9.2,1.2,1.2,1.2,1.2,1.2,1.2,1.2,1.2,1.2,1.3,1.3,1.3,1.4,1.4,1.4,1.4,1.5,1.5,1.5,1.5,1.5
286,HD201891,3.6,13.8,28.1,21.2,0.67,+,21.2,30.4,14.4,2.6,5.7,9.6,10.4,18.3,30.0,18.3,3.1,4.6,9.2,10.0,15.8,28.6,21.8,4.8,3.6,8.5,9.8,4.4,4.4,4.5,9.8,11.2,4.9,9.5,5.3,5.2,5.4,8.5,12.2,5.4,9.5,6.4,5.8,5.9,7.3,12.6,7.0,9.1
287,HD202108,4.7,31.3,12.6,24.5,0.14,-,24.5,22.6,23.6,27.0,31.2,34.3,35.1,33.1,29.2,25.0,22.0,21.7,24.2,28.2,32.0,33.9,33.1,29.9,25.7,22.0,20.4,6.0,6.4,7.0,7.3,7.1,7.2,7.7,7.9,7.7,7.2,7.3,7.9,8.3,8.3,8.3,8.6,9.0,8.9,8.6,8.4,8.8
288,HD20367,0.0,115.9,0.0,115.9,-99.9,?,115.9,115.9,115.9,115.9,115.9,115.9,115.9,115.9,115.9,115.9,115.9,115.9,115.9,115.9,115.9,115.9,115.9,115.9,115.9,115.9,115.9,5.2,5.2,5.2,5.2,5.2,5.2,5.2,5.2,5.2,5.2,5.2,5.2,5.2,5.2,5.2,5.2,5.2,5.2,5.2,5.2,5.2
289,HD204277,4.0,56.6,9.5,71.9,1.0,+,73.8,72.4,74.4,78.6,82.4,83.3,81.1,77.3,74.5,74.7,77.8,81.7,84.0,83.2,80.0,76.5,75.0,76.5,80.0,83.0,83.7,10.5,11.1,11.6,12.0,12.3,12.5,12.9,13.4,14.0,14.6,15.2,15.6,15.9,16.2,16.7,17.3,17.9,18.6,19.1,19.5,19.8
290,HD20430,0.0,67.2,0.0,67.2,-99.9,?,67.2,67.2,67.2,67.2,67.2,67.2,67.2,67.2,67.2,67.2,67.2,67.2,67.2,67.2,67.2,67.2,67.2,67.2,67.2,67.2,67.2,5.8,5.8,5.8,5.8,5.8,5.8,5.8,5.8,5.8,5.8,5.8,5.8,5.8,5.8,5.8,5.8,5.8,5.8,5.8,5.8,5.8
291,HD204521,0.0,2.8,0.0,2.8,-99.9,?,2.8,2.8,2.8,2.8,2.8,2.8,2.8,2.8,2.8,2.8,2.8,2.8,2.8,2.8,2.8,2.8,2.8,2.8,2.8,2.8,2.8,8.5,8.5,8.5,8.5,8.5,8.5,8.5,8.5,8.5,8.5,8.5,8.5,8.5,8.5,8.5,8.5,8.5,8.5,8.5,8.5,8.5
292,HD206116,22.0,-8.1,5.0,6.5,-99.9,?,6.5,6.5,6.4,6.3,6.2,6.1,6.0,5.8,5.6,5.5,5.3,5.1,4.9,4.6,4.4,4.2,4.0,3.8,3.6,3.4,3.1,11.6,12.1,12.6,13.0,13.5,13.9,14.3,14.7,15.1,15.5,15.9,16.2,16.5,16.8,17.1,17.4,17.6,17.9,18.1,18.3,18.5
293,HD20619,4.6,22.1,6.5,22.0,0.36,+,13.4,16.4,19.2,20.8,19.9,16.8,13.0,10.5,10.4,12.3,15.2,18.2,20.1,19.8,17.0,13.2,10.3,9.7,11.3,14.1,17.1,2.6,2.6,2.6,2.6,2.6,2.6,2.6,2.8,2.9,2.9,2.9,2.9,2.9,2.9,3.0,3.0,3.1,3.2,3.3,3.3,3.3
294,HD20630,6.0,123.9,20.4,115.8,0.49,+,115.9,120.3,123.4,124.6,123.2,119.6,114.8,109.8,106.1,104.5,105.2,108.2,112.4,116.7,119.8,120.9,119.7,116.2,111.4,106.5,102.7,7.2,7.1,7.1,7.3,7.6,7.9,8.1,8.4,8.6,8.8,8.9,9.0,9.0,9.0,9.1,9.3,9.6,10.0,10.3,10.5,10.7
295,HD206374,11.4,52.8,9.2,48.9,0.81,+,37.8,35.0,32.1,29.6,28.1,27.8,28.5,29.9,31.5,32.8,33.2,32.5,30.7,28.2,25.3,22.8,21.0,20.3,20.6,21.8,23.4,7.7,8.4,9.2,10.0,10.6,11.0,11.0,10.8,10.5,10.2,10.2,10.4,10.9,11.6,12.4,13.2,13.9,14.3,14.5,14.4,14.2
296,HD206860,14.5,126.0,11.8,129.0,-99.9,?,129.1,129.0,128.9,128.7,128.6,128.4,128.2,128.0,127.8,127.5,127.2,126.9,126.6,126.3,125.9,125.5,125.1,124.7,124.2,123.8,123.3,12.9,13.4,14.0,14.6,15.2,15.8,16.4,17.0,17.7,18.4,19.0,19.7,20.4,21.1,21.8,22.5,23.3,24.0,24.8,25.5,26.3
297,HD206893,0.0,28.8,0.0,28.8,-99.9,?,28.8,28.8,28.8,28.8,28.8,28.8,28.8,28.8,28.8,28.8,28.8,28.8,28.8,28.8,28.8,28.8,28.8,28.8,28.8,28.8,28.8,4.8,4.8,4.8,4.8,4.8,4.8,4.8,4.8,4.8,4.8,4.8,4.8,4.8,4.8,4.8,4.8,4.8,4.8,4.8,4.8,4.8
298,HD207978,26.2,-1.3,1.3,0.9,0.39,+,1.0,1.1,1.3,1.4,1.6,1.7,1.8,1.9,2.0,2.1,2.2,2.2,2.2,2.3,2.3,2.3,2.2,2.2,2.1,2.1,2.0,2.6,2.6,2.6,2.6,2.6,2.6,2.6,2.6,2.6,2.6,2.6,2.6,2.6,2.6,2.6,2.6,2.7,2.7,2.7,2.8,2.8
299,HD208704,0.0,6.1,0.0,6.1,-99.9,?,6.1,6.1,6.1,6.1,6.1,6.1,6.1,6.1,6.1,6.1,6.1,6.1,6.1,6.1,6.1,6.1,6.1,6.1,6.1,6.1,6.1,1.6,1.6,1.6,1.6,1.6,1.6,1.6,1.6,1.6,1.6,1.6,1.6,1.6,1.6,1.6,1.6,1.6,1.6,1.6,1.6,1.6
300,HD208776,10.4,0.0,0.0,0.0,0.95,-,0.0,0.0,0.0,0.0,0.0,0.0,0.0,0.0,0.0,0.0,0.0,0.0,0.0,0.0,0.0,0.0,0.0,0.0,0.0,0.0,0.0,0.8,0.8,0.8,0.8,0.8,0.8,0.8,0.8,0.8,0.8,0.8,0.8,0.8,0.8,0.8,0.8,0.8,0.8,0.8,0.8,0.8
301,HD208930,0.0,5.6,0.0,5.6,-99.9,?,5.6,5.6,5.6,5.6,5.6,5.6,5.6,5.6,5.6,5.6,5.6,5.6,5.6,5.6,5.6,5.6,5.6,5.6,5.6,5.6,5.6,8.5,8.5,8.5,8.5,8.5,8.5,8.5,8.5,8.5,8.5,8.5,8.5,8.5,8.5,8.5,8.5,8.5,8.5,8.5,8.5,8.5
302,HD209203,0.0,51.5,0.0,51.5,-99.9,?,13.4,13.4,13.4,13.4,13.4,13.4,13.4,13.4,13.4,13.4,13.4,13.4,13.4,13.4,13.4,13.4,13.4,13.4,13.4,13.4,13.4,1.0,1.0,1.0,1.0,1.0,1.0,1.0,1.0,1.0,1.0,1.0,1.0,1.0,1.0,1.0,1.0,1.0,1.0,1.0,1.0,1.0
303,HD209875,4.4,-11.6,12.2,-7.4,0.89,+,-6.7,-5.6,-8.1,-15.1,-18.3,-13.7,-9.1,-7.8,-7.4,-6.2,-5.6,-9.6,-16.4,-17.2,-11.9,-8.2,-7.6,-7.0,-5.7,-5.9,-11.0,4.4,4.0,3.2,2.8,3.1,3.5,3.8,4.1,4.4,4.6,4.0,3.3,3.1,3.5,3.8,4.2,4.4,4.7,4.8,4.0,3.4
304,HD210027,11.1,1.1,6.0,-6.2,-99.9,?,-7.3,-7.3,-7.3,-7.3,-7.3,-7.3,-7.3,-7.3,-7.3,-7.3,-7.3,-7.3,-7.3,-7.3,-7.3,-7.3,-7.3,-7.3,-7.3,-7.3,-7.3,4.7,4.7,4.7,4.7,4.7,4.7,4.7,4.7,4.7,4.7,4.7,4.7,4.7,4.7,4.7,4.7,4.7,4.7,4.7,4.7,4.7
305,HD210277,0.0,0.7,0.0,0.7,-99.9,?,0.7,0.7,0.7,0.7,0.7,0.7,0.7,0.7,0.7,0.7,0.7,0.7,0.7,0.7,0.7,0.7,0.7,0.7,0.7,0.7,0.7,1.2,1.2,1.2,1.2,1.2,1.2,1.2,1.2,1.2,1.2,1.2,1.2,1.2,1.2,1.2,1.2,1.2,1.2,1.2,1.2,1.2
306,HD210667,13.6,78.9,19.1,97.1,0.97,-,163.2,161.6,159.0,155.9,153.1,151.2,150.7,151.8,154.2,157.7,161.6,165.2,167.9,169.3,169.1,167.6,165.0,162.1,159.4,157.6,157.0,11.3,11.9,12.1,11.9,11.4,10.7,10.2,10.0,10.3,10.9,11.7,12.8,13.9,15.1,16.1,16.8,17.2,17.1,16.7,16.2,15.8
307,HD210731,0.0,-5.5,0.0,-5.5,-99.9,?,-5.5,-5.5,-5.5,-5.5,-5.5,-5.5,-5.5,-5.5,-5.5,-5.5,-5.5,-5.5,-5.5,-5.5,-5.5,-5.5,-5.5,-5.5,-5.5,-5.5,-5.5,8.3,8.3,8.3,8.3,8.3,8.3,8.3,8.3,8.3,8.3,8.3,8.3,8.3,8.3,8.3,8.3,8.3,8.3,8.3,8.3,8.3
308,HD210752,0.0,-0.3,0.0,-0.3,-99.9,?,0.0,0.0,0.0,0.0,0.0,0.0,0.0,0.0,0.0,0.0,0.0,0.0,0.0,0.0,0.0,0.0,0.0,0.0,0.0,0.0,0.0,1.7,1.7,1.7,1.7,1.7,1.7,1.7,1.7,1.7,1.7,1.7,1.7,1.7,1.7,1.7,1.7,1.7,1.7,1.7,1.7,1.7
309,HD210902,0.0,2.1,0.0,2.1,-99.9,?,2.1,2.1,2.1,2.1,2.1,2.1,2.1,2.1,2.1,2.1,2.1,2.1,2.1,2.1,2.1,2.1,2.1,2.1,2.1,2.1,2.1,7.1,7.1,7.1,7.1,7.1,7.1,7.1,7.1,7.1,7.1,7.1,7.1,7.1,7.1,7.1,7.1,7.1,7.1,7.1,7.1,7.1
310,HD211472,0.0,96.4,0.0,96.4,-99.9,?,96.4,96.4,96.4,96.4,96.4,96.4,96.4,96.4,96.4,96.4,96.4,96.4,96.4,96.4,96.4,96.4,96.4,96.4,96.4,96.4,96.4,6.9,6.9,6.9,6.9,6.9,6.9,6.9,6.9,6.9,6.9,6.9,6.9,6.9,6.9,6.9,6.9,6.9,6.9,6.9,6.9,6.9
311,HD21197,29.8,34.2,0.0,16.3,,+,16.3,15.2,14.1,13.0,12.0,11.1,10.2,9.3,8.5,7.8,7.2,6.6,6.1,5.7,5.4,5.1,4.8,4.6,4.5,4.3,4.3,9.7,10.3,10.9,11.6,12.2,12.7,13.3,13.9,14.4,15.0,15.5,16.0,16.5,16.9,17.4,17.8,18.2,18.6,18.9,19.3,19.6
312,HD211976,0.0,-7.7,0.0,-7.7,-99.9,?,-7.7,-7.7,-7.7,-7.7,-7.7,-7.7,-7.7,-7.7,-7.7,-7.7,-7.7,-7.7,-7.7,-7.7,-7.7,-7.7,-7.7,-7.7,-7.7,-7.7,-7.7,0.8,0.8,0.8,0.8,0.8,0.8,0.8,0.8,0.8,0.8,0.8,0.8,0.8,0.8,0.8,0.8,0.8,0.8,0.8,0.8,0.8
313,HD213575,0.0,0.2,0.0,0.2,-99.9,?,0.5,0.5,0.5,0.5,0.5,0.5,0.5,0.5,0.5,0.5,0.5,0.5,0.5,0.5,0.5,0.5,0.5,0.5,0.5,0.5,0.5,1.2,1.2,1.2,1.2,1.2,1.2,1.2,1.2,1.2,1.2,1.2,1.2,1.2,1.2,1.2,1.2,1.2,1.2,1.2,1.2,1.2
314,HD215065,0.0,3.8,0.0,3.8,-99.9,?,3.8,3.8,3.8,3.8,3.8,3.8,3.8,3.8,3.8,3.8,3.8,3.8,3.8,3.8,3.8,3.8,3.8,3.8,3.8,3.8,3.8,7.3,7.3,7.3,7.3,7.3,7.3,7.3,7.3,7.3,7.3,7.3,7.3,7.3,7.3,7.3,7.3,7.3,7.3,7.3,7.3,7.3
315,HD215257,0.0,-3.1,0.0,-3.1,-99.9,?,6.0,6.0,6.0,6.0,6.0,6.0,6.0,6.0,6.0,6.0,6.0,6.0,6.0,6.0,6.0,6.0,6.0,6.0,6.0,6.0,6.0,5.4,5.4,5.4,5.4,5.4,5.4,5.4,5.4,5.4,5.4,5.4,5.4,5.4,5.4,5.4,5.4,5.4,5.4,5.4,5.4,5.4
316,HD215500,17.5,-2.1,0.4,0.4,-99.9,?,-0.0,0.3,0.6,0.7,0.8,0.8,0.7,0.5,0.4,0.2,0.1,0.1,0.2,0.3,0.4,0.5,0.7,0.7,0.8,0.7,0.7,3.7,3.7,3.7,3.7,3.7,3.8,3.8,3.9,4.0,4.1,4.2,4.3,4.3,4.4,4.4,4.4,4.5,4.5,4.5,4.5,4.5
317,HD215588,0.0,34.0,0.0,34.0,-99.9,?,34.0,34.0,34.0,34.0,34.0,34.0,34.0,34.0,34.0,34.0,34.0,34.0,34.0,34.0,34.0,34.0,34.0,34.0,34.0,34.0,34.0,6.5,6.5,6.5,6.5,6.5,6.5,6.5,6.5,6.5,6.5,6.5,6.5,6.5,6.5,6.5,6.5,6.5,6.5,6.5,6.5,6.5
318,HD215648,0.0,3.6,0.0,3.6,-99.9,?,3.6,3.6,3.6,3.6,3.6,3.6,3.6,3.6,3.6,3.6,3.6,3.6,3.6,3.6,3.6,3.6,3.6,3.6,3.6,3.6,3.6,4.0,4.0,4.0,4.0,4.0,4.0,4.0,4.0,4.0,4.0,4.0,4.0,4.0,4.0,4.0,4.0,4.0,4.0,4.0,4.0,4.0
319,HD216275,0.0,-0.9,0.0,-0.9,-99.9,?,-0.9,-0.9,-0.9,-0.9,-0.9,-0.9,-0.9,-0.9,-0.9,-0.9,-0.9,-0.9,-0.9,-0.9,-0.9,-0.9,-0.9,-0.9,-0.9,-0.9,-0.9,1.9,1.9,1.9,1.9,1.9,1.9,1.9,1.9,1.9,1.9,1.9,1.9,1.9,1.9,1.9,1.9,1.9,1.9,1.9,1.9,1.9
320,HD216520,10.1,-0.9,0.0,-0.0,0.15,-,-0.0,-0.0,-0.0,-0.0,-0.0,-0.0,-0.0,-0.0,-0.0,-0.0,-0.0,-0.0,-0.0,-0.0,-0.0,-0.0,-0.0,-0.0,-0.0,-0.0,-0.0,3.4,3.4,3.4,3.4,3.4,3.4,3.4,3.4,3.4,3.4,3.4,3.4,3.4,3.4,3.4,3.4,3.4,3.4,3.4,3.4,3.4
321,HD216625,0.0,3.4,0.0,3.4,-99.9,?,3.4,3.4,3.4,3.4,3.4,3.4,3.4,3.4,3.4,3.4,3.4,3.4,3.4,3.4,3.4,3.4,3.4,3.4,3.4,3.4,3.4,6.3,6.3,6.3,6.3,6.3,6.3,6.3,6.3,6.3,6.3,6.3,6.3,6.3,6.3,6.3,6.3,6.3,6.3,6.3,6.3,6.3
322,HD217014,0.0,-0.9,0.0,-0.9,-99.9,?,-0.5,-0.5,-0.5,-0.5,-0.5,-0.5,-0.5,-0.5,-0.5,-0.5,-0.5,-0.5,-0.5,-0.5,-0.5,-0.5,-0.5,-0.5,-0.5,-0.5,-0.5,2.8,2.8,2.8,2.8,2.8,2.8,2.8,2.8,2.8,2.8,2.8,2.8,2.8,2.8,2.8,2.8,2.8,2.8,2.8,2.8,2.8
323,HD217107,0.0,-1.4,0.0,-1.4,-99.9,?,-4.3,-4.3,-4.3,-4.3,-4.3,-4.3,-4.3,-4.3,-4.3,-4.3,-4.3,-4.3,-4.3,-4.3,-4.3,-4.3,-4.3,-4.3,-4.3,-4.3,-4.3,2.9,2.9,2.9,2.9,2.9,2.9,2.9,2.9,2.9,2.9,2.9,2.9,2.9,2.9,2.9,2.9,2.9,2.9,2.9,2.9,2.9
324,HD217877,0.0,-12.0,0.0,-12.0,-99.9,?,-10.4,-10.4,-10.4,-10.4,-10.4,-10.4,-10.4,-10.4,-10.4,-10.4,-10.4,-10.4,-10.4,-10.4,-10.4,-10.4,-10.4,-10.4,-10.4,-10.4,-10.4,4.4,4.4,4.4,4.4,4.4,4.4,4.4,4.4,4.4,4.4,4.4,4.4,4.4,4.4,4.4,4.4,4.4,4.4,4.4,4.4,4.4
325,HD218133,4.2,-47.5,1.4,-47.6,-99.9,?,-47.6,-47.6,-47.6,-47.5,-47.5,-47.5,-47.4,-47.4,-47.3,-47.3,-47.3,-47.2,-47.2,-47.1,-47.1,-47.0,-47.0,-46.9,-46.9,-46.8,-46.8,9.8,10.0,10.2,10.4,10.7,10.9,11.1,11.3,11.5,11.7,11.9,12.2,12.4,12.6,12.8,13.0,13.2,13.4,13.6,13.9,14.1
326,HD218209,0.0,3.1,0.0,3.1,-99.9,?,3.1,3.1,3.1,3.1,3.1,3.1,3.1,3.1,3.1,3.1,3.1,3.1,3.1,3.1,3.1,3.1,3.1,3.1,3.1,3.1,3.1,3.5,3.5,3.5,3.5,3.5,3.5,3.5,3.5,3.5,3.5,3.5,3.5,3.5,3.5,3.5,3.5,3.5,3.5,3.5,3.5,3.5
327,HD218261,0.0,34.8,0.0,34.8,-99.9,?,36.5,41.9,45.7,46.4,42.3,34.3,26.8,24.0,26.5,32.0,37.8,42.6,45.4,44.4,38.5,30.1,24.2,23.6,27.6,33.4,38.8,6.8,6.2,6.1,6.0,6.1,6.7,7.4,8.3,8.6,8.0,7.3,7.0,6.9,6.8,7.1,7.8,8.5,9.2,9.2,8.6,8.1
328,HD21847,18.4,36.0,15.0,28.1,0.13,-,21.6,20.5,19.6,19.1,18.8,18.9,19.2,19.9,20.8,22.0,23.4,25.1,26.8,28.7,30.7,32.6,34.5,36.2,37.8,39.1,40.1,6.5,6.5,6.6,6.6,6.7,6.8,6.9,7.0,7.3,7.6,7.9,8.3,8.8,9.2,9.7,10.1,10.5,10.9,11.2,11.4,11.7
329,HD218730,24.6,15.4,0.4,15.5,-99.9,?,16.8,16.5,15.8,14.9,13.9,13.3,13.1,13.4,14.2,15.1,15.9,16.5,16.6,16.2,15.5,14.5,13.6,13.0,12.9,13.3,14.1,5.0,5.1,5.2,5.2,5.2,5.2,5.3,5.3,5.3,5.3,5.4,5.5,5.6,5.7,5.8,5.8,5.8,5.8,5.9,5.9,5.9
330,HD218804,15.8,104.3,183.8,22.3,0.0,+,92.2,81.8,73.4,66.4,59.7,52.8,45.9,39.4,35.0,34.4,39.6,51.5,70.4,94.6,121.6,148.0,170.2,185.0,190.7,187.3,176.3,62.1,63.2,60.3,53.9,45.5,37.9,34.4,35.7,39.0,41.6,42.9,43.5,43.7,43.1,41.1,37.8,34.6,32.6,32.0,31.6,31.4
331,HD218949,0.0,-0.3,0.0,-0.3,-99.9,?,-0.3,-0.3,-0.3,-0.3,-0.3,-0.3,-0.3,-0.3,-0.3,-0.3,-0.3,-0.3,-0.3,-0.3,-0.3,-0.3,-0.3,-0.3,-0.3,-0.3,-0.3,7.7,7.7,7.7,7.7,7.7,7.7,7.7,7.7,7.7,7.7,7.7,7.7,7.7,7.7,7.7,7.7,7.7,7.7,7.7,7.7,7.7
332,HD219134,12.3,5.8,5.3,-3.1,0.0,+,-3.1,-2.9,-2.3,-1.6,-0.7,0.2,1.1,1.9,2.5,2.9,3.1,3.2,3.1,2.8,2.4,2.0,1.5,1.0,0.5,-0.1,-0.6,2.4,2.5,2.7,2.8,2.9,3.0,3.0,3.1,3.2,3.2,3.3,3.3,3.3,3.4,3.4,3.5,3.5,3.6,3.7,3.8,3.9
333,HD219172,5.5,15.0,3.6,12.4,0.04,-,12.4,13.0,14.4,14.1,12.2,11.0,12.5,16.5,19.8,19.1,15.0,12.2,12.7,14.1,13.9,12.0,10.8,12.1,15.9,19.3,18.8,3.2,3.4,3.6,4.7,4.7,3.6,3.5,3.5,3.5,3.8,3.5,3.7,4.0,4.2,5.1,5.2,4.2,4.0,4.1,4.1,4.3
334,HD219396,0.0,11.0,0.0,11.0,-99.9,?,11.0,11.0,11.0,11.0,11.0,11.0,11.0,11.0,11.0,11.0,11.0,11.0,11.0,11.0,11.0,11.0,11.0,11.0,11.0,11.0,11.0,4.5,4.5,4.5,4.5,4.5,4.5,4.5,4.5,4.5,4.5,4.5,4.5,4.5,4.5,4.5,4.5,4.5,4.5,4.5,4.5,4.5
335,HD219834B,9.6,5.1,25.8,-6.4,0.0,+,-32.3,-31.5,-28.7,-24.1,-18.5,-13.0,-8.9,-6.7,-7.0,-9.2,-12.4,-16.0,-19.0,-21.3,-23.1,-24.6,-26.2,-28.0,-29.7,-30.9,-30.8,5.0,5.0,5.1,5.2,5.4,5.7,6.0,6.4,6.8,7.2,7.3,7.4,7.2,7.1,6.9,6.8,6.8,6.8,6.9,7.0,7.1
336,HD220140,0.0,223.0,0.0,223.0,-99.9,?,223.0,223.0,223.0,223.0,223.0,223.0,223.0,223.0,223.0,223.0,223.0,223.0,223.0,223.0,223.0,223.0,223.0,223.0,223.0,223.0,223.0,35.7,35.7,35.7,35.7,35.7,35.7,35.7,35.7,35.7,35.7,35.7,35.7,35.7,35.7,35.7,35.7,35.7,35.7,35.7,35.7,35.7
337,HD220182,0.0,151.6,0.0,151.6,-99.9,?,151.6,151.6,151.6,151.6,151.6,151.6,151.6,151.6,151.6,151.6,151.6,151.6,151.6,151.6,151.6,151.6,151.6,151.6,151.6,151.6,151.6,3.2,3.2,3.2,3.2,3.2,3.2,3.2,3.2,3.2,3.2,3.2,3.2,3.2,3.2,3.2,3.2,3.2,3.2,3.2,3.2,3.2
338,HD220476,0.0,133.3,0.0,133.3,-99.9,?,133.3,133.3,133.3,133.3,133.3,133.3,133.3,133.3,133.3,133.3,133.3,133.3,133.3,133.3,133.3,133.3,133.3,133.3,133.3,133.3,133.3,7.5,7.5,7.5,7.5,7.5,7.5,7.5,7.5,7.5,7.5,7.5,7.5,7.5,7.5,7.5,7.5,7.5,7.5,7.5,7.5,7.5
339,HD22049,18.4,87.4,18.1,67.9,0.28,+,83.7,82.9,81.8,80.4,78.8,77.2,75.6,74.3,73.2,72.5,72.2,72.4,73.0,73.9,75.1,76.5,77.9,79.3,80.4,81.2,81.6,2.8,2.9,2.9,3.0,3.0,3.0,3.0,3.1,3.1,3.1,3.2,3.3,3.4,3.5,3.6,3.7,3.8,3.9,4.0,4.1,4.2
340,HD220773,0.0,7.6,0.0,7.6,-99.9,?,7.6,7.6,7.6,7.6,7.6,7.6,7.6,7.6,7.6,7.6,7.6,7.6,7.6,7.6,7.6,7.6,7.6,7.6,7.6,7.6,7.6,7.5,7.5,7.5,7.5,7.5,7.5,7.5,7.5,7.5,7.5,7.5,7.5,7.5,7.5,7.5,7.5,7.5,7.5,7.5,7.5,7.5
341,HD221146,0.0,-0.6,0.0,-0.6,-99.9,?,0.2,0.2,0.2,0.2,0.2,0.2,0.2,0.2,0.2,0.2,0.2,0.2,0.2,0.2,0.2,0.2,0.2,0.2,0.2,0.2,0.2,2.7,2.7,2.7,2.7,2.7,2.7,2.7,2.7,2.7,2.7,2.7,2.7,2.7,2.7,2.7,2.7,2.7,2.7,2.7,2.7,2.7
342,HD221354,29.0,-0.2,0.9,1.0,-99.9,?,1.0,1.0,0.9,0.9,0.9,0.8,0.8,0.8,0.7,0.7,0.7,0.6,0.6,0.6,0.5,0.5,0.4,0.4,0.4,0.3,0.3,1.1,1.1,1.2,1.2,1.2,1.2,1.3,1.3,1.3,1.3,1.3,1.4,1.4,1.4,1.4,1.4,1.4,1.4,1.5,1.5,1.5
343,HD221356,20.7,-1.6,1.6,-1.4,0.62,+,-1.4,-1.3,-1.2,-1.0,-0.9,-0.9,-0.8,-0.7,-0.7,-0.7,-0.7,-0.7,-0.8,-0.8,-0.9,-1.0,-1.1,-1.2,-1.3,-1.4,-1.5,1.1,1.1,1.1,1.1,1.0,1.0,1.0,1.0,1.0,1.0,1.0,1.0,1.0,1.0,1.0,1.0,1.0,1.0,1.0,1.0,1.0
344,HD221627,0.0,1.4,0.0,1.4,-99.9,?,1.4,1.4,1.4,1.4,1.4,1.4,1.4,1.4,1.4,1.4,1.4,1.4,1.4,1.4,1.4,1.4,1.4,1.4,1.4,1.4,1.4,6.3,6.3,6.3,6.3,6.3,6.3,6.3,6.3,6.3,6.3,6.3,6.3,6.3,6.3,6.3,6.3,6.3,6.3,6.3,6.3,6.3
345,HD221757,0.0,-0.8,0.0,-0.8,-99.9,?,-0.8,-0.8,-0.8,-0.8,-0.8,-0.8,-0.8,-0.8,-0.8,-0.8,-0.8,-0.8,-0.8,-0.8,-0.8,-0.8,-0.8,-0.8,-0.8,-0.8,-0.8,11.3,11.3,11.3,11.3,11.3,11.3,11.3,11.3,11.3,11.3,11.3,11.3,11.3,11.3,11.3,11.3,11.3,11.3,11.3,11.3,11.3
346,HD221830,0.0,-4.7,0.0,-4.7,-99.9,?,-7.3,-7.3,-7.3,-7.3,-7.3,-7.3,-7.3,-7.3,-7.3,-7.3,-7.3,-7.3,-7.3,-7.3,-7.3,-7.3,-7.3,-7.3,-7.3,-7.3,-7.3,3.8,3.8,3.8,3.8,3.8,3.8,3.8,3.8,3.8,3.8,3.8,3.8,3.8,3.8,3.8,3.8,3.8,3.8,3.8,3.8,3.8
347,HD221950,0.0,33.3,0.0,33.3,-99.9,?,33.3,33.3,33.3,33.3,33.3,33.3,33.3,33.3,33.3,33.3,33.3,33.3,33.3,33.3,33.3,33.3,33.3,33.3,33.3,33.3,33.3,6.4,6.4,6.4,6.4,6.4,6.4,6.4,6.4,6.4,6.4,6.4,6.4,6.4,6.4,6.4,6.4,6.4,6.4,6.4,6.4,6.4
348,HD222033,0.0,8.0,0.0,8.0,-99.9,?,8.0,8.0,8.0,8.0,8.0,8.0,8.0,8.0,8.0,8.0,8.0,8.0,8.0,8.0,8.0,8.0,8.0,8.0,8.0,8.0,8.0,4.2,4.2,4.2,4.2,4.2,4.2,4.2,4.2,4.2,4.2,4.2,4.2,4.2,4.2,4.2,4.2,4.2,4.2,4.2,4.2,4.2
349,HD222143,3.7,83.4,13.5,88.9,0.87,-,84.9,79.3,76.8,79.2,84.6,89.3,90.1,86.3,80.5,76.7,77.5,82.2,87.6,89.9,87.5,81.9,77.1,76.2,79.9,85.4,89.0,16.3,16.3,16.4,16.9,17.6,18.1,18.5,18.7,18.9,18.9,19.3,19.9,20.5,20.9,21.2,21.4,21.5,21.7,22.2,22.8,23.3
350,HD222155,0.0,4.6,0.0,4.6,-99.9,?,4.6,4.6,4.6,4.6,4.6,4.6,4.6,4.6,4.6,4.6,4.6,4.6,4.6,4.6,4.6,4.6,4.6,4.6,4.6,4.6,4.6,6.6,6.6,6.6,6.6,6.6,6.6,6.6,6.6,6.6,6.6,6.6,6.6,6.6,6.6,6.6,6.6,6.6,6.6,6.6,6.6,6.6
351,HD222368,0.0,5.7,0.0,5.7,-99.9,?,6.6,6.6,6.6,6.6,6.6,6.6,6.6,6.6,6.6,6.6,6.6,6.6,6.6,6.6,6.6,6.6,6.6,6.6,6.6,6.6,6.6,2.6,2.6,2.6,2.6,2.6,2.6,2.6,2.6,2.6,2.6,2.6,2.6,2.6,2.6,2.6,2.6,2.6,2.6,2.6,2.6,2.6
352,HD222794,0.0,11.9,0.0,11.9,-99.9,?,11.9,11.9,11.9,11.9,11.9,11.9,11.9,11.9,11.9,11.9,11.9,11.9,11.9,11.9,11.9,11.9,11.9,11.9,11.9,11.9,11.9,10.0,10.0,10.0,10.0,10.0,10.0,10.0,10.0,10.0,10.0,10.0,10.0,10.0,10.0,10.0,10.0,10.0,10.0,10.0,10.0,10.0
353,HD223778,11.8,19.2,12.5,14.3,-99.9,?,14.3,13.7,13.2,12.6,12.1,11.5,11.0,10.5,10.0,9.5,9.0,8.5,8.0,7.6,7.1,6.7,6.3,5.9,5.5,5.1,4.7,13.2,13.5,13.9,14.2,14.5,14.9,15.2,15.5,15.8,16.2,16.5,16.8,17.1,17.5,17.8,18.1,18.4,18.7,19.0,19.2,19.5
354,HD22484,28.8,6.4,1.9,-2.9,0.4,+,-4.1,-4.0,-3.9,-3.8,-3.7,-3.5,-3.4,-3.2,-3.0,-2.8,-2.6,-2.5,-2.3,-2.1,-1.9,-1.7,-1.6,-1.4,-1.3,-1.1,-1.0,7.8,8.2,8.6,9.0,9.4,9.7,10.0,10.3,10.5,10.7,10.9,11.1,11.2,11.4,11.5,11.6,11.6,11.7,11.7,11.8,11.8
355,HD224930,29.5,9.6,10.6,11.7,0.99,+,11.5,11.5,11.5,11.4,11.3,11.1,10.8,10.6,10.3,9.9,9.5,9.1,8.7,8.3,7.8,7.3,6.9,6.4,5.9,5.5,5.0,4.3,4.4,4.5,4.6,4.6,4.7,4.8,4.8,4.9,4.9,4.9,5.0,5.0,5.0,5.0,5.0,5.0,5.0,5.0,5.0,5.0
356,HD22879,0.0,-2.9,0.0,-2.9,-99.9,?,-1.2,-1.1,-1.1,-1.1,-1.0,-1.0,-1.0,-1.0,-0.9,-0.9,-0.9,-0.8,-0.8,-0.7,-0.7,-0.7,-0.6,-0.6,-0.6,-0.5,-0.5,0.8,0.9,0.9,1.0,1.1,1.1,1.2,1.3,1.4,1.4,1.5,1.6,1.6,1.7,1.8,1.8,1.9,1.9,2.0,2.0,2.0
357,HD23140,0.0,43.3,0.0,43.3,-99.9,?,43.3,43.3,43.3,43.3,43.3,43.3,43.3,43.3,43.3,43.3,43.3,43.3,43.3,43.3,43.3,43.3,43.3,43.3,43.3,43.3,43.3,6.1,6.1,6.1,6.1,6.1,6.1,6.1,6.1,6.1,6.1,6.1,6.1,6.1,6.1,6.1,6.1,6.1,6.1,6.1,6.1,6.1
358,HD24040,0.0,-6.6,0.0,-6.6,-99.9,?,-10.3,-10.3,-10.3,-10.3,-10.3,-10.3,-10.3,-10.3,-10.3,-10.3,-10.3,-10.3,-10.3,-10.3,-10.3,-10.3,-10.3,-10.3,-10.3,-10.3,-10.3,5.1,5.1,5.1,5.1,5.1,5.1,5.1,5.1,5.1,5.1,5.1,5.1,5.1,5.1,5.1,5.1,5.1,5.1,5.1,5.1,5.1
359,HD24213,4.0,-14.4,6.1,-12.3,0.95,-,-14.1,-14.1,-14.1,-14.1,-14.1,-14.1,-14.1,-14.1,-14.1,-14.1,-14.1,-14.1,-14.1,-14.1,-14.1,-14.1,-14.1,-14.1,-14.1,-14.1,-14.1,1.9,1.9,1.9,1.9,1.9,1.9,1.9,1.9,1.9,1.9,1.9,1.9,1.9,1.9,1.9,1.9,1.9,1.9,1.9,1.9,1.9
360,HD25457,8.0,150.3,5.6,112.7,-0.05,-,171.5,174.4,175.0,171.5,164.8,157.7,154.1,156.5,164.4,175.1,184.4,189.2,188.2,182.5,174.8,168.0,164.5,164.8,167.3,169.5,168.6,13.2,11.7,10.1,8.9,8.5,8.6,9.0,9.8,10.8,11.5,11.9,12.2,12.8,13.8,15.2,16.7,17.7,17.6,16.4,14.5,12.7
361,HD25665,6.0,20.9,13.9,28.3,0.98,+,28.3,28.5,27.0,24.1,20.6,17.4,15.3,14.9,16.5,19.6,23.3,26.6,28.5,28.6,27.0,24.2,20.7,17.6,15.5,15.2,16.8,2.8,3.0,3.1,3.1,3.1,3.1,3.2,3.2,3.2,3.2,3.2,3.3,3.5,3.6,3.8,3.8,3.8,3.9,3.9,3.9,3.9
362,HD26161,14.8,-13.6,11.2,-7.8,0.92,+,-16.6,-15.4,-14.3,-13.2,-12.1,-11.1,-10.3,-9.6,-9.0,-8.6,-8.3,-8.2,-8.3,-8.5,-8.9,-9.5,-10.2,-11.1,-12.2,-13.3,-14.5,6.2,6.4,6.5,6.5,6.5,6.4,6.2,6.0,5.8,5.6,5.4,5.2,5.0,4.9,4.8,4.7,4.7,4.7,4.7,4.7,4.7
363,HD26749,0.0,2.5,0.0,2.5,-99.9,?,2.5,2.5,2.5,2.5,2.5,2.5,2.5,2.5,2.5,2.5,2.5,2.5,2.5,2.5,2.5,2.5,2.5,2.5,2.5,2.5,2.5,6.5,6.5,6.5,6.5,6.5,6.5,6.5,6.5,6.5,6.5,6.5,6.5,6.5,6.5,6.5,6.5,6.5,6.5,6.5,6.5,6.5
364,HD26913,29.5,138.0,14.8,138.8,-99.9,?,138.8,138.7,138.5,138.3,138.0,137.8,137.5,137.2,136.9,136.5,136.1,135.7,135.3,134.9,134.4,133.9,133.4,132.9,132.3,131.8,131.2,16.3,16.9,17.5,18.1,18.8,19.4,20.1,20.7,21.4,22.1,22.8,23.6,24.3,25.0,25.8,26.5,27.3,28.0,28.8,29.6,30.4
365,HD26923,24.6,76.7,61.9,42.5,-0.81,-,52.0,52.8,52.8,51.8,50.0,47.5,44.6,41.5,38.6,36.3,34.6,33.8,34.0,34.9,36.5,38.5,40.5,42.2,43.3,43.6,43.0,7.1,7.5,7.8,8.0,8.2,8.2,8.2,8.1,7.9,7.7,7.5,7.5,7.6,7.8,8.1,8.6,9.0,9.5,10.0,10.4,10.7
366,HD26965,10.3,7.1,8.3,5.8,0.37,+,7.4,8.6,9.9,11.3,12.5,13.4,13.9,14.0,13.7,13.0,12.1,11.0,10.0,8.9,8.0,7.3,6.9,6.7,6.9,7.4,8.2,1.4,1.5,1.6,1.7,1.8,1.8,1.9,1.9,1.8,1.8,1.8,1.8,1.7,1.7,1.6,1.6,1.6,1.7,1.8,1.9,2.0
367,HD26990,0.0,59.8,0.0,59.8,-99.9,?,56.9,56.4,55.8,55.2,54.5,53.9,53.2,52.5,51.8,51.1,50.3,49.6,48.8,48.1,47.3,46.5,45.7,44.9,44.0,43.2,42.4,8.2,8.6,9.0,9.5,9.9,10.4,10.8,11.3,11.8,12.3,12.8,13.3,13.8,14.3,14.8,15.3,15.8,16.3,16.9,17.4,17.9
368,HD27534,0.0,-7.6,0.0,-7.6,-99.9,?,-7.6,-7.6,-7.6,-7.6,-7.6,-7.6,-7.6,-7.6,-7.6,-7.6,-7.6,-7.6,-7.6,-7.6,-7.6,-7.6,-7.6,-7.6,-7.6,-7.6,-7.6,4.6,4.6,4.6,4.6,4.6,4.6,4.6,4.6,4.6,4.6,4.6,4.6,4.6,4.6,4.6,4.6,4.6,4.6,4.6,4.6,4.6
369,HD27991,0.0,72.1,0.0,72.1,-99.9,?,72.1,72.1,72.1,72.1,72.1,72.1,72.1,72.1,72.1,72.1,72.1,72.1,72.1,72.1,72.1,72.1,72.1,72.1,72.1,72.1,72.1,11.6,11.6,11.6,11.6,11.6,11.6,11.6,11.6,11.6,11.6,11.6,11.6,11.6,11.6,11.6,11.6,11.6,11.6,11.6,11.6,11.6
370,HD28005,29.0,-3.9,1.9,3.4,-99.9,?,-10.9,-10.9,-10.9,-10.9,-10.9,-10.9,-10.9,-10.9,-10.9,-10.9,-10.9,-10.9,-10.9,-10.9,-10.9,-10.9,-10.9,-10.9,-10.9,-10.9,-10.9,2.0,2.0,2.0,2.0,2.0,2.0,2.0,2.0,2.0,2.0,2.0,2.0,2.0,2.0,2.0,2.0,2.0,2.0,2.0,2.0,2.0
371,HD28237,0.0,80.5,0.0,80.5,-99.9,?,80.5,80.5,80.5,80.5,80.5,80.5,80.5,80.5,80.5,80.5,80.5,80.5,80.5,80.5,80.5,80.5,80.5,80.5,80.5,80.5,80.5,4.0,4.0,4.0,4.0,4.0,4.0,4.0,4.0,4.0,4.0,4.0,4.0,4.0,4.0,4.0,4.0,4.0,4.0,4.0,4.0,4.0
372,HD28676,0.0,-3.6,0.0,-3.6,-99.9,?,-3.6,-3.6,-3.6,-3.6,-3.6,-3.6,-3.6,-3.6,-3.6,-3.6,-3.6,-3.6,-3.6,-3.6,-3.6,-3.6,-3.6,-3.6,-3.6,-3.6,-3.6,4.4,4.4,4.4,4.4,4.4,4.4,4.4,4.4,4.4,4.4,4.4,4.4,4.4,4.4,4.4,4.4,4.4,4.4,4.4,4.4,4.4
373,HD28807,9.4,-0.0,0.0,0.0,1.0,+,-0.0,-0.0,-0.0,-0.0,-0.0,-0.0,-0.0,-0.0,-0.0,-0.0,-0.0,-0.0,-0.0,-0.0,-0.0,-0.0,-0.0,-0.0,-0.0,-0.0,-0.0,2.3,2.3,2.3,2.3,2.3,2.3,2.3,2.3,2.3,2.3,2.3,2.3,2.3,2.3,2.3,2.3,2.3,2.3,2.3,2.3,2.3
374,HD28821,0.0,2.6,0.0,2.6,-99.9,?,2.6,2.6,2.6,2.6,2.6,2.6,2.6,2.6,2.6,2.6,2.6,2.6,2.6,2.6,2.6,2.6,2.6,2.6,2.6,2.6,2.6,1.0,1.0,1.0,1.0,1.0,1.0,1.0,1.0,1.0,1.0,1.0,1.0,1.0,1.0,1.0,1.0,1.0,1.0,1.0,1.0,1.0
375,HD29150,0.0,2.8,0.0,2.8,-99.9,?,2.8,2.8,2.8,2.8,2.8,2.8,2.8,2.8,2.8,2.8,2.8,2.8,2.8,2.8,2.8,2.8,2.8,2.8,2.8,2.8,2.8,3.3,3.3,3.3,3.3,3.3,3.3,3.3,3.3,3.3,3.3,3.3,3.3,3.3,3.3,3.3,3.3,3.3,3.3,3.3,3.3,3.3
376,HD29310,0.0,123.9,0.0,123.9,-99.9,?,123.9,123.9,123.9,123.9,123.9,123.9,123.9,123.9,123.9,123.9,123.9,123.9,123.9,123.9,123.9,123.9,123.9,123.9,123.9,123.9,123.9,6.6,6.6,6.6,6.6,6.6,6.6,6.6,6.6,6.6,6.6,6.6,6.6,6.6,6.6,6.6,6.6,6.6,6.6,6.6,6.6,6.6
377,HD29329,0.0,-0.5,0.0,-0.5,-99.9,?,-0.5,-0.5,-0.5,-0.5,-0.5,-0.5,-0.5,-0.5,-0.5,-0.5,-0.5,-0.5,-0.5,-0.5,-0.5,-0.5,-0.5,-0.5,-0.5,-0.5,-0.5,8.0,8.0,8.0,8.0,8.0,8.0,8.0,8.0,8.0,8.0,8.0,8.0,8.0,8.0,8.0,8.0,8.0,8.0,8.0,8.0,8.0
378,HD29587,18.9,10.2,12.8,6.3,0.15,+,6.3,6.8,7.5,8.2,8.9,9.8,10.7,11.7,12.7,13.6,14.6,15.4,16.1,16.6,16.8,16.8,16.4,15.8,14.9,13.8,12.6,11.2,11.2,11.2,11.1,10.9,10.7,10.5,10.1,9.7,9.2,8.6,8.0,7.3,6.6,5.9,5.3,4.8,4.5,4.2,4.0,4.0
379,HD29645,0.0,-12.6,0.0,-12.6,-99.9,?,-9.6,-9.6,-9.6,-9.6,-9.7,-9.7,-9.8,-9.9,-10.0,-10.1,-10.3,-10.4,-10.5,-10.7,-10.8,-10.9,-11.1,-11.2,-11.2,-11.3,-11.4,2.5,2.5,2.5,2.5,2.5,2.5,2.5,2.5,2.4,2.4,2.4,2.4,2.4,2.5,2.5,2.5,2.5,2.5,2.6,2.6,2.6
380,HD29836,7.2,-0.5,0.0,0.0,0.2,-,-8.9,-6.7,-4.1,-0.4,2.4,-0.7,-6.3,-9.0,-7.6,-5.1,-2.0,1.8,1.1,-4.3,-8.4,-8.4,-6.0,-3.3,0.5,2.1,-2.1,2.1,2.0,2.1,2.3,2.6,2.9,2.3,2.5,2.0,2.2,2.3,2.6,3.0,2.6,2.6,2.3,2.3,2.4,2.7,3.0,3.0
381,HD30562,0.0,-0.2,0.0,-0.2,-99.9,?,0.8,0.8,0.8,0.8,0.8,0.8,0.8,0.8,0.8,0.8,0.8,0.8,0.8,0.8,0.8,0.8,0.8,0.8,0.8,0.8,0.8,2.5,2.5,2.5,2.5,2.5,2.5,2.5,2.5,2.5,2.5,2.5,2.5,2.5,2.5,2.5,2.5,2.5,2.5,2.5,2.5,2.5
382,HD30649,0.0,-3.6,0.0,-3.6,-99.9,?,-2.2,-2.2,-2.2,-2.2,-2.2,-2.2,-2.2,-2.2,-2.2,-2.2,-2.2,-2.2,-2.2,-2.2,-2.2,-2.2,-2.2,-2.2,-2.2,-2.2,-2.2,1.8,1.8,1.8,1.8,1.8,1.8,1.8,1.8,1.8,1.8,1.8,1.8,1.8,1.8,1.8,1.8,1.8,1.8,1.8,1.8,1.8
383,HD30652,0.0,18.9,0.0,18.9,-99.9,?,18.9,18.9,18.9,18.9,18.9,18.9,18.9,18.9,18.9,18.9,18.9,18.9,18.9,18.9,18.9,18.9,18.9,18.9,18.9,18.9,18.9,3.3,3.3,3.3,3.3,3.3,3.3,3.3,3.3,3.3,3.3,3.3,3.3,3.3,3.3,3.3,3.3,3.3,3.3,3.3,3.3,3.3
384,HD30708,0.0,2.0,0.0,2.0,-99.9,?,2.0,2.0,2.0,2.0,2.0,2.0,2.0,2.0,2.0,2.0,2.0,2.0,2.0,2.0,2.0,2.0,2.0,2.0,2.0,2.0,2.0,3.2,3.2,3.2,3.2,3.2,3.2,3.2,3.2,3.2,3.2,3.2,3.2,3.2,3.2,3.2,3.2,3.2,3.2,3.2,3.2,3.2
385,HD3079,3.7,5.0,18.3,14.6,0.94,+,6.3,9.8,7.4,3.4,1.8,1.8,2.7,3.8,6.7,7.9,4.6,2.1,1.3,1.8,2.8,4.0,6.2,5.5,2.7,1.3,1.2,6.9,7.6,8.2,7.8,8.4,8.9,8.0,7.1,7.9,8.3,8.6,8.3,8.9,8.9,8.1,7.9,8.6,8.8,8.8,8.8,9.1
386,HD30869,0.0,51.0,0.0,51.0,-99.9,?,51.0,51.0,51.0,51.0,51.0,51.0,51.0,51.0,51.0,51.0,51.0,51.0,51.0,51.0,51.0,51.0,51.0,51.0,51.0,51.0,51.0,12.0,12.0,12.0,12.0,12.0,12.0,12.0,12.0,12.0,12.0,12.0,12.0,12.0,12.0,12.0,12.0,12.0,12.0,12.0,12.0,12.0
387,HD31675,0.0,63.4,0.0,63.4,-99.9,?,61.7,61.7,61.7,61.7,61.7,61.7,61.7,61.7,61.7,61.7,61.7,61.7,61.7,61.7,61.7,61.7,61.7,61.7,61.7,61.7,61.7,7.9,7.9,7.9,7.9,7.9,7.9,7.9,7.9,7.9,7.9,7.9,7.9,7.9,7.9,7.9,7.9,7.9,7.9,7.9,7.9,7.9
388,HD31865,0.0,0.1,0.0,0.1,-99.9,?,0.1,0.1,0.1,0.1,0.1,0.1,0.1,0.1,0.1,0.1,0.1,0.1,0.1,0.1,0.1,0.1,0.1,0.1,0.1,0.1,0.1,3.4,3.4,3.4,3.4,3.4,3.4,3.4,3.4,3.4,3.4,3.4,3.4,3.4,3.4,3.4,3.4,3.4,3.4,3.4,3.4,3.4
389,HD31966,0.0,3.0,0.0,3.0,-99.9,?,3.3,3.3,3.3,3.3,3.3,3.3,3.3,3.3,3.3,3.3,3.3,3.3,3.3,3.3,3.3,3.3,3.3,3.3,3.3,3.3,3.3,3.1,3.1,3.1,3.1,3.1,3.1,3.1,3.1,3.1,3.1,3.1,3.1,3.1,3.1,3.1,3.1,3.1,3.1,3.1,3.1,3.1
390,HD32147,11.0,2.5,8.7,4.4,0.52,-,4.4,3.7,3.2,2.9,2.8,2.5,2.0,1.3,0.7,0.7,1.6,3.4,5.7,7.7,9.0,9.3,8.9,8.2,7.5,6.7,6.0,1.4,1.5,1.5,1.5,1.5,1.4,1.4,1.3,1.3,1.3,1.3,1.4,1.5,1.7,1.8,1.9,2.0,1.9,1.8,1.7,1.7
391,HD3268,0.0,-11.0,0.0,-11.0,-99.9,?,-11.0,-11.0,-11.0,-11.0,-11.0,-11.0,-11.0,-11.0,-11.0,-11.0,-11.0,-11.0,-11.0,-11.0,-11.0,-11.0,-11.0,-11.0,-11.0,-11.0,-11.0,15.1,15.1,15.1,15.1,15.1,15.1,15.1,15.1,15.1,15.1,15.1,15.1,15.1,15.1,15.1,15.1,15.1,15.1,15.1,15.1,15.1
392,HD32724,0.0,-0.7,0.0,-0.7,-99.9,?,-0.7,-0.7,-0.7,-0.7,-0.7,-0.7,-0.7,-0.7,-0.7,-0.7,-0.7,-0.7,-0.7,-0.7,-0.7,-0.7,-0.7,-0.7,-0.7,-0.7,-0.7,0.6,0.6,0.6,0.6,0.6,0.6,0.6,0.6,0.6,0.6,0.6,0.6,0.6,0.6,0.6,0.6,0.6,0.6,0.6,0.6,0.6
393,HD32923,0.0,0.6,0.0,0.6,-99.9,?,0.6,0.6,0.6,0.6,0.6,0.6,0.6,0.6,0.6,0.6,0.6,0.6,0.6,0.6,0.6,0.6,0.6,0.6,0.6,0.6,0.6,5.4,5.4,5.4,5.4,5.4,5.4,5.4,5.4,5.4,5.4,5.4,5.4,5.4,5.4,5.4,5.4,5.4,5.4,5.4,5.4,5.4
394,HD32963,0.0,2.9,0.0,2.9,-99.9,?,3.8,4.2,4.5,4.8,5.0,5.2,5.2,5.2,5.0,4.8,4.4,4.0,3.5,3.0,2.5,2.1,1.7,1.3,1.1,0.9,0.9,1.7,1.7,1.7,1.7,1.7,1.7,1.6,1.6,1.6,1.6,1.6,1.7,1.7,1.7,1.7,1.8,1.8,1.8,1.8,1.8,1.8
395,HD33021,29.1,-0.1,0.2,0.2,-99.9,?,0.2,0.2,0.1,0.1,0.1,0.1,0.1,0.0,0.0,0.0,0.0,0.0,0.0,0.0,0.0,0.0,0.0,0.0,0.0,0.0,0.0,3.8,3.8,3.9,3.9,3.9,3.9,3.9,3.9,3.9,3.9,3.9,3.9,3.9,3.9,3.9,3.9,3.9,3.9,3.9,3.9,3.9
396,HD33564,0.0,-5.4,0.0,-5.4,-99.9,?,-5.4,-5.4,-5.4,-5.4,-5.4,-5.4,-5.4,-5.4,-5.4,-5.4,-5.4,-5.4,-5.4,-5.4,-5.4,-5.4,-5.4,-5.4,-5.4,-5.4,-5.4,0.7,0.7,0.7,0.7,0.7,0.7,0.7,0.7,0.7,0.7,0.7,0.7,0.7,0.7,0.7,0.7,0.7,0.7,0.7,0.7,0.7
397,HD33632,28.6,7.2,1.6,-1.9,-99.9,?,-1.9,-2.0,-2.2,-2.3,-2.4,-2.4,-2.5,-2.5,-2.5,-2.5,-2.5,-2.5,-2.4,-2.4,-2.3,-2.2,-2.2,-2.1,-2.0,-1.9,-1.8,7.1,7.4,7.6,7.9,8.1,8.4,8.6,8.9,9.1,9.3,9.6,9.8,10.0,10.2,10.4,10.6,10.8,10.9,11.1,11.3,11.4
398,HD33636,17.3,6.1,8.7,3.0,0.24,+,-1.5,-1.4,-1.3,-1.1,-0.8,-0.5,-0.3,-0.0,0.2,0.4,0.6,0.8,0.9,1.0,1.1,1.1,1.1,1.1,1.1,1.0,1.0,6.6,6.7,6.9,7.0,7.1,7.2,7.2,7.3,7.4,7.4,7.4,7.5,7.5,7.5,7.5,7.5,7.6,7.6,7.6,7.6,7.6
399,HD3440,0.0,-1.7,0.0,-1.7,-99.9,?,-1.7,-1.7,-1.7,-1.7,-1.7,-1.7,-1.7,-1.7,-1.7,-1.7,-1.7,-1.7,-1.7,-1.7,-1.7,-1.7,-1.7,-1.7,-1.7,-1.7,-1.7,11.1,11.1,11.1,11.1,11.1,11.1,11.1,11.1,11.1,11.1,11.1,11.1,11.1,11.1,11.1,11.1,11.1,11.1,11.1,11.1,11.1
400,HD34411,26.9,-6.6,5.0,-3.2,1.0,-,-6.1,-6.1,-6.1,-6.1,-6.1,-6.1,-6.1,-6.1,-6.1,-6.1,-6.1,-6.1,-6.1,-6.1,-6.1,-6.1,-6.1,-6.1,-6.1,-6.1,-6.1,1.6,1.6,1.6,1.6,1.6,1.6,1.6,1.6,1.6,1.6,1.6,1.6,1.6,1.6,1.6,1.6,1.6,1.6,1.6,1.6,1.6
401,HD34445,29.2,-7.5,0.0,-9.4,,+,-6.0,-6.0,-6.0,-6.0,-6.0,-6.0,-6.0,-6.0,-6.0,-6.0,-6.0,-6.0,-6.0,-6.0,-6.0,-6.0,-6.0,-6.0,-6.0,-6.0,-6.0,0.8,0.8,0.8,0.8,0.8,0.8,0.8,0.8,0.8,0.8,0.8,0.8,0.8,0.8,0.8,0.8,0.8,0.8,0.8,0.8,0.8
402,HD34575,23.1,-1.0,3.9,-2.8,0.12,-,-3.3,-2.9,-2.5,-2.1,-1.7,-1.4,-1.1,-0.9,-0.7,-0.6,-0.6,-0.7,-1.0,-1.4,-1.9,-2.4,-2.9,-3.3,-3.6,-3.6,-3.5,1.2,1.2,1.2,1.2,1.2,1.2,1.3,1.3,1.4,1.4,1.4,1.4,1.4,1.3,1.3,1.3,1.3,1.3,1.3,1.3,1.3
403,HD34673A,0.0,40.1,0.0,40.1,-99.9,?,40.1,40.1,40.1,40.1,40.1,40.1,40.1,40.1,40.1,40.1,40.1,40.1,40.1,40.1,40.1,40.1,40.1,40.1,40.1,40.1,40.1,1.5,1.5,1.5,1.5,1.5,1.5,1.5,1.5,1.5,1.5,1.5,1.5,1.5,1.5,1.5,1.5,1.5,1.5,1.5,1.5,1.5
404,HD34745,20.2,-12.7,6.5,-16.5,0.02,+,-16.5,-16.1,-15.5,-14.9,-14.3,-13.9,-13.8,-13.8,-14.0,-14.4,-15.0,-15.6,-16.1,-16.5,-16.7,-16.6,-16.3,-15.7,-15.0,-14.1,-13.1,3.4,3.4,3.4,3.5,3.5,3.6,3.6,3.6,3.6,3.6,3.6,3.7,3.7,3.8,3.9,4.0,4.1,4.1,4.1,4.0,3.9
405,HD35627,18.7,-16.1,8.3,-21.9,0.04,+,-21.8,-21.6,-21.3,-20.9,-20.4,-19.8,-19.2,-18.6,-17.9,-17.2,-16.6,-15.9,-15.4,-14.8,-14.4,-14.0,-13.7,-13.5,-13.5,-13.5,-13.7,3.0,3.0,3.0,3.1,3.1,3.1,3.1,3.2,3.2,3.2,3.2,3.3,3.3,3.3,3.4,3.4,3.5,3.5,3.6,3.7,3.7
406,HD35850,19.8,0.4,3.7,0.0,0.0,+,51.1,51.1,51.1,51.1,51.1,51.1,51.1,51.1,51.1,51.1,51.1,51.1,51.1,51.1,51.1,51.1,51.1,51.1,51.1,51.1,51.1,1.8,1.8,1.8,1.8,1.8,1.8,1.8,1.8,1.8,1.8,1.8,1.8,1.8,1.8,1.8,1.8,1.8,1.8,1.8,1.8,1.8
407,HD36003,10.4,5.3,10.5,6.3,0.56,+,6.4,8.0,9.3,10.3,10.9,11.0,10.7,10.0,9.0,7.7,6.2,4.7,3.2,1.9,1.0,0.5,0.6,1.2,2.4,3.8,5.5,1.2,1.3,1.4,1.5,1.6,1.7,1.7,1.8,1.8,1.8,1.8,1.7,1.7,1.6,1.5,1.5,1.4,1.5,1.5,1.6,1.6
408,HD36066,0.0,11.0,0.0,11.0,-99.9,?,11.0,11.0,11.0,11.0,11.0,11.0,11.0,11.0,11.0,11.0,11.0,11.0,11.0,11.0,11.0,11.0,11.0,11.0,11.0,11.0,11.0,4.3,4.3,4.3,4.3,4.3,4.3,4.3,4.3,4.3,4.3,4.3,4.3,4.3,4.3,4.3,4.3,4.3,4.3,4.3,4.3,4.3
409,HD361,28.1,34.2,0.0,29.1,,+,29.1,28.8,28.6,28.3,28.0,27.8,27.5,27.2,27.0,26.7,26.4,26.2,25.9,25.6,25.4,25.1,24.8,24.6,24.3,24.0,23.7,3.6,3.6,3.7,3.8,3.9,3.9,4.0,4.1,4.2,4.3,4.3,4.4,4.5,4.6,4.7,4.8,4.9,5.0,5.1,5.2,5.3
410,HD36379,0.0,1.4,0.0,1.4,-99.9,?,1.4,1.4,1.4,1.4,1.4,1.4,1.4,1.4,1.4,1.4,1.4,1.4,1.4,1.4,1.4,1.4,1.4,1.4,1.4,1.4,1.4,0.4,0.4,0.4,0.4,0.4,0.4,0.4,0.4,0.4,0.4,0.4,0.4,0.4,0.4,0.4,0.4,0.4,0.4,0.4,0.4,0.4
411,HD36395,26.0,7.3,2.8,8.3,-99.9,?,8.2,8.2,8.1,8.0,7.9,7.8,7.7,7.6,7.5,7.3,7.2,7.0,6.9,6.7,6.6,6.4,6.3,6.2,6.0,5.9,5.8,1.1,1.2,1.2,1.2,1.2,1.2,1.2,1.2,1.3,1.3,1.3,1.3,1.3,1.3,1.2,1.2,1.2,1.2,1.2,1.2,1.2
412,HD3651,12.7,2.6,6.2,2.6,0.3,+,2.5,3.3,4.2,5.1,5.9,6.6,7.0,7.0,6.8,6.4,5.6,4.8,3.9,3.1,2.3,1.7,1.3,1.0,0.8,0.8,0.9,2.6,2.8,2.9,3.0,3.1,3.1,3.2,3.2,3.3,3.3,3.3,3.3,3.3,3.3,3.3,3.3,3.4,3.4,3.5,3.6,3.7
413,HD3674,9.3,4.0,0.4,-0.4,0.01,-,-0.4,-0.3,-0.3,-0.2,-0.1,-0.1,-0.1,-0.1,-0.1,-0.1,-0.1,-0.1,-0.1,-0.1,-0.0,-0.0,-0.0,-0.0,-0.0,-0.0,-0.0,11.7,11.7,11.7,11.7,11.7,11.7,11.8,11.8,11.8,11.8,11.8,11.8,11.8,11.8,11.8,11.8,11.8,11.8,11.8,11.8,11.8
414,HD37008,0.0,6.4,0.0,6.4,-99.9,?,6.1,6.1,6.1,6.1,6.1,6.1,6.1,6.1,6.1,6.1,6.1,6.1,6.1,6.1,6.1,6.1,6.1,6.1,6.1,6.1,6.1,2.0,2.0,2.0,2.0,2.0,2.0,2.0,2.0,2.0,2.0,2.0,2.0,2.0,2.0,2.0,2.0,2.0,2.0,2.0,2.0,2.0
415,HD37124,0.0,7.4,0.0,7.4,-99.9,?,7.4,7.4,7.4,7.4,7.4,7.4,7.4,7.4,7.4,7.4,7.4,7.4,7.4,7.4,7.4,7.4,7.4,7.4,7.4,7.4,7.4,3.0,3.0,3.0,3.0,3.0,3.0,3.0,3.0,3.0,3.0,3.0,3.0,3.0,3.0,3.0,3.0,3.0,3.0,3.0,3.0,3.0
416,HD3765,13.4,3.1,6.6,0.8,0.19,+,0.8,1.6,2.4,3.3,4.1,4.7,5.2,5.6,5.7,5.6,5.4,5.1,4.6,4.1,3.5,2.9,2.3,1.7,1.1,0.6,0.1,1.3,1.4,1.4,1.4,1.4,1.4,1.5,1.5,1.4,1.4,1.4,1.4,1.3,1.3,1.3,1.4,1.4,1.5,1.5,1.5,1.5
417,HD37693,0.0,-1.6,0.0,-1.6,-99.9,?,-1.6,-1.6,-1.6,-1.6,-1.6,-1.6,-1.6,-1.6,-1.6,-1.6,-1.6,-1.6,-1.6,-1.6,-1.6,-1.6,-1.6,-1.6,-1.6,-1.6,-1.6,6.1,6.1,6.1,6.1,6.1,6.1,6.1,6.1,6.1,6.1,6.1,6.1,6.1,6.1,6.1,6.1,6.1,6.1,6.1,6.1,6.1
418,HD377,0.0,141.5,0.0,141.5,-99.9,?,142.6,142.6,142.6,142.6,142.6,142.6,142.6,142.6,142.6,142.6,142.6,142.6,142.6,142.6,142.6,142.6,142.6,142.6,142.6,142.6,142.6,6.4,6.4,6.4,6.4,6.4,6.4,6.4,6.4,6.4,6.4,6.4,6.4,6.4,6.4,6.4,6.4,6.4,6.4,6.4,6.4,6.4
419,HD3770,3.9,2.4,6.9,3.7,0.64,+,3.9,3.3,-0.7,-0.9,5.7,10.1,1.1,0.5,4.5,2.6,-1.0,-0.5,7.3,8.6,0.7,0.7,4.9,1.9,-1.2,-0.1,8.8,6.1,5.7,6.4,5.4,7.0,4.8,8.0,8.0,5.2,6.7,5.8,6.3,6.3,5.7,8.0,8.0,4.2,7.1,5.0,7.1,5.7
420,HD3801,0.0,6.9,0.0,6.9,-99.9,?,6.9,6.9,6.9,6.9,6.9,6.9,6.9,6.9,6.9,6.9,6.9,6.9,6.9,6.9,6.9,6.9,6.9,6.9,6.9,6.9,6.9,10.8,10.8,10.8,10.8,10.8,10.8,10.8,10.8,10.8,10.8,10.8,10.8,10.8,10.8,10.8,10.8,10.8,10.8,10.8,10.8,10.8
421,HD3821A,6.0,98.1,16.1,102.2,0.9,+,102.5,104.6,104.4,102.1,98.0,93.2,88.9,86.0,85.2,86.7,89.9,94.0,97.9,100.5,101.0,99.2,95.6,90.9,86.4,82.9,81.5,10.6,10.7,10.6,10.5,10.4,10.4,10.7,11.2,12.0,12.9,13.9,14.6,15.1,15.4,15.3,15.2,15.1,15.0,15.2,15.7,16.4
422,HD38230,23.1,-0.3,0.5,-0.5,0.42,-,-0.6,-0.5,-0.4,-0.4,-0.3,-0.3,-0.2,-0.2,-0.1,-0.1,-0.1,-0.1,-0.1,-0.0,-0.0,-0.0,-0.0,-0.0,-0.0,-0.0,-0.0,2.7,2.7,2.8,2.9,2.9,2.9,3.0,3.0,3.0,3.0,3.0,3.0,3.0,3.0,3.0,3.0,3.0,3.0,3.0,3.0,3.0
423,HD38277A,0.0,2.1,0.0,2.1,-99.9,?,2.1,2.1,2.1,2.1,2.1,2.1,2.1,2.1,2.1,2.1,2.1,2.1,2.1,2.1,2.1,2.1,2.1,2.1,2.1,2.1,2.1,0.5,0.5,0.5,0.5,0.5,0.5,0.5,0.5,0.5,0.5,0.5,0.5,0.5,0.5,0.5,0.5,0.5,0.5,0.5,0.5,0.5
424,HD38858,0.0,-0.0,0.0,-0.0,-99.9,?,-0.0,-0.0,-0.0,-0.0,-0.0,-0.0,-0.0,-0.0,-0.0,-0.0,-0.0,-0.0,-0.0,-0.0,-0.0,-0.0,-0.0,-0.0,-0.0,-0.0,-0.0,3.2,3.2,3.2,3.2,3.2,3.2,3.2,3.2,3.2,3.2,3.2,3.2,3.2,3.2,3.2,3.2,3.2,3.2,3.2,3.2,3.2
425,HD39587,9.1,141.3,14.5,134.4,0.73,+,148.0,147.1,145.9,144.6,143.3,142.3,141.6,141.3,141.5,142.1,143.0,144.1,145.1,146.0,146.6,146.9,146.6,145.9,144.9,143.7,142.4,8.1,8.3,8.6,8.8,9.0,9.1,9.2,9.2,9.3,9.4,9.5,9.7,9.9,10.1,10.4,10.7,11.0,11.3,11.6,11.9,12.1
426,HD39833,0.0,27.9,0.0,27.9,-99.9,?,27.9,27.9,27.9,27.9,27.9,27.9,27.9,27.9,27.9,27.9,27.9,27.9,27.9,27.9,27.9,27.9,27.9,27.9,27.9,27.9,27.9,0.9,0.9,0.9,0.9,0.9,0.9,0.9,0.9,0.9,0.9,0.9,0.9,0.9,0.9,0.9,0.9,0.9,0.9,0.9,0.9,0.9
427,HD39881,26.6,0.0,0.0,0.0,1.01,-,0.1,0.1,0.1,0.1,0.1,0.1,0.0,0.0,0.0,0.0,0.0,0.0,0.0,0.0,0.0,0.0,0.0,0.0,0.0,0.0,0.0,2.6,2.6,2.6,2.6,2.6,2.6,2.6,2.6,2.6,2.6,2.6,2.6,2.6,2.6,2.6,2.6,2.6,2.6,2.6,2.6,2.6
428,HD400,29.8,1.4,0.4,-0.4,-99.9,?,-0.4,-0.3,-0.3,-0.2,-0.2,-0.2,-0.1,-0.1,-0.1,-0.1,-0.1,-0.1,-0.0,-0.0,-0.0,-0.0,-0.0,-0.0,-0.0,-0.0,-0.0,7.0,7.0,7.0,7.0,7.0,7.0,7.0,7.0,7.0,7.0,7.0,7.0,7.0,7.0,7.0,7.0,7.0,7.0,7.0,7.0,7.0
429,HD40397,0.0,-0.5,0.0,-0.5,-99.9,?,-0.4,-0.4,-0.4,-0.4,-0.4,-0.4,-0.4,-0.4,-0.4,-0.4,-0.4,-0.4,-0.4,-0.4,-0.4,-0.4,-0.4,-0.4,-0.4,-0.4,-0.4,0.8,0.8,0.8,0.8,0.8,0.8,0.8,0.8,0.8,0.8,0.8,0.8,0.8,0.8,0.8,0.8,0.8,0.8,0.8,0.8,0.8
430,HD40650,0.0,-7.4,0.0,-7.4,-99.9,?,-7.9,-7.9,-7.9,-7.9,-7.9,-7.9,-7.9,-7.9,-7.9,-7.9,-7.9,-7.9,-7.9,-7.9,-7.9,-7.9,-7.9,-7.9,-7.9,-7.9,-7.9,5.8,5.8,5.8,5.8,5.8,5.8,5.8,5.8,5.8,5.8,5.8,5.8,5.8,5.8,5.8,5.8,5.8,5.8,5.8,5.8,5.8
431,HD4075,5.8,-13.1,0.0,-11.1,,+,-14.0,-14.0,-14.0,-13.9,-13.9,-13.8,-13.8,-13.8,-13.7,-13.7,-13.6,-13.6,-13.5,-13.5,-13.4,-13.4,-13.4,-13.3,-13.3,-13.2,-13.2,4.4,4.5,4.5,4.6,4.6,4.7,4.8,4.8,4.9,4.9,5.0,5.1,5.1,5.2,5.3,5.3,5.4,5.4,5.5,5.6,5.6
432,HD40979,0.0,45.1,0.0,45.1,-99.9,?,36.6,36.6,36.6,36.6,36.6,36.6,36.6,36.6,36.6,36.6,36.6,36.6,36.6,36.6,36.6,36.6,36.6,36.6,36.6,36.6,36.6,11.6,11.6,11.6,11.6,11.6,11.6,11.6,11.6,11.6,11.6,11.6,11.6,11.6,11.6,11.6,11.6,11.6,11.6,11.6,11.6,11.6
433,HD41593,0.0,109.7,0.0,109.7,-99.9,?,108.7,108.5,108.3,108.1,107.9,107.7,107.5,107.3,107.1,106.9,106.7,106.5,106.2,106.0,105.8,105.6,105.3,105.1,104.9,104.7,104.4,4.9,5.0,5.1,5.2,5.3,5.4,5.5,5.6,5.7,5.9,6.0,6.1,6.2,6.4,6.5,6.6,6.8,6.9,7.1,7.2,7.4
434,HD42250,17.2,0.1,0.0,0.0,1.36,-,0.0,0.0,0.0,0.0,0.0,0.0,0.0,0.0,0.0,0.0,0.0,0.0,0.0,0.0,0.0,0.0,0.0,0.0,0.0,0.0,0.0,3.0,3.0,3.0,3.0,3.0,3.0,3.0,3.0,3.0,3.0,3.0,3.0,3.0,3.0,3.0,3.0,3.0,3.0,3.0,3.0,3.0
435,HD42618,0.0,3.1,0.0,3.1,-99.9,?,4.4,4.4,4.4,4.4,4.4,4.4,4.4,4.4,4.4,4.4,4.4,4.4,4.4,4.4,4.4,4.4,4.4,4.4,4.4,4.4,4.4,3.3,3.3,3.3,3.3,3.3,3.3,3.3,3.3,3.3,3.3,3.3,3.3,3.3,3.3,3.3,3.3,3.3,3.3,3.3,3.3,3.3
436,HD42807,0.0,120.1,0.0,120.1,-99.9,?,120.1,120.1,120.1,120.1,120.1,120.1,120.1,120.1,120.1,120.1,120.1,120.1,120.1,120.1,120.1,120.1,120.1,120.1,120.1,120.1,120.1,6.3,6.3,6.3,6.3,6.3,6.3,6.3,6.3,6.3,6.3,6.3,6.3,6.3,6.3,6.3,6.3,6.3,6.3,6.3,6.3,6.3
437,HD43042,24.4,8.0,9.7,11.3,0.85,+,11.4,11.8,12.1,12.4,12.6,12.8,12.8,12.7,12.6,12.3,12.0,11.6,11.1,10.6,10.0,9.3,8.7,8.0,7.4,6.7,6.1,6.7,6.5,6.3,6.1,5.9,5.7,5.5,5.3,5.2,5.1,5.0,5.0,5.0,5.1,5.1,5.1,5.2,5.2,5.2,5.2,5.2
438,HD4307,0.0,2.2,0.0,2.2,-99.9,?,2.2,2.2,2.2,2.2,2.2,2.2,2.2,2.2,2.2,2.2,2.2,2.2,2.2,2.2,2.2,2.2,2.2,2.2,2.2,2.2,2.2,2.0,2.0,2.0,2.0,2.0,2.0,2.0,2.0,2.0,2.0,2.0,2.0,2.0,2.0,2.0,2.0,2.0,2.0,2.0,2.0,2.0
439,HD43386,12.4,35.3,12.9,17.0,-99.9,?,17.0,16.5,16.1,15.6,15.1,14.6,14.1,13.7,13.2,12.7,12.3,11.8,11.4,10.9,10.5,10.0,9.6,9.2,8.8,8.3,7.9,13.6,13.9,14.1,14.3,14.6,14.8,15.1,15.3,15.6,15.8,16.1,16.3,16.6,16.8,17.1,17.3,17.6,17.8,18.1,18.3,18.6
440,HD43587,0.0,-0.3,0.0,-0.3,-99.9,?,-0.3,-0.3,-0.3,-0.3,-0.3,-0.3,-0.3,-0.3,-0.3,-0.3,-0.3,-0.3,-0.3,-0.3,-0.3,-0.3,-0.3,-0.3,-0.3,-0.3,-0.3,1.2,1.2,1.2,1.2,1.2,1.2,1.2,1.2,1.2,1.2,1.2,1.2,1.2,1.2,1.2,1.2,1.2,1.2,1.2,1.2,1.2
441,HD43947,0.0,-7.7,0.0,-7.7,-99.9,?,-7.7,-7.7,-7.7,-7.7,-7.7,-7.7,-7.7,-7.7,-7.7,-7.7,-7.7,-7.7,-7.7,-7.7,-7.7,-7.7,-7.7,-7.7,-7.7,-7.7,-7.7,0.3,0.3,0.3,0.3,0.3,0.3,0.3,0.3,0.3,0.3,0.3,0.3,0.3,0.3,0.3,0.3,0.3,0.3,0.3,0.3,0.3
442,HD44420,0.0,3.8,0.0,3.8,-99.9,?,2.9,3.6,4.4,5.3,6.0,6.7,7.1,7.3,7.2,7.0,6.5,5.8,5.1,4.3,3.6,2.9,2.4,2.2,2.1,2.4,2.8,1.4,1.4,1.3,1.3,1.3,1.3,1.4,1.5,1.6,1.6,1.6,1.6,1.5,1.4,1.4,1.4,1.4,1.5,1.6,1.7,1.7
443,HD45067,0.0,-13.8,0.0,-13.8,-99.9,?,-11.9,-11.9,-11.9,-11.9,-11.9,-11.9,-11.9,-11.9,-11.9,-11.9,-11.9,-11.9,-11.9,-11.9,-11.9,-11.9,-11.9,-11.9,-11.9,-11.9,-11.9,1.9,1.9,1.9,1.9,1.9,1.9,1.9,1.9,1.9,1.9,1.9,1.9,1.9,1.9,1.9,1.9,1.9,1.9,1.9,1.9,1.9
444,HD45088,0.0,127.5,0.0,127.5,-99.9,?,127.5,127.5,127.5,127.5,127.5,127.5,127.5,127.5,127.5,127.5,127.5,127.5,127.5,127.5,127.5,127.5,127.5,127.5,127.5,127.5,127.5,33.2,33.2,33.2,33.2,33.2,33.2,33.2,33.2,33.2,33.2,33.2,33.2,33.2,33.2,33.2,33.2,33.2,33.2,33.2,33.2,33.2
445,HD45391,0.0,11.2,0.0,11.2,-99.9,?,14.6,14.6,14.6,14.6,14.6,14.6,14.5,14.5,14.5,14.5,14.5,14.5,14.5,14.5,14.5,14.4,14.4,14.4,14.4,14.4,14.4,3.3,3.3,3.4,3.5,3.5,3.6,3.6,3.7,3.8,3.8,3.9,3.9,4.0,4.1,4.1,4.2,4.2,4.3,4.4,4.4,4.5
446,HD46090,4.1,5.7,9.7,6.8,0.5,+,6.8,11.1,10.5,6.5,3.6,2.7,2.0,2.4,5.7,10.4,10.9,7.2,3.9,2.8,2.1,2.1,4.8,9.5,11.2,7.9,4.3,3.0,2.8,2.6,2.7,3.2,2.8,3.0,2.8,3.0,3.1,2.8,2.8,3.3,3.1,3.0,3.1,3.1,3.3,3.0,3.0,3.4
447,HD4628,9.1,4.4,6.3,3.9,0.0,+,1.2,1.1,1.5,2.6,4.1,5.7,7.0,7.8,8.0,7.6,6.8,5.8,4.9,4.0,3.4,2.9,2.5,2.3,2.2,2.3,2.7,1.2,1.4,1.7,2.0,2.2,2.4,2.5,2.6,2.6,2.5,2.5,2.5,2.5,2.5,2.5,2.5,2.5,2.6,2.8,3.1,3.4
448,HD4676,0.0,5.6,0.0,5.6,-99.9,?,5.6,5.6,5.6,5.6,5.6,5.6,5.6,5.6,5.6,5.6,5.6,5.6,5.6,5.6,5.6,5.6,5.6,5.6,5.6,5.6,5.6,7.4,7.4,7.4,7.4,7.4,7.4,7.4,7.4,7.4,7.4,7.4,7.4,7.4,7.4,7.4,7.4,7.4,7.4,7.4,7.4,7.4
449,HD47127,0.0,7.1,0.0,7.1,-99.9,?,7.1,7.1,7.1,7.1,7.1,7.1,7.1,7.1,7.1,7.1,7.1,7.1,7.1,7.1,7.1,7.1,7.1,7.1,7.1,7.1,7.1,4.3,4.3,4.3,4.3,4.3,4.3,4.3,4.3,4.3,4.3,4.3,4.3,4.3,4.3,4.3,4.3,4.3,4.3,4.3,4.3,4.3
450,HD47415,0.0,115.7,0.0,115.7,-99.9,?,115.7,115.7,115.7,115.7,115.7,115.7,115.7,115.7,115.7,115.7,115.7,115.7,115.7,115.7,115.7,115.7,115.7,115.7,115.7,115.7,115.7,7.5,7.5,7.5,7.5,7.5,7.5,7.5,7.5,7.5,7.5,7.5,7.5,7.5,7.5,7.5,7.5,7.5,7.5,7.5,7.5,7.5
451,HD4813,13.6,10.9,3.3,9.4,0.0,-,9.4,9.4,9.5,9.7,9.9,10.2,10.5,10.8,11.1,11.5,11.8,12.0,12.2,12.3,12.3,12.3,12.2,11.9,11.7,11.3,11.0,2.7,3.0,3.2,3.4,3.6,3.7,3.8,3.8,3.7,3.6,3.5,3.3,3.1,2.9,2.8,2.7,2.6,2.6,2.6,2.6,2.6
452,HD483,0.0,43.8,0.0,43.8,-99.9,?,54.5,54.5,54.5,54.5,54.5,54.5,54.5,54.5,54.5,54.5,54.5,54.5,54.5,54.5,54.5,54.5,54.5,54.5,54.5,54.5,54.5,4.7,4.7,4.7,4.7,4.7,4.7,4.7,4.7,4.7,4.7,4.7,4.7,4.7,4.7,4.7,4.7,4.7,4.7,4.7,4.7,4.7
453,HD48682,23.5,3.7,6.6,6.7,0.93,+,6.7,7.0,7.1,7.2,7.1,6.8,6.5,5.9,5.3,4.6,3.9,3.1,2.4,1.8,1.2,0.8,0.6,0.5,0.5,0.7,1.0,3.0,2.9,2.8,2.7,2.6,2.6,2.5,2.4,2.4,2.3,2.3,2.2,2.1,2.0,2.0,1.9,1.9,1.8,1.8,1.8,1.9
454,HD4903,4.2,7.1,1.7,6.4,0.08,+,6.4,6.9,7.4,7.8,7.8,7.4,6.8,6.3,6.2,6.5,7.1,7.6,7.8,7.6,7.0,6.4,6.1,6.3,6.7,7.3,7.7,2.1,2.2,2.2,2.2,2.1,2.2,2.2,2.2,2.3,2.3,2.4,2.4,2.4,2.4,2.5,2.5,2.5,2.5,2.6,2.6,2.6
455,HD4915,20.9,11.5,15.7,16.7,0.68,+,10.9,11.7,11.3,9.7,7.5,5.6,4.8,5.4,7.0,9.0,10.6,11.3,10.9,9.2,7.0,5.1,4.4,5.1,6.8,8.7,10.2,1.7,1.8,1.8,1.8,1.7,1.7,1.6,1.6,1.6,1.8,1.9,2.0,2.0,2.0,2.0,1.9,1.8,1.8,1.9,2.0,2.2
456,HD49197,4.3,98.3,28.8,89.7,0.12,-,89.8,86.3,90.0,99.1,109.0,114.7,113.1,105.1,94.9,87.7,87.1,93.2,103.2,111.9,114.9,110.4,101.0,91.5,86.5,88.6,96.8,7.9,7.2,7.1,7.6,8.1,8.5,9.2,9.9,9.8,9.2,8.8,8.8,9.2,9.6,10.2,11.0,11.4,11.2,10.7,10.4,10.6
457,HD49736,0.0,1.2,0.0,1.2,-99.9,?,5.3,5.3,5.3,5.3,5.3,5.3,5.3,5.3,5.3,5.3,5.3,5.3,5.3,5.3,5.3,5.3,5.3,5.3,5.3,5.3,5.3,7.6,7.6,7.6,7.6,7.6,7.6,7.6,7.6,7.6,7.6,7.6,7.6,7.6,7.6,7.6,7.6,7.6,7.6,7.6,7.6,7.6
458,HD5015,6.0,-3.1,13.8,-0.4,0.73,-,1.7,-1.3,-4.7,-8.3,-10.6,-10.4,-7.8,-4.4,-1.2,1.5,3.3,3.5,2.0,-0.8,-4.1,-7.7,-10.3,-10.6,-8.4,-5.0,-1.8,5.1,4.7,3.6,2.7,2.6,3.1,4.2,5.5,6.1,5.9,5.3,4.9,5.1,5.0,4.0,3.1,2.9,3.2,4.2,5.4,6.1
459,HD50281,12.1,38.8,20.6,31.3,1.34,-,43.2,40.3,37.4,36.1,36.8,39.3,42.1,43.9,43.5,41.2,38.1,35.9,35.6,37.4,40.2,42.6,43.3,41.8,38.9,36.1,34.8,3.6,3.8,4.0,4.2,4.1,4.1,4.0,4.0,4.1,4.2,4.4,4.6,4.7,4.6,4.6,4.5,4.6,4.7,4.9,5.1,5.2
460,HD50554,0.0,5.0,0.0,5.0,-99.9,?,1.7,1.7,1.7,1.7,1.7,1.7,1.7,1.7,1.7,1.7,1.7,1.7,1.7,1.7,1.7,1.7,1.7,1.7,1.7,1.7,1.7,3.5,3.5,3.5,3.5,3.5,3.5,3.5,3.5,3.5,3.5,3.5,3.5,3.5,3.5,3.5,3.5,3.5,3.5,3.5,3.5,3.5
461,HD5065,0.0,-8.3,0.0,-8.3,-99.9,?,-8.3,-8.3,-8.3,-8.3,-8.3,-8.3,-8.3,-8.3,-8.3,-8.3,-8.3,-8.3,-8.3,-8.3,-8.3,-8.3,-8.3,-8.3,-8.3,-8.3,-8.3,1.5,1.5,1.5,1.5,1.5,1.5,1.5,1.5,1.5,1.5,1.5,1.5,1.5,1.5,1.5,1.5,1.5,1.5,1.5,1.5,1.5
462,HD50692,0.0,1.5,0.0,1.5,-99.9,?,1.4,1.4,1.4,1.4,1.4,1.4,1.4,1.4,1.4,1.4,1.4,1.4,1.4,1.4,1.4,1.4,1.4,1.4,1.4,1.4,1.4,3.2,3.2,3.2,3.2,3.2,3.2,3.2,3.2,3.2,3.2,3.2,3.2,3.2,3.2,3.2,3.2,3.2,3.2,3.2,3.2,3.2
463,HD51219,23.2,-2.5,2.8,-3.2,-99.9,?,1.0,0.7,0.3,-0.0,-0.3,-0.4,-0.5,-0.4,-0.2,0.0,0.3,0.5,0.7,0.9,1.0,1.0,0.9,0.8,0.6,0.4,0.2,2.6,2.6,2.6,2.6,2.6,2.6,2.6,2.6,2.6,2.6,2.7,2.7,2.8,2.8,2.9,2.9,2.9,2.9,2.9,2.9,2.9
464,HD51419,19.2,0.8,3.2,3.3,-99.9,?,3.3,3.1,2.9,2.8,2.6,2.4,2.1,1.9,1.7,1.6,1.4,1.2,1.0,0.9,0.8,0.7,0.6,0.5,0.4,0.3,0.3,2.1,2.2,2.3,2.4,2.4,2.5,2.5,2.6,2.6,2.7,2.7,2.7,2.8,2.8,2.8,2.8,2.8,2.8,2.8,2.8,2.8
465,HD52265,0.0,1.0,0.0,1.0,-99.9,?,1.2,1.2,1.2,1.2,1.2,1.2,1.2,1.2,1.2,1.2,1.2,1.2,1.2,1.2,1.2,1.2,1.2,1.2,1.2,1.2,1.2,2.6,2.6,2.6,2.6,2.6,2.6,2.6,2.6,2.6,2.6,2.6,2.6,2.6,2.6,2.6,2.6,2.6,2.6,2.6,2.6,2.6
466,HD52711,21.9,-3.0,1.9,-2.0,0.98,-,-3.8,-4.1,-4.4,-4.6,-4.8,-4.9,-4.9,-4.8,-4.7,-4.5,-4.2,-3.8,-3.5,-3.1,-2.8,-2.5,-2.3,-2.2,-2.2,-2.2,-2.4,1.4,1.4,1.4,1.5,1.5,1.5,1.5,1.6,1.6,1.6,1.6,1.7,1.7,1.7,1.6,1.6,1.6,1.6,1.6,1.6,1.5
467,HD5294,10.0,78.8,13.9,69.7,0.11,+,77.3,77.3,77.3,77.3,77.3,77.3,77.3,77.3,77.3,77.3,77.3,77.3,77.3,77.3,77.3,77.3,77.3,77.3,77.3,77.3,77.3,3.0,3.0,3.0,3.0,3.0,3.0,3.0,3.0,3.0,3.0,3.0,3.0,3.0,3.0,3.0,3.0,3.0,3.0,3.0,3.0,3.0
468,HD5372,0.0,12.5,0.0,12.5,-99.9,?,10.2,10.2,10.2,10.2,10.2,10.2,10.2,10.2,10.2,10.2,10.2,10.2,10.2,10.2,10.2,10.2,10.2,10.2,10.2,10.2,10.2,2.5,2.5,2.5,2.5,2.5,2.5,2.5,2.5,2.5,2.5,2.5,2.5,2.5,2.5,2.5,2.5,2.5,2.5,2.5,2.5,2.5
469,HD55137,0.0,5.3,0.0,5.3,-99.9,?,5.3,5.3,5.3,5.3,5.3,5.3,5.3,5.3,5.3,5.3,5.3,5.3,5.3,5.3,5.3,5.3,5.3,5.3,5.3,5.3,5.3,0.8,0.8,0.8,0.8,0.8,0.8,0.8,0.8,0.8,0.8,0.8,0.8,0.8,0.8,0.8,0.8,0.8,0.8,0.8,0.8,0.8
470,HD55575,0.0,0.3,0.0,0.3,-99.9,?,0.4,0.4,0.4,0.4,0.4,0.4,0.4,0.4,0.4,0.4,0.4,0.4,0.4,0.4,0.4,0.4,0.4,0.4,0.4,0.4,0.4,4.7,4.7,4.7,4.7,4.7,4.7,4.7,4.7,4.7,4.7,4.7,4.7,4.7,4.7,4.7,4.7,4.7,4.7,4.7,4.7,4.7
471,HD56124,0.0,12.5,0.0,12.5,-99.9,?,12.5,12.5,12.5,12.5,12.5,12.5,12.5,12.5,12.5,12.5,12.5,12.5,12.5,12.5,12.5,12.5,12.5,12.5,12.5,12.5,12.5,4.1,4.1,4.1,4.1,4.1,4.1,4.1,4.1,4.1,4.1,4.1,4.1,4.1,4.1,4.1,4.1,4.1,4.1,4.1,4.1,4.1
472,HD58551,0.0,-8.0,0.0,-8.0,-99.9,?,-8.0,-8.0,-8.0,-8.0,-8.0,-8.0,-8.0,-8.0,-8.0,-8.0,-8.0,-8.0,-8.0,-8.0,-8.0,-8.0,-8.0,-8.0,-8.0,-8.0,-8.0,22.4,22.4,22.4,22.4,22.4,22.4,22.4,22.4,22.4,22.4,22.4,22.4,22.4,22.4,22.4,22.4,22.4,22.4,22.4,22.4,22.4
473,HD58781,0.0,-5.4,0.0,-5.4,-99.9,?,-10.8,-10.6,-10.2,-9.9,-9.4,-8.9,-8.4,-7.9,-7.4,-7.0,-6.5,-6.1,-5.7,-5.4,-5.1,-4.9,-4.7,-4.7,-4.7,-4.8,-5.1,2.7,2.8,2.9,2.9,2.9,2.9,2.9,2.9,2.9,2.9,2.9,2.9,2.8,2.8,2.8,2.8,2.7,2.7,2.7,2.7,2.7
474,HD58855,0.0,-16.1,0.0,-16.1,-99.9,?,10.5,10.5,10.5,10.5,10.5,10.5,10.5,10.5,10.5,10.5,10.5,10.5,10.5,10.5,10.5,10.5,10.5,10.5,10.5,10.5,10.5,8.8,8.8,8.8,8.8,8.8,8.8,8.8,8.8,8.8,8.8,8.8,8.8,8.8,8.8,8.8,8.8,8.8,8.8,8.8,8.8,8.8
475,HD59984,0.0,3.4,0.0,3.4,-99.9,?,3.4,3.4,3.4,3.4,3.4,3.4,3.4,3.4,3.4,3.4,3.4,3.4,3.4,3.4,3.4,3.4,3.4,3.4,3.4,3.4,3.4,0.9,0.9,0.9,0.9,0.9,0.9,0.9,0.9,0.9,0.9,0.9,0.9,0.9,0.9,0.9,0.9,0.9,0.9,0.9,0.9,0.9
476,HD60298,0.0,-5.4,0.0,-5.4,-99.9,?,-5.4,-5.4,-5.4,-5.4,-5.4,-5.4,-5.4,-5.4,-5.4,-5.4,-5.4,-5.4,-5.4,-5.4,-5.4,-5.4,-5.4,-5.4,-5.4,-5.4,-5.4,9.0,9.0,9.0,9.0,9.0,9.0,9.0,9.0,9.0,9.0,9.0,9.0,9.0,9.0,9.0,9.0,9.0,9.0,9.0,9.0,9.0
477,HD60779,0.0,0.2,0.0,0.2,-99.9,?,0.2,0.2,0.2,0.2,0.2,0.2,0.2,0.2,0.2,0.2,0.2,0.2,0.2,0.2,0.2,0.2,0.2,0.2,0.2,0.2,0.2,1.4,1.4,1.4,1.4,1.4,1.4,1.4,1.4,1.4,1.4,1.4,1.4,1.4,1.4,1.4,1.4,1.4,1.4,1.4,1.4,1.4
478,HD61383,0.0,-2.2,0.0,-2.2,-99.9,?,-2.2,-2.2,-2.2,-2.2,-2.2,-2.2,-2.2,-2.2,-2.2,-2.2,-2.2,-2.2,-2.2,-2.2,-2.2,-2.2,-2.2,-2.2,-2.2,-2.2,-2.2,3.9,3.9,3.9,3.9,3.9,3.9,3.9,3.9,3.9,3.9,3.9,3.9,3.9,3.9,3.9,3.9,3.9,3.9,3.9,3.9,3.9
479,HD62128,0.0,1.7,0.0,1.7,-99.9,?,1.7,1.7,1.7,1.7,1.7,1.7,1.7,1.7,1.7,1.7,1.7,1.7,1.7,1.7,1.7,1.7,1.7,1.7,1.7,1.7,1.7,4.2,4.2,4.2,4.2,4.2,4.2,4.2,4.2,4.2,4.2,4.2,4.2,4.2,4.2,4.2,4.2,4.2,4.2,4.2,4.2,4.2
480,HD62301,0.0,10.8,0.0,10.8,-99.9,?,10.8,10.8,10.8,10.8,10.8,10.8,10.8,10.8,10.8,10.8,10.8,10.8,10.8,10.8,10.8,10.8,10.8,10.8,10.8,10.8,10.8,4.2,4.2,4.2,4.2,4.2,4.2,4.2,4.2,4.2,4.2,4.2,4.2,4.2,4.2,4.2,4.2,4.2,4.2,4.2,4.2,4.2
481,HD62613,5.8,12.7,18.7,21.3,0.97,-,21.2,18.2,14.0,9.8,6.0,3.4,2.8,4.9,9.6,15.4,19.8,21.3,19.8,16.3,12.0,7.9,4.5,2.4,2.7,5.8,11.1,2.4,2.4,2.4,2.3,2.4,2.6,2.6,2.5,2.6,2.7,2.7,2.7,2.8,2.8,2.8,2.8,2.9,3.0,3.0,2.9,3.0
482,HD62816,0.0,17.0,0.0,17.0,-99.9,?,17.0,17.0,17.0,17.0,17.0,17.0,17.0,17.0,17.0,17.0,17.0,17.0,17.0,17.0,17.0,17.0,17.0,17.0,17.0,17.0,17.0,5.9,5.9,5.9,5.9,5.9,5.9,5.9,5.9,5.9,5.9,5.9,5.9,5.9,5.9,5.9,5.9,5.9,5.9,5.9,5.9,5.9
483,HD63332,0.0,-12.1,0.0,-12.1,-99.9,?,-12.1,-12.1,-12.1,-12.1,-12.1,-12.1,-12.1,-12.1,-12.1,-12.1,-12.1,-12.1,-12.1,-12.1,-12.1,-12.1,-12.1,-12.1,-12.1,-12.1,-12.1,10.9,10.9,10.9,10.9,10.9,10.9,10.9,10.9,10.9,10.9,10.9,10.9,10.9,10.9,10.9,10.9,10.9,10.9,10.9,10.9,10.9
484,HD63433,28.1,82.5,67.5,42.1,-99.9,?,132.5,132.5,132.5,132.5,132.5,132.5,132.5,132.5,132.5,132.5,132.5,132.5,132.5,132.5,132.5,132.5,132.5,132.5,132.5,132.5,132.5,7.2,7.2,7.2,7.2,7.2,7.2,7.2,7.2,7.2,7.2,7.2,7.2,7.2,7.2,7.2,7.2,7.2,7.2,7.2,7.2,7.2
485,HD64606,0.0,2.3,0.0,2.3,-99.9,?,2.3,2.3,2.3,2.3,2.3,2.3,2.3,2.3,2.3,2.3,2.3,2.3,2.3,2.3,2.3,2.3,2.3,2.3,2.3,2.3,2.3,3.5,3.5,3.5,3.5,3.5,3.5,3.5,3.5,3.5,3.5,3.5,3.5,3.5,3.5,3.5,3.5,3.5,3.5,3.5,3.5,3.5
486,HD6480,0.0,10.4,0.0,10.4,-99.9,?,10.4,10.4,10.4,10.4,10.4,10.4,10.4,10.4,10.4,10.4,10.4,10.4,10.4,10.4,10.4,10.4,10.4,10.4,10.4,10.4,10.4,1.0,1.0,1.0,1.0,1.0,1.0,1.0,1.0,1.0,1.0,1.0,1.0,1.0,1.0,1.0,1.0,1.0,1.0,1.0,1.0,1.0
487,HD65430,23.8,-1.2,0.4,0.4,-99.9,?,-5.0,-5.2,-5.5,-5.6,-5.8,-5.9,-5.9,-5.9,-5.8,-5.7,-5.6,-5.3,-5.1,-4.8,-4.5,-4.2,-3.9,-3.5,-3.2,-2.9,-2.6,1.4,1.4,1.4,1.4,1.4,1.4,1.4,1.4,1.4,1.4,1.4,1.4,1.4,1.5,1.5,1.6,1.6,1.7,1.7,1.8,1.8
488,HD65583,20.5,-2.7,0.7,-2.8,-99.9,?,-2.8,-2.8,-2.8,-2.8,-2.8,-2.8,-2.8,-2.8,-2.8,-2.8,-2.8,-2.8,-2.8,-2.8,-2.8,-2.8,-2.8,-2.8,-2.8,-2.8,-2.8,0.2,0.2,0.2,0.2,0.2,0.2,0.2,0.2,0.2,0.2,0.2,0.2,0.2,0.2,0.2,0.2,0.2,0.2,0.2,0.2,0.2
489,HD6582,0.0,-3.0,0.0,-3.0,-99.9,?,1.3,1.3,1.3,1.3,1.3,1.3,1.3,1.3,1.3,1.3,1.3,1.3,1.3,1.3,1.3,1.3,1.3,1.3,1.3,1.3,1.3,3.5,3.5,3.5,3.5,3.5,3.5,3.5,3.5,3.5,3.5,3.5,3.5,3.5,3.5,3.5,3.5,3.5,3.5,3.5,3.5,3.5
490,HD67228,29.1,7.9,2.0,0.6,-99.9,?,0.1,-0.2,-0.6,-0.9,-1.2,-1.4,-1.6,-1.8,-2.0,-2.1,-2.2,-2.3,-2.4,-2.4,-2.4,-2.4,-2.4,-2.4,-2.4,-2.4,-2.4,7.6,7.7,7.6,7.5,7.4,7.3,7.1,7.0,7.0,6.9,6.9,7.0,7.1,7.2,7.4,7.6,7.9,8.1,8.5,8.8,9.1
491,HD67346,0.0,-7.7,0.0,-7.7,-99.9,?,-7.7,-7.7,-7.7,-7.7,-7.7,-7.7,-7.7,-7.7,-7.7,-7.7,-7.7,-7.7,-7.7,-7.7,-7.7,-7.7,-7.7,-7.7,-7.7,-7.7,-7.7,2.1,2.1,2.1,2.1,2.1,2.1,2.1,2.1,2.1,2.1,2.1,2.1,2.1,2.1,2.1,2.1,2.1,2.1,2.1,2.1,2.1
492,HD68017,15.3,0.0,1.5,-1.6,0.54,+,-1.7,-1.4,-1.1,-0.8,-0.6,-0.4,-0.2,-0.2,-0.1,-0.1,-0.0,-0.0,-0.0,-0.0,-0.0,-0.0,-0.0,-0.0,-0.0,-0.0,-0.0,2.1,2.2,2.2,2.3,2.3,2.3,2.3,2.3,2.3,2.3,2.3,2.3,2.3,2.3,2.3,2.3,2.3,2.3,2.3,2.3,2.3
493,HD68146,30.0,-6.5,6.7,-9.4,-99.9,?,-11.0,-11.0,-11.0,-11.0,-11.0,-11.0,-11.0,-11.0,-11.0,-11.0,-11.0,-11.0,-11.0,-11.0,-11.0,-11.0,-11.0,-11.0,-11.0,-11.0,-11.0,0.6,0.6,0.6,0.6,0.6,0.6,0.6,0.6,0.6,0.6,0.6,0.6,0.6,0.6,0.6,0.6,0.6,0.6,0.6,0.6,0.6
494,HD68168,0.0,1.4,0.0,1.4,-99.9,?,0.6,0.6,0.6,0.6,0.6,0.6,0.6,0.6,0.6,0.6,0.6,0.6,0.6,0.6,0.6,0.6,0.6,0.6,0.6,0.6,0.6,2.7,2.7,2.7,2.7,2.7,2.7,2.7,2.7,2.7,2.7,2.7,2.7,2.7,2.7,2.7,2.7,2.7,2.7,2.7,2.7,2.7
495,HD68257,0.0,1.2,0.0,1.2,-99.9,?,1.2,1.2,1.2,1.2,1.2,1.2,1.2,1.2,1.2,1.2,1.2,1.2,1.2,1.2,1.2,1.2,1.2,1.2,1.2,1.2,1.2,16.1,16.1,16.1,16.1,16.1,16.1,16.1,16.1,16.1,16.1,16.1,16.1,16.1,16.1,16.1,16.1,16.1,16.1,16.1,16.1,16.1
496,HD6963,0.0,51.9,0.0,51.9,-99.9,?,47.0,47.0,47.0,47.0,47.0,47.0,47.0,47.0,47.0,47.0,47.0,47.0,47.0,47.0,47.0,47.0,47.0,47.0,47.0,47.0,47.0,2.5,2.5,2.5,2.5,2.5,2.5,2.5,2.5,2.5,2.5,2.5,2.5,2.5,2.5,2.5,2.5,2.5,2.5,2.5,2.5,2.5
497,HD69830,11.7,3.9,6.6,6.6,0.84,-,6.6,5.9,5.1,4.2,3.3,2.5,1.9,1.4,1.3,1.3,1.6,2.2,2.9,3.8,4.6,5.5,6.3,6.9,7.4,7.8,7.9,1.0,0.9,0.9,0.8,0.8,0.8,0.8,0.7,0.7,0.7,0.7,0.7,0.8,0.9,0.9,1.0,1.1,1.2,1.2,1.3,1.3
498,HD69897,20.2,-3.3,1.0,-1.1,-99.9,?,-1.1,-1.0,-0.9,-0.8,-0.8,-0.7,-0.6,-0.6,-0.5,-0.4,-0.4,-0.4,-0.3,-0.3,-0.2,-0.2,-0.2,-0.2,-0.1,-0.1,-0.1,11.0,11.1,11.1,11.1,11.2,11.2,11.2,11.2,11.2,11.2,11.3,11.3,11.3,11.3,11.3,11.3,11.3,11.3,11.3,11.3,11.3
499,HD70110,0.0,-0.3,0.0,-0.3,-99.9,?,0.5,0.5,0.5,0.5,0.5,0.5,0.5,0.5,0.5,0.5,0.5,0.5,0.5,0.5,0.5,0.5,0.5,0.5,0.5,0.5,0.5,3.0,3.0,3.0,3.0,3.0,3.0,3.0,3.0,3.0,3.0,3.0,3.0,3.0,3.0,3.0,3.0,3.0,3.0,3.0,3.0,3.0
500,HD70958,0.0,102.4,0.0,102.4,-99.9,?,102.4,102.4,102.4,102.4,102.4,102.4,102.4,102.4,102.4,102.4,102.4,102.4,102.4,102.4,102.4,102.4,102.4,102.4,102.4,102.4,102.4,0.8,0.8,0.8,0.8,0.8,0.8,0.8,0.8,0.8,0.8,0.8,0.8,0.8,0.8,0.8,0.8,0.8,0.8,0.8,0.8,0.8
501,HD71148,0.0,6.4,0.0,6.4,-99.9,?,6.4,6.4,6.4,6.4,6.4,6.4,6.4,6.4,6.4,6.4,6.4,6.4,6.4,6.4,6.4,6.4,6.4,6.4,6.4,6.4,6.4,1.5,1.5,1.5,1.5,1.5,1.5,1.5,1.5,1.5,1.5,1.5,1.5,1.5,1.5,1.5,1.5,1.5,1.5,1.5,1.5,1.5
502,HD7134,0.0,-0.9,0.0,-0.9,-99.9,?,-1.6,-1.6,-1.6,-1.6,-1.6,-1.6,-1.6,-1.6,-1.6,-1.6,-1.6,-1.6,-1.6,-1.6,-1.6,-1.6,-1.6,-1.6,-1.6,-1.6,-1.6,1.5,1.5,1.5,1.5,1.5,1.5,1.5,1.5,1.5,1.5,1.5,1.5,1.5,1.5,1.5,1.5,1.5,1.5,1.5,1.5,1.5
503,HD71479,18.2,6.6,7.3,7.7,-99.9,?,7.7,7.4,7.1,6.7,6.4,6.0,5.6,5.3,4.9,4.6,4.2,3.9,3.5,3.2,2.9,2.7,2.4,2.1,1.9,1.7,1.5,7.5,7.7,8.0,8.2,8.4,8.6,8.8,9.0,9.2,9.3,9.5,9.6,9.7,9.8,9.9,10.0,10.0,10.1,10.1,10.2,10.2
504,HD71881,0.0,4.1,0.0,4.1,-99.9,?,-1.8,-1.5,-1.2,-0.9,-0.6,-0.3,-0.1,0.1,0.4,0.6,0.8,1.0,1.2,1.4,1.7,1.8,2.0,2.1,2.3,2.4,2.5,2.5,2.7,2.8,3.0,3.2,3.3,3.4,3.4,3.4,3.4,3.3,3.2,3.1,3.0,3.0,2.9,2.9,2.9,2.9,3.0,3.0
505,HD7193,0.0,77.6,0.0,77.6,-99.9,?,77.6,77.6,77.6,77.6,77.6,77.6,77.6,77.6,77.6,77.6,77.6,77.6,77.6,77.6,77.6,77.6,77.6,77.6,77.6,77.6,77.6,8.1,8.1,8.1,8.1,8.1,8.1,8.1,8.1,8.1,8.1,8.1,8.1,8.1,8.1,8.1,8.1,8.1,8.1,8.1,8.1,8.1
506,HD72659,0.0,5.0,0.0,5.0,-99.9,?,5.0,5.0,5.0,5.0,5.0,5.0,5.0,5.0,5.0,5.0,5.0,5.0,5.0,5.0,5.0,5.0,5.0,5.0,5.0,5.0,5.0,2.7,2.7,2.7,2.7,2.7,2.7,2.7,2.7,2.7,2.7,2.7,2.7,2.7,2.7,2.7,2.7,2.7,2.7,2.7,2.7,2.7
507,HD72905,7.6,113.7,96.0,-33.8,0.03,-,17.9,28.9,39.8,50.3,60.2,69.3,77.4,84.6,90.8,96.1,100.4,103.8,106.3,107.9,108.5,108.5,107.9,106.9,105.5,103.6,100.4,48.2,50.6,52.5,53.9,55.0,55.8,56.4,56.9,57.3,57.5,57.6,57.7,57.7,57.8,57.9,58.1,58.4,58.7,59.1,59.4,59.7
508,HD72946,0.0,59.0,0.0,59.0,-99.9,?,59.0,59.0,59.0,59.0,59.0,59.0,59.0,59.0,59.0,59.0,59.0,59.0,59.0,59.0,59.0,59.0,59.0,59.0,59.0,59.0,59.0,8.4,8.4,8.4,8.4,8.4,8.4,8.4,8.4,8.4,8.4,8.4,8.4,8.4,8.4,8.4,8.4,8.4,8.4,8.4,8.4,8.4
509,HD73344,0.0,37.5,0.0,37.5,-99.9,?,29.3,29.3,29.3,29.3,29.3,29.3,29.3,29.3,29.3,29.3,29.3,29.3,29.3,29.3,29.3,29.3,29.3,29.3,29.3,29.3,29.3,7.2,7.2,7.2,7.2,7.2,7.2,7.2,7.2,7.2,7.2,7.2,7.2,7.2,7.2,7.2,7.2,7.2,7.2,7.2,7.2,7.2
510,HD73350,0.0,73.4,0.0,73.4,-99.9,?,71.1,71.1,71.1,71.1,71.1,71.1,71.1,71.1,71.1,71.1,71.1,71.1,71.1,71.1,71.1,71.1,71.1,71.1,71.1,71.1,71.1,5.0,5.0,5.0,5.0,5.0,5.0,5.0,5.0,5.0,5.0,5.0,5.0,5.0,5.0,5.0,5.0,5.0,5.0,5.0,5.0,5.0
511,HD7345,11.4,3.0,46.2,27.5,0.96,-,15.6,15.6,15.6,15.6,15.6,15.6,15.6,15.6,15.6,15.6,15.6,15.6,15.6,15.6,15.6,15.6,15.6,15.6,15.6,15.6,15.6,6.2,6.2,6.2,6.2,6.2,6.2,6.2,6.2,6.2,6.2,6.2,6.2,6.2,6.2,6.2,6.2,6.2,6.2,6.2,6.2,6.2
512,HD73636,0.0,8.4,0.0,8.4,-99.9,?,8.4,8.4,8.4,8.4,8.4,8.4,8.4,8.4,8.4,8.4,8.4,8.4,8.4,8.4,8.4,8.4,8.4,8.4,8.4,8.4,8.4,4.7,4.7,4.7,4.7,4.7,4.7,4.7,4.7,4.7,4.7,4.7,4.7,4.7,4.7,4.7,4.7,4.7,4.7,4.7,4.7,4.7
513,HD73667,26.1,-0.2,0.0,0.0,2.42,+,-0.7,-0.6,-0.5,-0.4,-0.3,-0.2,-0.1,-0.0,0.1,0.2,0.2,0.3,0.3,0.3,0.3,0.3,0.3,0.3,0.3,0.4,0.5,0.9,0.9,0.9,0.9,0.9,0.9,0.9,0.9,0.9,0.9,0.9,0.9,0.9,1.0,1.0,1.0,1.0,1.0,1.0,1.0,1.0
514,HD74011,0.0,-2.2,0.0,-2.2,-99.9,?,-2.2,-2.2,-2.2,-2.2,-2.2,-2.2,-2.2,-2.2,-2.2,-2.2,-2.2,-2.2,-2.2,-2.2,-2.2,-2.2,-2.2,-2.2,-2.2,-2.2,-2.2,10.9,10.9,10.9,10.9,10.9,10.9,10.9,10.9,10.9,10.9,10.9,10.9,10.9,10.9,10.9,10.9,10.9,10.9,10.9,10.9,10.9
515,HD74014,0.0,0.5,0.0,0.5,-99.9,?,1.1,1.1,1.1,1.1,1.1,1.1,1.1,1.1,1.1,1.1,1.1,1.1,1.1,1.1,1.1,1.1,1.1,1.1,1.1,1.1,1.1,2.2,2.2,2.2,2.2,2.2,2.2,2.2,2.2,2.2,2.2,2.2,2.2,2.2,2.2,2.2,2.2,2.2,2.2,2.2,2.2,2.2
516,HD7439,5.9,-2.7,6.8,0.4,0.97,-,0.3,-0.7,-2.2,-3.9,-5.4,-6.2,-6.2,-5.2,-3.6,-1.7,-0.3,0.4,0.1,-1.1,-2.6,-4.3,-5.6,-6.2,-6.0,-4.8,-3.1,1.8,1.7,1.4,1.1,1.1,1.2,1.5,1.8,2.0,2.1,2.2,2.1,2.0,1.8,1.5,1.3,1.3,1.4,1.7,2.0,2.2
517,HD7449,0.0,9.3,0.0,9.3,-99.9,?,9.3,9.3,9.3,9.3,9.3,9.3,9.3,9.3,9.3,9.3,9.3,9.3,9.3,9.3,9.3,9.3,9.3,9.3,9.3,9.3,9.3,1.7,1.7,1.7,1.7,1.7,1.7,1.7,1.7,1.7,1.7,1.7,1.7,1.7,1.7,1.7,1.7,1.7,1.7,1.7,1.7,1.7
518,HD75302,5.1,59.2,17.1,64.8,0.62,-,64.8,57.0,58.5,68.9,72.4,56.9,40.3,44.8,63.6,73.2,67.5,58.4,57.2,66.1,73.1,62.0,43.0,41.7,59.0,72.4,69.8,11.8,12.1,8.5,6.0,5.9,5.0,6.6,7.4,8.9,9.0,12.2,13.5,10.8,7.9,7.7,6.5,7.9,8.9,10.4,10.6,12.9
519,HD75332,0.0,94.1,0.0,94.1,-99.9,?,94.1,94.1,94.1,94.1,94.1,94.1,94.1,94.1,94.1,94.1,94.1,94.1,94.1,94.1,94.1,94.1,94.1,94.1,94.1,94.1,94.1,4.2,4.2,4.2,4.2,4.2,4.2,4.2,4.2,4.2,4.2,4.2,4.2,4.2,4.2,4.2,4.2,4.2,4.2,4.2,4.2,4.2
520,HD75528,0.0,28.1,0.0,28.1,-99.9,?,28.1,28.1,28.1,28.1,28.1,28.1,28.1,28.1,28.1,28.1,28.1,28.1,28.1,28.1,28.1,28.1,28.1,28.1,28.1,28.1,28.1,6.1,6.1,6.1,6.1,6.1,6.1,6.1,6.1,6.1,6.1,6.1,6.1,6.1,6.1,6.1,6.1,6.1,6.1,6.1,6.1,6.1
521,HD75616,0.0,92.1,0.0,92.1,-99.9,?,92.1,92.1,92.1,92.1,92.1,92.1,92.1,92.1,92.1,92.1,92.1,92.1,92.1,92.1,92.1,92.1,92.1,92.1,92.1,92.1,92.1,4.0,4.0,4.0,4.0,4.0,4.0,4.0,4.0,4.0,4.0,4.0,4.0,4.0,4.0,4.0,4.0,4.0,4.0,4.0,4.0,4.0
522,HD75732,10.9,8.4,13.1,7.1,0.53,+,7.7,9.7,11.4,12.6,13.1,12.9,12.0,10.7,9.0,7.2,5.4,3.7,2.4,1.2,0.4,-0.1,-0.3,-0.0,0.6,1.8,3.4,1.8,2.1,2.3,2.5,2.6,2.6,2.6,2.5,2.4,2.2,2.1,2.1,2.1,2.1,2.1,2.1,2.1,2.1,2.0,2.0,2.1
523,HD75782,0.0,-8.5,0.0,-8.5,-99.9,?,-8.5,-8.5,-8.5,-8.5,-8.5,-8.5,-8.5,-8.5,-8.5,-8.5,-8.5,-8.5,-8.5,-8.5,-8.5,-8.5,-8.5,-8.5,-8.5,-8.5,-8.5,0.9,0.9,0.9,0.9,0.9,0.9,0.9,0.9,0.9,0.9,0.9,0.9,0.9,0.9,0.9,0.9,0.9,0.9,0.9,0.9,0.9
524,HD75881,0.0,1.0,0.0,1.0,-99.9,?,1.0,1.0,1.0,1.0,1.0,1.0,1.0,1.0,1.0,1.0,1.0,1.0,1.0,1.0,1.0,1.0,1.0,1.0,1.0,1.0,1.0,5.3,5.3,5.3,5.3,5.3,5.3,5.3,5.3,5.3,5.3,5.3,5.3,5.3,5.3,5.3,5.3,5.3,5.3,5.3,5.3,5.3
525,HD7590,0.0,89.6,0.0,89.6,-99.9,?,89.6,89.6,89.6,89.6,89.6,89.6,89.6,89.6,89.6,89.6,89.6,89.6,89.6,89.6,89.6,89.6,89.6,89.6,89.6,89.6,89.6,6.3,6.3,6.3,6.3,6.3,6.3,6.3,6.3,6.3,6.3,6.3,6.3,6.3,6.3,6.3,6.3,6.3,6.3,6.3,6.3,6.3
526,HD75933,0.0,1.2,0.0,1.2,-99.9,?,1.2,1.2,1.2,1.2,1.2,1.2,1.2,1.2,1.2,1.2,1.2,1.2,1.2,1.2,1.2,1.2,1.2,1.2,1.2,1.2,1.2,8.0,8.0,8.0,8.0,8.0,8.0,8.0,8.0,8.0,8.0,8.0,8.0,8.0,8.0,8.0,8.0,8.0,8.0,8.0,8.0,8.0
527,HD76151,14.9,32.4,4.4,23.9,0.26,-,33.5,32.4,31.5,30.8,30.5,30.5,30.7,31.2,32.1,33.1,34.3,35.6,37.0,38.3,39.6,40.7,41.5,42.1,42.3,42.1,41.6,1.8,2.0,2.2,2.4,2.6,2.8,3.0,3.1,3.1,3.1,3.1,3.1,3.0,3.0,2.9,2.9,2.8,2.8,2.7,2.6,2.6
528,HD7661,9.4,128.3,11.9,136.6,0.48,+,136.4,139.0,141.4,143.4,144.7,145.3,145.0,144.1,142.5,140.5,138.4,136.4,134.8,133.7,133.3,133.7,134.8,136.6,138.8,141.3,143.8,6.8,6.8,7.0,7.2,7.4,7.8,8.2,8.7,9.2,9.7,10.0,10.2,10.3,10.3,10.3,10.2,10.1,10.1,10.1,10.2,10.3
529,HD76780,0.0,16.6,0.0,16.6,-99.9,?,16.3,16.3,16.3,16.3,16.3,16.3,16.3,16.3,16.3,16.3,16.3,16.3,16.3,16.3,16.3,16.3,16.3,16.3,16.3,16.3,16.3,4.4,4.4,4.4,4.4,4.4,4.4,4.4,4.4,4.4,4.4,4.4,4.4,4.4,4.4,4.4,4.4,4.4,4.4,4.4,4.4,4.4
530,HD7727,0.0,8.9,0.0,8.9,-99.9,?,8.9,8.9,8.9,8.9,8.9,8.9,8.9,8.9,8.9,8.9,8.9,8.9,8.9,8.9,8.9,8.9,8.9,8.9,8.9,8.9,8.9,1.0,1.0,1.0,1.0,1.0,1.0,1.0,1.0,1.0,1.0,1.0,1.0,1.0,1.0,1.0,1.0,1.0,1.0,1.0,1.0,1.0
531,HD78366,12.7,65.1,16.2,56.4,0.22,+,56.1,57.6,59.1,60.7,62.3,63.7,64.9,65.7,66.2,66.3,65.9,65.0,63.8,62.3,60.5,58.6,56.6,54.8,53.1,51.8,50.8,8.0,8.0,7.9,7.8,7.7,7.6,7.4,7.3,7.3,7.3,7.3,7.4,7.6,7.9,8.2,8.5,8.9,9.3,9.6,9.9,10.2
532,HD78612,0.0,0.3,0.0,0.3,-99.9,?,0.3,0.3,0.3,0.3,0.3,0.3,0.3,0.3,0.3,0.3,0.3,0.3,0.3,0.3,0.3,0.3,0.3,0.3,0.3,0.3,0.3,0.4,0.4,0.4,0.4,0.4,0.4,0.4,0.4,0.4,0.4,0.4,0.4,0.4,0.4,0.4,0.4,0.4,0.4,0.4,0.4,0.4
533,HD79210,0.0,21.0,0.0,21.0,-99.9,?,21.0,21.0,21.0,21.0,21.0,21.0,21.0,21.0,21.0,21.0,21.0,21.0,21.0,21.0,21.0,21.0,21.0,21.0,21.0,21.0,21.0,4.2,4.2,4.2,4.2,4.2,4.2,4.2,4.2,4.2,4.2,4.2,4.2,4.2,4.2,4.2,4.2,4.2,4.2,4.2,4.2,4.2
534,HD79211,0.0,17.0,0.0,17.0,-99.9,?,17.5,17.5,17.5,17.5,17.5,17.5,17.5,17.5,17.5,17.5,17.5,17.5,17.5,17.5,17.5,17.5,17.5,17.5,17.5,17.5,17.5,1.8,1.8,1.8,1.8,1.8,1.8,1.8,1.8,1.8,1.8,1.8,1.8,1.8,1.8,1.8,1.8,1.8,1.8,1.8,1.8,1.8
535,HD7924,7.6,12.4,9.7,16.1,0.79,+,20.8,22.5,23.7,24.2,23.9,22.9,21.5,19.7,18.0,16.7,16.1,16.2,17.1,18.7,20.5,22.4,24.0,25.2,25.8,25.6,24.9,3.1,3.2,3.2,3.3,3.5,3.6,3.7,3.8,3.9,4.0,4.1,4.2,4.3,4.4,4.5,4.5,4.6,4.7,4.8,5.0,5.1
536,HD8004,0.0,40.5,0.0,40.5,-99.9,?,40.5,40.5,40.5,40.5,40.5,40.5,40.5,40.5,40.5,40.5,40.5,40.5,40.5,40.5,40.5,40.5,40.5,40.5,40.5,40.5,40.5,9.2,9.2,9.2,9.2,9.2,9.2,9.2,9.2,9.2,9.2,9.2,9.2,9.2,9.2,9.2,9.2,9.2,9.2,9.2,9.2,9.2
537,HD80536,0.0,3.8,0.0,3.8,-99.9,?,3.8,3.8,3.8,3.8,3.8,3.8,3.8,3.8,3.8,3.8,3.8,3.8,3.8,3.8,3.8,3.8,3.8,3.8,3.8,3.8,3.8,10.9,10.9,10.9,10.9,10.9,10.9,10.9,10.9,10.9,10.9,10.9,10.9,10.9,10.9,10.9,10.9,10.9,10.9,10.9,10.9,10.9
538,HD80715,0.0,17.6,0.0,17.6,-99.9,?,17.6,17.6,17.6,17.6,17.6,17.6,17.6,17.6,17.6,17.6,17.6,17.6,17.6,17.6,17.6,17.6,17.6,17.6,17.6,17.6,17.6,7.8,7.8,7.8,7.8,7.8,7.8,7.8,7.8,7.8,7.8,7.8,7.8,7.8,7.8,7.8,7.8,7.8,7.8,7.8,7.8,7.8
539,HD82106,19.6,63.2,19.1,65.8,-1.45,-,54.0,54.0,54.0,54.0,54.0,54.0,54.0,54.0,54.0,54.0,54.0,54.0,54.0,54.0,54.0,54.0,54.0,54.0,54.0,54.0,54.0,5.0,5.0,5.0,5.0,5.0,5.0,5.0,5.0,5.0,5.0,5.0,5.0,5.0,5.0,5.0,5.0,5.0,5.0,5.0,5.0,5.0
540,HD82267,0.0,-1.1,0.0,-1.1,-99.9,?,-1.1,-1.1,-1.1,-1.1,-1.1,-1.1,-1.1,-1.1,-1.1,-1.1,-1.1,-1.1,-1.1,-1.1,-1.1,-1.1,-1.1,-1.1,-1.1,-1.1,-1.1,6.3,6.3,6.3,6.3,6.3,6.3,6.3,6.3,6.3,6.3,6.3,6.3,6.3,6.3,6.3,6.3,6.3,6.3,6.3,6.3,6.3
541,HD82443,27.3,33.5,39.3,-53.0,0.41,+,-53.2,-53.0,-52.8,-52.4,-51.8,-51.1,-50.3,-49.3,-48.2,-47.0,-45.7,-44.2,-42.7,-41.1,-39.4,-37.7,-35.9,-34.1,-32.3,-30.5,-28.8,89.7,90.3,90.8,91.3,91.8,92.3,92.8,93.3,93.7,94.2,94.6,95.1,95.5,95.9,96.3,96.6,97.0,97.3,97.6,97.9,98.1
542,HD82558,28.4,297.8,21.6,343.0,0.22,-,259.1,259.1,259.1,259.1,259.1,259.1,259.1,259.1,259.1,259.1,259.1,259.1,259.1,259.1,259.1,259.1,259.1,259.1,259.1,259.1,259.1,36.3,36.3,36.3,36.3,36.3,36.3,36.3,36.3,36.3,36.3,36.3,36.3,36.3,36.3,36.3,36.3,36.3,36.3,36.3,36.3,36.3
543,HD8262,0.0,5.5,0.0,5.5,-99.9,?,8.8,8.8,8.8,8.8,8.8,8.8,8.8,8.8,8.8,8.8,8.8,8.8,8.8,8.8,8.8,8.8,8.8,8.8,8.8,8.8,8.8,2.7,2.7,2.7,2.7,2.7,2.7,2.7,2.7,2.7,2.7,2.7,2.7,2.7,2.7,2.7,2.7,2.7,2.7,2.7,2.7,2.7
544,HD82885,11.5,46.6,8.3,38.7,0.61,+,37.3,37.7,38.2,38.7,39.3,39.9,40.4,40.9,41.2,41.3,41.3,41.0,40.7,40.1,39.5,38.7,37.9,37.2,36.4,35.8,35.3,5.9,6.0,6.0,6.1,6.1,6.3,6.4,6.5,6.7,6.9,7.1,7.3,7.5,7.6,7.8,7.9,8.0,8.1,8.2,8.2,8.3
545,HD82943,0.0,11.0,0.0,11.0,-99.9,?,11.9,11.9,11.9,11.9,11.9,11.9,11.9,11.9,11.9,11.9,11.9,11.9,11.9,11.9,11.9,11.9,11.9,11.9,11.9,11.9,11.9,3.1,3.1,3.1,3.1,3.1,3.1,3.1,3.1,3.1,3.1,3.1,3.1,3.1,3.1,3.1,3.1,3.1,3.1,3.1,3.1,3.1
546,HD85380,0.0,2.4,0.0,2.4,-99.9,?,2.4,2.4,2.4,2.4,2.4,2.4,2.4,2.4,2.4,2.4,2.4,2.4,2.4,2.4,2.4,2.4,2.4,2.4,2.4,2.4,2.4,1.7,1.7,1.7,1.7,1.7,1.7,1.7,1.7,1.7,1.7,1.7,1.7,1.7,1.7,1.7,1.7,1.7,1.7,1.7,1.7,1.7
547,HD8574,14.9,-10.4,10.3,-13.0,0.13,-,-12.0,-12.9,-13.8,-14.8,-15.7,-16.6,-17.4,-18.0,-18.4,-18.3,-17.9,-17.0,-15.8,-14.4,-12.7,-11.1,-9.5,-8.2,-7.2,-6.6,-6.3,3.5,3.4,3.3,3.3,3.3,3.3,3.3,3.3,3.3,3.3,3.4,3.4,3.5,3.6,3.7,3.8,4.0,4.1,4.3,4.4,4.5
548,HD8648,0.0,0.5,0.0,0.5,-99.9,?,0.5,0.5,0.5,0.5,0.5,0.5,0.5,0.5,0.5,0.5,0.5,0.5,0.5,0.5,0.5,0.5,0.5,0.5,0.5,0.5,0.5,4.8,4.8,4.8,4.8,4.8,4.8,4.8,4.8,4.8,4.8,4.8,4.8,4.8,4.8,4.8,4.8,4.8,4.8,4.8,4.8,4.8
549,HD86728,26.2,0.7,0.0,0.7,-99.9,?,2.2,2.2,2.2,2.2,2.2,2.2,2.2,2.2,2.2,2.2,2.2,2.2,2.2,2.2,2.2,2.2,2.2,2.2,2.2,2.2,2.2,2.6,2.6,2.6,2.6,2.6,2.6,2.6,2.6,2.6,2.6,2.6,2.6,2.6,2.6,2.6,2.6,2.6,2.6,2.6,2.6,2.6
550,HD87359,4.1,11.7,10.0,16.6,0.99,-,-5.4,-3.8,-3.2,-3.7,-5.3,-7.2,-8.3,-8.3,-7.2,-5.7,-4.5,-4.3,-5.0,-6.4,-7.7,-8.2,-7.8,-6.7,-5.5,-4.7,-4.7,5.4,5.6,6.1,6.5,6.9,7.1,7.2,7.2,7.2,7.3,7.6,7.9,8.3,8.6,8.8,8.9,8.9,8.9,9.1,9.3,9.6
551,HD87836,12.2,-10.0,9.1,-5.6,0.98,+,-6.0,-5.6,-5.5,-5.8,-6.4,-7.3,-8.4,-9.6,-10.8,-11.9,-12.9,-13.8,-14.3,-14.7,-14.8,-14.6,-14.2,-13.6,-12.8,-11.8,-10.7,3.0,3.0,3.0,3.0,3.1,3.2,3.4,3.7,4.0,4.3,4.5,4.7,4.8,4.9,4.9,4.8,4.7,4.6,4.4,4.3,4.2
552,HD87883,7.0,9.9,9.5,6.6,0.15,-,6.6,5.5,5.2,5.7,7.0,8.8,10.8,12.8,14.2,14.7,14.1,12.6,10.4,8.2,6.5,5.4,5.2,5.8,7.1,8.9,10.9,2.1,2.1,2.1,2.0,2.1,2.2,2.4,2.6,2.7,2.7,2.7,2.7,2.6,2.6,2.6,2.6,2.5,2.5,2.6,2.7,2.9
553,HD88072,0.0,3.9,0.0,3.9,-99.9,?,6.8,6.8,6.8,6.8,6.8,6.8,6.8,6.8,6.8,6.8,6.8,6.8,6.8,6.8,6.8,6.8,6.8,6.8,6.8,6.8,6.8,3.2,3.2,3.2,3.2,3.2,3.2,3.2,3.2,3.2,3.2,3.2,3.2,3.2,3.2,3.2,3.2,3.2,3.2,3.2,3.2,3.2
554,HD88230,12.7,20.3,4.6,18.0,0.15,-,18.7,18.3,18.1,18.0,18.0,18.2,18.6,19.0,19.6,20.2,20.8,21.4,21.9,22.3,22.6,22.8,22.8,22.7,22.5,22.1,21.6,1.7,1.7,1.7,1.7,1.8,1.8,1.8,1.8,1.8,1.8,1.8,1.8,1.8,1.9,1.9,2.0,2.1,2.2,2.3,2.4,2.5
555,HD88986,0.0,6.2,0.0,6.2,-99.9,?,5.8,5.2,4.9,4.8,4.9,5.3,5.9,6.6,7.3,8.1,8.7,9.3,9.7,10.0,10.2,10.2,10.1,9.8,9.4,8.9,8.2,2.0,2.0,2.0,2.0,2.1,2.1,2.2,2.2,2.3,2.3,2.4,2.4,2.5,2.5,2.6,2.6,2.6,2.6,2.6,2.6,2.6
556,HD8907,15.0,74.4,11.8,81.5,0.74,+,83.3,82.9,81.7,79.8,77.4,74.6,71.6,68.7,65.9,63.6,61.8,60.6,60.2,60.5,61.6,63.3,65.5,68.1,71.0,73.8,76.5,9.0,9.5,10.1,10.7,11.1,11.5,11.8,12.0,12.1,12.1,12.0,11.9,11.7,11.6,11.4,11.3,11.3,11.3,11.5,11.7,12.0
557,HD89269,12.4,-0.8,1.0,-0.7,0.54,-,-0.5,-0.6,-0.6,-0.7,-0.7,-0.8,-0.8,-0.7,-0.6,-0.4,-0.3,-0.2,-0.1,-0.0,0.0,0.0,0.0,0.0,-0.0,-0.1,-0.1,2.0,2.0,2.1,2.1,2.1,2.1,2.1,2.1,2.1,2.1,2.2,2.2,2.2,2.2,2.2,2.3,2.3,2.4,2.4,2.4,2.5
558,HD89307,0.0,2.8,0.0,2.8,-99.9,?,2.8,2.8,2.8,2.8,2.8,2.8,2.8,2.8,2.8,2.8,2.8,2.8,2.8,2.8,2.8,2.8,2.8,2.8,2.8,2.8,2.8,6.8,6.8,6.8,6.8,6.8,6.8,6.8,6.8,6.8,6.8,6.8,6.8,6.8,6.8,6.8,6.8,6.8,6.8,6.8,6.8,6.8
559,HD8941,0.0,28.7,0.0,28.7,-99.9,?,28.7,28.7,28.7,28.7,28.7,28.7,28.7,28.7,28.7,28.7,28.7,28.7,28.7,28.7,28.7,28.7,28.7,28.7,28.7,28.7,28.7,0.9,0.9,0.9,0.9,0.9,0.9,0.9,0.9,0.9,0.9,0.9,0.9,0.9,0.9,0.9,0.9,0.9,0.9,0.9,0.9,0.9
560,HD8997,11.7,85.5,117.4,143.1,0.98,-,1.4,1.0,0.7,0.5,0.3,0.2,0.1,0.1,0.1,0.0,0.0,0.0,0.0,0.0,0.0,0.0,0.0,0.0,0.0,0.0,0.0,82.5,82.6,82.6,82.6,82.7,82.7,82.7,82.7,82.7,82.7,82.7,82.7,82.7,82.7,82.7,82.7,82.7,82.7,82.7,82.7,82.7
561,HD90839,26.7,23.9,25.6,34.1,0.85,+,-34.6,-34.6,-34.6,-34.6,-34.6,-34.6,-34.6,-34.6,-34.6,-34.6,-34.6,-34.6,-34.6,-34.6,-34.6,-34.6,-34.6,-34.6,-34.6,-34.6,-34.6,3.0,3.0,3.0,3.0,3.0,3.0,3.0,3.0,3.0,3.0,3.0,3.0,3.0,3.0,3.0,3.0,3.0,3.0,3.0,3.0,3.0
562,HD90905,0.0,139.2,0.0,139.2,-99.9,?,138.8,138.8,138.8,138.8,138.8,138.8,138.8,138.8,138.8,138.8,138.8,138.8,138.8,138.8,138.8,138.8,138.8,138.8,138.8,138.8,138.8,5.4,5.4,5.4,5.4,5.4,5.4,5.4,5.4,5.4,5.4,5.4,5.4,5.4,5.4,5.4,5.4,5.4,5.4,5.4,5.4,5.4
563,HD91347,0.0,-6.4,0.0,-6.4,-99.9,?,-6.4,-6.4,-6.4,-6.4,-6.4,-6.4,-6.4,-6.4,-6.4,-6.4,-6.4,-6.4,-6.4,-6.4,-6.4,-6.4,-6.4,-6.4,-6.4,-6.4,-6.4,11.1,11.1,11.1,11.1,11.1,11.1,11.1,11.1,11.1,11.1,11.1,11.1,11.1,11.1,11.1,11.1,11.1,11.1,11.1,11.1,11.1
564,HD91638,9.1,0.2,0.0,-0.0,-99.9,?,-0.0,-0.0,-0.0,-0.0,-0.0,-0.0,-0.0,-0.0,-0.0,-0.0,-0.0,-0.0,-0.0,-0.0,-0.0,-0.0,-0.0,-0.0,-0.0,-0.0,-0.0,2.1,2.1,2.1,2.1,2.1,2.1,2.1,2.1,2.1,2.1,2.1,2.1,2.1,2.1,2.1,2.1,2.1,2.1,2.1,2.1,2.1
565,HD9224,0.0,17.0,0.0,17.0,-99.9,?,21.2,21.2,21.2,21.2,21.2,21.2,21.2,21.2,21.2,21.2,21.2,21.2,21.2,21.2,21.2,21.2,21.2,21.2,21.2,21.2,21.2,5.5,5.5,5.5,5.5,5.5,5.5,5.5,5.5,5.5,5.5,5.5,5.5,5.5,5.5,5.5,5.5,5.5,5.5,5.5,5.5,5.5
566,HD92719,0.0,13.7,0.0,13.7,-99.9,?,18.1,17.9,17.5,16.8,16.0,15.1,14.2,13.3,12.6,11.9,11.5,11.3,11.3,11.4,11.7,12.1,12.5,12.9,13.2,13.3,13.2,3.6,3.8,4.0,4.3,4.5,4.7,4.9,5.1,5.2,5.4,5.6,5.7,5.8,6.0,6.1,6.3,6.4,6.6,6.8,6.9,7.1
567,HD92788,0.0,3.1,0.0,3.1,-99.9,?,3.1,3.1,3.1,3.1,3.1,3.1,3.1,3.1,3.1,3.1,3.1,3.1,3.1,3.1,3.1,3.1,3.1,3.1,3.1,3.1,3.1,4.7,4.7,4.7,4.7,4.7,4.7,4.7,4.7,4.7,4.7,4.7,4.7,4.7,4.7,4.7,4.7,4.7,4.7,4.7,4.7,4.7
568,HD9407,0.0,-0.7,0.0,-0.7,-99.9,?,-0.4,-0.5,-0.5,-0.5,-0.5,-0.5,-0.5,-0.5,-0.5,-0.5,-0.5,-0.5,-0.5,-0.5,-0.5,-0.5,-0.5,-0.5,-0.5,-0.5,-0.5,2.0,2.0,2.0,2.0,2.0,2.0,2.0,2.0,2.0,2.0,2.0,2.0,2.0,2.0,2.0,2.0,2.0,2.0,2.0,2.0,2.0
569,HD94765,0.0,75.3,0.0,75.3,-99.9,?,79.5,79.5,79.5,79.5,79.5,79.5,79.5,79.5,79.5,79.5,79.5,79.5,79.5,79.5,79.5,79.5,79.5,79.5,79.5,79.5,79.5,6.1,6.1,6.1,6.1,6.1,6.1,6.1,6.1,6.1,6.1,6.1,6.1,6.1,6.1,6.1,6.1,6.1,6.1,6.1,6.1,6.1
570,HD95128,27.1,3.6,10.0,6.4,0.71,+,6.4,7.1,7.7,8.2,8.7,9.0,9.3,9.4,9.5,9.4,9.3,9.1,8.7,8.3,7.7,7.1,6.4,5.6,4.8,4.0,3.2,2.0,2.0,2.1,2.2,2.3,2.4,2.4,2.5,2.5,2.6,2.6,2.5,2.5,2.5,2.4,2.4,2.3,2.3,2.2,2.2,2.2
571,HD9562,11.0,-21.2,2.7,-22.7,0.0,-,-22.7,-22.6,-22.5,-22.2,-21.8,-21.4,-21.0,-20.5,-20.1,-19.8,-19.6,-19.5,-19.5,-19.6,-19.8,-20.1,-20.5,-20.9,-21.3,-21.6,-21.9,1.6,1.7,1.7,1.8,1.8,1.9,1.9,2.0,2.0,2.0,2.1,2.1,2.1,2.1,2.2,2.2,2.2,2.2,2.2,2.2,2.2
572,HD95735,28.5,0.3,0.3,-0.3,-99.9,?,0.3,0.3,0.3,0.3,0.3,0.3,0.3,0.3,0.3,0.3,0.3,0.3,0.2,0.2,0.2,0.2,0.2,0.2,0.2,0.2,0.2,0.2,0.2,0.2,0.2,0.2,0.2,0.2,0.2,0.2,0.2,0.2,0.2,0.2,0.3,0.3,0.3,0.3,0.3,0.3,0.3,0.3
573,HD96064,0.0,147.0,0.0,147.0,-99.9,?,147.0,147.0,147.0,147.0,147.0,147.0,147.0,147.0,147.0,147.0,147.0,147.0,147.0,147.0,147.0,147.0,147.0,147.0,147.0,147.0,147.0,4.8,4.8,4.8,4.8,4.8,4.8,4.8,4.8,4.8,4.8,4.8,4.8,4.8,4.8,4.8,4.8,4.8,4.8,4.8,4.8,4.8
574,HD96094,0.0,4.1,0.0,4.1,-99.9,?,4.1,4.1,4.1,4.1,4.1,4.1,4.1,4.1,4.1,4.1,4.1,4.1,4.1,4.1,4.1,4.1,4.1,4.1,4.1,4.1,4.1,7.2,7.2,7.2,7.2,7.2,7.2,7.2,7.2,7.2,7.2,7.2,7.2,7.2,7.2,7.2,7.2,7.2,7.2,7.2,7.2,7.2
575,HD9616,0.0,-5.2,0.0,-5.2,-99.9,?,-5.2,-5.2,-5.2,-5.2,-5.2,-5.2,-5.2,-5.2,-5.2,-5.2,-5.2,-5.2,-5.2,-5.2,-5.2,-5.2,-5.2,-5.2,-5.2,-5.2,-5.2,1.5,1.5,1.5,1.5,1.5,1.5,1.5,1.5,1.5,1.5,1.5,1.5,1.5,1.5,1.5,1.5,1.5,1.5,1.5,1.5,1.5
576,HD96418,9.8,10.4,0.3,10.4,-99.9,?,10.4,10.4,10.4,10.4,10.4,10.4,10.4,10.4,10.4,10.4,10.4,10.4,10.4,10.3,10.3,10.3,10.3,10.3,10.3,10.3,10.3,2.9,2.9,2.9,3.0,3.0,3.0,3.1,3.1,3.2,3.2,3.2,3.3,3.3,3.4,3.4,3.4,3.5,3.5,3.5,3.6,3.6
577,HD96574,0.0,5.3,0.0,5.3,-99.9,?,5.3,5.3,5.3,5.3,5.3,5.3,5.3,5.3,5.3,5.3,5.3,5.3,5.3,5.3,5.3,5.3,5.3,5.3,5.3,5.3,5.3,0.7,0.7,0.7,0.7,0.7,0.7,0.7,0.7,0.7,0.7,0.7,0.7,0.7,0.7,0.7,0.7,0.7,0.7,0.7,0.7,0.7
578,HD96937,0.0,16.1,0.0,16.1,-99.9,?,15.0,15.0,15.0,15.0,15.0,15.0,15.0,15.0,15.0,15.0,15.0,15.0,15.0,15.0,15.0,15.0,15.0,15.0,15.0,15.0,15.0,3.1,3.1,3.1,3.1,3.1,3.1,3.1,3.1,3.1,3.1,3.1,3.1,3.1,3.1,3.1,3.1,3.1,3.1,3.1,3.1,3.1
579,HD97037,0.0,1.6,0.0,1.6,-99.9,?,2.2,2.2,2.2,2.2,2.2,2.2,2.2,2.2,2.2,2.2,2.2,2.2,2.2,2.2,2.2,2.2,2.2,2.2,2.2,2.2,2.2,2.0,2.0,2.0,2.0,2.0,2.0,2.0,2.0,2.0,2.0,2.0,2.0,2.0,2.0,2.0,2.0,2.0,2.0,2.0,2.0,2.0
580,HD97334,0.0,116.7,0.0,116.7,-99.9,?,116.8,116.8,116.8,116.8,116.8,116.8,116.8,116.8,116.8,116.8,116.8,116.8,116.8,116.8,116.8,116.8,116.8,116.8,116.8,116.8,116.8,5.4,5.4,5.4,5.4,5.4,5.4,5.4,5.4,5.4,5.4,5.4,5.4,5.4,5.4,5.4,5.4,5.4,5.4,5.4,5.4,5.4
581,HD9782,0.0,1.5,0.0,1.5,-99.9,?,1.6,1.6,1.6,1.6,1.6,1.6,1.6,1.6,1.6,1.6,1.6,1.6,1.6,1.6,1.6,1.6,1.6,1.6,1.6,1.6,1.6,1.3,1.3,1.3,1.3,1.3,1.3,1.3,1.3,1.3,1.3,1.3,1.3,1.3,1.3,1.3,1.3,1.3,1.3,1.3,1.3,1.3
582,HD9826,0.0,9.5,0.0,9.5,-99.9,?,9.5,9.5,9.5,9.5,9.5,9.5,9.5,9.5,9.5,9.5,9.5,9.5,9.5,9.5,9.5,9.5,9.5,9.5,9.5,9.5,9.5,3.7,3.7,3.7,3.7,3.7,3.7,3.7,3.7,3.7,3.7,3.7,3.7,3.7,3.7,3.7,3.7,3.7,3.7,3.7,3.7,3.7
583,HD98281,16.0,2.1,9.4,4.8,0.72,-,1.3,0.7,0.0,-0.6,-1.2,-1.7,-2.3,-2.7,-3.1,-3.4,-3.6,-3.8,-3.8,-3.7,-3.6,-3.3,-2.9,-2.5,-2.1,-1.6,-1.1,2.7,2.7,2.7,2.6,2.6,2.5,2.5,2.4,2.4,2.4,2.5,2.6,2.7,2.8,2.9,3.1,3.3,3.4,3.6,3.8,3.9
584,HD984,0.0,127.8,0.0,127.8,-99.9,?,127.8,127.8,127.8,127.8,127.8,127.8,127.8,127.8,127.8,127.8,127.8,127.8,127.8,127.8,127.8,127.8,127.8,127.8,127.8,127.8,127.8,3.7,3.7,3.7,3.7,3.7,3.7,3.7,3.7,3.7,3.7,3.7,3.7,3.7,3.7,3.7,3.7,3.7,3.7,3.7,3.7,3.7
585,HD98697,7.1,-0.0,0.0,-0.0,-99.9,?,-0.0,-0.0,-0.0,-0.0,-0.0,-0.0,-0.0,-0.0,-0.0,-0.0,-0.0,-0.0,-0.0,-0.0,-0.0,-0.0,-0.0,-0.0,-0.0,-0.0,-0.0,2.7,2.7,2.7,2.7,2.7,2.7,2.7,2.7,2.7,2.7,2.7,2.7,2.7,2.7,2.7,2.7,2.7,2.7,2.7,2.7,2.7
586,HD99491,5.8,12.7,15.9,19.9,1.0,-,19.9,18.5,15.3,11.2,7.2,4.3,3.3,4.8,8.1,12.5,16.4,18.9,19.1,17.1,13.6,9.5,5.7,3.3,3.1,5.0,8.8,3.9,4.1,4.3,4.3,4.3,4.2,4.0,4.0,4.0,4.2,4.3,4.4,4.5,4.7,4.8,4.9,4.8,4.7,4.6,4.6,4.7
587,HD99492,9.5,7.5,10.5,7.0,0.55,-,7.2,5.4,3.6,2.2,1.2,0.8,0.8,1.5,2.6,4.1,5.8,7.5,9.1,10.4,11.1,11.3,10.8,9.8,8.3,6.5,4.7,1.2,1.2,1.2,1.2,1.2,1.2,1.2,1.3,1.5,1.6,1.7,1.7,1.7,1.7,1.7,1.7,1.6,1.6,1.6,1.6,1.6
588,HD9986,0.0,11.7,0.0,11.7,-99.9,?,11.7,11.7,11.7,11.7,11.7,11.7,11.7,11.7,11.7,11.7,11.7,11.7,11.7,11.7,11.7,11.7,11.7,11.7,11.7,11.7,11.7,2.5,2.5,2.5,2.5,2.5,2.5,2.5,2.5,2.5,2.5,2.5,2.5,2.5,2.5,2.5,2.5,2.5,2.5,2.5,2.5,2.5
589,HIP36357,0.0,91.7,0.0,91.7,-99.9,?,91.7,91.7,91.7,91.7,91.7,91.7,91.7,91.7,91.7,91.7,91.7,91.7,91.7,91.7,91.7,91.7,91.7,91.7,91.7,91.7,91.7,1.5,1.5,1.5,1.5,1.5,1.5,1.5,1.5,1.5,1.5,1.5,1.5,1.5,1.5,1.5,1.5,1.5,1.5,1.5,1.5,1.5
